ell,PP,PT,PE
0.000000000000000000e+00,0.000000000000000000e+00,0.000000000000000000e+00,0.000000000000000000e+00
1.000000000000000000e+00,0.000000000000000000e+00,0.000000000000000000e+00,0.000000000000000000e+00
2.000000000000000000e+00,4.890868173816112145e-08,2.892008705837481077e-03,-1.165406149323386740e-05
3.000000000000000000e+00,5.951907125180570766e-08,2.914565161925256227e-03,-1.240570279448833847e-05
4.000000000000000000e+00,6.855431189094217853e-08,2.853157387534973992e-03,-1.038253327889469118e-05
5.000000000000000000e+00,7.636336677822888230e-08,2.760317716047543286e-03,-6.933201231143009526e-06
6.000000000000000000e+00,8.318582351929127749e-08,2.657123273438239449e-03,-3.221385613667121022e-06
7.000000000000000000e+00,8.918903381287124099e-08,2.553281737001342460e-03,-1.179364062948200298e-07
8.000000000000000000e+00,9.449537887209794406e-08,2.451631753010565917e-03,1.886543031518508453e-06
9.000000000000000000e+00,9.920571181571025676e-08,2.353344757517758859e-03,2.671857544212044040e-06
1.000000000000000000e+01,1.034026868937119689e-07,2.260786711248787603e-03,2.407597172579230297e-06
1.100000000000000000e+01,1.071520888855573098e-07,2.175472455834645547e-03,1.460939403309055597e-06
1.200000000000000000e+01,1.105056621683182333e-07,2.096429206983639777e-03,2.921468897134224695e-07
1.300000000000000000e+01,1.135080833768510162e-07,2.022014686700109899e-03,-6.882774626873398385e-07
1.400000000000000000e+01,1.161980722372672585e-07,1.951073561783954425e-03,-1.252227773193998820e-06
1.500000000000000000e+01,1.186086101019553060e-07,1.883307222186932344e-03,-1.381590052557320312e-06
1.600000000000000000e+01,1.207669787362423199e-07,1.818577810781026559e-03,-1.182684376071740506e-06
1.700000000000000000e+01,1.226974899565733694e-07,1.756679507082768710e-03,-7.907312841274718804e-07
1.800000000000000000e+01,1.244210468479175484e-07,1.697796609249966780e-03,-3.454724513033148020e-07
1.900000000000000000e+01,1.259564037559488995e-07,1.641794402672524470e-03,-2.694304851096580917e-09
2.000000000000000000e+01,1.273201263510846333e-07,1.589480189272909731e-03,9.141328613365113628e-08
2.100000000000000000e+01,1.285268692858718707e-07,1.540588794592504494e-03,-5.571455249092638875e-08
2.200000000000000000e+01,1.295903072379505466e-07,1.494472810135752915e-03,-3.741327205286558106e-07
2.300000000000000000e+01,1.305218555376986714e-07,1.450325577955281211e-03,-7.018937586194394500e-07
2.400000000000000000e+01,1.313321081848596955e-07,1.407579275061798373e-03,-8.942387051151789642e-07
2.500000000000000000e+01,1.320305442809861996e-07,1.366729368947635801e-03,-9.615049845396793142e-07
2.600000000000000000e+01,1.326261498912969274e-07,1.328264368320748474e-03,-9.480674809082276459e-07
2.700000000000000000e+01,1.331263725662428188e-07,1.291586935976208163e-03,-8.816484860099808776e-07
2.800000000000000000e+01,1.335383095049632942e-07,1.256041421373929731e-03,-7.830057036570001510e-07
2.900000000000000000e+01,1.338684434239966457e-07,1.221780317436571388e-03,-6.621226722182825681e-07
3.000000000000000000e+01,1.341230107601957905e-07,1.189090460251910871e-03,-5.392119913836451951e-07
3.100000000000000000e+01,1.343073906124704376e-07,1.157985035684242284e-03,-4.860912903343497930e-07
3.200000000000000000e+01,1.344267024081033005e-07,1.128410706280932440e-03,-5.626900300996360300e-07
3.300000000000000000e+01,1.344854820583970762e-07,1.100311667823565846e-03,-7.312309677377851567e-07
3.400000000000000000e+01,1.344881308541686718e-07,1.073539981881838946e-03,-9.244319054477175831e-07
3.500000000000000000e+01,1.344384851896107753e-07,1.047574642274266008e-03,-1.053639053254115876e-06
3.600000000000000000e+01,1.343402578921808652e-07,1.022009950242717784e-03,-1.055598196403902284e-06
3.700000000000000000e+01,1.341968106061128148e-07,9.972597862517008048e-04,-9.888164194069617602e-07
3.800000000000000000e+01,1.340113378538470093e-07,9.737924791920195234e-04,-9.270585116036442134e-07
3.900000000000000000e+01,1.337867034441743235e-07,9.514781686926211375e-04,-8.846295989074316624e-07
4.000000000000000000e+01,1.335256649350640486e-07,9.300399046718511213e-04,-8.610114252793278942e-07
4.100000000000000000e+01,1.332309524684165469e-07,9.092520360160888078e-04,-8.554289990569386659e-07
4.200000000000000000e+01,1.329047176669068022e-07,8.890874146934158850e-04,-8.660565101864147530e-07
4.300000000000000000e+01,1.325489745259602808e-07,8.695685557937629347e-04,-8.908139591320019673e-07
4.400000000000000000e+01,1.321657777327797754e-07,8.507187513235407988e-04,-9.276317992396081143e-07
4.500000000000000000e+01,1.317572698975811236e-07,8.325618196253773340e-04,-9.744496499845334380e-07
4.600000000000000000e+01,1.313253531582218401e-07,8.151074777970021860e-04,-1.028219485681304403e-06
4.700000000000000000e+01,1.308716485747364741e-07,7.983103715101559639e-04,-1.081925907032961470e-06
4.800000000000000000e+01,1.303975871787954846e-07,7.821112060753893308e-04,-1.127578377778766782e-06
4.900000000000000000e+01,1.299045766309240793e-07,7.664513264633771895e-04,-1.157206292090411946e-06
5.000000000000000000e+01,1.293941213655296198e-07,7.512724918845598704e-04,-1.162856776781535095e-06
5.100000000000000000e+01,1.288676721862291015e-07,7.365279854238105349e-04,-1.140396518996542299e-06
5.200000000000000000e+01,1.283262665331533933e-07,7.222147608945185017e-04,-1.100902183027582459e-06
5.300000000000000000e+01,1.277710682076922619e-07,7.083417081881511609e-04,-1.059223759216603750e-06
5.400000000000000000e+01,1.272030896871542967e-07,6.949172196562198364e-04,-1.030177898419695696e-06
5.500000000000000000e+01,1.266233993396764906e-07,6.819500320547626677e-04,-1.028552184359017208e-06
5.600000000000000000e+01,1.260331082074192004e-07,6.694407507527582336e-04,-1.063646576124205780e-06
5.700000000000000000e+01,1.254329834722080833e-07,6.573555798270495302e-04,-1.122911028196850309e-06
5.800000000000000000e+01,1.248238073511732636e-07,6.456526643511780513e-04,-1.188365450740601516e-06
5.900000000000000000e+01,1.242064035969184910e-07,6.342904421153640945e-04,-1.242063066381425286e-06
6.000000000000000000e+01,1.235815228429811793e-07,6.232271872114621136e-04,-1.266086793591629316e-06
6.100000000000000000e+01,1.229499627601858587e-07,6.124304215256314195e-04,-1.248831449148877960e-06
6.200000000000000000e+01,1.223123401175029841e-07,6.019025492136099997e-04,-1.203831020461051992e-06
6.300000000000000000e+01,1.216692616100860115e-07,5.916549757810630984e-04,-1.150874996134933830e-06
6.400000000000000000e+01,1.210212493448373687e-07,5.816988555906135077e-04,-1.109721449290180917e-06
6.500000000000000000e+01,1.203689796736028858e-07,5.720458472811977601e-04,-1.100100898755251143e-06
6.600000000000000000e+01,1.197129857078856899e-07,5.626987289375823178e-04,-1.135056887573958774e-06
6.700000000000000000e+01,1.190537472054018077e-07,5.536275370740650209e-04,-1.200989291359890990e-06
6.800000000000000000e+01,1.183916854462912452e-07,5.447934954210298429e-04,-1.277661966119630862e-06
6.900000000000000000e+01,1.177272357294119518e-07,5.361581071070897027e-04,-1.344866290646896783e-06
7.000000000000000000e+01,1.170608335490940131e-07,5.276830732932503033e-04,-1.382419169138596259e-06
7.100000000000000000e+01,1.163929081786784627e-07,5.193411919626601640e-04,-1.376365494378958777e-06
7.200000000000000000e+01,1.157238090412523506e-07,5.111499821392515670e-04,-1.337577199202617793e-06
7.300000000000000000e+01,1.150538658768047185e-07,5.031381675560768485e-04,-1.283113358783540851e-06
7.400000000000000000e+01,1.143834353606701914e-07,4.953343964385712589e-04,-1.230012728458945198e-06
7.500000000000000000e+01,1.137127816137570629e-07,4.877671907300578941e-04,-1.195294993690999061e-06
7.600000000000000000e+01,1.130422828341843884e-07,4.804564132749654468e-04,-1.191540451371110369e-06
7.700000000000000000e+01,1.123722005577090244e-07,4.733864652725752525e-04,-1.213632433644545837e-06
7.800000000000000000e+01,1.117027123843526665e-07,4.665325708282726963e-04,-1.252039505068387625e-06
7.900000000000000000e+01,1.110340879033650039e-07,4.598703819076285955e-04,-1.297241342685047728e-06
8.000000000000000000e+01,1.103665578071208269e-07,4.533752597192882870e-04,-1.339726224926363413e-06
8.100000000000000000e+01,1.097003164033455531e-07,4.470267295237979779e-04,-1.371659850230759913e-06
8.200000000000000000e+01,1.090355770798425021e-07,4.408196686073069526e-04,-1.391884104014605288e-06
8.300000000000000000e+01,1.083725163673446813e-07,4.347528769242222030e-04,-1.400908712524536007e-06
8.400000000000000000e+01,1.077112609932396163e-07,4.288249616799744363e-04,-1.399241927337624822e-06
8.500000000000000000e+01,1.070520638932698039e-07,4.230349946619419788e-04,-1.387392705253728458e-06
8.600000000000000000e+01,1.063950278207235475e-07,4.173809059070152745e-04,-1.366287455432694996e-06
8.700000000000000000e+01,1.057403805374270207e-07,4.118586428214849791e-04,-1.338532449643333222e-06
8.800000000000000000e+01,1.050882754711552206e-07,4.064634637961574322e-04,-1.307151178857778077e-06
8.900000000000000000e+01,1.044389157470947416e-07,4.011905896493576061e-04,-1.275164529619823197e-06
9.000000000000000000e+01,1.037924801293109496e-07,3.960353455642135140e-04,-1.245591378157737911e-06
9.100000000000000000e+01,1.031491122564984661e-07,3.909932125566088312e-04,-1.220883720716209191e-06
9.200000000000000000e+01,1.025088863426966579e-07,3.860606014329533804e-04,-1.201234582683738669e-06
9.300000000000000000e+01,1.018718414643228479e-07,3.812343546828277476e-04,-1.186273353923859664e-06
9.400000000000000000e+01,1.012380527209529398e-07,3.765112729261507556e-04,-1.175629645018482771e-06
9.500000000000000000e+01,1.006075244653928996e-07,3.718879866620978343e-04,-1.168932870368590788e-06
9.600000000000000000e+01,9.998034419434463213e-08,3.673613115726100738e-04,-1.165813335487534704e-06
9.700000000000000000e+01,9.935655243250510491e-08,3.629281098942564471e-04,-1.165901797771594272e-06
9.800000000000000000e+01,9.873619027811117735e-08,3.585851193942847927e-04,-1.168828906892989746e-06
9.900000000000000000e+01,9.811931086386757444e-08,3.543290855865020936e-04,-1.174225599014142191e-06
1.000000000000000000e+02,9.750597900664962189e-08,3.501568848018936581e-04,-1.181723495267488394e-06
1.010000000000000000e+02,9.689623688540546415e-08,3.460653135397053761e-04,-1.190954202724233290e-06
1.020000000000000000e+02,9.629011598794183209e-08,3.420510529354280765e-04,-1.201549150973298716e-06
1.030000000000000000e+02,9.568772695679026055e-08,3.381111521493300161e-04,-1.213141269012841198e-06
1.040000000000000000e+02,9.508907927314404531e-08,3.342422221984762010e-04,-1.225362156732472053e-06
1.050000000000000000e+02,9.449423905779794735e-08,3.304412372511151327e-04,-1.237844904780958528e-06
1.060000000000000000e+02,9.390326146010281538e-08,3.267049385326366252e-04,-1.250221945694719478e-06
1.070000000000000000e+02,9.331620191353386244e-08,3.230301510658344587e-04,-1.262126187587009686e-06
1.080000000000000000e+02,9.273312698695755682e-08,3.194138167353129522e-04,-1.273191169644499521e-06
1.090000000000000000e+02,9.215411405323613569e-08,3.158527650965377580e-04,-1.283050166933061542e-06
1.100000000000000000e+02,9.157917591513468924e-08,3.123437930074534599e-04,-1.291336466896976723e-06
1.110000000000000000e+02,9.100840017725858340e-08,3.088842814291303178e-04,-1.297762643271943740e-06
1.120000000000000000e+02,9.044176305189987659e-08,3.054738554652823871e-04,-1.302357571540880035e-06
1.130000000000000000e+02,8.987926139416551227e-08,3.021126104905922662e-04,-1.305228745640212908e-06
1.140000000000000000e+02,8.932089211960429624e-08,2.988007142937824869e-04,-1.306483892431489297e-06
1.150000000000000000e+02,8.876664180414805104e-08,2.955381945678465638e-04,-1.306230053512659225e-06
1.160000000000000000e+02,8.821651801049619434e-08,2.923252216717875515e-04,-1.304574817607086716e-06
1.170000000000000000e+02,8.767048701052645888e-08,2.891619309250369457e-04,-1.301625554939647644e-06
1.180000000000000000e+02,8.712852609419932813e-08,2.860483571405758032e-04,-1.297489114746866400e-06
1.190000000000000000e+02,8.659067400394274605e-08,2.829847064935660282e-04,-1.292273053418606516e-06
1.200000000000000000e+02,8.605688783196407360e-08,2.799710838705281508e-04,-1.286084410932571465e-06
1.210000000000000000e+02,8.552716581742469730e-08,2.770075960212008853e-04,-1.279030174600251521e-06
1.220000000000000000e+02,8.500152618527678092e-08,2.740944483346188418e-04,-1.271217731067522130e-06
1.230000000000000000e+02,8.447992727559495362e-08,2.712316842307801405e-04,-1.262753664526555125e-06
1.240000000000000000e+02,8.396239737981549469e-08,2.684194464020407591e-04,-1.253744964694722457e-06
1.250000000000000000e+02,8.344890538090671398e-08,2.656579405141816530e-04,-1.244298867339955096e-06
1.260000000000000000e+02,8.293944037946943063e-08,2.629471842352195028e-04,-1.234521681083679631e-06
1.270000000000000000e+02,8.243403044748349435e-08,2.602874153254125674e-04,-1.224520698912973192e-06
1.280000000000000000e+02,8.193264530774716611e-08,2.576787164093635361e-04,-1.214402442317454329e-06
1.290000000000000000e+02,8.143528409550305629e-08,2.551212330600770143e-04,-1.204273685491037913e-06
1.300000000000000000e+02,8.094194598667593395e-08,2.526151112161077543e-04,-1.194241163702642697e-06
1.310000000000000000e+02,8.045261715373854408e-08,2.501601719212529808e-04,-1.184390029958076193e-06
1.320000000000000000e+02,7.996727903388208246e-08,2.477550840008340685e-04,-1.174719938006301568e-06
1.330000000000000000e+02,7.948590951317331162e-08,2.453982503144995671e-04,-1.165209278826045659e-06
1.340000000000000000e+02,7.900849580486483880e-08,2.430880162464918643e-04,-1.155836175130733024e-06
1.350000000000000000e+02,7.853497882650218655e-08,2.408227007764245390e-04,-1.146578627200710634e-06
1.360000000000000000e+02,7.806536460725535169e-08,2.386007383675301755e-04,-1.137415188359718526e-06
1.370000000000000000e+02,7.759961298528713606e-08,2.364205064858577467e-04,-1.128324145020732067e-06
1.380000000000000000e+02,7.713769333537606182e-08,2.342803005506224889e-04,-1.119283395133534143e-06
1.390000000000000000e+02,7.667961132806119494e-08,2.321786114174803238e-04,-1.110271773083560834e-06
1.400000000000000000e+02,7.622531829239933168e-08,2.301137096731674511e-04,-1.101267064267477445e-06
1.410000000000000000e+02,7.577479294636852615e-08,2.280840050174725285e-04,-1.092247721799788515e-06
1.420000000000000000e+02,7.532801404557016984e-08,2.260878802307518455e-04,-1.083192073277192170e-06
1.430000000000000000e+02,7.488496038297122894e-08,2.241237452242625708e-04,-1.074078579249150004e-06
1.440000000000000000e+02,7.444560203602496231e-08,2.221899048241227418e-04,-1.064885199444577686e-06
1.450000000000000000e+02,7.400991802283993172e-08,2.202847971616757339e-04,-1.055590535083413025e-06
1.460000000000000000e+02,7.357790470014300287e-08,2.184067818990487718e-04,-1.046172813958390242e-06
1.470000000000000000e+02,7.314950644596412844e-08,2.165542712975729626e-04,-1.036610518323075296e-06
1.480000000000000000e+02,7.272473689153658069e-08,2.147256266724987801e-04,-1.026881888729576596e-06
1.490000000000000000e+02,7.230353237389841499e-08,2.129192107754911622e-04,-1.016965175264221499e-06
1.500000000000000000e+02,7.188590634259577900e-08,2.111334625121488186e-04,-1.006838994070510025e-06
1.510000000000000000e+02,7.147181996741292385e-08,2.093669423966641513e-04,-9.964863413646381676e-07
1.520000000000000000e+02,7.106123048362603839e-08,2.076191238490570734e-04,-9.859097634036235930e-07
1.530000000000000000e+02,7.065414433001435763e-08,2.058898000953748885e-04,-9.751171250256830574e-07
1.540000000000000000e+02,7.025049282275586636e-08,2.041785933693777034e-04,-9.641154759544857770e-07
1.550000000000000000e+02,6.985028222619723426e-08,2.024853205131607679e-04,-9.529127837589521199e-07
1.560000000000000000e+02,6.945346904662927018e-08,2.008096293873227307e-04,-9.415162138081441327e-07
1.570000000000000000e+02,6.906002644645065765e-08,1.991512644247838044e-04,-9.299333839233253696e-07
1.580000000000000000e+02,6.866991144981255876e-08,1.975098994579523558e-04,-9.181715784872422321e-07
1.590000000000000000e+02,6.828313773826794529e-08,1.958853487881761287e-04,-9.062387325217065446e-07
1.600000000000000000e+02,6.789963019225423155e-08,1.942772173253142897e-04,-8.941418054931698667e-07
1.610000000000000000e+02,6.751937838542358089e-08,1.926852959399705841e-04,-8.818886161329516412e-07
1.620000000000000000e+02,6.714237156211772129e-08,1.911093056751938862e-04,-8.694866553685247404e-07
1.630000000000000000e+02,6.676855146848954867e-08,1.895489005450526408e-04,-8.569431079883772197e-07
1.640000000000000000e+02,6.639790748657201846e-08,1.880038701266660409e-04,-8.442657726592378460e-07
1.650000000000000000e+02,6.603041312335996496e-08,1.864738918026833379e-04,-8.314619367705165341e-07
1.660000000000000000e+02,6.566604191032485415e-08,1.849587319159499261e-04,-8.185392843960361501e-07
1.670000000000000000e+02,6.530475971064919529e-08,1.834580471368181076e-04,-8.055050094205934871e-07
1.680000000000000000e+02,6.494654022901856278e-08,1.819716038609183915e-04,-7.923667902188949624e-07
1.690000000000000000e+02,6.459137241096226607e-08,1.804991458713829059e-04,-7.791321987254279162e-07
1.700000000000000000e+02,6.423919948415528864e-08,1.790403106003335323e-04,-7.658083461358004864e-07
1.710000000000000000e+02,6.389001051953071040e-08,1.775948642381110286e-04,-7.524029003842810857e-07
1.720000000000000000e+02,6.354378679504494458e-08,1.761625717137786933e-04,-7.389235149675499501e-07
1.730000000000000000e+02,6.320047965878039151e-08,1.747430934655120130e-04,-7.253774001727686148e-07
1.740000000000000000e+02,6.286007799753047556e-08,1.733361534909516740e-04,-7.117720360602833356e-07
1.750000000000000000e+02,6.252256303143416005e-08,1.719415165221249567e-04,-6.981150660505845455e-07
1.760000000000000000e+02,6.218789385518093739e-08,1.705589065375040427e-04,-6.844131310494214617e-07
1.770000000000000000e+02,6.185602989338531068e-08,1.691881120097301250e-04,-6.706698167396307350e-07
1.780000000000000000e+02,6.152697441211746549e-08,1.678290428958328906e-04,-6.568883639969379188e-07
1.790000000000000000e+02,6.120068679410386253e-08,1.664815088998573204e-04,-6.430716133674803491e-07
1.800000000000000000e+02,6.087712674505298975e-08,1.651453601058309561e-04,-6.292225665209367600e-07
1.810000000000000000e+02,6.055629712578772302e-08,1.638204660249787932e-04,-6.153442972199114844e-07
1.820000000000000000e+02,6.023814339593394658e-08,1.625066379678137280e-04,-6.014396586894502440e-07
1.830000000000000000e+02,5.992265401972702894e-08,1.612037647777697126e-04,-5.875117945232180690e-07
1.840000000000000000e+02,5.960981015344949596e-08,1.599116963149249031e-04,-5.735636989058505211e-07
1.850000000000000000e+02,5.929957184566790123e-08,1.586302637451042247e-04,-5.595982992355488300e-07
1.860000000000000000e+02,5.899190640771185089e-08,1.573592988948497706e-04,-5.456185289151529171e-07
1.870000000000000000e+02,5.868680899502666261e-08,1.560986711588242045e-04,-5.316274531249771457e-07
1.880000000000000000e+02,5.838422614681849165e-08,1.548482310771771874e-04,-5.176280686680242763e-07
1.890000000000000000e+02,5.808415979206724578e-08,1.536078292434577767e-04,-5.036233718047350915e-07
1.900000000000000000e+02,5.778657041439676947e-08,1.523773343262446484e-04,-4.896164161762922082e-07
1.910000000000000000e+02,5.749141879041824709e-08,1.511565250781689610e-04,-4.756099670189222871e-07
1.920000000000000000e+02,5.719871322094369969e-08,1.499453422156708012e-04,-4.616073069416037361e-07
1.930000000000000000e+02,5.690838076840371038e-08,1.487435477102704571e-04,-4.476111555166044716e-07
1.940000000000000000e+02,5.662043630327662641e-08,1.475510809470463450e-04,-4.336247778515724666e-07
1.950000000000000000e+02,5.633484737165756508e-08,1.463677400349727307e-04,-4.196510084005655131e-07
1.960000000000000000e+02,5.605155521169667308e-08,1.451933591569279705e-04,-4.056927969723981708e-07
1.970000000000000000e+02,5.577057412788084564e-08,1.440278412446554742e-04,-3.917532849119777678e-07
1.980000000000000000e+02,5.549185871063137967e-08,1.428710031138220339e-04,-3.778353698676164136e-07
1.990000000000000000e+02,5.521538350354951465e-08,1.417226794827008409e-04,-3.639420052957986049e-07
2.000000000000000000e+02,5.494112306144797696e-08,1.405827555482749218e-04,-3.500762750641513729e-07
2.010000000000000000e+02,5.466905314825882214e-08,1.394510874895528376e-04,-3.362405187289302153e-07
2.020000000000000000e+02,5.439916717282488346e-08,1.383276508546365353e-04,-3.224347126908410272e-07
2.030000000000000000e+02,5.413142116209571109e-08,1.372123934930746315e-04,-3.086581059226118646e-07
2.040000000000000000e+02,5.386582252260293397e-08,1.361053287489928437e-04,-2.949101001735127178e-07
2.050000000000000000e+02,5.360232755031246268e-08,1.350064050367743174e-04,-2.811899512409270600e-07
2.060000000000000000e+02,5.334093082697135423e-08,1.339156193696045894e-04,-2.674970230186954271e-07
2.070000000000000000e+02,5.308162669798906130e-08,1.328329682641816881e-04,-2.538306730658780900e-07
2.080000000000000000e+02,5.282437185491038629e-08,1.317584009674248389e-04,-2.401901673516648449e-07
2.090000000000000000e+02,5.256916072179990403e-08,1.306918986939170808e-04,-2.265748385250358575e-07
2.100000000000000000e+02,5.231597513671326708e-08,1.296334733594945430e-04,-2.129840697786685561e-07
2.110000000000000000e+02,5.206478465012246411e-08,1.285830750232355474e-04,-1.994171371709012706e-07
2.120000000000000000e+02,5.181560188771666839e-08,1.275407000433568215e-04,-1.858733957385181433e-07
2.130000000000000000e+02,5.156837191133334719e-08,1.265063293286935455e-04,-1.723521738364225883e-07
2.140000000000000000e+02,5.132309503695673858e-08,1.254799289530415341e-04,-1.588527811476750322e-07
2.150000000000000000e+02,5.107975314448067510e-08,1.244615096917169462e-04,-1.453745854951997799e-07
2.160000000000000000e+02,5.083832211752939328e-08,1.234509936908224892e-04,-1.319168483722194772e-07
2.170000000000000000e+02,5.059878393683573995e-08,1.224484209859417626e-04,-1.184789690720599036e-07
2.180000000000000000e+02,5.036113248769406148e-08,1.214537578411850469e-04,-1.050602593683542360e-07
2.190000000000000000e+02,5.012532591418216729e-08,1.204669710105418242e-04,-9.166003751412699276e-08
2.200000000000000000e+02,4.989136406473101563e-08,1.194880418761168507e-04,-7.827763748676294279e-08
2.210000000000000000e+02,4.965923473252032310e-08,1.185169658661612633e-04,-6.491240105525421367e-08
2.220000000000000000e+02,4.942889641249650091e-08,1.175537101288653697e-04,-5.156365156010642155e-08
2.230000000000000000e+02,4.920034291431015408e-08,1.165982560884862702e-04,-3.823072329639779998e-08
2.240000000000000000e+02,4.897355626654192876e-08,1.156505851823288149e-04,-2.491295065991697684e-08
2.250000000000000000e+02,4.874853002419240351e-08,1.147107060285455549e-04,-1.160967089522180480e-08
2.260000000000000000e+02,4.852522313659101870e-08,1.137785590086887790e-04,1.679790250735100029e-09
2.270000000000000000e+02,4.830362922425496831e-08,1.128541259316430303e-04,1.495609336375160061e-08
2.280000000000000000e+02,4.808373034135951439e-08,1.119374283837515360e-04,2.821990897026098227e-08
2.290000000000000000e+02,4.786550854832433849e-08,1.110283946257038405e-04,4.147189196529045035e-08
2.300000000000000000e+02,4.764895154287642544e-08,1.101270589879528258e-04,5.471272388403816502e-08
2.310000000000000000e+02,4.743402450436335388e-08,1.092333764900344769e-04,6.794306297833414647e-08
2.320000000000000000e+02,4.722073198587464403e-08,1.083473286775310718e-04,8.116357409645161647e-08
2.330000000000000000e+02,4.700903925437783458e-08,1.074688971086899282e-04,9.437492200053028694e-08
2.340000000000000000e+02,4.679892294354204426e-08,1.065980633543826920e-04,1.075777713681272971e-07
2.350000000000000000e+02,4.659037631072137393e-08,1.057347964735231492e-04,1.207727724879414942e-07
2.360000000000000000e+02,4.638338693999532585e-08,1.048791032122171982e-04,1.339606169221096870e-07
2.370000000000000000e+02,4.617792049013675242e-08,1.040309525525136920e-04,1.471419563611680799e-07
2.380000000000000000e+02,4.597397008746836989e-08,1.031903138912563367e-04,1.603174361682646158e-07
2.390000000000000000e+02,4.577152326090095561e-08,1.023571934084457083e-04,1.734877570435208077e-07
2.400000000000000000e+02,4.557055128831401166e-08,1.015315483982237512e-04,1.866535436466663059e-07
2.410000000000000000e+02,4.537103100538831048e-08,1.007133727401836852e-04,1.998154790991697804e-07
2.420000000000000000e+02,4.517295536761217913e-08,9.990264810210545032e-05,2.129742274585050899e-07
2.430000000000000000e+02,4.497630119612454163e-08,9.909934442302297398e-05,2.261304259199114044e-07
2.440000000000000000e+02,4.478106129353214621e-08,9.830346697123283801e-05,2.392847904239324404e-07
2.450000000000000000e+02,4.458719665230388807e-08,9.751496250755038871e-05,2.524378997685880659e-07
2.460000000000000000e+02,4.439471062845861152e-08,9.673384768701156480e-05,2.655905027883186408e-07
2.470000000000000000e+02,4.420356963201686445e-08,9.596009258871812837e-05,2.787432348505107571e-07
2.480000000000000000e+02,4.401376637031551652e-08,9.519366767117749557e-05,2.918967250221691202e-07
2.490000000000000000e+02,4.382527782893343074e-08,9.443455495363419134e-05,3.050516322168638199e-07
2.500000000000000000e+02,4.363808624704785055e-08,9.368274756335131191e-05,3.182086529928334918e-07
2.510000000000000000e+02,4.345218543747934225e-08,9.293821697900999214e-05,3.313680319280556585e-07
2.520000000000000000e+02,4.326754350746898346e-08,9.220081635425724279e-05,3.445280647475322983e-07
2.530000000000000000e+02,4.308417097076555990e-08,9.147041077671268358e-05,3.576867038754009012e-07
2.540000000000000000e+02,4.290203740591071962e-08,9.074683274770393884e-05,3.708417763282189021e-07
2.550000000000000000e+02,4.272115316035300003e-08,9.002996881728396710e-05,3.839913243747642461e-07
2.560000000000000000e+02,4.254148798959519976e-08,8.931964102791118906e-05,3.971331267863762500e-07
2.570000000000000000e+02,4.236304205501373813e-08,8.861572495966848660e-05,4.102651869377546636e-07
2.580000000000000000e+02,4.218581535266560398e-08,8.791807470635974481e-05,4.233854204861039935e-07
2.590000000000000000e+02,4.200977789903097841e-08,8.722653404547060102e-05,4.364916915281933935e-07
2.600000000000000000e+02,4.183493963544825373e-08,8.654096761472526429e-05,4.495819646919375721e-07
2.610000000000000000e+02,4.166127074945849555e-08,8.586121939382130349e-05,4.626541013092758469e-07
2.620000000000000000e+02,4.148878102371442260e-08,8.518716399386749979e-05,4.757061258351631983e-07
2.630000000000000000e+02,4.131744081452247274e-08,8.451861530125904674e-05,4.887357276732929161e-07
2.640000000000000000e+02,4.114725001157298278e-08,8.385546799939988343e-05,5.017410474673797881e-07
2.650000000000000000e+02,4.097819865014256229e-08,8.319754650185315369e-05,5.147198236014081486e-07
2.660000000000000000e+02,4.081028159680545155e-08,8.254472509606976304e-05,5.276700888956934691e-07
2.670000000000000000e+02,4.064347921544511236e-08,8.189685805263467169e-05,5.405897604470853523e-07
2.680000000000000000e+02,4.047778639770959475e-08,8.125379002910280914e-05,5.534766898742552200e-07
2.690000000000000000e+02,4.031318364921304175e-08,8.061537556059241751e-05,5.663287899618691387e-07
2.700000000000000000e+02,4.014968013766530966e-08,7.998147867937699840e-05,5.791440423019644742e-07
2.710000000000000000e+02,3.998724687146893953e-08,7.935193491303703557e-05,5.919202241772778427e-07
2.720000000000000000e+02,3.982588344396310236e-08,7.872661773238399453e-05,6.046553876360037523e-07
2.730000000000000000e+02,3.966559399285670207e-08,7.810538151247693630e-05,6.173474505654253762e-07
2.740000000000000000e+02,3.950633100506523004e-08,7.748805308493040027e-05,6.299941068851586518e-07
2.750000000000000000e+02,3.934811741839891589e-08,7.687453308433873944e-05,6.425936421717705675e-07
2.760000000000000000e+02,3.919093390781597712e-08,7.626463933131228366e-05,6.551436729041714684e-07
2.770000000000000000e+02,3.903476129906767164e-08,7.565823566825734248e-05,6.676421876503012938e-07
2.780000000000000000e+02,3.887960357452480990e-08,7.505517676445704045e-05,6.800871004141800124e-07
2.790000000000000000e+02,3.872544158245641191e-08,7.445532613111623089e-05,6.924764074330918705e-07
2.800000000000000000e+02,3.857226088383284924e-08,7.385852073755547610e-05,7.048078602077445072e-07
2.810000000000000000e+02,3.842006985093142442e-08,7.326463288013490408e-05,7.170795387763836012e-07
2.820000000000000000e+02,3.826884033390826791e-08,7.267350845446768424e-05,7.292892755003953063e-07
2.830000000000000000e+02,3.811857605439813926e-08,7.208500219733286318e-05,7.414349849635091523e-07
2.840000000000000000e+02,3.796924906219401356e-08,7.149896885824382148e-05,7.535145818615361861e-07
2.850000000000000000e+02,3.782087198344073473e-08,7.091527160873576806e-05,7.655260717794912165e-07
2.860000000000000000e+02,3.767342141944525720e-08,7.033374833555035223e-05,7.774671894884178919e-07
2.870000000000000000e+02,3.752688750954790560e-08,6.975427057596144027e-05,7.893360329653328030e-07
2.880000000000000000e+02,3.738125596927202487e-08,6.917666831243066779e-05,8.011302365097456289e-07
2.890000000000000000e+02,3.723652580897172887e-08,6.860082930739592208e-05,8.128480925582232368e-07
2.900000000000000000e+02,3.709269151309650508e-08,6.802658377192255512e-05,8.244872314056940076e-07
2.910000000000000000e+02,3.694973437708385915e-08,6.745381074325327306e-05,8.360458617752344571e-07
2.920000000000000000e+02,3.680764019080925137e-08,6.688233293189100085e-05,8.475215052834070745e-07
2.930000000000000000e+02,3.666641217732459178e-08,6.631202919414250349e-05,8.589123749511368322e-07
2.940000000000000000e+02,3.652603173848722248e-08,6.574274639786785088e-05,8.702162872740568191e-07
2.950000000000000000e+02,3.638648471856937065e-08,6.517433169150405265e-05,8.814310534417263389e-07
2.960000000000000000e+02,3.624777419672202771e-08,6.460665549143223554e-05,8.925547970321007146e-07
2.970000000000000000e+02,3.610987312768721873e-08,6.403955730414407797e-05,9.035852235530135069e-07
2.980000000000000000e+02,3.597279306388208414e-08,6.347290729795221386e-05,9.145204620226653255e-07
2.990000000000000000e+02,3.583651128829432556e-08,6.290655272991084251e-05,9.253583226202791272e-07
3.000000000000000000e+02,3.570100950608564510e-08,6.234034113529487412e-05,9.360966104245774975e-07
3.010000000000000000e+02,3.556629555883789518e-08,6.177418138666895841e-05,9.467331283556472960e-07
3.020000000000000000e+02,3.543235480909816271e-08,6.120816770948791304e-05,9.572647974198799700e-07
3.030000000000000000e+02,3.529917766464501952e-08,6.064241887790913782e-05,9.676879775834424072e-07
3.040000000000000000e+02,3.516677125566652192e-08,6.007707557298537060e-05,9.779993671218894467e-07
3.050000000000000000e+02,3.503512178049634327e-08,5.951227819948257716e-05,9.881956693805106856e-07
3.060000000000000000e+02,3.490422383051873071e-08,5.894814590807002832e-05,9.982732373665010392e-07
3.070000000000000000e+02,3.477406376106456362e-08,5.838480530171551847e-05,1.008228534278301038e-06
3.080000000000000000e+02,3.464465677330258028e-08,5.782242439847663085e-05,1.018058743501838426e-06
3.090000000000000000e+02,3.451598506026887708e-08,5.726110873997123692e-05,1.027759974453868203e-06
3.100000000000000000e+02,3.438803507138674353e-08,5.670099183088841131e-05,1.037328810455366934e-06
3.110000000000000000e+02,3.426081772532180643e-08,5.614221382807443373e-05,1.046761959226017027e-06
3.120000000000000000e+02,3.413431944326158478e-08,5.558491461594918144e-05,1.056056133118082901e-06
3.130000000000000000e+02,3.400853482357973720e-08,5.502921422234202518e-05,1.065207669817986237e-06
3.140000000000000000e+02,3.388345043835036070e-08,5.447523965727039068e-05,1.074213025901352690e-06
3.150000000000000000e+02,3.375908496951416129e-08,5.392315657010423127e-05,1.083069424939922496e-06
3.160000000000000000e+02,3.363540096773750951e-08,5.337305963993421850e-05,1.091772686639661803e-06
3.170000000000000000e+02,3.351241305898358783e-08,5.282510777731614136e-05,1.100319911589732492e-06
3.180000000000000000e+02,3.339011975802475127e-08,5.227943403554448327e-05,1.108707690575908942e-06
3.190000000000000000e+02,3.326850770020163542e-08,5.173615918610754717e-05,1.116932349309840186e-06
3.200000000000000000e+02,3.314756363670678153e-08,5.119541665759919709e-05,1.124990472772771010e-06
3.210000000000000000e+02,3.302729790946281638e-08,5.065735189218920184e-05,1.132878914989467832e-06
3.220000000000000000e+02,3.290769724293305146e-08,5.012208602761720512e-05,1.140593996171411690e-06
3.230000000000000000e+02,3.278874847552436514e-08,4.958975835518991980e-05,1.148132438013244632e-06
3.240000000000000000e+02,3.267046178219132984e-08,4.906049626462247583e-05,1.155490691688158998e-06
3.250000000000000000e+02,3.255281626138544189e-08,4.853443890783389850e-05,1.162665480950227007e-06
3.260000000000000000e+02,3.243582197825915529e-08,4.801172518129038190e-05,1.169653533074666907e-06
3.270000000000000000e+02,3.231945814389658437e-08,4.749247118741023449e-05,1.176451020220011591e-06
3.280000000000000000e+02,3.220373471483215060e-08,4.697682720681279879e-05,1.183054947368485267e-06
3.290000000000000000e+02,3.208863101355825969e-08,4.646491521249540346e-05,1.189461623226664557e-06
3.300000000000000000e+02,3.197415688915523636e-08,4.595687401813634685e-05,1.195667776169311343e-06
3.310000000000000000e+02,3.186029554951740909e-08,4.545283140316245933e-05,1.201669852411144054e-06
3.320000000000000000e+02,3.174704541182118940e-08,4.495293138358260997e-05,1.207464725330143295e-06
3.330000000000000000e+02,3.163440109194322548e-08,4.445729639432097701e-05,1.213048697978693854e-06
3.340000000000000000e+02,3.152235720656925403e-08,4.396606498814557401e-05,1.218418501969795063e-06
3.350000000000000000e+02,3.141090837318777399e-08,4.347937031981576853e-05,1.223570726344808614e-06
3.360000000000000000e+02,3.130004179179401672e-08,4.299733533441014397e-05,1.228501668577998433e-06
3.370000000000000000e+02,3.118976694404876077e-08,4.252010865738498248e-05,1.233208353473048231e-06
3.380000000000000000e+02,3.108006363896685553e-08,4.204781328012082575e-05,1.237687078122313201e-06
3.390000000000000000e+02,3.097094125574857289e-08,4.158058744194845680e-05,1.241934577616492057e-06
3.400000000000000000e+02,3.086238336598441594e-08,4.111855939574034306e-05,1.245947293388003490e-06
3.410000000000000000e+02,3.075438827485821751e-08,4.066187208576834159e-05,1.249722110056989039e-06
3.420000000000000000e+02,3.064695060510861175e-08,4.021064893124658461e-05,1.253255320805062522e-06
3.430000000000000000e+02,3.054006498022915752e-08,3.976502793413034007e-05,1.256543662923155318e-06
3.440000000000000000e+02,3.043371881049993567e-08,3.932513287826293157e-05,1.259583426823367476e-06
3.450000000000000000e+02,3.032792117378777137e-08,3.889111565304878755e-05,1.262371799258410120e-06
3.460000000000000000e+02,3.022265945676780997e-08,3.846309536745078084e-05,1.264904921217740315e-06
3.470000000000000000e+02,3.011792471616019708e-08,3.804120528289326781e-05,1.267179381278310224e-06
3.480000000000000000e+02,3.001370805857993789e-08,3.762557865414609039e-05,1.269191768187613410e-06
3.490000000000000000e+02,2.991001836595574116e-08,3.721635314685944288e-05,1.270938821722546932e-06
3.500000000000000000e+02,2.980683606117974469e-08,3.681365748946811769e-05,1.272416980467470983e-06
3.510000000000000000e+02,2.970417033660375344e-08,3.641758328558547460e-05,1.273626127699865826e-06
3.520000000000000000e+02,2.960200725700933244e-08,3.602800354425180743e-05,1.274577509312541485e-06
3.530000000000000000e+02,2.950034742672746392e-08,3.564475406846972751e-05,1.275285815419937752e-06
3.540000000000000000e+02,2.939918791759179840e-08,3.526766630405720273e-05,1.275765584226869321e-06
3.550000000000000000e+02,2.929852232890833263e-08,3.489656342427996816e-05,1.276031050133417135e-06
3.560000000000000000e+02,2.919835123027644551e-08,3.453128945694014550e-05,1.276097204043151849e-06
3.570000000000000000e+02,2.909867169494909384e-08,3.417166763947749128e-05,1.275978278795718125e-06
3.580000000000000000e+02,2.899947392115537676e-08,3.381752959020021675e-05,1.275688809429657758e-06
3.590000000000000000e+02,2.890076875758972631e-08,3.346871090849113810e-05,1.275243481688407768e-06
3.600000000000000000e+02,2.880254296557743117e-08,3.312503917379749864e-05,1.274656677720868365e-06
3.610000000000000000e+02,2.870479025206082265e-08,3.278634992216989476e-05,1.273943081708423090e-06
3.620000000000000000e+02,2.860752132767222732e-08,3.245247468645490456e-05,1.273117225630411312e-06
3.630000000000000000e+02,2.851072305943691142e-08,3.212323738338859156e-05,1.272193338654870656e-06
3.640000000000000000e+02,2.841439592688211028e-08,3.179848489937221094e-05,1.271186555653398926e-06
3.650000000000000000e+02,2.831853029221993074e-08,3.147802988343737147e-05,1.270110651768138090e-06
3.660000000000000000e+02,2.822314003129530542e-08,3.116171904776030726e-05,1.268980759913053050e-06
3.670000000000000000e+02,2.812819877635128612e-08,3.084937653840621753e-05,1.267811107099887115e-06
3.680000000000000000e+02,2.803372368265252473e-08,3.054083768512293678e-05,1.266616371900761160e-06
3.690000000000000000e+02,2.793970182406169632e-08,3.023593050092078215e-05,1.265410931198270020e-06
3.700000000000000000e+02,2.784613361470744292e-08,2.993449025988211430e-05,1.264209461986447178e-06
3.710000000000000000e+02,2.775301613426078263e-08,2.963634506469465119e-05,1.263026340146877484e-06
3.720000000000000000e+02,2.766034318316251139e-08,2.934133013505749101e-05,1.261876241128352852e-06
3.730000000000000000e+02,2.756811514353672030e-08,2.904927711039852735e-05,1.260773689534219465e-06
3.740000000000000000e+02,2.747632258036294494e-08,2.876000739520929482e-05,1.259732760662514256e-06
3.750000000000000000e+02,2.738497887579323263e-08,2.847336985714717729e-05,1.258768726262034485e-06
3.760000000000000000e+02,2.729405835953816074e-08,2.818918256997085393e-05,1.257895511079971533e-06
3.770000000000000000e+02,2.720357759702489037e-08,2.790728734994232519e-05,1.257128085756529723e-06
3.780000000000000000e+02,2.711352396138029801e-08,2.762750593812445912e-05,1.256480524178291575e-06
3.790000000000000000e+02,2.702389777206408726e-08,2.734967996584088446e-05,1.255967795309045991e-06
3.800000000000000000e+02,2.693468972446311355e-08,2.707362817413748975e-05,1.255603823264352092e-06
3.810000000000000000e+02,2.684590651603751928e-08,2.679919529172554552e-05,1.255403724682593823e-06
3.820000000000000000e+02,2.675754202643590163e-08,2.652621293491655227e-05,1.255382019061203610e-06
3.830000000000000000e+02,2.666958701487280068e-08,2.625449714112702154e-05,1.255552480111804841e-06
3.840000000000000000e+02,2.658204808565494433e-08,2.598389853838761068e-05,1.255930520805231108e-06
3.850000000000000000e+02,2.649492229318070986e-08,2.571424256398824830e-05,1.256530361130395510e-06
3.860000000000000000e+02,2.640819103330943033e-08,2.544535189750224801e-05,1.257366070858713293e-06
3.870000000000000000e+02,2.632187024477436081e-08,2.517707053586755513e-05,1.258452763865065604e-06
3.880000000000000000e+02,2.623594761846319139e-08,2.490922422587880556e-05,1.259804658049197951e-06
3.890000000000000000e+02,2.615042337311298905e-08,2.464164775420502762e-05,1.261436418945027964e-06
3.900000000000000000e+02,2.606528841333577416e-08,2.437416710382194396e-05,1.263362262346353206e-06
3.910000000000000000e+02,2.598054913095792235e-08,2.410662283202899940e-05,1.265597153022552834e-06
3.920000000000000000e+02,2.589620258398006336e-08,2.383884379777173753e-05,1.268155456206118667e-06
3.930000000000000000e+02,2.581223052380785827e-08,2.357065339510292884e-05,1.271051233760723905e-06
3.940000000000000000e+02,2.572864846744153293e-08,2.330189477771314461e-05,1.274299601911668712e-06
3.950000000000000000e+02,2.564544431952704761e-08,2.303239418347761614e-05,1.277914772119449101e-06
3.960000000000000000e+02,2.556261216701964472e-08,2.276198351868330535e-05,1.281911256484255220e-06
3.970000000000000000e+02,2.548016124712477625e-08,2.249049736706386157e-05,1.286303719309273237e-06
3.980000000000000000e+02,2.539807955405980731e-08,2.221776491213631037e-05,1.291106519958961837e-06
3.990000000000000000e+02,2.531636420744917845e-08,2.194362068516799610e-05,1.296334322964446718e-06
4.000000000000000000e+02,2.523501532032453958e-08,2.166789651956958505e-05,1.302001640372494391e-06
4.010000000000000000e+02,2.515402420338696635e-08,2.139046723675185922e-05,1.308115862452434775e-06
4.020000000000000000e+02,2.507339786230089124e-08,2.111142802468387748e-05,1.314658841457576700e-06
4.030000000000000000e+02,2.499312855222548111e-08,2.083090929669133024e-05,1.321604845855391761e-06
4.040000000000000000e+02,2.491321747017107731e-08,2.054904904836499851e-05,1.328928612150086320e-06
4.050000000000000000e+02,2.483366282979143347e-08,2.026598272891117668e-05,1.336604722692526323e-06
4.060000000000000000e+02,2.475445990859734193e-08,1.998184103525155411e-05,1.344607441609521947e-06
4.070000000000000000e+02,2.467560694886600322e-08,1.969676194760860689e-05,1.352911508331434913e-06
4.080000000000000000e+02,2.459709927507687481e-08,1.941088330615369683e-05,1.361491667091470621e-06
4.090000000000000000e+02,2.451894679196840279e-08,1.912434053858514592e-05,1.370322504495695680e-06
4.100000000000000000e+02,2.444113896083706268e-08,1.883726682987550924e-05,1.379378444405265906e-06
4.110000000000000000e+02,2.436367402454083507e-08,1.854979769957880055e-05,1.388634072273758999e-06
4.120000000000000000e+02,2.428655310719991489e-08,1.826207083152697286e-05,1.398064140517405784e-06
4.130000000000000000e+02,2.420976868040405203e-08,1.797421736323326545e-05,1.407642905425192090e-06
4.140000000000000000e+02,2.413332760369214413e-08,1.768637710380936733e-05,1.417345288449966483e-06
4.150000000000000000e+02,2.405722806627957192e-08,1.739868751766146274e-05,1.427146051676475385e-06
4.160000000000000000e+02,2.398145403235106413e-08,1.711127779812119951e-05,1.437019280082806386e-06
4.170000000000000000e+02,2.390602084318618903e-08,1.682428753529721137e-05,1.446939904799958649e-06
4.180000000000000000e+02,2.383091252582455922e-08,1.653784622016090050e-05,1.456882002009560795e-06
4.190000000000000000e+02,2.375614428818505748e-08,1.625209919046542134e-05,1.466821028463887677e-06
4.200000000000000000e+02,2.368169741039709391e-08,1.596717403167665451e-05,1.476730886679325506e-06
4.210000000000000000e+02,2.360757299032832460e-08,1.568320818068949632e-05,1.486586344121502746e-06
4.220000000000000000e+02,2.353378046715989274e-08,1.540034076406681716e-05,1.496362351568922482e-06
4.230000000000000000e+02,2.346030965637449194e-08,1.511870165662973327e-05,1.506032975379438082e-06
4.240000000000000000e+02,2.338715880258077761e-08,1.483842994303898128e-05,1.515573169142643650e-06
4.250000000000000000e+02,2.331432891671696960e-08,1.455965924896209739e-05,1.524957352886080843e-06
4.260000000000000000e+02,2.324181821782746163e-08,1.428252672154968361e-05,1.534160307474492157e-06
4.270000000000000000e+02,2.316961667783071612e-08,1.400716438085247119e-05,1.543156268955579237e-06
4.280000000000000000e+02,2.309773903672150104e-08,1.373371266086062113e-05,1.551920387500041947e-06
4.290000000000000000e+02,2.302616704486412657e-08,1.346230200750873903e-05,1.560426714226120364e-06
4.300000000000000000e+02,2.295490172208227418e-08,1.319306951803157200e-05,1.568650034341933991e-06
4.310000000000000000e+02,2.288395220037446760e-08,1.292615215685636862e-05,1.576565137863340161e-06
4.320000000000000000e+02,2.281330852886263901e-08,1.266168525418142124e-05,1.584146631056549894e-06
4.330000000000000000e+02,2.274296895328475714e-08,1.239980119147062764e-05,1.591368742663449387e-06
4.340000000000000000e+02,2.267293710027696528e-08,1.214063980540329752e-05,1.598206644784622042e-06
4.350000000000000000e+02,2.260319775542075938e-08,1.188433208995142438e-05,1.604634376025472433e-06
4.360000000000000000e+02,2.253376528251512713e-08,1.163101630880482569e-05,1.610626923345867718e-06
4.370000000000000000e+02,2.246462985657136262e-08,1.138082507325650122e-05,1.616158512093463882e-06
4.380000000000000000e+02,2.239578972390907158e-08,1.113389651813435605e-05,1.621204133681267007e-06
4.390000000000000000e+02,2.232724313092071117e-08,1.089036465879447399e-05,1.625738205576568073e-06
4.400000000000000000e+02,2.225899096552995594e-08,1.065036741872594016e-05,1.629735724624781700e-06
4.410000000000000000e+02,2.219103145016152613e-08,1.041403630643269231e-05,1.633170721600860477e-06
4.420000000000000000e+02,2.212336018210051430e-08,1.018150921109507808e-05,1.636018195004176003e-06
4.430000000000000000e+02,2.205597540823366437e-08,9.952919067881614608e-06,1.638252368137229564e-06
4.440000000000000000e+02,2.198887537551892725e-08,9.728402491426164865e-06,1.639848047583114282e-06
4.450000000000000000e+02,2.192206093259299459e-08,9.508097114225972277e-06,1.640780236558363392e-06
4.460000000000000000e+02,2.185553030294717979e-08,9.292135943420190160e-06,1.641023159430321415e-06
4.470000000000000000e+02,2.178927395263850886e-08,9.080653268164789026e-06,1.640551235683309144e-06
4.480000000000000000e+02,2.172330564451343443e-08,8.873787689063344705e-06,1.639339665220225512e-06
4.490000000000000000e+02,2.165760811067381976e-08,8.671671329408357963e-06,1.637362479217387762e-06
4.500000000000000000e+02,2.159218220791340289e-08,8.474440623939933189e-06,1.634594489269688944e-06
4.510000000000000000e+02,2.152703653277070369e-08,8.282195702119848340e-06,1.631017876436365726e-06
4.520000000000000000e+02,2.146216215341316074e-08,8.094890815193121419e-06,1.626644106076380062e-06
4.530000000000000000e+02,2.139755795528012676e-08,7.912442133141448671e-06,1.621491627054113622e-06
4.540000000000000000e+02,2.133322282385405722e-08,7.734769676660651551e-06,1.615579660576281780e-06
4.550000000000000000e+02,2.126916069340597425e-08,7.561791504159037060e-06,1.608927039182712737e-06
4.560000000000000000e+02,2.120535782009294685e-08,7.393423044320051786e-06,1.601552023463205444e-06
4.570000000000000000e+02,2.114182821321401820e-08,7.229585978042957225e-06,1.593474209807846459e-06
4.580000000000000000e+02,2.107856318549339553e-08,7.070196638819094797e-06,1.584712048637538960e-06
4.590000000000000000e+02,2.101556162281556062e-08,6.915173159415806806e-06,1.575284372173472386e-06
4.600000000000000000e+02,2.095282241110705243e-08,6.764433674932335891e-06,1.565210012100214548e-06
4.610000000000000000e+02,2.089034691589074856e-08,6.617897109154569307e-06,1.554507984276161388e-06
4.620000000000000000e+02,2.082812905670717272e-08,6.475480012219171473e-06,1.543196748549022573e-06
4.630000000000000000e+02,2.076617513627954944e-08,6.337102835973594997e-06,1.531295684886238577e-06
4.640000000000000000e+02,2.070447908177682746e-08,6.202681417930992293e-06,1.518823072521215600e-06
4.650000000000000000e+02,2.064303977951759296e-08,6.072135397175255598e-06,1.505798102558203971e-06
4.660000000000000000e+02,2.058185611586141727e-08,5.945381466010269608e-06,1.492239243813302435e-06
4.670000000000000000e+02,2.052092941305122551e-08,5.822339897872633168e-06,1.478165855809604685e-06
4.680000000000000000e+02,2.046025367866404975e-08,5.702926051967597727e-06,1.463596059728620548e-06
4.690000000000000000e+02,2.039983508525971700e-08,5.587060826307131852e-06,1.448549381170170470e-06
4.700000000000000000e+02,2.033966764785521622e-08,5.474660999229056290e-06,1.433044294686802939e-06
4.710000000000000000e+02,2.027975025319219677e-08,5.365644734993594836e-06,1.417099625614505853e-06
4.720000000000000000e+02,2.022008178805224427e-08,5.259930200076269912e-06,1.400734198779478210e-06
4.730000000000000000e+02,2.016066353246536462e-08,5.157436788907393355e-06,1.383967167417953602e-06
4.740000000000000000e+02,2.010148957987318993e-08,5.058080197308722294e-06,1.366816693423043062e-06
4.750000000000000000e+02,2.004256597588116713e-08,4.961780438099988909e-06,1.349302093341362762e-06
4.760000000000000000e+02,1.998388682118712541e-08,4.868455074798387354e-06,1.331442025379031736e-06
4.770000000000000000e+02,1.992545100294476587e-08,4.778022853765536127e-06,1.313255467762474193e-06
4.780000000000000000e+02,1.986725740834662410e-08,4.690400809735850439e-06,1.294760927836771893e-06
4.790000000000000000e+02,1.980930962787281522e-08,4.605508798766134669e-06,1.275977688255665988e-06
4.800000000000000000e+02,1.975159478384138771e-08,4.523263334714602459e-06,1.256924107994261333e-06
4.810000000000000000e+02,1.969412585290033224e-08,4.443583691203259458e-06,1.237619308070394121e-06
4.820000000000000000e+02,1.963689466769351514e-08,4.366387512123665797e-06,1.218081956350198586e-06
4.830000000000000000e+02,1.957990011577563482e-08,4.291592480757730641e-06,1.198330729440488693e-06
4.840000000000000000e+02,1.952314108473918854e-08,4.219117821134688543e-06,1.178384733063586986e-06
4.850000000000000000e+02,1.946661646221452533e-08,4.148881211858327202e-06,1.158262640511863695e-06
4.860000000000000000e+02,1.941032974466648979e-08,4.080801822473045883e-06,1.137983539831824103e-06
4.870000000000000000e+02,1.935426829117365559e-08,4.014795899108463129e-06,1.117565702292289465e-06
4.880000000000000000e+02,1.929844479604471149e-08,3.950783101188368206e-06,1.097028350171666864e-06
4.890000000000000000e+02,1.924285123402954985e-08,3.888681612457610749e-06,1.076390292235171411e-06
4.900000000000000000e+02,1.918748649310985310e-08,3.828408710086784554e-06,1.055670085783564894e-06
4.910000000000000000e+02,1.913234946130408672e-08,3.769883074280062881e-06,1.034886676328754011e-06
4.920000000000000000e+02,1.907743902666749596e-08,3.713023359056197665e-06,1.014058999051244419e-06
4.930000000000000000e+02,1.902275407729210254e-08,3.657746890084614133e-06,9.932056246270114201e-07
4.940000000000000000e+02,1.896829575337692083e-08,3.603973188900575880e-06,9.723457208884575506e-07
4.950000000000000000e+02,1.891406292382504663e-08,3.551619592881801464e-06,9.514978600473123848e-07
4.960000000000000000e+02,1.886005221847910064e-08,3.500604323949771801e-06,9.306808548944461928e-07
4.970000000000000000e+02,1.880625805996207376e-08,3.450845195873703686e-06,9.099134096210179857e-07
4.980000000000000000e+02,1.875269273402399882e-08,3.402261664942423972e-06,8.892146605363946479e-07
4.990000000000000000e+02,1.869934173181366641e-08,3.354770728620625021e-06,8.686030946323129896e-07
5.000000000000000000e+02,1.864620840760690571e-08,3.308291026892603322e-06,8.480976310187157885e-07
5.010000000000000000e+02,1.859329389694788801e-08,3.262758002834904527e-06,8.277139601541633414e-07
5.020000000000000000e+02,1.854059286349579627e-08,3.218170123549199745e-06,8.074538139404106620e-07
5.030000000000000000e+02,1.848811103622676088e-08,3.174546547025738184e-06,7.873166848310713792e-07
5.040000000000000000e+02,1.843584312458238015e-08,3.131902584742223297e-06,7.673010959850218110e-07
5.050000000000000000e+02,1.838378825337447061e-08,3.090255832829957776e-06,7.474061416736855084e-07
5.060000000000000000e+02,1.833194554744212261e-08,3.049622397812591555e-06,7.276305513740330189e-07
5.070000000000000000e+02,1.828031847287661489e-08,3.010020213003860705e-06,7.079734940999666445e-07
5.080000000000000000e+02,1.822889745994422161e-08,2.971465036514797890e-06,6.884336199877835948e-07
5.090000000000000000e+02,1.817768814547757007e-08,2.933974424665582146e-06,6.690100046521893706e-07
5.100000000000000000e+02,1.812668533146603460e-08,2.897564176000142376e-06,6.497013191784277232e-07
5.110000000000000000e+02,1.807589460021962176e-08,2.862252521250135748e-06,6.305067867257533806e-07
5.120000000000000000e+02,1.802531075996853544e-08,2.828055607297900302e-06,6.114251579881776185e-07
5.130000000000000000e+02,1.797493293588874356e-08,2.794990278098480727e-06,5.924553427200419992e-07
5.140000000000000000e+02,1.792476025318265405e-08,2.763073377222082880e-06,5.735962507005260559e-07
5.150000000000000000e+02,1.787479608225984033e-08,2.732322072625837595e-06,5.548468576843605900e-07
5.160000000000000000e+02,1.782503104622741115e-08,2.702752554053859257e-06,5.362059393836190986e-07
5.170000000000000000e+02,1.777547063821006965e-08,2.674382628125893502e-06,5.176725968963260789e-07
5.180000000000000000e+02,1.772610975601520492e-08,2.647227858869062455e-06,4.992454895898627017e-07
5.190000000000000000e+02,1.767695383999436317e-08,2.621306042036228341e-06,4.809237120032125443e-07
5.200000000000000000e+02,1.762799779399540003e-08,2.596634010101676319e-06,4.627061675687730002e-07
5.210000000000000000e+02,1.757924074354686420e-08,2.573227984314534316e-06,4.445916541226939968e-07
5.220000000000000000e+02,1.753068181420290396e-08,2.551105420460533707e-06,4.265791895502052014e-07
5.230000000000000000e+02,1.748232013154331019e-08,2.530282550161078306e-06,4.086675803474713665e-07
5.240000000000000000e+02,1.743415896198077747e-08,2.510777116401539523e-06,3.908558823449395944e-07
5.250000000000000000e+02,1.738618707344663154e-08,2.492604760882779406e-06,3.731428155760445143e-07
5.260000000000000000e+02,1.733841599704404335e-08,2.475783513196373885e-06,3.555274718295814670e-07
5.270000000000000000e+02,1.729083864738201452e-08,2.460329616487957303e-06,3.380086683880902531e-07
5.280000000000000000e+02,1.724345415030528851e-08,2.446259910448750677e-06,3.205853154785727015e-07
5.290000000000000000e+02,1.719625754723239840e-08,2.433590945123194122e-06,3.032562873026126398e-07
5.300000000000000000e+02,1.714926021741066012e-08,2.422340427338919784e-06,2.860206022798896789e-07
5.310000000000000000e+02,1.710244903340623240e-08,2.412524327846807245e-06,2.688770625611510088e-07
5.320000000000000000e+02,1.705582720561402370e-08,2.404159774180928120e-06,2.518246145152400794e-07
5.330000000000000000e+02,1.700939386000276853e-08,2.397263604228572699e-06,2.348621684855819952e-07
5.340000000000000000e+02,1.696315013717873539e-08,2.391853224180344818e-06,2.179886866657870671e-07
5.350000000000000000e+02,1.691709514679273119e-08,2.387944616816361139e-06,2.012029957196664163e-07
5.360000000000000000e+02,1.687122198748314329e-08,2.385554620872680470e-06,1.845040120771988073e-07
5.370000000000000000e+02,1.682553781116529664e-08,2.384700640617775862e-06,1.678906920463664500e-07
5.380000000000000000e+02,1.678003772574872542e-08,2.385399512394611040e-06,1.513619401922358709e-07
5.390000000000000000e+02,1.673472085748075526e-08,2.387667505620990129e-06,1.349166290852413663e-07
5.400000000000000000e+02,1.668958633263266696e-08,2.391522024022277549e-06,1.185537033123620724e-07
5.410000000000000000e+02,1.664463723126007978e-08,2.396979905133984029e-06,1.022720676250032141e-07
5.420000000000000000e+02,1.659986476155344220e-08,2.404057129910408597e-06,8.607059615816206215e-08
5.430000000000000000e+02,1.655527398056031560e-08,2.412771675504051373e-06,6.994824433290860199e-08
5.440000000000000000e+02,1.651086007679931245e-08,2.423139519653217443e-06,5.390389210651899501e-08
5.450000000000000000e+02,1.646662805981992679e-08,2.435178072428724951e-06,3.793646489681748611e-08
5.460000000000000000e+02,1.642257312357619474e-08,2.448903882031047005e-06,2.204486511345079871e-08
5.470000000000000000e+02,1.637869439463204366e-08,2.464333490188292459e-06,6.228002762892052851e-09
5.480000000000000000e+02,1.633499099957456196e-08,2.481484315154502454e-06,-9.515208033831878595e-09
5.490000000000000000e+02,1.629146206501396602e-08,2.500372899818123153e-06,-2.518585910699867367e-08
5.500000000000000000e+02,1.624810671758362998e-08,2.521016077862754158e-06,-4.078503964440437577e-08
5.510000000000000000e+02,1.620492411275793330e-08,2.543421356761407276e-06,-5.631355453860853844e-08
5.520000000000000000e+02,1.616191736068191134e-08,2.567559551021626984e-06,-7.177108864294331282e-08
5.530000000000000000e+02,1.611907615744034128e-08,2.593390324627268629e-06,-8.715699500967695363e-08
5.540000000000000000e+02,1.607641130562231510e-08,2.620875473517698110e-06,-1.024706827473424925e-07
5.550000000000000000e+02,1.603391634592366931e-08,2.649975888456066496e-06,-1.177115408406490992e-07
5.560000000000000000e+02,1.599158677911039653e-08,2.680651506015495696e-06,-1.328789108410579762e-07
5.570000000000000000e+02,1.594942951299920190e-08,2.712864153830404616e-06,-1.479722182788774913e-07
5.580000000000000000e+02,1.590744003836138374e-08,2.746574726637148454e-06,-1.629908520964947867e-07
5.590000000000000000e+02,1.586561765503079599e-08,2.781743459549866023e-06,-1.779341588857828793e-07
5.600000000000000000e+02,1.582396542214806415e-08,2.818332230012135442e-06,-1.928015856665860625e-07
5.610000000000000000e+02,1.578247511117219869e-08,2.856300592290932634e-06,-2.075924278618759133e-07
5.620000000000000000e+02,1.574114979115144376e-08,2.895610438376606757e-06,-2.223061378181534644e-07
5.630000000000000000e+02,1.569999062694481482e-08,2.936222669803891770e-06,-2.369421043750280843e-07
5.640000000000000000e+02,1.565899318370974253e-08,2.978097127546629086e-06,-2.514996266237257491e-07
5.650000000000000000e+02,1.561816234173241176e-08,3.021196107089938740e-06,-2.659782043139651497e-07
5.660000000000000000e+02,1.557749367117935126e-08,3.065479800416844515e-06,-2.803771647027992333e-07
5.670000000000000000e+02,1.553698647214193283e-08,3.110909098424452775e-06,-2.946958913999558640e-07
5.680000000000000000e+02,1.549664004472875347e-08,3.157444892734932630e-06,-3.089337680266152684e-07
5.690000000000000000e+02,1.545645368906563540e-08,3.205048075695532450e-06,-3.230901782154110933e-07
5.700000000000000000e+02,1.541642670529560952e-08,3.253679540378570974e-06,-3.371645056104298772e-07
5.710000000000000000e+02,1.537655839357893191e-08,3.303300180581436883e-06,-3.511561338672112612e-07
5.720000000000000000e+02,1.533684805409307727e-08,3.353870890826597272e-06,-3.650644466527478841e-07
5.730000000000000000e+02,1.529729862149577763e-08,3.405353376140267704e-06,-3.788889177436732379e-07
5.740000000000000000e+02,1.525790030517247587e-08,3.457706925390963700e-06,-3.926287539012187224e-07
5.750000000000000000e+02,1.521866329479014092e-08,3.510893650241601080e-06,-4.062834739436851317e-07
5.760000000000000000e+02,1.517958143901091287e-08,3.564874467366028112e-06,-4.198524664244075947e-07
5.770000000000000000e+02,1.514065044087522670e-08,3.619608573214969877e-06,-4.333349137524223425e-07
5.780000000000000000e+02,1.510187680462961965e-08,3.675059429603325343e-06,-4.467305039636316933e-07
5.790000000000000000e+02,1.506325622412029175e-08,3.731186221374970737e-06,-4.600384162827877794e-07
5.800000000000000000e+02,1.502478799977033409e-08,3.787950729822526463e-06,-4.732581422314340452e-07
5.810000000000000000e+02,1.498647143201940121e-08,3.845312962215098575e-06,-4.863889545667315012e-07
5.820000000000000000e+02,1.494830582132369127e-08,3.903234728235763088e-06,-4.994303511204535069e-07
5.830000000000000000e+02,1.491029401088282514e-08,3.961676951379482242e-06,-5.123817202734617600e-07
5.840000000000000000e+02,1.487242820675637479e-08,4.020599121998090028e-06,-5.252422629933093532e-07
5.850000000000000000e+02,1.483471478599842981e-08,4.079964042593387778e-06,-5.380116097733172033e-07
5.860000000000000000e+02,1.479714423265327205e-08,4.139731183863750494e-06,-5.506889570143698526e-07
5.870000000000000000e+02,1.475972640838380303e-08,4.199862428838754777e-06,-5.632738179175787908e-07
5.880000000000000000e+02,1.472245182843700816e-08,4.260317185627899252e-06,-5.757653753366712756e-07
5.890000000000000000e+02,1.468532679868528783e-08,4.321058373145266676e-06,-5.881632839300434911e-07
5.900000000000000000e+02,1.464834711278671310e-08,4.382045900354742260e-06,-6.004667935158336843e-07
5.910000000000000000e+02,1.461151207144888548e-08,4.443240675661322173e-06,-6.126752878752376695e-07
5.920000000000000000e+02,1.457482097539531978e-08,4.504603608139300069e-06,-6.247881508000229735e-07
5.930000000000000000e+02,1.453827312536541929e-08,4.566095607532266237e-06,-6.368047660925294707e-07
5.940000000000000000e+02,1.450186782211448736e-08,4.627677584253113530e-06,-6.487245175656693830e-07
5.950000000000000000e+02,1.446560780371915724e-08,4.689311006987121659e-06,-6.605468675881490127e-07
5.960000000000000000e+02,1.442948548779183385e-08,4.750955679612133528e-06,-6.722710442980355297e-07
5.970000000000000000e+02,1.439350362103800742e-08,4.812573064816294973e-06,-6.838965086789966071e-07
5.980000000000000000e+02,1.435766321013326402e-08,4.874125234858138720e-06,-6.954228099728437980e-07
5.990000000000000000e+02,1.432196013996625831e-08,4.935570799764317080e-06,-7.068490039900239041e-07
6.000000000000000000e+02,1.428639881631052541e-08,4.996872412667127223e-06,-7.181747226509952791e-07
6.010000000000000000e+02,1.425097514708216924e-08,5.057997846524275831e-06,-7.293993147747186803e-07
6.020000000000000000e+02,1.421568852658737624e-08,5.118941001426541435e-06,-7.405217967122023682e-07
6.030000000000000000e+02,1.418053499809318861e-08,5.179703787471180724e-06,-7.515413139326357546e-07
6.040000000000000000e+02,1.414552072233437035e-08,5.240289984280005081e-06,-7.624572839931303054e-07
6.050000000000000000e+02,1.411064173426940261e-08,5.300699675826372659e-06,-7.732685882550975791e-07
6.060000000000000000e+02,1.407590079182892091e-08,5.360936684785344678e-06,-7.839746520197887929e-07
6.070000000000000000e+02,1.404129061002762084e-08,5.421001051825236206e-06,-7.945743488858410292e-07
6.080000000000000000e+02,1.400681395505964415e-08,5.480894687135251052e-06,-8.050668245414353865e-07
6.090000000000000000e+02,1.397247023998636276e-08,5.540620818733886148e-06,-8.154514187059905481e-07
6.100000000000000000e+02,1.393826219015346500e-08,5.600180733543430573e-06,-8.257271863907229902e-07
6.110000000000000000e+02,1.390418093392877628e-08,5.659576363094916720e-06,-8.358932771076713127e-07
6.120000000000000000e+02,1.387023580915237812e-08,5.718810318955949251e-06,-8.459489409809521328e-07
6.130000000000000000e+02,1.383642126062239045e-08,5.777883866582550200e-06,-8.558932293177551292e-07
6.140000000000000000e+02,1.380273342142127196e-08,5.836797549147438860e-06,-8.657250857296972537e-07
6.150000000000000000e+02,1.376917827300633847e-08,5.895556060437547780e-06,-8.754440692346306670e-07
6.160000000000000000e+02,1.373575194049691160e-08,5.954159957582157278e-06,-8.850491258103464711e-07
6.170000000000000000e+02,1.370245383714745868e-08,6.012611171870989379e-06,-8.945394050105167352e-07
6.180000000000000000e+02,1.366928337622467772e-08,6.070911634563477904e-06,-9.039140564021839437e-07
6.190000000000000000e+02,1.363623997100749577e-08,6.129063276888771009e-06,-9.131722295657619487e-07
6.200000000000000000e+02,1.360332303478707223e-08,6.187068030045724414e-06,-9.223130740950345941e-07
6.210000000000000000e+02,1.357053198086678727e-08,6.244927825202913256e-06,-9.313357395971578327e-07
6.220000000000000000e+02,1.353786943988793780e-08,6.302646092549816211e-06,-9.402395993236973286e-07
6.230000000000000000e+02,1.350532838281027495e-08,6.360221778792042420e-06,-9.490233577365267644e-07
6.240000000000000000e+02,1.347291144804568985e-08,6.417658300325495614e-06,-9.576863859951993489e-07
6.250000000000000000e+02,1.344061964607816109e-08,6.474958358224410982e-06,-9.662279486676058635e-07
6.260000000000000000e+02,1.340844919219400007e-08,6.532122350254869326e-06,-9.746469666143191829e-07
6.270000000000000000e+02,1.337640427976543503e-08,6.589153754226479785e-06,-9.829428203097976929e-07
6.280000000000000000e+02,1.334448112800434001e-08,6.646054521405939984e-06,-9.911146623712926136e-07
6.290000000000000000e+02,1.331267598647636042e-08,6.702824211525829860e-06,-9.991612888627888934e-07
6.300000000000000000e+02,1.328099460403710614e-08,6.759467126586016999e-06,-1.007082203071769088e-06
6.310000000000000000e+02,1.324943322273341223e-08,6.815985217626961608e-06,-1.014876557520679408e-06
6.320000000000000000e+02,1.321799125608760858e-08,6.872378800949138337e-06,-1.022543261438532747e-06
6.330000000000000000e+02,1.318666811763369168e-08,6.928651435199035330e-06,-1.030081706819528746e-06
6.340000000000000000e+02,1.315546322091733612e-08,6.984803409779651902e-06,-1.037490799269462139e-06
6.350000000000000000e+02,1.312437597949589298e-08,7.040838310061587605e-06,-1.044769934395759128e-06
6.360000000000000000e+02,1.309340891885636441e-08,7.096758086680984176e-06,-1.051918264509983729e-06
6.370000000000000000e+02,1.306255522142595125e-08,7.152562138219570010e-06,-1.058934564028169304e-06
6.380000000000000000e+02,1.303181742005999858e-08,7.208254927278897200e-06,-1.065818357998392037e-06
6.390000000000000000e+02,1.300119801841010097e-08,7.263838404288130745e-06,-1.072568798628899526e-06
6.400000000000000000e+02,1.297068870135482507e-08,7.319311908103055063e-06,-1.079184653001353450e-06
6.410000000000000000e+02,1.294029814185180971e-08,7.374680837957653475e-06,-1.085665582692716800e-06
6.420000000000000000e+02,1.291001805012707919e-08,7.429944512848707856e-06,-1.092010352447734789e-06
6.430000000000000000e+02,1.287985398391058763e-08,7.485106623917316896e-06,-1.098218371028366673e-06
6.440000000000000000e+02,1.284980228134073016e-08,7.540168224457262441e-06,-1.104288659080035088e-06
6.450000000000000000e+02,1.281986235617072761e-08,7.595131244811992647e-06,-1.110220366379467745e-06
6.460000000000000000e+02,1.279003058220256446e-08,7.649995795623020385e-06,-1.116012377254074831e-06
6.470000000000000000e+02,1.276031246018546295e-08,7.704767433492671033e-06,-1.121664371082471601e-06
6.480000000000000000e+02,1.273070435686851328e-08,7.759446282064224316e-06,-1.127175233595309610e-06
6.490000000000000000e+02,1.270120568604954117e-08,7.814034271570526215e-06,-1.132544114618141242e-06
6.500000000000000000e+02,1.267181887345958687e-08,7.868534268058786132e-06,-1.137770299309061229e-06
6.510000000000000000e+02,1.264253732053495478e-08,7.922944303547851881e-06,-1.142852840546850954e-06
6.520000000000000000e+02,1.261336355202916943e-08,7.977257072852956220e-06,-1.147791888210527553e-06
6.530000000000000000e+02,1.258429709221761924e-08,8.031462308614635226e-06,-1.152587630544071290e-06
6.540000000000000000e+02,1.255534044967747476e-08,8.085551666952552009e-06,-1.157240531064806145e-06
6.550000000000000000e+02,1.252648717327260882e-08,8.139511046977579572e-06,-1.161750228533080096e-06
6.560000000000000000e+02,1.249774126378226157e-08,8.193333066719552224e-06,-1.166117324047973719e-06
6.570000000000000000e+02,1.246909927149096466e-08,8.247005516805420847e-06,-1.170341728956282626e-06
6.580000000000000000e+02,1.244056516651028006e-08,8.300521073187719525e-06,-1.174424049030983010e-06
6.590000000000000000e+02,1.241213255229148614e-08,8.353865533088263357e-06,-1.178363914703552536e-06
6.600000000000000000e+02,1.238380686061169565e-08,8.407031591849058278e-06,-1.182161933199814824e-06
6.610000000000000000e+02,1.235558465882500041e-08,8.460009002190235701e-06,-1.185818294048600016e-06
6.620000000000000000e+02,1.232746547136093556e-08,8.512785491820087173e-06,-1.189332903757282202e-06
6.630000000000000000e+02,1.229944882265759428e-08,8.565352813447870377e-06,-1.192706232958475147e-06
6.640000000000000000e+02,1.227153132019293306e-08,8.617697644946732978e-06,-1.195938044234921199e-06
6.650000000000000000e+02,1.224371832895767404e-08,8.669812776913854695e-06,-1.199028951330216605e-06
6.660000000000000000e+02,1.221600935362142866e-08,8.721688999771112831e-06,-1.201979286473037962e-06
6.670000000000000000e+02,1.218839810451331335e-08,8.773312954432002590e-06,-1.204788809929136325e-06
6.680000000000000000e+02,1.216088701648491639e-08,8.824674357103245293e-06,-1.207457708798607211e-06
6.690000000000000000e+02,1.213347561402572700e-08,8.875765035728478097e-06,-1.209986458116876849e-06
6.700000000000000000e+02,1.210616342163381223e-08,8.926572619953909127e-06,-1.212374958479983960e-06
6.710000000000000000e+02,1.207895283509761089e-08,8.977090030085190797e-06,-1.214623830594705462e-06
6.720000000000000000e+02,1.205183762993609038e-08,9.027303816049778672e-06,-1.216732829944920424e-06
6.730000000000000000e+02,1.202482020841060280e-08,9.077203695242118918e-06,-1.218702143868203390e-06
6.740000000000000000e+02,1.199790152108010003e-08,9.126782642160064603e-06,-1.220532395325936045e-06
6.750000000000000000e+02,1.197108108294027784e-08,9.176028244800961417e-06,-1.222223482909670160e-06
6.760000000000000000e+02,1.194435415003964893e-08,9.224928044252503120e-06,-1.223775303529364383e-06
6.770000000000000000e+02,1.191772593202115236e-08,9.273476153747380813e-06,-1.225188627129127496e-06
6.780000000000000000e+02,1.189119310782899889e-08,9.321660126279862683e-06,-1.226463350984244093e-06
6.790000000000000000e+02,1.186475238164170025e-08,9.369468583394050630e-06,-1.227599517103421402e-06
6.800000000000000000e+02,1.183840892528783562e-08,9.416893484515832978e-06,-1.228597605429517779e-06
6.810000000000000000e+02,1.181215943668958252e-08,9.463923457144674919e-06,-1.229457658102051350e-06
6.820000000000000000e+02,1.178600344051381571e-08,9.510548237686431480e-06,-1.230179863141090702e-06
6.830000000000000000e+02,1.175994046143549814e-08,9.556757562678861045e-06,-1.230764408564307742e-06
6.840000000000000000e+02,1.173397002413773387e-08,9.602541168791610111e-06,-1.231211482386974944e-06
6.850000000000000000e+02,1.170809165331172672e-08,9.647888792826238700e-06,-1.231521272621967466e-06
6.860000000000000000e+02,1.168230487365679845e-08,9.692790171716191556e-06,-1.231693967279761460e-06
6.870000000000000000e+02,1.165660920988038382e-08,9.737235042526823557e-06,-1.231729754368434914e-06
6.880000000000000000e+02,1.163100695170228621e-08,9.781214305929385045e-06,-1.231628968395753526e-06
6.890000000000000000e+02,1.160549208778391057e-08,9.824715377483209762e-06,-1.231391504333051522e-06
6.900000000000000000e+02,1.158006691393632733e-08,9.867729152887215620e-06,-1.231017696694855618e-06
6.910000000000000000e+02,1.155473370180596628e-08,9.910247727400314988e-06,-1.230508026219922587e-06
6.920000000000000000e+02,1.152948647633714178e-08,9.952256133413233066e-06,-1.229862095271133028e-06
6.930000000000000000e+02,1.150432888267723384e-08,9.993747645097493133e-06,-1.229080530904117365e-06
6.940000000000000000e+02,1.147925770766900736e-08,1.003470962776742892e-05,-1.228163228599097262e-06
6.950000000000000000e+02,1.145427656961332335e-08,1.007513540029724926e-05,-1.227110814574507425e-06
6.960000000000000000e+02,1.142938225840527459e-08,1.011501111978928047e-05,-1.225923038490876680e-06
6.970000000000000000e+02,1.140457158761800221e-08,1.015432651018242310e-05,-1.224600088706714312e-06
6.980000000000000000e+02,1.137984951052854508e-08,1.019307493345158661e-05,-1.223142590166052026e-06
6.990000000000000000e+02,1.135521283483870974e-08,1.023124250436047562e-05,-1.221550293789964824e-06
7.000000000000000000e+02,1.133066108542136044e-08,1.026882016935862575e-05,-1.219823533177650210e-06
7.010000000000000000e+02,1.130619380406269860e-08,1.030580053993146606e-05,-1.217962774555552485e-06
7.020000000000000000e+02,1.128181060017876751e-08,1.034217914171599980e-05,-1.215968582930043705e-06
7.030000000000000000e+02,1.125751110009745209e-08,1.037795805078855937e-05,-1.213842236211302566e-06
7.040000000000000000e+02,1.123329493015266903e-08,1.041313442235664324e-05,-1.211584433746747781e-06
7.050000000000000000e+02,1.120916171668435033e-08,1.044771034954485320e-05,-1.209196452412797320e-06
7.060000000000000000e+02,1.118511108603845147e-08,1.048168297081713671e-05,-1.206678992605207211e-06
7.070000000000000000e+02,1.116114266456696306e-08,1.051505439577416713e-05,-1.204033330042128691e-06
7.080000000000000000e+02,1.113725607862789262e-08,1.054782174670890807e-05,-1.201260166291220480e-06
7.090000000000000000e+02,1.111345359678018192e-08,1.057998840769437846e-05,-1.198360918343788584e-06
7.100000000000000000e+02,1.108972955537439860e-08,1.061155023437319665e-05,-1.195336145788240338e-06
7.110000000000000000e+02,1.106608622863034953e-08,1.064250683533529172e-05,-1.192186837974890874e-06
7.120000000000000000e+02,1.104252586829329140e-08,1.067286162849174419e-05,-1.188914408625599820e-06
7.130000000000000000e+02,1.101904284445228710e-08,1.070261043567462583e-05,-1.185519420527762570e-06
7.140000000000000000e+02,1.099564072157457696e-08,1.073175541941819590e-05,-1.182003144349086464e-06
7.150000000000000000e+02,1.097231650905564137e-08,1.076029236967987849e-05,-1.178366146484120866e-06
7.160000000000000000e+02,1.094907374638296301e-08,1.078822601964013323e-05,-1.174609976708699470e-06
7.170000000000000000e+02,1.092590944578736910e-08,1.081555343569116619e-05,-1.170735341961722532e-06
7.180000000000000000e+02,1.090282064153285847e-08,1.084227294770919925e-05,-1.166743091594748545e-06
7.190000000000000000e+02,1.087981214997848436e-08,1.086838675187709404e-05,-1.162634491826078796e-06
7.200000000000000000e+02,1.085688099992067602e-08,1.089389318126231820e-05,-1.158410391510101131e-06
7.210000000000000000e+02,1.083402681785013563e-08,1.091879185555848118e-05,-1.154071778760985836e-06
7.220000000000000000e+02,1.081124923026323818e-08,1.094308239446361223e-05,-1.149619641681630244e-06
7.230000000000000000e+02,1.078854786366202485e-08,1.096676441768013163e-05,-1.145054968363658953e-06
7.240000000000000000e+02,1.076591978483456114e-08,1.098983493015301955e-05,-1.140378475562315182e-06
7.250000000000000000e+02,1.074336974508534797e-08,1.101229877576500533e-05,-1.135591695135016867e-06
7.260000000000000000e+02,1.072089735487800985e-08,1.103415427762771431e-05,-1.130695477213801741e-06
7.270000000000000000e+02,1.069849713735339251e-08,1.105539843267106893e-05,-1.125690540227164354e-06
7.280000000000000000e+02,1.067617127340973736e-08,1.107603217067657936e-05,-1.120578007303736131e-06
7.290000000000000000e+02,1.065391938958310255e-08,1.109605511137313226e-05,-1.115358866467383693e-06
7.300000000000000000e+02,1.063174111241523061e-08,1.111546687449401887e-05,-1.110034105730701134e-06
7.310000000000000000e+02,1.060963859108152987e-08,1.113426972895550372e-05,-1.104604975913847038e-06
7.320000000000000000e+02,1.058760640165010175e-08,1.115245800047764236e-05,-1.099071938053462016e-06
7.330000000000000000e+02,1.056564669855385501e-08,1.117003395350473298e-05,-1.093436244238455613e-06
7.340000000000000000e+02,1.054376161534972767e-08,1.118699853866099507e-05,-1.087699011835856021e-06
7.350000000000000000e+02,1.052194575944485239e-08,1.120334871590372715e-05,-1.081860969309378515e-06
7.360000000000000000e+02,1.050020251792921067e-08,1.121908810324065436e-05,-1.075923490684013432e-06
7.370000000000000000e+02,1.047852901815785304e-08,1.123421098524844692e-05,-1.069887050461826873e-06
7.380000000000000000e+02,1.045692862400840046e-08,1.124872098557116678e-05,-1.063753020528008075e-06
7.390000000000000000e+02,1.043539598419642420e-08,1.126261504917606535e-05,-1.057522134949501350e-06
7.400000000000000000e+02,1.041393569300935023e-08,1.127589681528436410e-05,-1.051195759025628634e-06
7.410000000000000000e+02,1.039254489071726303e-08,1.128856188379431162e-05,-1.044774503178794766e-06
7.420000000000000000e+02,1.037122073793829128e-08,1.130060986974076670e-05,-1.038259357544292497e-06
7.430000000000000000e+02,1.034996779846216340e-08,1.131204442595120696e-05,-1.031651680517128288e-06
7.440000000000000000e+02,1.032878322785672798e-08,1.132286113874294265e-05,-1.024952089359201775e-06
7.450000000000000000e+02,1.030766665279668194e-08,1.133306232040439436e-05,-1.018161816533514742e-06
7.460000000000000000e+02,1.028661769996203766e-08,1.134264489508095978e-05,-1.011281606762561676e-06
7.470000000000000000e+02,1.026563599603811971e-08,1.135161117993784491e-05,-1.004312689258373674e-06
7.480000000000000000e+02,1.024472116771557799e-08,1.135995809455388617e-05,-9.972558119949014699e-07
7.490000000000000000e+02,1.022387284169036469e-08,1.136768796038346449e-05,-9.901122008481559571e-07
7.500000000000000000e+02,1.020309064466375568e-08,1.137479769302683138e-05,-9.828826071276519460e-07
7.510000000000000000e+02,1.018237421913547182e-08,1.138128973729916200e-05,-9.755682970399680005e-07
7.520000000000000000e+02,1.016172327078260905e-08,1.138716160370804390e-05,-9.681702440602396646e-07
7.530000000000000000e+02,1.014113752107946089e-08,1.139241633847079123e-05,-9.606899296398986259e-07
7.540000000000000000e+02,1.012061669150429462e-08,1.139705156893922928e-05,-9.531283744963869729e-07
7.550000000000000000e+02,1.010016290523926118e-08,1.140107170025632089e-05,-9.454871689833725634e-07
7.560000000000000000e+02,1.007977107553031310e-08,1.140447300194458449e-05,-9.377672230648260227e-07
7.570000000000000000e+02,1.005944333042311891e-08,1.140725581010685959e-05,-9.299697896343101360e-07
7.580000000000000000e+02,1.003918177863604052e-08,1.140942453354971288e-05,-9.220964507431468626e-07
7.590000000000000000e+02,1.001898136242350843e-08,1.141097408050084771e-05,-9.141480158192271477e-07
7.600000000000000000e+02,9.998846572971153644e-09,1.141191021826916628e-05,-9.061261718840377606e-07
7.610000000000000000e+02,9.978771185278919171e-09,1.141222921133728509e-05,-8.980318427446456296e-07
7.620000000000000000e+02,9.958762046679519467e-09,1.141193411236052605e-05,-8.898664931066380043e-07
7.630000000000000000e+02,9.938812948858328254e-09,1.141102118544088295e-05,-8.816310554151159741e-07
7.640000000000000000e+02,9.918928344895581436e-09,1.140949619853808759e-05,-8.733272012379530055e-07
7.650000000000000000e+02,9.899105588222827841e-09,1.140735677326269799e-05,-8.649559688417411314e-07
7.660000000000000000e+02,9.879342051128506958e-09,1.140460188981514174e-05,-8.565185063189747967e-07
7.670000000000000000e+02,9.859642158424486654e-09,1.140123459941947701e-05,-8.480162684770089411e-07
7.680000000000000000e+02,9.840003277715362374e-09,1.139725388194522949e-05,-8.394504023796260240e-07
7.690000000000000000e+02,9.820422795287688071e-09,1.139265736352750228e-05,-8.308219602893913346e-07
7.700000000000000000e+02,9.800905107947355190e-09,1.138745080432589220e-05,-8.221325896165577029e-07
7.710000000000000000e+02,9.781447597340503930e-09,1.138163182938243681e-05,-8.133833405457896376e-07
7.720000000000000000e+02,9.762049985058887450e-09,1.137520077575407691e-05,-8.045754629995561830e-07
7.730000000000000000e+02,9.742711992697964678e-09,1.136815798049443631e-05,-7.957102068878388941e-07
7.740000000000000000e+02,9.723433341856892040e-09,1.136050378065380658e-05,-7.867888221081320488e-07
7.750000000000000000e+02,9.704213754138523457e-09,1.135223851327917080e-05,-7.778125585454423296e-07
7.760000000000000000e+02,9.685052951149403732e-09,1.134336251541417303e-05,-7.687826660722891422e-07
7.770000000000000000e+02,9.665950654499795017e-09,1.133387612409914544e-05,-7.597003945487042969e-07
7.780000000000000000e+02,9.646906585803650345e-09,1.132377967637109644e-05,-7.505669938222324326e-07
7.790000000000000000e+02,9.627920466678615282e-09,1.131307350926371067e-05,-7.413837137279304876e-07
7.800000000000000000e+02,9.608994303845572647e-09,1.130176064918323845e-05,-7.321519783118315035e-07
7.810000000000000000e+02,9.590123244250418698e-09,1.128983605157406081e-05,-7.228726867294129096e-07
7.820000000000000000e+02,9.571309299115086618e-09,1.127730274552179317e-05,-7.135472651984228267e-07
7.830000000000000000e+02,9.552552190071959023e-09,1.126416106804690984e-05,-7.041769635042656510e-07
7.840000000000000000e+02,9.533853906017281646e-09,1.125041269475833037e-05,-6.947631140838646549e-07
7.850000000000000000e+02,9.515209629644229278e-09,1.123605528378141879e-05,-6.853068002447140911e-07
7.860000000000000000e+02,9.496623612716885871e-09,1.122109318257037511e-05,-6.758095163373064718e-07
7.870000000000000000e+02,9.478091055640862871e-09,1.120552138399499591e-05,-6.662721881910579088e-07
7.880000000000000000e+02,9.459613942900773872e-09,1.118934289883294185e-05,-6.566962286075474834e-07
7.890000000000000000e+02,9.441193118781533166e-09,1.117255939342965149e-05,-6.470829642895830416e-07
7.900000000000000000e+02,9.422826057500105552e-09,1.115516854402697691e-05,-6.374334898039055912e-07
7.910000000000000000e+02,9.404515842088412035e-09,1.113717466923937594e-05,-6.277492823558406413e-07
7.920000000000000000e+02,9.386259948989775686e-09,1.111857412400479113e-05,-6.180313640751353237e-07
7.930000000000000000e+02,9.368055872015511607e-09,1.109936725172466875e-05,-6.082809880796317134e-07
7.940000000000000000e+02,9.349907792978579680e-09,1.107955835111399114e-05,-5.984996211345424692e-07
7.950000000000000000e+02,9.331813201375398331e-09,1.105914379699118755e-05,-5.886882957383707649e-07
7.960000000000000000e+02,9.313769603916851638e-09,1.103812393339582329e-05,-5.788482650066711567e-07
7.970000000000000000e+02,9.295781156609983610e-09,1.101650303720056407e-05,-5.689809851643698435e-07
7.980000000000000000e+02,9.277845361888868354e-09,1.099427750504717376e-05,-5.590874991788999684e-07
7.990000000000000000e+02,9.259961941481945663e-09,1.097144898705940203e-05,-5.491691255028682034e-07
8.000000000000000000e+02,9.242130617121079855e-09,1.094801912264881004e-05,-5.392271778632693729e-07
8.010000000000000000e+02,9.224351123104414963e-09,1.092398696964626792e-05,-5.292627715891587518e-07
8.020000000000000000e+02,9.206623243984539926e-09,1.089936211342440023e-05,-5.192772597592101740e-07
8.030000000000000000e+02,9.188946776879461473e-09,1.087415026946865647e-05,-5.092717388265782778e-07
8.040000000000000000e+02,9.171321518909686074e-09,1.084836234056303757e-05,-4.992475523766084649e-07
8.050000000000000000e+02,9.153747267198221591e-09,1.082200405402397653e-05,-4.892058016010172961e-07
8.060000000000000000e+02,9.136223818870585553e-09,1.079508630022120017e-05,-4.791478252923227671e-07
8.070000000000000000e+02,9.118750971054793575e-09,1.076761481884789545e-05,-4.690747293980911447e-07
8.080000000000000000e+02,9.101328520881364320e-09,1.073960048732166777e-05,-4.589878479018876822e-07
8.090000000000000000e+02,9.083956265483321154e-09,1.071104905824239065e-05,-4.488882915220922483e-07
8.100000000000000000e+02,9.066634001996190492e-09,1.068197139555351153e-05,-4.387773894195154279e-07
8.110000000000000000e+02,9.049363679783276322e-09,1.065237580030959494e-05,-4.286563591068845489e-07
8.120000000000000000e+02,9.032140787445055603e-09,1.062226678130940125e-05,-4.185262686782899463e-07
8.130000000000000000e+02,9.014967278451064417e-09,1.059165645237815591e-05,-4.083884922494640691e-07
8.140000000000000000e+02,8.997842949946791742e-09,1.056055060059867749e-05,-3.982441525162495592e-07
8.150000000000000000e+02,8.980769735017601530e-09,1.052896130689378953e-05,-3.880946127171263934e-07
8.160000000000000000e+02,8.963743154896336896e-09,1.049689311251387862e-05,-3.779409517571846852e-07
8.170000000000000000e+02,8.946767274590867030e-09,1.046435683019401588e-05,-3.677844818416534187e-07
8.180000000000000000e+02,8.929837631510618987e-09,1.043135703534815752e-05,-3.576262927258643575e-07
8.190000000000000000e+02,8.912958274542620064e-09,1.039790701154507600e-05,-3.474677780774394713e-07
8.200000000000000000e+02,8.896123699262064344e-09,1.036401134582060062e-05,-3.373100312556594259e-07
8.210000000000000000e+02,8.879340056357226786e-09,1.032968081923439048e-05,-3.271543547547304761e-07
8.220000000000000000e+02,8.862601855398079091e-09,1.029492005494356125e-05,-3.170018527887464804e-07
8.230000000000000000e+02,8.845913113304130469e-09,1.025974227174516191e-05,-3.068538996461492704e-07
8.240000000000000000e+02,8.829269415465503782e-09,1.022415210504702525e-05,-2.967116031430181311e-07
8.250000000000000000e+02,8.812674762953476952e-09,1.018816030255647303e-05,-2.865762560677719401e-07
8.260000000000000000e+02,8.796126849062597293e-09,1.015177395360056055e-05,-2.764490428660221384e-07
8.270000000000000000e+02,8.779623382831258173e-09,1.011499896102958736e-05,-2.663311211028894295e-07
8.280000000000000000e+02,8.763168341725608455e-09,1.007784845816794770e-05,-2.562238408881858384e-07
8.290000000000000000e+02,8.746759430869943617e-09,1.004032833897540875e-05,-2.461283573580444433e-07
8.300000000000000000e+02,8.730396447482195462e-09,1.000244691332312483e-05,-2.360458914292069169e-07
8.310000000000000000e+02,8.714079188782606933e-09,9.964212491011084196e-06,-2.259776640079541811e-07
8.320000000000000000e+02,8.697805383250999171e-09,9.925632200670519130e-06,-2.159248702961921232e-07
8.330000000000000000e+02,8.681578969451201938e-09,9.886716718782426791e-06,-2.058887837612964628e-07
8.340000000000000000e+02,8.665397672003443067e-09,9.847473169246535426e-06,-1.958705983879373229e-07
8.350000000000000000e+02,8.649261288137258050e-09,9.807909861577137573e-06,-1.858715350404067198e-07
8.360000000000000000e+02,8.633169615084490213e-09,9.768035105217356365e-06,-1.758928145725354953e-07
8.370000000000000000e+02,8.617122450079292367e-09,9.727857209539131982e-06,-1.659356578276933695e-07
8.380000000000000000e+02,8.601119590358126816e-09,9.687384483843238588e-06,-1.560012856387893909e-07
8.390000000000000000e+02,8.585160833159773621e-09,9.646625237359265700e-06,-1.460909188282715394e-07
8.400000000000000000e+02,8.569245975725317368e-09,9.605586636212067617e-06,-1.362057620000841796e-07
8.410000000000000000e+02,8.553376849740831820e-09,9.564281556710162234e-06,-1.263470996148040432e-07
8.420000000000000000e+02,8.537549179807806879e-09,9.522712597583621967e-06,-1.165160725996902399e-07
8.430000000000000000e+02,8.521764801386073080e-09,9.480890353845467829e-06,-1.067139341515777079e-07
8.440000000000000000e+02,8.506023511725909949e-09,9.438823134370407942e-06,-9.694190504075493230e-08
8.450000000000000000e+02,8.490325108079908157e-09,9.396519247961977639e-06,-8.720120602704952793e-08
8.460000000000000000e+02,8.474671403453647067e-09,9.353988116460600655e-06,-7.749306708136631180e-08
8.470000000000000000e+02,8.459058159895020047e-09,9.311235817226243039e-06,-6.781868934831800373e-08
8.480000000000000000e+02,8.443487194132223620e-09,9.268271777016835901e-06,-5.817930393326319920e-08
8.490000000000000000e+02,8.427960308083900482e-09,9.225106499908568148e-06,-4.857614311535315571e-08
8.500000000000000000e+02,8.412473286022430866e-09,9.181743892921826047e-06,-3.901040220360496138e-08
8.510000000000000000e+02,8.397027943274767337e-09,9.138193519503381429e-06,-2.948321229256456931e-08
8.520000000000000000e+02,8.381626119340852671e-09,9.094460016425606668e-06,-1.999527920307370824e-08
8.530000000000000000e+02,8.366263678832208198e-09,9.050543817738080813e-06,-1.054719703829358035e-08
8.540000000000000000e+02,8.350944460991565520e-09,9.006450758147743267e-06,-1.139569559200760028e-09
8.550000000000000000e+02,8.335663353659108270e-09,8.962179143750035579e-06,8.227006029765159705e-09
8.560000000000000000e+02,8.320426166072222279e-09,8.917734793474377074e-06,1.755192933593485620e-08
8.570000000000000000e+02,8.305227798775430647e-09,8.873118183241712929e-06,2.683459732058953867e-08
8.580000000000000000e+02,8.290072061986421890e-09,8.828335084359510040e-06,3.607441958762925326e-08
8.590000000000000000e+02,8.274956832191433337e-09,8.783384932657016799e-06,4.527078658575507337e-08
8.600000000000000000e+02,8.259880000258373812e-09,8.738270347711707525e-06,5.442309506545641408e-08
8.610000000000000000e+02,8.244845354839380351e-09,8.692997052645733377e-06,6.353076449449532573e-08
8.620000000000000000e+02,8.229850783224777504e-09,8.647564531347296416e-06,7.259317548685369955e-08
8.630000000000000000e+02,8.214894186971786699e-09,8.601975403503094164e-06,8.160972485537572439e-08
8.640000000000000000e+02,8.199979333339161209e-09,8.556235343532755255e-06,9.057984178833509932e-08
8.650000000000000000e+02,8.185104120335075919e-09,8.510343883900647289e-06,9.950289720834483758e-08
8.660000000000000000e+02,8.170268403573770207e-09,8.464305658951415770e-06,1.083783137872413183e-07
8.670000000000000000e+02,8.155470098732790936e-09,8.418120250238773827e-06,1.172054529005474779e-07
8.680000000000000000e+02,8.140712944810992014e-09,8.371793282966642495e-06,1.259837533127698828e-07
8.690000000000000000e+02,8.125994853974450925e-09,8.325327343949414158e-06,1.347126182351698972e-07
8.700000000000000000e+02,8.111315681843478551e-09,8.278723049477737701e-06,1.433914167201189471e-07
8.710000000000000000e+02,8.096675284039879665e-09,8.231984978771927016e-06,1.520195819380600803e-07
8.720000000000000000e+02,8.082073516186974434e-09,8.185113770257512807e-06,1.605964788195573204e-07
8.730000000000000000e+02,8.067510233909586840e-09,8.138113980873927465e-06,1.691215446516239923e-07
8.740000000000000000e+02,8.052985292834054606e-09,8.090986271308819720e-06,1.775941402914911425e-07
8.750000000000000000e+02,8.038498548588217613e-09,8.043735176095986064e-06,1.860137070936963327e-07
8.760000000000000000e+02,8.024049856801429484e-09,7.996361378307467540e-06,1.943796018917546782e-07
8.770000000000000000e+02,8.009639073104544347e-09,7.948869389951625483e-06,2.026912700575399523e-07
8.780000000000000000e+02,7.995266053129930071e-09,7.901259916602214087e-06,2.109480644516107413e-07
8.790000000000000000e+02,7.980930652511459994e-09,7.853537447627313722e-06,2.191494344118458802e-07
8.800000000000000000e+02,7.966634621968506355e-09,7.805704569071795809e-06,2.272947829768015196e-07
8.810000000000000000e+02,7.952374023582652028e-09,7.757761097207280278e-06,2.353834291129164322e-07
8.820000000000000000e+02,7.938150611472438940e-09,7.709711504348223157e-06,2.434148251203235316e-07
8.830000000000000000e+02,7.923964241277740796e-09,7.661559305329221931e-06,2.513884010607489909e-07
8.840000000000000000e+02,7.909814768639933462e-09,7.613305273883875052e-06,2.593034981917991057e-07
8.850000000000000000e+02,7.895703927437203665e-09,7.564954731106747959e-06,2.671596092238831718e-07
8.860000000000000000e+02,7.881627813499823682e-09,7.516507561838601322e-06,2.749560417179078636e-07
8.870000000000000000e+02,7.867588164061177007e-09,7.467966386308679288e-06,2.826921930327706589e-07
8.880000000000000000e+02,7.853586702999288401e-09,7.419336473678150578e-06,2.903675642434488924e-07
8.890000000000000000e+02,7.839619546184089818e-09,7.370617760602251696e-06,2.979814545737099263e-07
8.900000000000000000e+02,7.825688420822835933e-09,7.321812867347909591e-06,3.055332614613057178e-07
8.910000000000000000e+02,7.811795040870673026e-09,7.272927010851453404e-06,3.130224941503602867e-07
8.920000000000000000e+02,7.797935542082306469e-09,7.223960179874023933e-06,3.204484437229227193e-07
8.930000000000000000e+02,7.784113493443986697e-09,7.174916702475848216e-06,3.278105857225607936e-07
8.940000000000000000e+02,7.770324119655629672e-09,7.125796619810153285e-06,3.351082032862411069e-07
8.950000000000000000e+02,7.756572826657404729e-09,7.076605938487547379e-06,3.423408543725073103e-07
8.960000000000000000e+02,7.742854850615516148e-09,7.027344717154031186e-06,3.495078195217020320e-07
8.970000000000000000e+02,7.729173734319832842e-09,6.978017237042922225e-06,3.566085812431285282e-07
8.980000000000000000e+02,7.715525652837288634e-09,6.928623609508421808e-06,3.636424124093239671e-07
8.990000000000000000e+02,7.701914135959798598e-09,6.879169747311524086e-06,3.706088846441926269e-07
9.000000000000000000e+02,7.688337200700604486e-09,6.829656592200575812e-06,3.775073132452650510e-07
9.010000000000000000e+02,7.674792883612203160e-09,6.780086165210503143e-06,3.843371126376866021e-07
9.020000000000000000e+02,7.661284728211148322e-09,6.730463815175496656e-06,3.910980736008231799e-07
9.030000000000000000e+02,7.647810800932896908e-09,6.680792683683121360e-06,3.977899112960493030e-07
9.040000000000000000e+02,7.634369181034187153e-09,6.631075146744131333e-06,4.044122895542850179e-07
9.050000000000000000e+02,7.620963399423859567e-09,6.581318327237636873e-06,4.109651594271980448e-07
9.060000000000000000e+02,7.607591532167770085e-09,6.531524589286249068e-06,4.174481863256710987e-07
9.070000000000000000e+02,7.594253474681094766e-09,6.481697887167107514e-06,4.238611303454767420e-07
9.080000000000000000e+02,7.580949122379997327e-09,6.431842175129114267e-06,4.302037515841033611e-07
9.090000000000000000e+02,7.567676570370003153e-09,6.381960647857609131e-06,4.364757581945311939e-07
9.100000000000000000e+02,7.554439317837331421e-09,6.332058784553298332e-06,4.426770134320051283e-07
9.110000000000000000e+02,7.541235456736766638e-09,6.282139773909495407e-06,4.488072261995123664e-07
9.120000000000000000e+02,7.528064882488472764e-09,6.232207570061688939e-06,4.548661566014327547e-07
9.130000000000000000e+02,7.514927490513601413e-09,6.182266127117139286e-06,4.608535647438625462e-07
9.140000000000000000e+02,7.501823176234303432e-09,6.132319399154865886e-06,4.667692107346129177e-07
9.150000000000000000e+02,7.488751835073720632e-09,6.082371340225656564e-06,4.726128546832115058e-07
9.160000000000000000e+02,7.475713362455984130e-09,6.032425904352061612e-06,4.783842567009014530e-07
9.170000000000000000e+02,7.462707653806227588e-09,5.982487045528397170e-06,4.840831769006414615e-07
9.180000000000000000e+02,7.449734604550565702e-09,5.932558717720744382e-06,4.897093753971064810e-07
9.190000000000000000e+02,7.436794110116112404e-09,5.882644874866950244e-06,4.952626123066867557e-07
9.200000000000000000e+02,7.423886065930975070e-09,5.832749470876625060e-06,5.007426477474885129e-07
9.210000000000000000e+02,7.411010367424251210e-09,5.782876459631144986e-06,5.061492418393336450e-07
9.220000000000000000e+02,7.398166910026034259e-09,5.733029794983652876e-06,5.114821547037601332e-07
9.230000000000000000e+02,7.385355589167408616e-09,5.683213430759050657e-06,5.167411464640210944e-07
9.240000000000000000e+02,7.372578054241314400e-09,5.633431991222683939e-06,5.219260393626476739e-07
9.250000000000000000e+02,7.359830689730620550e-09,5.583688083286507704e-06,5.270364698995367502e-07
9.260000000000000000e+02,7.347115148066284024e-09,5.533986337083529060e-06,5.320722597034343016e-07
9.270000000000000000e+02,7.334431324683339837e-09,5.484330706326181749e-06,5.370331689044281538e-07
9.280000000000000000e+02,7.321779115017806519e-09,5.434725144698667055e-06,5.419189576343223275e-07
9.290000000000000000e+02,7.309160153400513921e-09,5.385174887712288407e-06,5.467295161669120946e-07
9.300000000000000000e+02,7.296570854490913704e-09,5.335681313505212678e-06,5.514643454841657017e-07
9.310000000000000000e+02,7.284012855620191854e-09,5.286249669325863701e-06,5.561233347179768933e-07
9.320000000000000000e+02,7.271487782171572155e-09,5.236884532028291749e-06,5.607063107409193111e-07
9.330000000000000000e+02,7.258992066730792269e-09,5.187588602726778883e-06,5.652129007618734208e-07
9.340000000000000000e+02,7.246527337659139599e-09,5.138366464093654855e-06,5.696429311112508975e-07
9.350000000000000000e+02,7.234095211458685895e-09,5.089223281038188034e-06,5.739962985648954270e-07
9.360000000000000000e+02,7.221692138508336648e-09,5.040160572500932909e-06,5.782724910221560386e-07
9.370000000000000000e+02,7.209321453439140839e-09,4.991184109075853090e-06,5.824714735507783004e-07
9.380000000000000000e+02,7.196979618418820747e-09,4.942296650261191519e-06,5.865928681402324335e-07
9.390000000000000000e+02,7.184669956322517117e-09,4.893503914146582693e-06,5.906366443602301447e-07
9.400000000000000000e+02,7.172388087849534984e-09,4.844807512809017167e-06,5.946022821190580082e-07
9.410000000000000000e+02,7.160139032030480322e-09,4.796213146865881934e-06,5.984897524338429250e-07
9.420000000000000000e+02,7.147918419778676925e-09,4.747723622153804046e-06,6.022986734497326634e-07
9.430000000000000000e+02,7.135729550630975014e-09,4.699344587194426363e-06,6.060290203521954786e-07
9.440000000000000000e+02,7.123568921774134690e-09,4.651077746474799009e-06,6.096802656515661707e-07
9.450000000000000000e+02,7.111439821161809112e-09,4.602928731191803563e-06,6.132523858688338661e-07
9.460000000000000000e+02,7.099338757539288917e-09,4.554900393127151768e-06,6.167449956032092357e-07
9.470000000000000000e+02,7.087269007333808708e-09,4.506998311858336303e-06,6.201580752062801250e-07
9.480000000000000000e+02,7.075228774105402722e-09,4.459224814176608092e-06,6.234911645993463988e-07
9.490000000000000000e+02,7.063216272872897598e-09,4.411583870281793856e-06,6.267440227307922775e-07
9.500000000000000000e+02,7.051234762879478544e-09,4.364081008507377814e-06,6.299166335283959680e-07
9.510000000000000000e+02,7.039282460666167335e-09,4.316718401630087316e-06,6.330086077073202668e-07
9.520000000000000000e+02,7.027359283585004617e-09,4.269500010451126557e-06,6.360202275084293327e-07
9.530000000000000000e+02,7.015463484250763172e-09,4.222427032928370370e-06,6.389514721353231285e-07
9.540000000000000000e+02,7.003598325435197063e-09,4.175503715980167161e-06,6.418027749914404650e-07
9.550000000000000000e+02,6.991762056928172081e-09,4.128732273854295017e-06,6.445742666780403161e-07
9.560000000000000000e+02,6.979954600458797269e-09,4.082115914807059109e-06,6.472662305344446837e-07
9.570000000000000000e+02,6.968175877756849208e-09,4.035656383956975312e-06,6.498787190919765601e-07
9.580000000000000000e+02,6.956424155468926057e-09,3.989356420247259260e-06,6.524119377147579418e-07
9.590000000000000000e+02,6.944702668279091598e-09,3.943220170490753846e-06,6.548663256546547152e-07
9.600000000000000000e+02,6.933009680043257462e-09,3.897248932533680498e-06,6.572418562504203513e-07
9.610000000000000000e+02,6.921345112493892701e-09,3.851446361915561323e-06,6.595388919478636854e-07
9.620000000000000000e+02,6.909708887364137211e-09,3.805814258665071104e-06,6.617574823018569089e-07
9.630000000000000000e+02,6.898100926387797596e-09,3.760356256483926607e-06,6.638979908496996422e-07
9.640000000000000000e+02,6.886521151299352130e-09,3.715074177087291025e-06,6.659604660867860548e-07
9.650000000000000000e+02,6.874969483833945795e-09,3.669971632502983858e-06,6.679452725673916874e-07
9.660000000000000000e+02,6.863445845727394415e-09,3.625050465966158832e-06,6.698524578017522055e-07
9.670000000000000000e+02,6.851950158716177216e-09,3.580314267999833062e-06,6.716823872869958522e-07
9.680000000000000000e+02,6.840482344537450053e-09,3.535764903187460192e-06,6.734351076221260716e-07
9.690000000000000000e+02,6.829042324929030531e-09,3.491405940721535372e-06,6.751109851733938262e-07
9.700000000000000000e+02,6.817630021629412058e-09,3.447239266356940247e-06,6.767100657021045514e-07
9.710000000000000000e+02,6.806245356377748959e-09,3.403268428135118189e-06,6.782327163702929578e-07
9.720000000000000000e+02,6.794888250913869714e-09,3.359495332800312503e-06,6.796789821747100962e-07
9.730000000000000000e+02,6.783558626978271989e-09,3.315923507427569234e-06,6.810492310002273127e-07
9.740000000000000000e+02,6.772258017633678021e-09,3.272555658601179195e-06,6.823436695849644762e-07
9.750000000000000000e+02,6.760983119299615624e-09,3.229393339888012855e-06,6.835622605263227751e-07
9.760000000000000000e+02,6.749735467725805648e-09,3.186440441951872917e-06,6.847054537199476886e-07
9.770000000000000000e+02,6.738514984655401835e-09,3.143698923180352032e-06,6.857732925686657960e-07
9.780000000000000000e+02,6.727321591832223812e-09,3.101172259074879735e-06,6.867661464479104373e-07
9.790000000000000000e+02,6.716156808990904746e-09,3.058863156508114970e-06,6.876842219546513815e-07
9.800000000000000000e+02,6.705017359249302884e-09,3.016773245258596088e-06,6.885274797709722464e-07
9.810000000000000000e+02,6.693904764996784173e-09,2.974906339609271126e-06,6.892963716950437667e-07
9.820000000000000000e+02,6.682818947979825969e-09,2.933264448339762423e-06,6.899909399843325590e-07
9.830000000000000000e+02,6.671761417385841096e-09,2.891851340855561181e-06,6.906116372593469537e-07
9.840000000000000000e+02,6.660728917460499437e-09,2.850668691711537863e-06,6.911584233721864887e-07
9.850000000000000000e+02,6.649722960020471087e-09,2.809719237566308627e-06,6.916315043615892691e-07
9.860000000000000000e+02,6.638745046409204543e-09,2.769006703663650257e-06,6.920313334312040933e-07
9.870000000000000000e+02,6.627791936585115411e-09,2.728532808619022911e-06,6.923578698423441826e-07
9.880000000000000000e+02,6.616865134501998458e-09,2.688300288787532208e-06,6.926113197085706151e-07
9.890000000000000000e+02,6.605966133715740823e-09,2.648312826010086319e-06,6.927921365807342765e-07
9.900000000000000000e+02,6.595091709784536602e-09,2.608572182203890140e-06,6.929002793652998167e-07
9.910000000000000000e+02,6.584244925498690152e-09,2.569081705002599244e-06,6.929361192090747438e-07
9.920000000000000000e+02,6.573422566753972779e-09,2.529843198856916241e-06,6.928996148989048678e-07
9.930000000000000000e+02,6.562627686030410243e-09,2.490860599458865760e-06,6.927913025601735498e-07
9.940000000000000000e+02,6.551856300038801611e-09,2.452135725235828468e-06,6.926111409898257736e-07
9.950000000000000000e+02,6.541113011221020260e-09,2.413671886398738377e-06,6.923595012962771731e-07
9.960000000000000000e+02,6.530393845247108930e-09,2.375470942820828505e-06,6.920363424657028571e-07
9.970000000000000000e+02,6.519701834124203648e-09,2.337536756389047306e-06,6.916422002777342199e-07
9.980000000000000000e+02,6.509033794465197811e-09,2.299871200582981357e-06,6.911770338310069347e-07
9.990000000000000000e+02,6.498392748114012468e-09,2.262477549178377645e-06,6.906412139225808765e-07
1.000000000000000000e+03,6.487777065542572333e-09,2.225358245738200598e-06,6.900348644162893842e-07
1.001000000000000000e+03,6.477185129689534780e-09,2.188515199659229292e-06,6.893580789771433386e-07
1.002000000000000000e+03,6.466619959055348549e-09,2.151950726490444447e-06,6.886116501187580160e-07
1.003000000000000000e+03,6.456079945873463813e-09,2.115665269908687240e-06,6.877959292699899063e-07
1.004000000000000000e+03,6.445563492409807347e-09,2.079659555812256847e-06,6.869113503633714449e-07
1.005000000000000000e+03,6.435073604480523566e-09,2.043935056980290430e-06,6.859585927338572858e-07
1.006000000000000000e+03,6.424608681853486056e-09,2.008492495014415977e-06,6.849380902028630120e-07
1.007000000000000000e+03,6.414167134257607205e-09,1.973332373561728780e-06,6.838501956580107606e-07
1.008000000000000000e+03,6.403751952569740942e-09,1.938456613903318079e-06,6.826957506586970579e-07
1.009000000000000000e+03,6.393361544038540772e-09,1.903865711305354656e-06,6.814751078278150108e-07
1.010000000000000000e+03,6.382995844618426941e-09,1.869560639177183737e-06,6.801887828440700593e-07
1.011000000000000000e+03,6.372653273906415243e-09,1.835542152433152805e-06,6.788372105794365514e-07
1.012000000000000000e+03,6.362336803025588439e-09,1.801811665465053186e-06,6.774210684827535607e-07
1.013000000000000000e+03,6.352044849116211916e-09,1.768369929127013179e-06,6.759407912592889749e-07
1.014000000000000000e+03,6.341777348134671299e-09,1.735217916805989020e-06,6.743968945759075605e-07
1.015000000000000000e+03,6.331534236037833631e-09,1.702356601883367706e-06,6.727898940965293741e-07
1.016000000000000000e+03,6.321315448783061438e-09,1.669786957734967416e-06,6.711203054821297621e-07
1.017000000000000000e+03,6.311119420594624490e-09,1.637509567893427980e-06,6.693884850311775332e-07
1.018000000000000000e+03,6.300949093315172929e-09,1.605526193012303959e-06,6.675952675445616698e-07
1.019000000000000000e+03,6.290802898747042978e-09,1.573837408929334094e-06,6.657410089027147042e-07
1.020000000000000000e+03,6.280680772849551789e-09,1.542444188997830261e-06,6.638262247547108524e-07
1.021000000000000000e+03,6.270582651582507032e-09,1.511347506565536579e-06,6.618514307466788790e-07
1.022000000000000000e+03,6.260508470906197798e-09,1.480548334974627712e-06,6.598171425218025211e-07
1.023000000000000000e+03,6.250458166781404522e-09,1.450047647561709507e-06,6.577238757203215469e-07
1.024000000000000000e+03,6.240431675169394020e-09,1.419846417657820052e-06,6.555721459795309086e-07
1.025000000000000000e+03,6.230428932031917012e-09,1.389945618588428192e-06,6.533624689337800014e-07
1.026000000000000000e+03,6.220449873331207287e-09,1.360346223673434589e-06,6.510953602144744632e-07
1.027000000000000000e+03,6.210494435029998256e-09,1.331049206227171301e-06,6.487713354500744810e-07
1.028000000000000000e+03,6.200562553091494818e-09,1.302055539558401141e-06,6.463909102660960608e-07
1.029000000000000000e+03,6.190654163479397358e-09,1.273366196970318955e-06,6.439546002851100755e-07
1.030000000000000000e+03,6.180769202157893466e-09,1.244982151760550767e-06,6.414629211267425815e-07
1.031000000000000000e+03,6.170907605091648846e-09,1.216904377221153996e-06,6.389163884076755610e-07
1.032000000000000000e+03,6.161069308245826335e-09,1.189133846638617456e-06,6.363155177416454388e-07
1.033000000000000000e+03,6.151255711324232028e-09,1.161671671575070651e-06,6.336609001681539402e-07
1.034000000000000000e+03,6.141463820489396100e-09,1.134518545511429745e-06,6.309529001153857991e-07
1.035000000000000000e+03,6.131695037778863369e-09,1.107675583267615660e-06,6.281921089329116450e-07
1.036000000000000000e+03,6.121949299159723178e-09,1.081143758107959039e-06,6.253790422227505784e-07
1.037000000000000000e+03,6.112226540599552904e-09,1.054924043291221707e-06,6.225142155839769896e-07
1.038000000000000000e+03,6.102528150222959346e-09,1.029017657053394214e-06,6.195982921232339906e-07
1.039000000000000000e+03,6.092851157385420124e-09,1.003425076583908420e-06,6.166314917065699423e-07
1.040000000000000000e+03,6.083196952517911008e-09,9.781475262751991313e-07,6.136144781288919893e-07
1.041000000000000000e+03,6.073565471589938362e-09,9.531859793639862564e-07,6.105477669776177606e-07
1.042000000000000000e+03,6.063956650571494105e-09,9.285414090814200404e-07,6.074318738372211279e-07
1.043000000000000000e+03,6.054371866143714494e-09,9.042148962890643868e-07,6.042673862200440630e-07
1.044000000000000000e+03,6.044808170583196505e-09,8.802071960772897559e-07,6.010546754607109246e-07
1.045000000000000000e+03,6.035266942850445367e-09,8.565193921922753284e-07,5.977943294423356282e-07
1.046000000000000000e+03,6.025749552824864042e-09,8.331526561975562659e-07,5.944870052713985279e-07
1.047000000000000000e+03,6.016253066406813455e-09,8.101075591012360863e-07,5.911329346519350831e-07
1.048000000000000000e+03,6.006778855739057112e-09,7.873852780187869082e-07,5.877327754718878688e-07
1.049000000000000000e+03,5.997328283947033533e-09,7.649868772060237411e-07,5.842871128482729030e-07
1.050000000000000000e+03,5.987898430459194229e-09,7.429131450957943969e-07,5.807963228208045836e-07
1.051000000000000000e+03,5.978492084908956969e-09,7.211650412170153493e-07,5.772611412159840100e-07
1.052000000000000000e+03,5.969106343619201911e-09,6.997417948802553138e-07,5.736818722281479012e-07
1.053000000000000000e+03,5.959742576990105907e-09,6.786428816828591844e-07,5.700592469142484280e-07
1.054000000000000000e+03,5.950402146509559525e-09,6.578676786670597756e-07,5.663939254762330269e-07
1.055000000000000000e+03,5.941082163456373805e-09,6.374153255071638705e-07,5.626863654010854669e-07
1.056000000000000000e+03,5.931785403112588030e-09,6.172853486897714371e-07,5.589373603922575232e-07
1.057000000000000000e+03,5.922508985618433706e-09,5.974767483137679329e-07,5.551472361720512616e-07
1.058000000000000000e+03,5.913254973832548261e-09,5.779890436846129755e-07,5.513167850990326838e-07
1.059000000000000000e+03,5.904021904980962185e-09,5.588213936620076471e-07,5.474464682163317326e-07
1.060000000000000000e+03,5.894811832024655161e-09,5.399732966809004865e-07,5.435370737734883375e-07
1.061000000000000000e+03,5.885621892702703600e-09,5.214437899719767882e-07,5.395889347734653571e-07
1.062000000000000000e+03,5.876454835903423131e-09,5.032323652467601692e-07,5.356028380636249094e-07
1.063000000000000000e+03,5.867307808103726540e-09,4.853381993297701578e-07,5.315792483960222321e-07
1.064000000000000000e+03,5.858183549476068787e-09,4.677607644291693793e-07,5.275189483421958549e-07
1.065000000000000000e+03,5.849080607108689283e-09,4.504991861050902951e-07,5.234223407913219783e-07
1.066000000000000000e+03,5.839997536756024179e-09,4.335527694115809856e-07,5.192900199317850020e-07
1.067000000000000000e+03,5.830937065592928629e-09,4.169209680745966246e-07,5.151227639377636625e-07
1.068000000000000000e+03,5.821897747215715468e-09,4.006029261584719766e-07,5.109209800771709812e-07
1.069000000000000000e+03,5.812878143826323147e-09,3.845979483913381789e-07,5.066852625666521886e-07
1.070000000000000000e+03,5.803880969692851294e-09,3.689054710276851874e-07,5.024163850703084834e-07
1.071000000000000000e+03,5.794904784874197856e-09,3.535246556253079947e-07,4.981147593475073466e-07
1.072000000000000000e+03,5.785948157974810743e-09,3.384548065886715730e-07,4.937809796412508152e-07
1.073000000000000000e+03,5.777013790446153737e-09,3.236953437047918306e-07,4.894158149985579368e-07
1.074000000000000000e+03,5.768100248764589670e-09,3.092454450209323417e-07,4.850196817772549477e-07
1.075000000000000000e+03,5.759206107892418917e-09,2.951044146201407327e-07,4.805931742447959265e-07
1.076000000000000000e+03,5.750334056553900041e-09,2.812716568192030993e-07,4.761370567298270811e-07
1.077000000000000000e+03,5.741482667598088784e-09,2.677463651576078917e-07,4.716517502899247269e-07
1.078000000000000000e+03,5.732651886539237609e-09,2.545279039990680093e-07,4.671379604346535252e-07
1.079000000000000000e+03,5.723840296747906384e-09,2.416154813811357437e-07,4.625961130200195260e-07
1.080000000000000000e+03,5.715050570116647649e-09,2.290084871445282008e-07,4.580269675576160186e-07
1.081000000000000000e+03,5.706281287922402327e-09,2.167062157315501899e-07,4.534311150950865149e-07
1.082000000000000000e+03,5.697532395680880372e-09,2.047079130670298839e-07,4.488090398017470336e-07
1.083000000000000000e+03,5.688803838908150734e-09,1.930129283420173320e-07,4.441614417508442705e-07
1.084000000000000000e+03,5.680095563120646323e-09,1.816205132016846750e-07,4.394888073062700542e-07
1.085000000000000000e+03,5.671406164155442121e-09,1.705299706737684431e-07,4.347917308033702714e-07
1.086000000000000000e+03,5.662738288949679417e-09,1.597406606231245638e-07,4.300709601848445861e-07
1.087000000000000000e+03,5.654090531275835050e-09,1.492518211141544495e-07,4.253269328324208338e-07
1.088000000000000000e+03,5.645462836651810177e-09,1.390627879724188912e-07,4.205603432289597575e-07
1.089000000000000000e+03,5.636855150595860813e-09,1.291728258848857000e-07,4.157716833275970206e-07
1.090000000000000000e+03,5.628267418626609414e-09,1.195812658322131784e-07,4.109616453358931456e-07
1.091000000000000000e+03,5.619699586263037436e-09,1.102873772178604388e-07,4.061307234809243168e-07
1.092000000000000000e+03,5.611151599024491943e-09,1.012904864620655967e-07,4.012796076742501451e-07
1.093000000000000000e+03,5.602623402430681483e-09,9.258986740096356418e-08,3.964087944370233736e-07
1.094000000000000000e+03,5.594114942001674422e-09,8.418484217752131566e-08,3.915189713652316873e-07
1.095000000000000000e+03,5.585626163257905571e-09,7.607468877806680115e-08,3.866106372931114370e-07
1.096000000000000000e+03,5.577157011720165428e-09,6.825872535011215934e-08,3.816844774826346104e-07
1.097000000000000000e+03,5.568707432909618374e-09,6.073623374902870097e-08,3.767409930990004957e-07
1.098000000000000000e+03,5.560277372347777864e-09,5.350652840735681782e-08,3.717808670528512358e-07
1.099000000000000000e+03,5.551866775556532891e-09,4.656889476969456853e-08,3.668046028570988156e-07
1.100000000000000000e+03,5.543475588058121517e-09,3.992264383276074143e-08,3.618128810548696334e-07
1.101000000000000000e+03,5.535103756053776321e-09,3.356681853934275683e-08,3.568061997583357924e-07
1.102000000000000000e+03,5.526751228459560639e-09,2.749949766772728215e-08,3.517851983077534337e-07
1.103000000000000000e+03,5.518417954870499235e-09,2.171849814109455579e-08,3.467503383730527520e-07
1.104000000000000000e+03,5.510103884881952709e-09,1.622165005662084930e-08,3.417022491343239685e-07
1.105000000000000000e+03,5.501810277452269294e-09,1.100677573324622370e-08,3.366414748059769184e-07
1.106000000000000000e+03,5.493534461484811292e-09,6.071695532682606877e-09,3.315684411733838920e-07
1.107000000000000000e+03,5.485277697910484692e-09,1.414237688981236413e-09,3.264838144775424724e-07
1.108000000000000000e+03,5.477039936325979373e-09,-2.967774441465483123e-09,3.213880623907329160e-07
1.109000000000000000e+03,5.468821126328321874e-09,-7.076515909916700080e-09,3.162817703959644893e-07
1.110000000000000000e+03,5.460621217514867955e-09,-1.091416377837575039e-08,3.111655215446492307e-07
1.111000000000000000e+03,5.452441457109463395e-09,-1.448289507270177522e-08,3.060398600110987004e-07
1.112000000000000000e+03,5.444279197517461714e-09,-1.778488026503758683e-08,3.009052224932989039e-07
1.113000000000000000e+03,5.436135687908211851e-09,-2.082230016217287757e-08,2.957622642881753290e-07
1.114000000000000000e+03,5.428010877880401323e-09,-2.359732585463602468e-08,2.906114603587004357e-07
1.115000000000000000e+03,5.419904717033053487e-09,-2.611213827508887541e-08,2.854534265038359943e-07
1.116000000000000000e+03,5.411818442934226469e-09,-2.836891392492123940e-08,2.802887068698837736e-07
1.117000000000000000e+03,5.403749427327996334e-09,-3.036981826484721943e-08,2.751177473380670729e-07
1.118000000000000000e+03,5.395698909705706295e-09,-3.211703700901014510e-08,2.699411939959455550e-07
1.119000000000000000e+03,5.387668121894933231e-09,-3.361274635359370172e-08,2.647595909753942703e-07
1.120000000000000000e+03,5.379654447136850691e-09,-3.485910985537919269e-08,2.595733896956872171e-07
1.121000000000000000e+03,5.371659119169132071e-09,-3.585831507030837382e-08,2.543832306907342946e-07
1.122000000000000000e+03,5.363682087593122622e-09,-3.661252917889739222e-08,2.491895987476383897e-07
1.123000000000000000e+03,5.355724576643580166e-09,-3.712394078779574722e-08,2.439931288346416701e-07
1.124000000000000000e+03,5.347783984768671685e-09,-3.739471234094263216e-08,2.387942779210866949e-07
1.125000000000000000e+03,5.339862808957829470e-09,-3.742702816253136585e-08,2.335936494473591188e-07
1.126000000000000000e+03,5.331958455210655713e-09,-3.722305038484655216e-08,2.283917059474223259e-07
1.127000000000000000e+03,5.324072145875528638e-09,-3.678496786405786703e-08,2.231890768092985678e-07
1.128000000000000000e+03,5.316205095793374109e-09,-3.611495592267139961e-08,2.179863061321113604e-07
1.129000000000000000e+03,5.308354722226418359e-09,-3.521517713046705039e-08,2.127838620159328854e-07
1.130000000000000000e+03,5.300523503396100943e-09,-3.408782390218181363e-08,2.075823929800144513e-07
1.131000000000000000e+03,5.292708864030318736e-09,-3.273505910848513827e-08,2.023823689772613282e-07
1.132000000000000000e+03,5.284912017105061008e-09,-3.115905866977861070e-08,1.971843378114888033e-07
1.133000000000000000e+03,5.277134168174028701e-09,-2.936200914183557573e-08,1.919889158521389898e-07
1.134000000000000000e+03,5.269372753099994611e-09,-2.734607481287458599e-08,1.867965786154873123e-07
1.135000000000000000e+03,5.261630231549324329e-09,-2.511343778869396159e-08,1.816079171363573068e-07
1.136000000000000000e+03,5.253903421552919680e-09,-2.266626449599183270e-08,1.764234124887981002e-07
1.137000000000000000e+03,5.246196026756280954e-09,-2.000674167177410650e-08,1.712436958558171290e-07
1.138000000000000000e+03,5.238504871619561360e-09,-1.713703659629774301e-08,1.660692501579220766e-07
1.139000000000000000e+03,5.230832401116349057e-09,-1.405932900712450597e-08,1.609006614829302039e-07
1.140000000000000000e+03,5.223176073152445097e-09,-1.077578923780365018e-08,1.557384182900047273e-07
1.141000000000000000e+03,5.215538325404954382e-09,-7.288598522043050770e-09,1.505831418967692407e-07
1.142000000000000000e+03,5.207917862553491996e-09,-3.599928774256713305e-09,1.454353399154082696e-07
1.143000000000000000e+03,5.200313396533843628e-09,2.880447185733433532e-10,1.402955415643998146e-07
1.144000000000000000e+03,5.192727354140215672e-09,4.373146295318811205e-09,1.351643267785746558e-07
1.145000000000000000e+03,5.185157211419748082e-09,8.653199090387488353e-09,1.300421931958730663e-07
1.146000000000000000e+03,5.177605387952332808e-09,1.312603093506290020e-08,1.249297498753810857e-07
1.147000000000000000e+03,5.170070597478653713e-09,1.778946557343927440e-08,1.198275105451531597e-07
1.148000000000000000e+03,5.162551560913992850e-09,2.264132510467113205e-08,1.147360074546346391e-07
1.149000000000000000e+03,5.155050687077702698e-09,2.767943912402406320e-08,1.096558144349710983e-07
1.150000000000000000e+03,5.147565469954329831e-09,3.290162249304777808e-08,1.045874382216156583e-07
1.151000000000000000e+03,5.140098312197978308e-09,3.830576414705870700e-08,9.953144499762661956e-08
1.152000000000000000e+03,5.132647941349027332e-09,4.388993098218636022e-08,9.448820090755382490e-08
1.153000000000000000e+03,5.125213093010120836e-09,4.965224031297712280e-08,8.945805682475464143e-08
1.154000000000000000e+03,5.117796164035776266e-09,5.559082648894679963e-08,8.444139616940172105e-08
1.155000000000000000e+03,5.110395888261657346e-09,6.170380752698223224e-08,7.943856921286264775e-08
1.156000000000000000e+03,5.103012221120549010e-09,6.798930667729360535e-08,7.444993747417618216e-08
1.157000000000000000e+03,5.095643905246535720e-09,7.444542947194347507e-08,6.947584592794915745e-08
1.158000000000000000e+03,5.088293323418558301e-09,8.107033305212741436e-08,6.451669035669283514e-08
1.159000000000000000e+03,5.080959216519542487e-09,8.786212450372483850e-08,5.957281454747172553e-08
1.160000000000000000e+03,5.073641539983293952e-09,9.481892710955787196e-08,5.464458001303991580e-08
1.161000000000000000e+03,5.066339043412513316e-09,1.019388520241149118e-07,4.973234234369568996e-08
1.162000000000000000e+03,5.059054095636397155e-09,1.092200459521713344e-07,4.483647547377978043e-08
1.163000000000000000e+03,5.051785444522125209e-09,1.166606209122007103e-07,3.995733440562731544e-08
1.164000000000000000e+03,5.044533045504529685e-09,1.242587002194137452e-07,3.509528064575070228e-08
1.165000000000000000e+03,5.037296854018702525e-09,1.320124071970624519e-07,3.025067569911268820e-08
1.166000000000000000e+03,5.030075628290789915e-09,1.399198318598186918e-07,2.542387501539112441e-08
1.167000000000000000e+03,5.022871719887678650e-09,1.479791622611972568e-07,2.061525334890626556e-08
1.168000000000000000e+03,5.015683885319307051e-09,1.561884903152949380e-07,1.582516499683976714e-08
1.169000000000000000e+03,5.008512080021791936e-09,1.645459393779756284e-07,1.105397145786970296e-08
1.170000000000000000e+03,5.001356259431504895e-09,1.730496328131445284e-07,6.302034229124468639e-09
1.171000000000000000e+03,4.994216378985069810e-09,1.816976939927481988e-07,1.569714806182835553e-09
1.172000000000000000e+03,4.987092394119369468e-09,1.904882462967745338e-07,-3.142625316926095690e-09
1.173000000000000000e+03,4.979983074972744140e-09,1.994193893709750749e-07,-7.834623714955985808e-09
1.174000000000000000e+03,4.972890749266533998e-09,2.084892930161130142e-07,-1.250592020635862570e-08
1.175000000000000000e+03,4.965814185449471921e-09,2.176960579575880723e-07,-1.715615292764579121e-08
1.176000000000000000e+03,4.958753338959464748e-09,2.270378076077766188e-07,-2.178496039103001056e-08
1.177000000000000000e+03,4.951708165234672432e-09,2.365126653870964366e-07,-2.639198111027346537e-08
1.178000000000000000e+03,4.944678619713513010e-09,2.461187547240064040e-07,-3.097685360068802868e-08
1.179000000000000000e+03,4.937664657834651843e-09,2.558541990550067330e-07,-3.553921637913520380e-08
1.180000000000000000e+03,4.930666235037012375e-09,2.657171218246388902e-07,-4.007870796402609778e-08
1.181000000000000000e+03,4.923683306759773647e-09,2.757056464854858345e-07,-4.459496687532156372e-08
1.182000000000000000e+03,4.916715828442366990e-09,2.858178964981717792e-07,-4.908763163453203532e-08
1.183000000000000000e+03,4.909763755524477681e-09,2.960519953313618744e-07,-5.355634076471757981e-08
1.184000000000000000e+03,4.902827043446047421e-09,3.064060664617629481e-07,-5.800073279048797739e-08
1.185000000000000000e+03,4.895905647647266894e-09,3.168782333741231355e-07,-6.242044623800264178e-08
1.186000000000000000e+03,4.888999523568586517e-09,3.274666195612315083e-07,-6.681511963497061366e-08
1.187000000000000000e+03,4.882108626650708172e-09,3.381693485239188166e-07,-7.118439151065060692e-08
1.188000000000000000e+03,4.875232912334588512e-09,3.489845437710568525e-07,-7.552790039585095578e-08
1.189000000000000000e+03,4.868372336061439787e-09,3.599103288195587687e-07,-7.984528482292966768e-08
1.190000000000000000e+03,4.861526853272724058e-09,3.709448271943791309e-07,-8.413618332579443659e-08
1.191000000000000000e+03,4.854696419410160638e-09,3.820861624285136533e-07,-8.840023443990251056e-08
1.192000000000000000e+03,4.847880989915726093e-09,3.933324580629994105e-07,-9.263707670226087710e-08
1.193000000000000000e+03,4.841081672502783206e-09,4.046818858281592566e-07,-9.684636018191054415e-08
1.194000000000000000e+03,4.834296116458085645e-09,4.161324742819786801e-07,-1.010277008558304235e-07
1.195000000000000000e+03,4.827525431112497423e-09,4.276823938193376440e-07,-1.051807482949518472e-07
1.196000000000000000e+03,4.820769571908992686e-09,4.393297680132147821e-07,-1.093051410424373370e-07
1.197000000000000000e+03,4.814028494290806969e-09,4.510727204446300887e-07,-1.134005176429990345e-07
1.198000000000000000e+03,4.807302153701430579e-09,4.629093747026456592e-07,-1.174665166428988079e-07
1.199000000000000000e+03,4.800590505584600323e-09,4.748378543843634673e-07,-1.215027765899481056e-07
1.200000000000000000e+03,4.793894646435163521e-09,4.868563990255808915e-07,-1.255089659198079215e-07
1.201000000000000000e+03,4.787212248520821513e-09,4.989628582607410474e-07,-1.294846872207472951e-07
1.202000000000000000e+03,4.780544412499697745e-09,5.111552437778292254e-07,-1.334297222934050347e-07
1.203000000000000000e+03,4.773891096900981362e-09,5.234314092048658752e-07,-1.373438468703404743e-07
1.204000000000000000e+03,4.767252260254095605e-09,5.357892081790696946e-07,-1.412268366850744892e-07
1.205000000000000000e+03,4.760628994229428837e-09,5.482265596192835667e-07,-1.450784847452852909e-07
1.206000000000000000e+03,4.754018989503711006e-09,5.607411881263491506e-07,-1.488985326948639929e-07
1.207000000000000000e+03,4.747423339322935009e-09,5.733310111563856027e-07,-1.526867730847880441e-07
1.208000000000000000e+03,4.740842002217461279e-09,5.859938823831509282e-07,-1.564429816523984647e-07
1.209000000000000000e+03,4.734274936717889307e-09,5.987276554896011690e-07,-1.601669341359977898e-07
1.210000000000000000e+03,4.727723226671205187e-09,6.115303297875127887e-07,-1.638584452933645245e-07
1.211000000000000000e+03,4.721184578421421090e-09,6.243994708035972988e-07,-1.675172136989770496e-07
1.212000000000000000e+03,4.714660077374115845e-09,6.373330748187834825e-07,-1.711430532334170741e-07
1.213000000000000000e+03,4.708150802722784894e-09,6.503290729818036673e-07,-1.747357604431731040e-07
1.214000000000000000e+03,4.701654470130582920e-09,6.633851657166791795e-07,-1.782950698863188465e-07
1.215000000000000000e+03,4.695172160339507324e-09,6.764992826428823820e-07,-1.818207776834649649e-07
1.216000000000000000e+03,4.688704947919653247e-09,6.896694417343547398e-07,-1.853127037071066987e-07
1.217000000000000000e+03,4.682250557793045368e-09,7.028931714412266400e-07,-1.887705362715215474e-07
1.218000000000000000e+03,4.675810066068282654e-09,7.161684866190511182e-07,-1.921940944195246494e-07
1.219000000000000000e+03,4.669384542721878978e-09,7.294933278969692465e-07,-1.955831771855712259e-07
1.220000000000000000e+03,4.662971721875000784e-09,7.428653769390979005e-07,-1.989375141444715955e-07
1.221000000000000000e+03,4.656572675032754495e-09,7.562825728061467256e-07,-2.022569039290424933e-07
1.222000000000000000e+03,4.650188467607632838e-09,7.697429525950800033e-07,-2.055411712346649315e-07
1.223000000000000000e+03,4.643816842860737749e-09,7.832440067393351871e-07,-2.087899946971541038e-07
1.224000000000000000e+03,4.637458867723331735e-09,7.967837691483440884e-07,-2.120031982316507257e-07
1.225000000000000000e+03,4.631115603073176849e-09,8.103601901344884099e-07,-2.151805832117765496e-07
1.226000000000000000e+03,4.624784801252640245e-09,8.239709321871176034e-07,-2.183218745257177822e-07
1.227000000000000000e+03,4.618468623984469175e-09,8.376141434790753644e-07,-2.214269258984731331e-07
1.228000000000000000e+03,4.612164829632870912e-09,8.512872822042247609e-07,-2.244954083614938068e-07
1.229000000000000000e+03,4.605875573912480479e-09,8.649885014254968172e-07,-2.275271767506766494e-07
1.230000000000000000e+03,4.599598621183665443e-09,8.787154506728366861e-07,-2.305219530002633936e-07
1.231000000000000000e+03,4.593335027819172818e-09,8.924660851860184240e-07,-2.334795395986739326e-07
1.232000000000000000e+03,4.587085844228132258e-09,9.062384746577772165e-07,-2.363997685995491948e-07
1.233000000000000000e+03,4.580848843717352732e-09,9.200300446706148452e-07,-2.392823038633457948e-07
1.234000000000000000e+03,4.574626167092851455e-09,9.338389728424735603e-07,-2.421270055788761861e-07
1.235000000000000000e+03,4.568415049877356311e-09,9.476628923637591585e-07,-2.449335921857929352e-07
1.236000000000000000e+03,4.562218715127964585e-09,9.614999956663207002e-07,-2.477019269231097670e-07
1.237000000000000000e+03,4.556034403536542662e-09,9.753476820615839185e-07,-2.504316682354735336e-07
1.238000000000000000e+03,4.549864244095773336e-09,9.892041489408236374e-07,-2.531226803525406846e-07
1.239000000000000000e+03,4.543706027835181601e-09,1.003067016350140521e-06,-2.557746790807002163e-07
1.240000000000000000e+03,4.537561877878196005e-09,1.016934496545772489e-06,-2.583875315351419331e-07
1.241000000000000000e+03,4.531430669750239247e-09,1.030804085210338438e-06,-2.609609221088461010e-07
1.242000000000000000e+03,4.525311284815725869e-09,1.044673631371278985e-06,-2.634946256379140991e-07
1.243000000000000000e+03,4.519205837440536329e-09,1.058541362172117749e-06,-2.659885119978979458e-07
1.244000000000000000e+03,4.513112133252332014e-09,1.072404630770647683e-06,-2.684422308642846027e-07
1.245000000000000000e+03,4.507032280809286338e-09,1.086261669280819434e-06,-2.708556530052490487e-07
1.246000000000000000e+03,4.500964091535447764e-09,1.100110074695831186e-06,-2.732284899773273042e-07
1.247000000000000000e+03,4.494909668205619968e-09,1.113948093995409730e-06,-2.755606151368023008e-07
1.248000000000000000e+03,4.488867896532388336e-09,1.127773188253666214e-06,-2.778517066475820572e-07
1.249000000000000000e+03,4.482837667982137938e-09,1.141583206571360428e-06,-2.801015394526029475e-07
1.250000000000000000e+03,4.476821076699908050e-09,1.155376410768024004e-06,-2.823099893660363988e-07
1.251000000000000000e+03,4.470817013796200864e-09,1.169150338777125643e-06,-2.844767761893840947e-07
1.252000000000000000e+03,4.464824380409810468e-09,1.182903297991967411e-06,-2.866018953639482768e-07
1.253000000000000000e+03,4.458845268575492813e-09,1.196634114915309927e-06,-2.886854895695365042e-07
1.254000000000000000e+03,4.452877519127339082e-09,1.210340626878826400e-06,-2.907274621215016501e-07
1.255000000000000000e+03,4.446923218412478336e-09,1.224021665302632355e-06,-2.927279564436859676e-07
1.256000000000000000e+03,4.440981270069989586e-09,1.237675639062155343e-06,-2.946870135559641216e-07
1.257000000000000000e+03,4.435051639115856182e-09,1.251300659041456277e-06,-2.966046038167031497e-07
1.258000000000000000e+03,4.429133236255316915e-09,1.264895124373726446e-06,-2.984807668457230994e-07
1.259000000000000000e+03,4.423228136530898213e-09,1.278457890888263596e-06,-3.003156495656534441e-07
1.260000000000000000e+03,4.417335249240875781e-09,1.291986910774613356e-06,-3.021091856631880509e-07
1.261000000000000000e+03,4.411453489295483384e-09,1.305480583218474584e-06,-3.038614148019963278e-07
1.262000000000000000e+03,4.405584923320093286e-09,1.318937778565923904e-06,-3.055724858265360906e-07
1.263000000000000000e+03,4.399728464826684725e-09,1.332356434526216130e-06,-3.072423305007539921e-07
1.264000000000000000e+03,4.393884078832421441e-09,1.345735270810556664e-06,-3.088710620853253611e-07
1.265000000000000000e+03,4.388050685813817521e-09,1.359072210760012411e-06,-3.104586105541411060e-07
1.266000000000000000e+03,4.382230341254243973e-09,1.372366139125336176e-06,-3.120051265407960739e-07
1.267000000000000000e+03,4.376421964243458167e-09,1.385615464710483506e-06,-3.135106509013366348e-07
1.268000000000000000e+03,4.370625519799295513e-09,1.398818263183044164e-06,-3.149751494551823348e-07
1.269000000000000000e+03,4.364839933918885914e-09,1.411972933893632209e-06,-3.163986619823068230e-07
1.270000000000000000e+03,4.359067251035058829e-09,1.425078385279945413e-06,-3.177813418051369752e-07
1.271000000000000000e+03,4.353306395769552079e-09,1.438132517056539184e-06,-3.191231162072105058e-07
1.272000000000000000e+03,4.347557333140876053e-09,1.451134074215047166e-06,-3.204241013169279719e-07
1.273000000000000000e+03,4.341820028167705747e-09,1.464081116818857022e-06,-3.216842612819196742e-07
1.274000000000000000e+03,4.336093413684540957e-09,1.476972044340112130e-06,-3.229036359543853375e-07
1.275000000000000000e+03,4.330379520438015733e-09,1.489805611077270407e-06,-3.240823423919159504e-07
1.276000000000000000e+03,4.324677279901255192e-09,1.502580225724464071e-06,-3.252204213178090796e-07
1.277000000000000000e+03,4.318986657093610965e-09,1.515293936089004259e-06,-3.263178357172262146e-07
1.278000000000000000e+03,4.313307617034596809e-09,1.527945505614103777e-06,-3.273747034605726956e-07
1.279000000000000000e+03,4.307640124743898538e-09,1.540532976062918547e-06,-3.283909870098919400e-07
1.280000000000000000e+03,4.301984145241365744e-09,1.553055116915950119e-06,-3.293668047388042034e-07
1.281000000000000000e+03,4.296338620817322406e-09,1.565509777547294754e-06,-3.303020792958560194e-07
1.282000000000000000e+03,4.290705563291047704e-09,1.577895916868137590e-06,-3.311969686351157999e-07
1.283000000000000000e+03,4.285083913610770861e-09,1.590211943455035474e-06,-3.320515133774419524e-07
1.284000000000000000e+03,4.279473636797016452e-09,1.602455884230643011e-06,-3.328656748459528938e-07
1.285000000000000000e+03,4.273874697870472830e-09,1.614626523492715399e-06,-3.336395725035886663e-07
1.286000000000000000e+03,4.268287061851997923e-09,1.626721882343415951e-06,-3.343731672852513643e-07
1.287000000000000000e+03,4.262710693762610958e-09,1.638740750888802990e-06,-3.350665790223283974e-07
1.288000000000000000e+03,4.257145558623502389e-09,1.650681144481294631e-06,-3.357197682998758122e-07
1.289000000000000000e+03,4.251591621456027279e-09,1.662541858962986649e-06,-3.363328552793960162e-07
1.290000000000000000e+03,4.246048847281706125e-09,1.674320904010337637e-06,-3.369058002343940559e-07
1.291000000000000000e+03,4.240517201122225691e-09,1.686017081126174933e-06,-3.374387236182302992e-07
1.292000000000000000e+03,4.234996647999441482e-09,1.697628394387822650e-06,-3.379315854310766015e-07
1.293000000000000000e+03,4.229487152935372788e-09,1.709153650880494647e-06,-3.383845063799727633e-07
1.294000000000000000e+03,4.223988680952207642e-09,1.720590849162248142e-06,-3.387974462298981251e-07
1.295000000000000000e+03,4.218501197072296204e-09,1.731938801819294234e-06,-3.391705259034683017e-07
1.296000000000000000e+03,4.213024666318160690e-09,1.743195501973332102e-06,-3.395037049685357791e-07
1.297000000000000000e+03,4.207559053712483786e-09,1.754359767627140384e-06,-3.397971045252653423e-07
1.298000000000000000e+03,4.202104324278120234e-09,1.765429586552010346e-06,-3.400506839823703565e-07
1.299000000000000000e+03,4.196660443038087729e-09,1.776403782079820580e-06,-3.402645645796151596e-07
1.300000000000000000e+03,4.191227375015569402e-09,1.787280336720441175e-06,-3.404387056044858145e-07
1.301000000000000000e+03,4.185805086199348576e-09,1.798058268077209606e-06,-3.405732606135996719e-07
1.302000000000000000e+03,4.180393546440087375e-09,1.808736498653504114e-06,-3.406683498864415644e-07
1.303000000000000000e+03,4.174992726554019992e-09,1.819314996357247019e-06,-3.407242881183770764e-07
1.304000000000000000e+03,4.169602597357518755e-09,1.829792867641698714e-06,-3.407412277569075530e-07
1.305000000000000000e+03,4.164223129667096617e-09,1.840170085457108937e-06,-3.407194835225642451e-07
1.306000000000000000e+03,4.158854294299403839e-09,1.850445751268824906e-06,-3.406592078529021608e-07
1.307000000000000000e+03,4.153496062071228825e-09,1.860619842973573744e-06,-3.405607154566188122e-07
1.308000000000000000e+03,4.148148403799502251e-09,1.870691457145079349e-06,-3.404241587980998231e-07
1.309000000000000000e+03,4.142811290301287970e-09,1.880660576529814217e-06,-3.402498525376544133e-07
1.310000000000000000e+03,4.137485677342810223e-09,1.890526743128084159e-06,-3.400380301814647059e-07
1.311000000000000000e+03,4.132169564579024042e-09,1.900288820048529627e-06,-3.397888038291196293e-07
1.312000000000000000e+03,4.126863909043270290e-09,1.909947021064430322e-06,-3.395025285153315640e-07
1.313000000000000000e+03,4.121568681553165375e-09,1.919500430947413631e-06,-3.391793569295840275e-07
1.314000000000000000e+03,4.116283852926462192e-09,1.928949044139270319e-06,-3.388196034542505364e-07
1.315000000000000000e+03,4.111009393981054258e-09,1.938291940863949172e-06,-3.384234209308611516e-07
1.316000000000000000e+03,4.105745275534971571e-09,1.947529120067502339e-06,-3.379911235689639106e-07
1.317000000000000000e+03,4.100491468406386408e-09,1.956659657526449531e-06,-3.375228643969104612e-07
1.318000000000000000e+03,4.095248918317002656e-09,1.965683790651746054e-06,-3.370189975469838581e-07
1.319000000000000000e+03,4.090015645033814982e-09,1.974600358936132702e-06,-3.364796360101935742e-07
1.320000000000000000e+03,4.084792595525896613e-09,1.983408897648047457e-06,-3.359050135395615856e-07
1.321000000000000000e+03,4.079579740611965763e-09,1.992109416551674903e-06,-3.352954437624169810e-07
1.322000000000000000e+03,4.074377051110880440e-09,2.000700980749245452e-06,-3.346510803234307917e-07
1.323000000000000000e+03,4.069185466545976627e-09,2.009183843395014781e-06,-3.339722763256170571e-07
1.324000000000000000e+03,4.064003019095132899e-09,2.017556828253929946e-06,-3.332591457814144461e-07
1.325000000000000000e+03,4.058830649516933071e-09,2.025819470796335750e-06,-3.325119225020012642e-07
1.326000000000000000e+03,4.053668328630783574e-09,2.033971790961497039e-06,-3.317309193234824302e-07
1.327000000000000000e+03,4.048516027256227320e-09,2.042012843823156990e-06,-3.309162907144633341e-07
1.328000000000000000e+03,4.043374678778308860e-09,2.049942897303979080e-06,-3.300683884403938889e-07
1.329000000000000000e+03,4.038242327665462368e-09,2.057760760416010467e-06,-3.291873278434372824e-07
1.330000000000000000e+03,4.033119908526034912e-09,2.065465968835626554e-06,-3.282733427908425953e-07
1.331000000000000000e+03,4.028007392180119482e-09,2.073058552020369552e-06,-3.273267451254361082e-07
1.332000000000000000e+03,4.022905707144796107e-09,2.080538051155860301e-06,-3.263477680602491993e-07
1.333000000000000000e+03,4.017812907635475001e-09,2.087903261495218897e-06,-3.253365285658172993e-07
1.334000000000000000e+03,4.012729923383105543e-09,2.095154464735542934e-06,-3.242933767713782060e-07
1.335000000000000000e+03,4.007657679278401339e-09,2.102291201945136226e-06,-3.232185458531344643e-07
1.336000000000000000e+03,4.002594236797720181e-09,2.109312260609081353e-06,-3.221121538968359354e-07
1.337000000000000000e+03,3.997540522038641287e-09,2.116217930201751590e-06,-3.209745499118356585e-07
1.338000000000000000e+03,3.992497456286383262e-09,2.123007751672648872e-06,-3.198059670382583982e-07
1.339000000000000000e+03,3.987463108236435838e-09,2.129680505109080507e-06,-3.186065245782958721e-07
1.340000000000000000e+03,3.982438400373947322e-09,2.136236487392432785e-06,-3.173765703201887233e-07
1.341000000000000000e+03,3.977423303520377206e-09,2.142674729069290641e-06,-3.161162620849611573e-07
1.342000000000000000e+03,3.972418734185776830e-09,2.148995534051797956e-06,-3.148259463415429863e-07
1.343000000000000000e+03,3.967422770626739519e-09,2.155197675405742188e-06,-3.135057437067662193e-07
1.344000000000000000e+03,3.962437273858347837e-09,2.161281204121199788e-06,-3.121559625346244593e-07
1.345000000000000000e+03,3.957460326890389149e-09,2.167244886618534969e-06,-3.107767248548717695e-07
1.346000000000000000e+03,3.952492845045223229e-09,2.173089033464553021e-06,-3.093683757188455800e-07
1.347000000000000000e+03,3.947535738914994061e-09,2.178813185243442854e-06,-3.079311481629401419e-07
1.348000000000000000e+03,3.942587098605408266e-09,2.184416102115307829e-06,-3.064651657235255922e-07
1.349000000000000000e+03,3.937647835888094107e-09,2.189898100916454370e-06,-3.049707719406528534e-07
1.350000000000000000e+03,3.932718857831344120e-09,2.195258722106329265e-06,-3.034481998176407575e-07
1.351000000000000000e+03,3.927798262414258683e-09,2.200496628257654705e-06,-3.018975923614298289e-07
1.352000000000000000e+03,3.922887895874102140e-09,2.205611946150749451e-06,-3.003194166282913781e-07
1.353000000000000000e+03,3.917985864960444344e-09,2.210602877915700018e-06,-2.987139055356923656e-07
1.354000000000000000e+03,3.913093080478543266e-09,2.215468409988534325e-06,-2.970814004206087223e-07
1.355000000000000000e+03,3.908210448574564555e-09,2.220208322028499536e-06,-2.954223481724776415e-07
1.356000000000000000e+03,3.903336082987204995e-09,2.224820810825438861e-06,-2.937369834255869891e-07
1.357000000000000000e+03,3.898471819123994971e-09,2.229305393881491054e-06,-2.920257170894942484e-07
1.358000000000000000e+03,3.893615775361128381e-09,2.233660263048432344e-06,-2.902887856020318706e-07
1.359000000000000000e+03,3.888769782477773881e-09,2.237885469426365375e-06,-2.885266683994057736e-07
1.360000000000000000e+03,3.883931963470202056e-09,2.241979203317231133e-06,-2.867396025376073887e-07
1.361000000000000000e+03,3.879104144506601377e-09,2.245940986385426020e-06,-2.849279972678849538e-07
1.362000000000000000e+03,3.874284453185981417e-09,2.249769004550742776e-06,-2.830920915587792615e-07
1.363000000000000000e+03,3.869474711082839361e-09,2.253463316727860939e-06,-2.812323614382989713e-07
1.364000000000000000e+03,3.864673050381680361e-09,2.257022107474938140e-06,-2.793490465285053111e-07
1.365000000000000000e+03,3.859881288080509884e-09,2.260444902116763523e-06,-2.774425543280403244e-07
1.366000000000000000e+03,3.855097102040884487e-09,2.263729881402619642e-06,-2.755131264746779194e-07
1.367000000000000000e+03,3.850323223051828141e-09,2.266877111042609499e-06,-2.735612354048280705e-07
1.368000000000000000e+03,3.845557332957303868e-09,2.269884770618363790e-06,-2.715871234431991947e-07
1.369000000000000000e+03,3.840801239653551070e-09,2.272752388597777144e-06,-2.695911962467228748e-07
1.370000000000000000e+03,3.836053088979035078e-09,2.275478141344230667e-06,-2.675736982531414350e-07
1.371000000000000000e+03,3.831314684304534832e-09,2.278062100313249301e-06,-2.655350981342505795e-07
1.372000000000000000e+03,3.826584175985966535e-09,2.280502440900328237e-06,-2.634756410461940975e-07
1.373000000000000000e+03,3.821863362885471863e-09,2.282798694183754594e-06,-2.613957307202814218e-07
1.374000000000000000e+03,3.817150399859642670e-09,2.284949032948759399e-06,-2.592956145171698070e-07
1.375000000000000000e+03,3.812447081278718886e-09,2.286953533315428484e-06,-2.571757571814104672e-07
1.376000000000000000e+03,3.807751566483273030e-09,2.288810367306664493e-06,-2.550364068215812733e-07
1.377000000000000000e+03,3.803065645368291122e-09,2.290519068062998135e-06,-2.528779651646514011e-07
1.378000000000000000e+03,3.798388386035086145e-09,2.292078351502080442e-06,-2.507007423160521131e-07
1.379000000000000000e+03,3.793718861039868078e-09,2.293486659657816092e-06,-2.485050198207380041e-07
1.380000000000000000e+03,3.789058853595725780e-09,2.294744072913947300e-06,-2.462912573013591000e-07
1.381000000000000000e+03,3.784406534180788586e-09,2.295848760256823734e-06,-2.440597067153544976e-07
1.382000000000000000e+03,3.779763681574089177e-09,2.296800256610372208e-06,-2.418107671815109507e-07
1.383000000000000000e+03,3.775129369440778195e-09,2.297597276978301983e-06,-2.395447500962739881e-07
1.384000000000000000e+03,3.770502675859985130e-09,2.298238262275549095e-06,-2.372619396770322049e-07
1.385000000000000000e+03,3.765885372990221480e-09,2.298723295352209449e-06,-2.349627902069373391e-07
1.386000000000000000e+03,3.761275642344887545e-09,2.299050543510579173e-06,-2.326475576539659094e-07
1.387000000000000000e+03,3.756675251689057350e-09,2.299219542547275502e-06,-2.303166384239810124e-07
1.388000000000000000e+03,3.752083280200648234e-09,2.299229007005909564e-06,-2.279703452573200100e-07
1.389000000000000000e+03,3.747498811431225540e-09,2.299077377614247255e-06,-2.256089651414479088e-07
1.390000000000000000e+03,3.742923606585839617e-09,2.298764737831172470e-06,-2.232329468227051424e-07
1.391000000000000000e+03,3.738356748125856577e-09,2.298289528354886268e-06,-2.208425767241904967e-07
1.392000000000000000e+03,3.733797322862360203e-09,2.297650463867063181e-06,-2.184381695498796458e-07
1.393000000000000000e+03,3.729247085476270188e-09,2.296847079966928736e-06,-2.160201183261731206e-07
1.394000000000000000e+03,3.724705121694429263e-09,2.295878091266190002e-06,-2.135887374687613406e-07
1.395000000000000000e+03,3.720170521569683394e-09,2.294741939540324870e-06,-2.111443174038323674e-07
1.396000000000000000e+03,3.715645033294389968e-09,2.293438706441865264e-06,-2.086873000016858578e-07
1.397000000000000000e+03,3.711127745843055831e-09,2.291966833482246881e-06,-2.062179751043606689e-07
1.398000000000000000e+03,3.706617752492684243e-09,2.290325036231914327e-06,-2.037366591604260553e-07
1.399000000000000000e+03,3.702116794982335893e-09,2.288512848685832205e-06,-2.012437416981220790e-07
1.400000000000000000e+03,3.697623965516524330e-09,2.286528986225070579e-06,-1.987395388685717343e-07
1.401000000000000000e+03,3.693139240639105646e-09,2.284373501022002536e-06,-1.962243875407684106e-07
1.402000000000000000e+03,3.688661721912971560e-09,2.282050157175372736e-06,-1.936985630992539932e-07
1.403000000000000000e+03,3.684193147344047589e-09,2.279565413724065317e-06,-1.911624760896687947e-07
1.404000000000000000e+03,3.679732618233251976e-09,2.276924098041336610e-06,-1.886163974552611878e-07
1.405000000000000000e+03,3.675280115138898457e-09,2.274131581539509655e-06,-1.860606448718607733e-07
1.406000000000000000e+03,3.670834744667698565e-09,2.271192965156844832e-06,-1.834955141633354822e-07
1.407000000000000000e+03,3.666398236336872526e-09,2.268114161558819775e-06,-1.809213670123269404e-07
1.408000000000000000e+03,3.661969695695975195e-09,2.264900271302644808e-06,-1.783384989354065136e-07
1.409000000000000000e+03,3.657549103303617683e-09,2.261556665738599927e-06,-1.757472276047346413e-07
1.410000000000000000e+03,3.653135569977111060e-09,2.258088178403627426e-06,-1.731478294537792384e-07
1.411000000000000000e+03,3.648730816805830490e-09,2.254501257067179432e-06,-1.705407052493517363e-07
1.412000000000000000e+03,3.644333953557497418e-09,2.250800734408658272e-06,-1.679261308039824310e-07
1.413000000000000000e+03,3.639944960791024460e-09,2.246991981715663926e-06,-1.653044237861247220e-07
1.414000000000000000e+03,3.635563819065400745e-09,2.243080370260445172e-06,-1.626759018633242282e-07
1.415000000000000000e+03,3.631189644418889200e-09,2.239071004664537304e-06,-1.600408636440673123e-07
1.416000000000000000e+03,3.626824147490743654e-09,2.234969789928411409e-06,-1.573996652248949724e-07
1.417000000000000000e+03,3.622466443278999850e-09,2.230781830165037847e-06,-1.547526048986679456e-07
1.418000000000000000e+03,3.618116512342944703e-09,2.226512496584624468e-06,-1.521000003292626099e-07
1.419000000000000000e+03,3.613774335241940815e-09,2.222167160382029614e-06,-1.494421691796474825e-07
1.420000000000000000e+03,3.609439033188759257e-09,2.217750664541799903e-06,-1.467793941538793573e-07
1.421000000000000000e+03,3.605112306465544019e-09,2.213269437684916811e-06,-1.441120634643642973e-07
1.422000000000000000e+03,3.600793275254077356e-09,2.208728321712587487e-06,-1.414404591791166297e-07
1.423000000000000000e+03,3.596481920114025860e-09,2.204132687756990258e-06,-1.387648989573977795e-07
1.424000000000000000e+03,3.592178221605123122e-09,2.199487906934951405e-06,-1.360857004575613901e-07
1.425000000000000000e+03,3.587882160287181317e-09,2.194799350347947275e-06,-1.334031813370532975e-07
1.426000000000000000e+03,3.583593716720083345e-09,2.190072389082103440e-06,-1.307176592524113450e-07
1.427000000000000000e+03,3.579312019283974286e-09,2.185312133972276860e-06,-1.280294366129959782e-07
1.428000000000000000e+03,3.575038753915103852e-09,2.180524477115679588e-06,-1.253388618864628143e-07
1.429000000000000000e+03,3.570773047975376815e-09,2.175714528749173913e-06,-1.226462371602070817e-07
1.430000000000000000e+03,3.566514882024977582e-09,2.170887659896844054e-06,-1.199518800870975152e-07
1.431000000000000000e+03,3.562264236624166658e-09,2.166049241567425568e-06,-1.172561083190950155e-07
1.432000000000000000e+03,3.558021092333275688e-09,2.161204644754301541e-06,-1.145592395072525696e-07
1.433000000000000000e+03,3.553785429712712004e-09,2.156359240435506824e-06,-1.118615913017153573e-07
1.434000000000000000e+03,3.549557229322955728e-09,2.151518399573723792e-06,-1.091634813517206712e-07
1.435000000000000000e+03,3.545336471724561845e-09,2.146687493116286161e-06,-1.064652273055980759e-07
1.436000000000000000e+03,3.541123137478160609e-09,2.141871891995175600e-06,-1.037671468107691165e-07
1.437000000000000000e+03,3.536917207144452174e-09,2.137076967127024692e-06,-1.010695575137476101e-07
1.438000000000000000e+03,3.532718661284215276e-09,2.132307835487140131e-06,-9.837276534541425029e-08
1.439000000000000000e+03,3.528526640359912011e-09,2.127570123015385833e-06,-9.567710030720015816e-08
1.440000000000000000e+03,3.524342806124561800e-09,2.122869453371601908e-06,-9.298289111526999522e-08
1.441000000000000000e+03,3.520166298043714453e-09,2.118210943483763696e-06,-9.029044369770527592e-08
1.442000000000000000e+03,3.515997096678446079e-09,2.113599964190470448e-06,-8.760007569640489064e-08
1.443000000000000000e+03,3.511835182589907644e-09,2.109041886314974022e-06,-8.491210475235986926e-08
1.444000000000000000e+03,3.507680536339325802e-09,2.104542080665175078e-06,-8.222684850565340764e-08
1.445000000000000000e+03,3.503533138487998343e-09,2.100105918033622648e-06,-7.954462459546090729e-08
1.446000000000000000e+03,3.499392969597297919e-09,2.095738769197517104e-06,-7.686575066004982983e-08
1.447000000000000000e+03,3.495260010228672868e-09,2.091446004918705924e-06,-7.419054433677982930e-08
1.448000000000000000e+03,3.491134240943643493e-09,2.087232995943690466e-06,-7.151932326210275220e-08
1.449000000000000000e+03,3.487015642303805783e-09,2.083105113003616649e-06,-6.885240507156253158e-08
1.450000000000000000e+03,3.482904194870827280e-09,2.079067726814284699e-06,-6.619010739979531938e-08
1.451000000000000000e+03,3.478799879896584127e-09,2.075124317851392049e-06,-6.353273580476635600e-08
1.452000000000000000e+03,3.474702681393548233e-09,2.071270805687096027e-06,-6.088054754055010162e-08
1.453000000000000000e+03,3.470612584064387289e-09,2.067501219683166780e-06,-5.823378778473997921e-08
1.454000000000000000e+03,3.466529572611823579e-09,2.063809589218440474e-06,-5.559270171422866404e-08
1.455000000000000000e+03,3.462453631738637705e-09,2.060189943688815483e-06,-5.295753450520801746e-08
1.456000000000000000e+03,3.458384746147671065e-09,2.056636312507254509e-06,-5.032853133316919946e-08
1.457000000000000000e+03,3.454322900541821720e-09,2.053142725103784577e-06,-4.770593737290255614e-08
1.458000000000000000e+03,3.450268901104905654e-09,2.049703455018014674e-06,-4.509000316811949614e-08
1.459000000000000000e+03,3.446221088615246935e-09,2.046312043125364646e-06,-4.248096284226667581e-08
1.460000000000000000e+03,3.442180270221413049e-09,2.042962763408287127e-06,-3.987906724920293046e-08
1.461000000000000000e+03,3.438146430626528704e-09,2.039649645364352823e-06,-3.728456156094468580e-08
1.462000000000000000e+03,3.434119554533781888e-09,2.036366718508198032e-06,-3.469769094880771907e-08
1.463000000000000000e+03,3.430099626646414768e-09,2.033108012371521264e-06,-3.211870058340694729e-08
1.464000000000000000e+03,3.426086631667729483e-09,2.029867556503087893e-06,-2.954783563465658944e-08
1.465000000000000000e+03,3.422080554301084832e-09,2.026639380468723809e-06,-2.698534127177004395e-08
1.466000000000000000e+03,3.418081379249901654e-09,2.023417513851321343e-06,-2.443146266326000129e-08
1.467000000000000000e+03,3.414089091217654968e-09,2.020195986250835462e-06,-2.188644497693829168e-08
1.468000000000000000e+03,3.410103674907878523e-09,2.016968827284285877e-06,-1.935053337991607708e-08
1.469000000000000000e+03,3.406125115024166865e-09,2.013730066585755783e-06,-1.682397303860370223e-08
1.470000000000000000e+03,3.402154206304378108e-09,2.010474212652054124e-06,-1.430701252629032708e-08
1.471000000000000000e+03,3.398189312440556129e-09,2.007194336679224942e-06,-1.179988959569241328e-08
1.472000000000000000e+03,3.394231229115545477e-09,2.003884947972018713e-06,-9.302853418232381123e-09
1.473000000000000000e+03,3.390279941033168171e-09,2.000540076231352495e-06,-6.816149157575877589e-09
1.474000000000000000e+03,3.386335432897303724e-09,1.997153751175207668e-06,-4.340021976687838341e-09
1.475000000000000000e+03,3.382397689411891616e-09,1.993720002538630364e-06,-1.874717037832409975e-09
1.476000000000000000e+03,3.378466695280927575e-09,1.990232860073728500e-06,5.795204974270250654e-10
1.477000000000000000e+03,3.374542435208466888e-09,1.986686353549675165e-06,3.022445468227848177e-09
1.478000000000000000e+03,3.370625696431988942e-09,1.983074748913920175e-06,5.453813363894157341e-09
1.479000000000000000e+03,3.366714857658538291e-09,1.979391603208887837e-06,7.873378014135757464e-09
1.480000000000000000e+03,3.362810707057694109e-09,1.975631182845404542e-06,1.028089462010112485e-08
1.481000000000000000e+03,3.358913229333742052e-09,1.971787517660188327e-06,1.267611802370153205e-08
1.482000000000000000e+03,3.355022409191022783e-09,1.967854637507020285e-06,1.505880306754898772e-08
1.483000000000000000e+03,3.351139029231210988e-09,1.963827039996372567e-06,1.742870874608442383e-08
1.484000000000000000e+03,3.347261477441741147e-09,1.959697818553748614e-06,1.978558216242296002e-08
1.485000000000000000e+03,3.343390537348452588e-09,1.955461471781386045e-06,2.212918174788846600e-08
1.486000000000000000e+03,3.339526193655915931e-09,1.951112029599901510e-06,2.445926234783765816e-08
1.487000000000000000e+03,3.335668431068761354e-09,1.946643521946973869e-06,2.677557880832798071e-08
1.488000000000000000e+03,3.331818027592259931e-09,1.942050210054582403e-06,2.907788943898068969e-08
1.489000000000000000e+03,3.327973380415341239e-09,1.937325660777585964e-06,3.136594243401383810e-08
1.490000000000000000e+03,3.324135268459594363e-09,1.932464135928256365e-06,3.363949583023872902e-08
1.491000000000000000e+03,3.320303676429880262e-09,1.927459665511818684e-06,3.589830447648671051e-08
1.492000000000000000e+03,3.316478589031115318e-09,1.922306279550561054e-06,3.814212322228985522e-08
1.493000000000000000e+03,3.312660779711115210e-09,1.916998464673043870e-06,4.037071653334700085e-08
1.494000000000000000e+03,3.308848654782316368e-09,1.911529336454960393e-06,4.258382055678252457e-08
1.495000000000000000e+03,3.305042988601103039e-09,1.905893382821570251e-06,4.478119922882938153e-08
1.496000000000000000e+03,3.301243765872619492e-09,1.900084633861996290e-06,4.696260740176438185e-08
1.497000000000000000e+03,3.297451756426455268e-09,1.894097345250359015e-06,4.912780577919238672e-08
1.498000000000000000e+03,3.293665373818310493e-09,1.887925095239146875e-06,5.127653776943370907e-08
1.499000000000000000e+03,3.289885388780206008e-09,1.881562140248788825e-06,5.340856381960892052e-08
1.500000000000000000e+03,3.286111786017515211e-09,1.875002510435952658e-06,5.552363878476864569e-08
1.501000000000000000e+03,3.282345332077029862e-09,1.868242347773407304e-06,5.762156430875408203e-08
1.502000000000000000e+03,3.278584449263975349e-09,1.861283124928085799e-06,5.970223361353108253e-08
1.503000000000000000e+03,3.274829906576615184e-09,1.854129319582738456e-06,6.176561316271494749e-08
1.504000000000000000e+03,3.271082469437362791e-09,1.846785182754326543e-06,6.381166379477540610e-08
1.505000000000000000e+03,3.267340565826457185e-09,1.839254304747924538e-06,6.584032379182840178e-08
1.506000000000000000e+03,3.263604962058124987e-09,1.831540937432417637e-06,6.785155374893600772e-08
1.507000000000000000e+03,3.259875644704260240e-09,1.823649111856130034e-06,6.984530690560122503e-08
1.508000000000000000e+03,3.256153375635601871e-09,1.815583291494413220e-06,7.182155360803386546e-08
1.509000000000000000e+03,3.252436589942316455e-09,1.807346640533945041e-06,7.378021334938754613e-08
1.510000000000000000e+03,3.248726050380968155e-09,1.798943624348920298e-06,7.572125600541493184e-08
1.511000000000000000e+03,3.245022516174184703e-09,1.790378487160585416e-06,7.764464406292467189e-08
1.512000000000000000e+03,3.241324427713254871e-09,1.781654832485777499e-06,7.955031249546862816e-08
1.513000000000000000e+03,3.237632545102175190e-09,1.772776905543085305e-06,8.143822356105373233e-08
1.514000000000000000e+03,3.233947624928769463e-09,1.763749157395892890e-06,8.330835034269732094e-08
1.515000000000000000e+03,3.230268112858799797e-09,1.754574776628401337e-06,8.516060683695580043e-08
1.516000000000000000e+03,3.226594766357032136e-09,1.745258216431964449e-06,8.699496568166212359e-08
1.517000000000000000e+03,3.222928339389715867e-09,1.735803714461592820e-06,8.881139069431183373e-08
1.518000000000000000e+03,3.219267282870603003e-09,1.726214887060505459e-06,9.060981417667032281e-08
1.519000000000000000e+03,3.215612351638484474e-09,1.716495972986980999e-06,9.239019973016809213e-08
1.520000000000000000e+03,3.211964297051176252e-09,1.706651409638629095e-06,9.415252302158908270e-08
1.521000000000000000e+03,3.208321575244109712e-09,1.696684412539343346e-06,9.589669285657310195e-08
1.522000000000000000e+03,3.204685701496742268e-09,1.686599622269617979e-06,9.762269610846560872e-08
1.523000000000000000e+03,3.201055135411095579e-09,1.676400666762129366e-06,9.933046297011090928e-08
1.524000000000000000e+03,3.197430627478558593e-09,1.666091778934918177e-06,1.010199581037477789e-07
1.525000000000000000e+03,3.193812924738518549e-09,1.655677383989531731e-06,1.026911592106529752e-07
1.526000000000000000e+03,3.190200491971212259e-09,1.645160721542567872e-06,1.043439710076796492e-07
1.527000000000000000e+03,3.186594835826168542e-09,1.634546413915706031e-06,1.059783834195028055e-07
1.528000000000000000e+03,3.182994424521395521e-09,1.623838101321770301e-06,1.075943246384139348e-07
1.529000000000000000e+03,3.179400004237059809e-09,1.613040010487220266e-06,1.091917603333456926e-07
1.530000000000000000e+03,3.175812317729982319e-09,1.602156553810848690e-06,1.107706701307238525e-07
1.531000000000000000e+03,3.172229838353405200e-09,1.591190996239338539e-06,1.123309548770236513e-07
1.532000000000000000e+03,3.168654064198566651e-09,1.580147940925520678e-06,1.138726073842342028e-07
1.533000000000000000e+03,3.165083472027980865e-09,1.569031040933053883e-06,1.153955539538558088e-07
1.534000000000000000e+03,3.161518803746373876e-09,1.557844516505472896e-06,1.168997612067037806e-07
1.535000000000000000e+03,3.157960797863462755e-09,1.546592766752131755e-06,1.183852105836160818e-07
1.536000000000000000e+03,3.154407936234487729e-09,1.535279082947168837e-06,1.198517992818852250e-07
1.537000000000000000e+03,3.150861708463244814e-09,1.523908048344537327e-06,1.212995228347088502e-07
1.538000000000000000e+03,3.147320599786068377e-09,1.512483329309417861e-06,1.227283057639512245e-07
1.539000000000000000e+03,3.143786096431433190e-09,1.501009496891082304e-06,1.241381451548169163e-07
1.540000000000000000e+03,3.140256687005590476e-09,1.489489863982743783e-06,1.255289354463821953e-07
1.541000000000000000e+03,3.136733854372851607e-09,1.477928997514886250e-06,1.269006742278079110e-07
1.542000000000000000e+03,3.133216090498249571e-09,1.466330574738043305e-06,1.282532846782137767e-07
1.543000000000000000e+03,3.129704874893037234e-09,1.454699150174490173e-06,1.295867658573317054e-07
1.544000000000000000e+03,3.126198702869953406e-09,1.443038058698341587e-06,1.309010095907966612e-07
1.545000000000000000e+03,3.122699050598243580e-09,1.431351850656761610e-06,1.321960154150175596e-07
1.546000000000000000e+03,3.119204416727324825e-09,1.419644214335832058e-06,1.334717052391140734e-07
1.547000000000000000e+03,3.115716274095439249e-09,1.407919687540098118e-06,1.347280799878274346e-07
1.548000000000000000e+03,3.112233124677703424e-09,1.396181627363526872e-06,1.359650290195535037e-07
1.549000000000000000e+03,3.108755327648658878e-09,1.384434402524505350e-06,1.371825373705533890e-07
1.550000000000000000e+03,3.105284349627568954e-09,1.372682207066710349e-06,1.383805747662359997e-07
1.551000000000000000e+03,3.101819066149611292e-09,1.360928548572172845e-06,1.395591021076806105e-07
1.552000000000000000e+03,3.098358728745853125e-09,1.349174377486880308e-06,1.407180589449816950e-07
1.553000000000000000e+03,3.094904803576852646e-09,1.337421097952355224e-06,1.418574917869746902e-07
1.554000000000000000e+03,3.091455805779258958e-09,1.325669307914112040e-06,1.429773636320596549e-07
1.555000000000000000e+03,3.088013198226119610e-09,1.313920398912757956e-06,1.440777222104756690e-07
1.556000000000000000e+03,3.084575499336341336e-09,1.302174660126804839e-06,1.451584957981445920e-07
1.557000000000000000e+03,3.081144168706230934e-09,1.290433478894916420e-06,1.462197325184859953e-07
1.558000000000000000e+03,3.077717728026200665e-09,1.278697464345453964e-06,1.472613943215012655e-07
1.559000000000000000e+03,3.074297633626545520e-09,1.266967991229071736e-06,1.482835304682048684e-07
1.560000000000000000e+03,3.070882410458474192e-09,1.255245371085169173e-06,1.492860672121933031e-07
1.561000000000000000e+03,3.067473511596964484e-09,1.243530974469383683e-06,1.502690541797156334e-07
1.562000000000000000e+03,3.064069465243346344e-09,1.231825421674452948e-06,1.512324523468968766e-07
1.563000000000000000e+03,3.060671721227930749e-09,1.220130070696654103e-06,1.521763123937144060e-07
1.564000000000000000e+03,3.057279538972523425e-09,1.208445399305201837e-06,1.531005769340556162e-07
1.565000000000000000e+03,3.053892181130429450e-09,1.196772329553953215e-06,1.540052422846071857e-07
1.566000000000000000e+03,3.050511092684851811e-09,1.185112206909454945e-06,1.548903601161444049e-07
1.567000000000000000e+03,3.047134809915987944e-09,1.173465381903355727e-06,1.557558535020194654e-07
1.568000000000000000e+03,3.043764774588837587e-09,1.161833195831931056e-06,1.566017744292904217e-07
1.569000000000000000e+03,3.040399526196674561e-09,1.150216288439133028e-06,1.574280823492734319e-07
1.570000000000000000e+03,3.037040503296812128e-09,1.138615988549888461e-06,1.582348301558479271e-07
1.571000000000000000e+03,3.033686970952493141e-09,1.127032803073934599e-06,1.590219582491130641e-07
1.572000000000000000e+03,3.030338197421647370e-09,1.115467654013491046e-06,1.597894629948065376e-07
1.573000000000000000e+03,3.026995616469697701e-09,1.103921857772426829e-06,1.605373981306230333e-07
1.574000000000000000e+03,3.023657775576754984e-09,1.092395803568686311e-06,1.612656840068321692e-07
1.575000000000000000e+03,3.020326105326683786e-09,1.080890803676683068e-06,1.619743746283999513e-07
1.576000000000000000e+03,3.016999874772939941e-09,1.069407771841362915e-06,1.626634668956005741e-07
1.577000000000000000e+03,3.013678356137669154e-09,1.057947243829464238e-06,1.633328993378156140e-07
1.578000000000000000e+03,3.010362975251845944e-09,1.046510519578086006e-06,1.639827267197560085e-07
1.579000000000000000e+03,3.007053003547452562e-09,1.035098512849994968e-06,1.646129459206899848e-07
1.580000000000000000e+03,3.003747715609665973e-09,1.023711771662986100e-06,1.652234947733932149e-07
1.581000000000000000e+03,3.000448532539808214e-09,1.012351583689983570e-06,1.658144287392308481e-07
1.582000000000000000e+03,2.997154728136755315e-09,1.001018862714526131e-06,1.663857446764542921e-07
1.583000000000000000e+03,2.993865579337184600e-09,9.897141689234731889e-07,1.669373797843567770e-07
1.584000000000000000e+03,2.990582502535857615e-09,9.784387778075658466e-07,1.674693901578342806e-07
1.585000000000000000e+03,2.987304062555946429e-09,9.671933727952279060e-07,1.679817326220117980e-07
1.586000000000000000e+03,2.984031672667276019e-09,9.559792172880519037e-07,1.684744638421519090e-07
1.587000000000000000e+03,2.980764610587893820e-09,9.447968835489278132e-07,1.689475204472296550e-07
1.588000000000000000e+03,2.977502157148176770e-09,9.336472934018427797e-07,1.694008989153221694e-07
1.589000000000000000e+03,2.974245720949601381e-09,9.225316982567555468e-07,1.698346564188777321e-07
1.590000000000000000e+03,2.970994582046428733e-09,9.114506823550719875e-07,1.702487290797341240e-07
1.591000000000000000e+03,2.967748730267844538e-09,9.004053819491449137e-07,1.706431540432327247e-07
1.592000000000000000e+03,2.964507449536438623e-09,8.893963931525235833e-07,1.710178669872872237e-07
1.593000000000000000e+03,2.961272142264587739e-09,8.784249554899056735e-07,1.713729255283183792e-07
1.594000000000000000e+03,2.958042091603802971e-09,8.674919828574328021e-07,1.717083264404009730e-07
1.595000000000000000e+03,2.954816583782675438e-09,8.565980831212006889e-07,1.720240050207867947e-07
1.596000000000000000e+03,2.951597016598108458e-09,8.457444840402425500e-07,1.723200192666068891e-07
1.597000000000000000e+03,2.948382675511362364e-09,8.349320995462301767e-07,1.725963659308645852e-07
1.598000000000000000e+03,2.945172849045812994e-09,8.241615491315380197e-07,1.728529799934367384e-07
1.599000000000000000e+03,2.941968930405339506e-09,8.134340489158023532e-07,1.730899197688777408e-07
1.600000000000000000e+03,2.938770207349720019e-09,8.027505128691764162e-07,1.733071819891086682e-07
1.601000000000000000e+03,2.935576669707191880e-09,7.921124999886774259e-07,1.735047324148315783e-07
1.602000000000000000e+03,2.932387609037289925e-09,7.815251002430107323e-07,1.736826194769667161e-07
1.603000000000000000e+03,2.929204412447082917e-09,7.709945126961675975e-07,1.738409641034394549e-07
1.604000000000000000e+03,2.926026370736204639e-09,7.605263779306688031e-07,1.739797631107617744e-07
1.605000000000000000e+03,2.922853473726788262e-09,7.501267981650793489e-07,1.740991167910024854e-07
1.606000000000000000e+03,2.919685015999847223e-09,7.398014251717063647e-07,1.741990218114852844e-07
1.607000000000000000e+03,2.916522378612468246e-09,7.295564467401484551e-07,1.742795992484829359e-07
1.608000000000000000e+03,2.913364855391908842e-09,7.193977789705973025e-07,1.743409080024175872e-07
1.609000000000000000e+03,2.910212436160422124e-09,7.093311690519786185e-07,1.743829654223938763e-07
1.610000000000000000e+03,2.907064418502238470e-09,6.993625403124850517e-07,1.744058303646555707e-07
1.611000000000000000e+03,2.903922177463511687e-09,6.894980623490328276e-07,1.744096240147019482e-07
1.612000000000000000e+03,2.900785009879580877e-09,6.797434049870121667e-07,1.743943429292426990e-07
1.613000000000000000e+03,2.897652905572815371e-09,6.701046510177911680e-07,1.743600875166395990e-07
1.614000000000000000e+03,2.894525165111314730e-09,6.605874806918833834e-07,1.743068543495691740e-07
1.615000000000000000e+03,2.891403157569040854e-09,6.511980530964753976e-07,1.742347645967229743e-07
1.616000000000000000e+03,2.888286182770022010e-09,6.419422845253069804e-07,1.741438771028615417e-07
1.617000000000000000e+03,2.885174230536747469e-09,6.328259406172693036e-07,1.740342092446445017e-07
1.618000000000000000e+03,2.882067290691735867e-09,6.238550928498019109e-07,1.739058613553870405e-07
1.619000000000000000e+03,2.878964667505939686e-09,6.150354379277408388e-07,1.737588301691873996e-07
1.620000000000000000e+03,2.875867722642093555e-09,6.063731183443507932e-07,1.735932366919280266e-07
1.621000000000000000e+03,2.872775759633053801e-09,5.978740505833451521e-07,1.734091397342668314e-07
1.622000000000000000e+03,2.869688768301457759e-09,5.895440108039905558e-07,1.732065568359981738e-07
1.623000000000000000e+03,2.866606738469971304e-09,5.813890600180860310e-07,1.729855881438527956e-07
1.624000000000000000e+03,2.863528978082710671e-09,5.734149100330402879e-07,1.727462307198690731e-07
1.625000000000000000e+03,2.860456841450625245e-09,5.656276880999451174e-07,1.724886052406018263e-07
1.626000000000000000e+03,2.857389635785649034e-09,5.580333109453671372e-07,1.722127704831320763e-07
1.627000000000000000e+03,2.854327350910566611e-09,5.506375642596506083e-07,1.719187442605251432e-07
1.628000000000000000e+03,2.851269976648191089e-09,5.434464996135035995e-07,1.716066264231412935e-07
1.629000000000000000e+03,2.848217502821366186e-09,5.364659061936381481e-07,1.712764349238041397e-07
1.630000000000000000e+03,2.845169241743235510e-09,5.297017059464961379e-07,1.709282287489870442e-07
1.631000000000000000e+03,2.842126538980218943e-09,5.231600075729965134e-07,1.705621278395829481e-07
1.632000000000000000e+03,2.839088706120297735e-09,5.168465412361272937e-07,1.701781299913580392e-07
1.633000000000000000e+03,2.836055732986431821e-09,5.107673502663185764e-07,1.697763346502682441e-07
1.634000000000000000e+03,2.833027609401611331e-09,5.049282317002223886e-07,1.693567601936559271e-07
1.635000000000000000e+03,2.830004325188856999e-09,4.993352259482910905e-07,1.689195058758622273e-07
1.636000000000000000e+03,2.826985870171216856e-09,4.939941328019942453e-07,1.684645902738002388e-07
1.637000000000000000e+03,2.823971561706243689e-09,4.889108735247024394e-07,1.679920724175411156e-07
1.638000000000000000e+03,2.820962735264097294e-09,4.840915421461985989e-07,1.675020711981609289e-07
1.639000000000000000e+03,2.817958707485243448e-09,4.795418833060128001e-07,1.669945854593087219e-07
1.640000000000000000e+03,2.814959468192849710e-09,4.752679311515785632e-07,1.664697139026167834e-07
1.641000000000000000e+03,2.811965007210111763e-09,4.712754912976928767e-07,1.659274756773308789e-07
1.642000000000000000e+03,2.808975314360253829e-09,4.675705958318101622e-07,1.653679692348331834e-07
1.643000000000000000e+03,2.805990379466532387e-09,4.641590522438051964e-07,1.647912139823793243e-07
1.644000000000000000e+03,2.803010192352229148e-09,4.610468908322486328e-07,1.641973081046010814e-07
1.645000000000000000e+03,2.800034076071338225e-09,4.582398661086797231e-07,1.635862517999750298e-07
1.646000000000000000e+03,2.797063354692777687e-09,4.557440620362786273e-07,1.629581626028156149e-07
1.647000000000000000e+03,2.794097350562538735e-09,4.535653969402996185e-07,1.623130991549323258e-07
1.648000000000000000e+03,2.791136053504022608e-09,4.517096817618588813e-07,1.616510815802941182e-07
1.649000000000000000e+03,2.788179453340659079e-09,4.501829435863329948e-07,1.609722073251914103e-07
1.650000000000000000e+03,2.785227539895911013e-09,4.489909942119867818e-07,1.602764968286683180e-07
1.651000000000000000e+03,2.782280303110144638e-09,4.481371410143094503e-07,1.595640748646558539e-07
1.652000000000000000e+03,2.779337733391280100e-09,4.476136015520750140e-07,1.588351004594952284e-07
1.653000000000000000e+03,2.776399821264140086e-09,4.474100880178764805e-07,1.580898363033980651e-07
1.654000000000000000e+03,2.773466557253577474e-09,4.475160993052294975e-07,1.573284694202196873e-07
1.655000000000000000e+03,2.770537931884469958e-09,4.479213475519639041e-07,1.565512621442503801e-07
1.656000000000000000e+03,2.767613935681724596e-09,4.486153316480057284e-07,1.557584018610024095e-07
1.657000000000000000e+03,2.764694559170272849e-09,4.495877639664380463e-07,1.549501505336260544e-07
1.658000000000000000e+03,2.761779135209102908e-09,4.508280894191702125e-07,1.541266775675725918e-07
1.659000000000000000e+03,2.758868970347678662e-09,4.523260742221743866e-07,1.532882630964756137e-07
1.660000000000000000e+03,2.755963396751415971e-09,4.540713245106246280e-07,1.524351315895645512e-07
1.661000000000000000e+03,2.753062404945360859e-09,4.560533379851598730e-07,1.515674714011618559e-07
1.662000000000000000e+03,2.750165985454580030e-09,4.582618287476966181e-07,1.506855435027567897e-07
1.663000000000000000e+03,2.747274128804173277e-09,4.606862936015418656e-07,1.497895366609705973e-07
1.664000000000000000e+03,2.744386825519265207e-09,4.633164477429464397e-07,1.488797114262600970e-07
1.665000000000000000e+03,2.741504066125006483e-09,4.661417868670955420e-07,1.479562569910510546e-07
1.666000000000000000e+03,2.738625841146575479e-09,4.691520274654598344e-07,1.470194334714764951e-07
1.667000000000000000e+03,2.735752141109177452e-09,4.723366639341208760e-07,1.460694304988436503e-07
1.668000000000000000e+03,2.732882956538045370e-09,4.756854142408480288e-07,1.451065077420988416e-07
1.669000000000000000e+03,2.730018277958439499e-09,4.791877713114437500e-07,1.441308552840798806e-07
1.670000000000000000e+03,2.727158095895645745e-09,4.828334547512478929e-07,1.431427323341112798e-07
1.671000000000000000e+03,2.724302400874978553e-09,4.866119558644151078e-07,1.421423294387821833e-07
1.672000000000000000e+03,2.721451183421777184e-09,4.905129960353209878e-07,1.411299053357889205e-07
1.673000000000000000e+03,2.718604434061411919e-09,4.945260648149112191e-07,1.401056510472641757e-07
1.674000000000000000e+03,2.715762143319275784e-09,4.986408854882548357e-07,1.390698248276978162e-07
1.675000000000000000e+03,2.712924301720790344e-09,5.028469457413340502e-07,1.380226181861304693e-07
1.676000000000000000e+03,2.710090899791406942e-09,5.071339708617622849e-07,1.369642888826953841e-07
1.677000000000000000e+03,2.707261928056599257e-09,5.114914465786107347e-07,1.358950289242767496e-07
1.678000000000000000e+03,2.704437377041870744e-09,5.159091002640816686e-07,1.348150955659297711e-07
1.679000000000000000e+03,2.701617237272752570e-09,5.203764156181943146e-07,1.337246813228897492e-07
1.680000000000000000e+03,2.698801499274800716e-09,5.248831221599763813e-07,1.326240429348404097e-07
1.681000000000000000e+03,2.695990153573600529e-09,5.294187015080622581e-07,1.315133734354473538e-07
1.682000000000000000e+03,2.693183190694762586e-09,5.339728853707357260e-07,1.303929290391576207e-07
1.683000000000000000e+03,2.690380601163924758e-09,5.385351532527186825e-07,1.292629033077184171e-07
1.684000000000000000e+03,2.687582375506753043e-09,5.430952390741736433e-07,1.281235519209029574e-07
1.685000000000000000e+03,2.684788504248940321e-09,5.476426202131918140e-07,1.269750689777628400e-07
1.686000000000000000e+03,2.681998977916204288e-09,5.521670328046305117e-07,1.258177096143889677e-07
1.687000000000000000e+03,2.679214425052093415e-09,5.566580847067293455e-07,1.246516981688029327e-07
1.688000000000000000e+03,2.676433559485009932e-09,5.611051832825220919e-07,1.234772148527787124e-07
1.689000000000000000e+03,2.673657010421353155e-09,5.654981337139283157e-07,1.222945289562758512e-07
1.690000000000000000e+03,2.670884768386947487e-09,5.698264081349380735e-07,1.211038359591857548e-07
1.691000000000000000e+03,2.668116823907644625e-09,5.740797480976269547e-07,1.199053896018316483e-07
1.692000000000000000e+03,2.665353167509323566e-09,5.782476237208147544e-07,1.186993859303161151e-07
1.693000000000000000e+03,2.662593789717893912e-09,5.823197786251489390e-07,1.174860781131227215e-07
1.694000000000000000e+03,2.659838681059285530e-09,5.862856809906900961e-07,1.162656627698607235e-07
1.695000000000000000e+03,2.657087832059460961e-09,5.901350764203429003e-07,1.150383924900926082e-07
1.696000000000000000e+03,2.654341233244407148e-09,5.938574312516278628e-07,1.138044644738015707e-07
1.697000000000000000e+03,2.651598875140139572e-09,5.974424929635834849e-07,1.125641307249758798e-07
1.698000000000000000e+03,2.648860748272699770e-09,6.008797261672163508e-07,1.113175890304117081e-07
1.699000000000000000e+03,2.646126843168155748e-09,6.041588800917700825e-07,1.100650908022981947e-07
1.700000000000000000e+03,2.643397150352604465e-09,6.072694177575699762e-07,1.088068344202551945e-07
1.701000000000000000e+03,2.640672289614335940e-09,6.102035252925127434e-07,1.075430826580947361e-07
1.702000000000000000e+03,2.637950995223099257e-09,6.129624053318565965e-07,1.062740171346289764e-07
1.703000000000000000e+03,2.635233889698344568e-09,6.155498391212090660e-07,1.049998579500921718e-07
1.704000000000000000e+03,2.632520966065287841e-09,6.179697552263951039e-07,1.037208499151032026e-07
1.705000000000000000e+03,2.629812217349163660e-09,6.202257889863641064e-07,1.024371878172032223e-07
1.706000000000000000e+03,2.627107636575223977e-09,6.223218701046561986e-07,1.011491158568034011e-07
1.707000000000000000e+03,2.624407216768744318e-09,6.242616328281133516e-07,9.985682943198111921e-08
1.708000000000000000e+03,2.621710950955017582e-09,6.260490078437122824e-07,9.856057212862049801e-08
1.709000000000000000e+03,2.619018832159357345e-09,6.276876284568625223e-07,9.726053995944519950e-08
1.710000000000000000e+03,2.616331476460135759e-09,6.291815011294360231e-07,9.595698732084810911e-08
1.711000000000000000e+03,2.613647630137944315e-09,6.305341837526412388e-07,9.465009910365155970e-08
1.712000000000000000e+03,2.610967909910862735e-09,6.317494580083166674e-07,9.334009541776303000e-08
1.713000000000000000e+03,2.608292308804282764e-09,6.328312564150348014e-07,9.202721829663722880e-08
1.714000000000000000e+03,2.605620819843615174e-09,6.337832105372052877e-07,9.071166530488823981e-08
1.715000000000000000e+03,2.602953436054291829e-09,6.346092533936188903e-07,8.939367784962176373e-08
1.716000000000000000e+03,2.600290150461764032e-09,6.353130160778588163e-07,8.807345412118764053e-08
1.717000000000000000e+03,2.597631574694292181e-09,6.358985077259159249e-07,8.675124523043234445e-08
1.718000000000000000e+03,2.594976463939940683e-09,6.363692834521771236e-07,8.542723934776014440e-08
1.719000000000000000e+03,2.592325430459828040e-09,6.367291252022455939e-07,8.410165658621588941e-08
1.720000000000000000e+03,2.589678467279484549e-09,6.369819667288227380e-07,8.277473677733034821e-08
1.721000000000000000e+03,2.587035567424459535e-09,6.371314384506453674e-07,8.144667968465810927e-08
1.722000000000000000e+03,2.584396723920321346e-09,6.371814742257028794e-07,8.011772450668634211e-08
1.723000000000000000e+03,2.581762544618869967e-09,6.371358561570815740e-07,7.878809040686833161e-08
1.724000000000000000e+03,2.579131792267239893e-09,6.369981386629349106e-07,7.745796887075527710e-08
1.725000000000000000e+03,2.576505075344284058e-09,6.367723314727838164e-07,7.612760768808224727e-08
1.726000000000000000e+03,2.573882386875650633e-09,6.364620649569229709e-07,7.479720820298517725e-08
1.727000000000000000e+03,2.571263719887005575e-09,6.360712728302874360e-07,7.346700802804902745e-08
1.728000000000000000e+03,2.568649679109561616e-09,6.356037370019609910e-07,7.213722632416096998e-08
1.729000000000000000e+03,2.566039033536704990e-09,6.350630124004949032e-07,7.080805695115363765e-08
1.730000000000000000e+03,2.563432388521909521e-09,6.344531081720395565e-07,6.947974532024272159e-08
1.731000000000000000e+03,2.560829737090920574e-09,6.337776551522375674e-07,6.815249435698213394e-08
1.732000000000000000e+03,2.558231072269502540e-09,6.330405864217020935e-07,6.682654008852602627e-08
1.733000000000000000e+03,2.555636995692116939e-09,6.322456837292980912e-07,6.550210167515739798e-08
1.734000000000000000e+03,2.553046282550689134e-09,6.313965031664171152e-07,6.417937534537831183e-08
1.735000000000000000e+03,2.550459535097189169e-09,6.304970526433968443e-07,6.285860413749712464e-08
1.736000000000000000e+03,2.547876746357462499e-09,6.295509638624055052e-07,6.153999255278233508e-08
1.737000000000000000e+03,2.545297909357369881e-09,6.285621688910783308e-07,6.022377503996870700e-08
1.738000000000000000e+03,2.542723622658252515e-09,6.275344493518462106e-07,5.891017076069709316e-08
1.739000000000000000e+03,2.540152667603271332e-09,6.264713629824643452e-07,5.759937829671678611e-08
1.740000000000000000e+03,2.537585643366568574e-09,6.253769159739331849e-07,5.629163832885098866e-08
1.741000000000000000e+03,2.535022542974082752e-09,6.242547411835129047e-07,5.498715692183932844e-08
1.742000000000000000e+03,2.532463962545534620e-09,6.231088436162588316e-07,5.368617335393180446e-08
1.743000000000000000e+03,2.529908688311293160e-09,6.219427821526283517e-07,5.238888760693957290e-08
1.744000000000000000e+03,2.527357317000141725e-09,6.207603391406676815e-07,5.109551977377657351e-08
1.745000000000000000e+03,2.524809841638096995e-09,6.195654445209957503e-07,4.980630180862981290e-08
1.746000000000000000e+03,2.522266255251199638e-09,6.183617324819162942e-07,4.852144132092668174e-08
1.747000000000000000e+03,2.519727150928055976e-09,6.171532058868607242e-07,4.724117527651215085e-08
1.748000000000000000e+03,2.517191320966177310e-09,6.159434256849378188e-07,4.596570596536445391e-08
1.749000000000000000e+03,2.514659359058600761e-09,6.147361742033305259e-07,4.469525347048537909e-08
1.750000000000000000e+03,2.512131258231443511e-09,6.135353799122025433e-07,4.343004821647936804e-08
1.751000000000000000e+03,2.509607608898248244e-09,6.123433506420294459e-07,4.217027802257966402e-08
1.752000000000000000e+03,2.507087206843087995e-09,6.111562813611149049e-07,4.091599067089190724e-08
1.753000000000000000e+03,2.504570641746355418e-09,6.099693310316924892e-07,3.966723272500952806e-08
1.754000000000000000e+03,2.502058500891093011e-09,6.087774393974558143e-07,3.842403523391292128e-08
1.755000000000000000e+03,2.499549583390715392e-09,6.075753291066708708e-07,3.718641596295973214e-08
1.756000000000000000e+03,2.497044477126286037e-09,6.063581578766321657e-07,3.595442013696911243e-08
1.757000000000000000e+03,2.494543173523390924e-09,6.051207213202103532e-07,3.472807053797541457e-08
1.758000000000000000e+03,2.492046257482339092e-09,6.038581758677195625e-07,3.350741107004816777e-08
1.759000000000000000e+03,2.489552532885915543e-09,6.025652455122615827e-07,3.229246081893442583e-08
1.760000000000000000e+03,2.487062585228827655e-09,6.012368709425022200e-07,3.108325171357274044e-08
1.761000000000000000e+03,2.484576997633797323e-09,5.998682072302022121e-07,2.987982635549157296e-08
1.762000000000000000e+03,2.482094577541687244e-09,5.984539797848723721e-07,2.868220513261882773e-08
1.763000000000000000e+03,2.479615908666922698e-09,5.969891293674500041e-07,2.749041996752214444e-08
1.764000000000000000e+03,2.477140982435255097e-09,5.954687386360237514e-07,2.630450904468402069e-08
1.765000000000000000e+03,2.474670379611806758e-09,5.938877473218079992e-07,2.512450343487279858e-08
1.766000000000000000e+03,2.472202912356487577e-09,5.922408834990199201e-07,2.395042565495181441e-08
1.767000000000000000e+03,2.469739162022553972e-09,5.905232996723454507e-07,2.278231617690620586e-08
1.768000000000000000e+03,2.467279707616241596e-09,5.887299355314636568e-07,2.162020607768388689e-08
1.769000000000000000e+03,2.464823364818095302e-09,5.868555210222293808e-07,2.046411912612700296e-08
1.770000000000000000e+03,2.462370713219832904e-09,5.848952068355465223e-07,1.931409454188167852e-08
1.771000000000000000e+03,2.459922330076721993e-09,5.828439326032866891e-07,1.817016340817672243e-08
1.772000000000000000e+03,2.457477034574082430e-09,5.806964304031483740e-07,1.703235072645007372e-08
1.773000000000000000e+03,2.455035404550032706e-09,5.784478488520474589e-07,1.590069448339184596e-08
1.774000000000000000e+03,2.452598015516740491e-09,5.760931275077759560e-07,1.477522576861302453e-08
1.775000000000000000e+03,2.450163690148549481e-09,5.736270008888984030e-07,1.365597079646045506e-08
1.776000000000000000e+03,2.447733004537859807e-09,5.710446152293201635e-07,1.254296634035514544e-08
1.777000000000000000e+03,2.445306532461556075e-09,5.683409099964824687e-07,1.143624349639158720e-08
1.778000000000000000e+03,2.442883100067356801e-09,5.655106225076526989e-07,1.033582967183467652e-08
1.779000000000000000e+03,2.440463281709781291e-09,5.625488962558891135e-07,9.241760446827146806e-09
1.780000000000000000e+03,2.438047649438184251e-09,5.594506706020085423e-07,8.154066924048313816e-09
1.781000000000000000e+03,2.435635032858129114e-09,5.562106860686367499e-07,7.072777683386335626e-09
1.782000000000000000e+03,2.433226004594026550e-09,5.528240830013295614e-07,5.997927132000473055e-09
1.783000000000000000e+03,2.430821134975405726e-09,5.492858006380090669e-07,4.929546379256165078e-09
1.784000000000000000e+03,2.428419257050252623e-09,5.455905831621272423e-07,3.867665157066125293e-09
1.785000000000000000e+03,2.426021519481565805e-09,5.417336318417142789e-07,2.812317055177601753e-09
1.786000000000000000e+03,2.423626757603765998e-09,5.377096921991903423e-07,1.763532184825197632e-09
1.787000000000000000e+03,2.421235541174877495e-09,5.335137061594534371e-07,7.213424139618178321e-10
1.788000000000000000e+03,2.418848437675018074e-09,5.291408048580020672e-07,-3.142205065195374567e-10
1.789000000000000000e+03,2.416464285855569977e-09,5.245857381613107137e-07,-1.343125341297442734e-09
1.790000000000000000e+03,2.414083653764915378e-09,5.198434482129958997e-07,-2.365340229701728611e-09
1.791000000000000000e+03,2.411707107183615334e-09,5.149090612929850749e-07,-3.380834523978543192e-09
1.792000000000000000e+03,2.409333488264886124e-09,5.097773321811798306e-07,-4.389575886027527712e-09
1.793000000000000000e+03,2.406963936580290078e-09,5.044433234242849639e-07,-5.391533746929559176e-09
1.794000000000000000e+03,2.404597296542583270e-09,4.989017953241752324e-07,-6.386674687357132545e-09
1.795000000000000000e+03,2.402234133367545620e-09,4.931478686966600227e-07,-7.374969141143753505e-09
1.796000000000000000e+03,2.399875010019781704e-09,4.871764820584821151e-07,-8.356385968776313635e-09
1.797000000000000000e+03,2.397518774288909876e-09,4.809824019101349272e-07,-9.330890691675936780e-09
1.798000000000000000e+03,2.395166560118580157e-09,4.745607994515524922e-07,-1.029845602993575280e-08
1.799000000000000000e+03,2.392817217541405432e-09,4.679064434151354268e-07,-1.125904715687209187e-08
1.800000000000000000e+03,2.390471308961347108e-09,4.610142767904793863e-07,-1.221263223681850898e-08
1.801000000000000000e+03,2.388129394962426144e-09,4.538840027552595185e-07,-1.315924253936641055e-08
1.802000000000000000e+03,2.385790331003433684e-09,4.465333863007124354e-07,-1.409913419810776726e-08
1.803000000000000000e+03,2.383455247929979373e-09,4.389850621352883370e-07,-1.503262935322028342e-08
1.804000000000000000e+03,2.381123003842287724e-09,4.312614008627498104e-07,-1.596004152747111512e-08
1.805000000000000000e+03,2.378794160841780076e-09,4.233850867694296911e-07,-1.688169498625358232e-08
1.806000000000000000e+03,2.376469278811394257e-09,4.153786444242846356e-07,-1.779790895211227010e-08
1.807000000000000000e+03,2.374147219179151185e-09,4.072644527373635797e-07,-1.870899595786335113e-08
1.808000000000000000e+03,2.371829107244471162e-09,3.990652349639638427e-07,-1.961528359159005970e-08
1.809000000000000000e+03,2.369513806645828767e-09,3.908033728303200161e-07,-2.051708405936747518e-08
1.810000000000000000e+03,2.367202440475467931e-09,3.825014876174367638e-07,-2.141472103112666476e-08
1.811000000000000000e+03,2.364893874575883493e-09,3.741819698141037227e-07,-2.230850574487812930e-08
1.812000000000000000e+03,2.362588667174711551e-09,3.658674832259521878e-07,-2.319876474233972364e-08
1.813000000000000000e+03,2.360287374303618061e-09,3.575805519675098745e-07,-2.408581723062388333e-08
1.814000000000000000e+03,2.357988865099121313e-09,3.493435753036284112e-07,-2.496997349143842365e-08
1.815000000000000000e+03,2.355694257163566363e-09,3.411792486444325266e-07,-2.585156409835888408e-08
1.816000000000000000e+03,2.353402421821509390e-09,3.331099741148562992e-07,-2.673089901597285482e-08
1.817000000000000000e+03,2.351114474490493491e-09,3.251583589691746290e-07,-2.760830339348407222e-08
1.818000000000000000e+03,2.348829288676762468e-09,3.173468138884809686e-07,-2.848408625149224774e-08
1.819000000000000000e+03,2.346547977619396557e-09,3.096980187788831486e-07,-2.935857983762503819e-08
1.820000000000000000e+03,2.344269416999999255e-09,3.022343870295485385e-07,-3.023209285835272058e-08
1.821000000000000000e+03,2.341994717885505115e-09,2.949785183199312618e-07,-3.110495129555653030e-08
1.822000000000000000e+03,2.339722758126570487e-09,2.879528339461402365e-07,-3.197746291795646260e-08
1.823000000000000000e+03,2.337454646624278673e-09,2.811799994644311067e-07,-3.284996163614325387e-08
1.824000000000000000e+03,2.335189263392057268e-09,2.746824385981835859e-07,-3.372275490587503366e-08
1.825000000000000000e+03,2.332927159567244221e-09,2.684826802421507451e-07,-3.459616129700348300e-08
1.826000000000000000e+03,2.330668884132272724e-09,2.626033468671188481e-07,-3.547051205308497465e-08
1.827000000000000000e+03,2.328413320332999475e-09,2.570668384052603490e-07,-3.634610936304818617e-08
1.828000000000000000e+03,2.326161571683263250e-09,2.518958051416600154e-07,-3.722328921535936232e-08
1.829000000000000000e+03,2.323912523576085989e-09,2.471126816214268118e-07,-3.810235750164277322e-08
1.830000000000000000e+03,2.321667277381303954e-09,2.427400537383712682e-07,-3.898364207327888350e-08
1.831000000000000000e+03,2.319424720632902537e-09,2.388003610710905027e-07,-3.986744787817850337e-08
1.832000000000000000e+03,2.317185676634147624e-09,2.353162446631788073e-07,-4.075411257837214693e-08
1.833000000000000000e+03,2.314949587177398141e-09,2.323101454177926388e-07,-4.164394080477000635e-08
1.834000000000000000e+03,2.312717273167811706e-09,2.298046453432940839e-07,-4.253726124908651506e-08
1.835000000000000000e+03,2.310487626402794113e-09,2.278221884713639426e-07,-4.343437758698017546e-08
1.836000000000000000e+03,2.308261741857214393e-09,2.263854099907083698e-07,-4.433562917455819581e-08
1.837000000000000000e+03,2.306038513450975813e-09,2.255167545581820081e-07,-4.524131936572077564e-08
1.838000000000000000e+03,2.303819034039563439e-09,2.252388021617259784e-07,-4.615177770520342155e-08
1.839000000000000000e+03,2.301602747807796057e-09,2.255740520325750960e-07,-4.706731778722201756e-08
1.840000000000000000e+03,2.299389101052300277e-09,2.265449763664452071e-07,-4.798824705447119524e-08
1.841000000000000000e+03,2.297179183460907335e-09,2.281742088443080711e-07,-4.891490702434119083e-08
1.842000000000000000e+03,2.294971894233094643e-09,2.304841943699477311e-07,-4.984759942047232189e-08
1.843000000000000000e+03,2.292768320952510982e-09,2.334975135537125028e-07,-5.078665487915265397e-08
1.844000000000000000e+03,2.290567364919851605e-09,2.372366087290283168e-07,-5.173237412281206444e-08
1.845000000000000000e+03,2.288370111620620427e-09,2.417241178533253188e-07,-5.268510044462193110e-08
1.846000000000000000e+03,2.286175464450706186e-09,2.469824818406822702e-07,-5.364513422788320763e-08
1.847000000000000000e+03,2.283984506803481122e-09,2.530342847330830465e-07,-5.461280700822671693e-08
1.848000000000000000e+03,2.281796144164023367e-09,2.599019617135386069e-07,-5.558841813842895553e-08
1.849000000000000000e+03,2.279611457839569717e-09,2.676081606349768141e-07,-5.657231273955623088e-08
1.850000000000000000e+03,2.277429355398402220e-09,2.761753141430945935e-07,-5.756478981457326353e-08
1.851000000000000000e+03,2.275250916023090915e-09,2.856156360672222663e-07,-5.856594979303722738e-08
1.852000000000000000e+03,2.273075049136653651e-09,2.958996666966635842e-07,-5.957493044418990084e-08
1.853000000000000000e+03,2.270902831624931047e-09,3.069878104512360187e-07,-6.059068657805848409e-08
1.854000000000000000e+03,2.268733715262965667e-09,3.188402654358204974e-07,-6.161213091199022760e-08
1.855000000000000000e+03,2.266567153892662624e-09,3.314172583769262653e-07,-6.263818265574956795e-08
1.856000000000000000e+03,2.264404221299631373e-09,3.446791329064524818e-07,-6.366778328105188967e-08
1.857000000000000000e+03,2.262243832029596963e-09,3.585860319427575027e-07,-6.469983670988440752e-08
1.858000000000000000e+03,2.260087057808712874e-09,3.730983892554362369e-07,-6.573330019794353978e-08
1.859000000000000000e+03,2.257932815239287331e-09,3.881763429400073510e-07,-6.676707730237309985e-08
1.860000000000000000e+03,2.255782173993879242e-09,4.037802501124162938e-07,-6.780011048463748465e-08
1.861000000000000000e+03,2.253634589456883733e-09,4.198703328940375587e-07,-6.883131859553862623e-08
1.862000000000000000e+03,2.251489519059039846e-09,4.364067539402266377e-07,-6.985961167468896330e-08
1.863000000000000000e+03,2.249348029403453478e-09,4.533499838179340412e-07,-7.088394944647030047e-08
1.864000000000000000e+03,2.247209042208347244e-09,4.706601331830990490e-07,-7.190323363415494963e-08
1.865000000000000000e+03,2.245073622037781751e-09,4.882975788576515116e-07,-7.291640793323114590e-08
1.866000000000000000e+03,2.242941226832316404e-09,5.062225337019927621e-07,-7.392239058902715195e-08
1.867000000000000000e+03,2.240811316564376801e-09,5.243951397081924479e-07,-7.492009044363052241e-08
1.868000000000000000e+03,2.238684952750284023e-09,5.427759093217788997e-07,-7.590846964920120376e-08
1.869000000000000000e+03,2.236561062187988410e-09,5.613249221256725979e-07,-7.688642813061473885e-08
1.870000000000000000e+03,2.234440704369165313e-09,5.800025767151263918e-07,-7.785291078414486050e-08
1.871000000000000000e+03,2.232322808113608313e-09,5.987689329534578175e-07,-7.880681649070882439e-08
1.872000000000000000e+03,2.230208430894066158e-09,6.175845388601851977e-07,-7.974710927235608990e-08
1.873000000000000000e+03,2.228097034199401162e-09,6.364095235444296684e-07,-8.067269728231881749e-08
1.874000000000000000e+03,2.225988081530335223e-09,6.552040763007037434e-07,-8.158249750445138345e-08
1.875000000000000000e+03,2.223882627341890161e-09,6.739286183817461719e-07,-8.247545597061310721e-08
1.876000000000000000e+03,2.221780134632915479e-09,6.925433414391164141e-07,-8.335048977622896253e-08
1.877000000000000000e+03,2.219680068405632977e-09,7.110083436041436390e-07,-8.420650556713280104e-08
1.878000000000000000e+03,2.217583480110067031e-09,7.292842268577537440e-07,-8.504246997262578678e-08
1.879000000000000000e+03,2.215489306596575498e-09,7.473310048355775130e-07,-8.585727961898385023e-08
1.880000000000000000e+03,2.213398597318882431e-09,7.651091211488236238e-07,-8.664988157649034940e-08
1.881000000000000000e+03,2.211310817778344477e-09,7.825787566843590497e-07,-8.741919242810227540e-08
1.882000000000000000e+03,2.209225435465666561e-09,7.996999887424158057e-07,-8.816411788484789486e-08
1.883000000000000000e+03,2.207143496850608841e-09,8.164334622280270638e-07,-8.888362649754484729e-08
1.884000000000000000e+03,2.205064468927613784e-09,8.327392586433548614e-07,-8.957662415802044957e-08
1.885000000000000000e+03,2.202987820672134155e-09,8.485775449020803252e-07,-9.024202683625129982e-08
1.886000000000000000e+03,2.200914595582476495e-09,8.639087893821199742e-07,-9.087878267529736728e-08
1.887000000000000000e+03,2.198843738449823353e-09,8.786929516717586427e-07,-9.148578593300878033e-08
1.888000000000000000e+03,2.196776290798420529e-09,8.928907152159352174e-07,-9.206200678511895753e-08
1.889000000000000000e+03,2.194711722097294082e-09,9.064621424393948670e-07,-9.260635030728994906e-08
1.890000000000000000e+03,2.192649503782703681e-09,9.193673921216482469e-07,-9.311773213499072200e-08
1.891000000000000000e+03,2.190590674428106545e-09,9.315669501764586386e-07,-9.359510112344459097e-08
1.892000000000000000e+03,2.188534704979010975e-09,9.430209770389115092e-07,-9.403737297223502765e-08
1.893000000000000000e+03,2.186481068339959861e-09,9.536895139765720705e-07,-9.444345191401106067e-08
1.894000000000000000e+03,2.184430800145918713e-09,9.635332815604513037e-07,-9.481230959281162346e-08
1.895000000000000000e+03,2.182383372812720537e-09,9.725123237228620734e-07,-9.514285034136315060e-08
1.896000000000000000e+03,2.180338260707094712e-09,9.805867923058429817e-07,-9.543398952879428393e-08
1.897000000000000000e+03,2.178296496537723811e-09,9.877171887667695576e-07,-9.568467659877548052e-08
1.898000000000000000e+03,2.176257554184656814e-09,9.938636660278437110e-07,-9.589382695831600589e-08
1.899000000000000000e+03,2.174220909470749253e-09,9.989862549199548518e-07,-9.606034446440414866e-08
1.900000000000000000e+03,2.172187592190533018e-09,1.003045699330318749e-06,-9.618320159977026198e-08
1.901000000000000000e+03,2.170157077921124411e-09,1.006015314560379687e-06,-9.626172301041459404e-08
1.902000000000000000e+03,2.168128845130123536e-09,1.007921665147900257e-06,-9.629692770105829860e-08
1.903000000000000000e+03,2.166103922143515601e-09,1.008804958781568278e-06,-9.629028983276545823e-08
1.904000000000000000e+03,2.164081787185156228e-09,1.008705043243763961e-06,-9.624324915644027551e-08
1.905000000000000000e+03,2.162061920405691713e-09,1.007661646035300416e-06,-9.615723397952121216e-08
1.906000000000000000e+03,2.160045347240970052e-09,1.005715215232207083e-06,-9.603374135968661019e-08
1.907000000000000000e+03,2.158031547360957100e-09,1.002905477963094490e-06,-9.587419957940293096e-08
1.908000000000000000e+03,2.156020515851378628e-09,9.992724016041143286e-07,-9.568005984717419935e-08
1.909000000000000000e+03,2.154011734779120095e-09,9.948558349713579864e-07,-9.545276199950918218e-08
1.910000000000000000e+03,2.152006225745033236e-09,9.896959829471679757e-07,-9.519378001145047722e-08
1.911000000000000000e+03,2.150003470337960944e-09,9.838326937025934123e-07,-9.490455368811602202e-08
1.912000000000000000e+03,2.148002952055070815e-09,9.773057015553346828e-07,-9.458651169603616711e-08
1.913000000000000000e+03,2.146005689634775096e-09,9.701554409448442643e-07,-9.424115038244637864e-08
1.914000000000000000e+03,2.144011166098165851e-09,9.624216445102497285e-07,-9.386989833362840426e-08
1.915000000000000000e+03,2.142018866366814035e-09,9.541441655597076325e-07,-9.347419560877713730e-08
1.916000000000000000e+03,2.140029806328459055e-09,9.453631993516226466e-07,-9.305551571769278688e-08
1.917000000000000000e+03,2.138043470430552204e-09,9.361185980892105065e-07,-9.261529866811958577e-08
1.918000000000000000e+03,2.136059853758916861e-09,9.264503285583057393e-07,-9.215499564712739011e-08
1.919000000000000000e+03,2.134078443125242846e-09,9.163981391719204237e-07,-9.167603599951304014e-08
1.920000000000000000e+03,2.132100250634563114e-09,9.060024357095390968e-07,-9.117991470677964921e-08
1.921000000000000000e+03,2.130124762627037313e-09,8.953029640657720903e-07,-9.066806099513916701e-08
1.922000000000000000e+03,2.128151974188528526e-09,8.843396907884224265e-07,-9.014192604301861667e-08
1.923000000000000000e+03,2.126181374010526362e-09,8.731524783614150314e-07,-8.960295035359286058e-08
1.924000000000000000e+03,2.124213970436010367e-09,8.617815025862310533e-07,-8.905260651304716485e-08
1.925000000000000000e+03,2.122249251687514165e-09,8.502666244952500914e-07,-8.849233495603928796e-08
1.926000000000000000e+03,2.120286707859653571e-09,8.386476106094303800e-07,-8.792356590622748479e-08
1.927000000000000000e+03,2.118327344487331784e-09,8.269648295564778647e-07,-8.734779256125278796e-08
1.928000000000000000e+03,2.116370651198123558e-09,8.152580449656622485e-07,-8.676644500479217866e-08
1.929000000000000000e+03,2.114416623077959390e-09,8.035672229706122183e-07,-8.618097440023403357e-08
1.930000000000000000e+03,2.112464752083379926e-09,7.919322353154678184e-07,-8.559282171335750637e-08
1.931000000000000000e+03,2.110516040023019202e-09,7.803932380587763658e-07,-8.500345856467193742e-08
1.932000000000000000e+03,2.108569978388917901e-09,7.689901014397872899e-07,-8.441432584558111135e-08
1.933000000000000000e+03,2.106626562267043744e-09,7.577627913588579920e-07,-8.382687471100341946e-08
1.934000000000000000e+03,2.104685285465750748e-09,7.467510957578585244e-07,-8.324253648259641024e-08
1.935000000000000000e+03,2.102747146087646141e-09,7.359953387879326551e-07,-8.266280211160856856e-08
1.936000000000000000e+03,2.100811637479104809e-09,7.255353056439235912e-07,-8.208910277600593995e-08
1.937000000000000000e+03,2.098878754726132938e-09,7.154109619881575470e-07,-8.152288962206404298e-08
1.938000000000000000e+03,2.096947993478860910e-09,7.056621893694062422e-07,-8.096560414959706104e-08
1.939000000000000000e+03,2.095020348153963012e-09,6.963291225602913110e-07,-8.041871685464655828e-08
1.940000000000000000e+03,2.093095313942089820e-09,6.874516418293646889e-07,-7.988366916632763085e-08
1.941000000000000000e+03,2.091172885929288466e-09,6.790697126056811985e-07,-7.936191222244591782e-08
1.942000000000000000e+03,2.089253059201612698e-09,6.712233002611685845e-07,-7.885489715873274077e-08
1.943000000000000000e+03,2.087335331697413527e-09,6.639522119341958003e-07,-7.836405643981062552e-08
1.944000000000000000e+03,2.085420693253972600e-09,6.572967308208075758e-07,-7.789087864805201711e-08
1.945000000000000000e+03,2.083508641353263465e-09,6.512966622034668200e-07,-7.743679612666114620e-08
1.946000000000000000e+03,2.081599171081379989e-09,6.459919712160694550e-07,-7.700326000272643516e-08
1.947000000000000000e+03,2.079691782196138419e-09,6.414225465307239051e-07,-7.659171227784760141e-08
1.948000000000000000e+03,2.077787460893547768e-09,6.376285064283011573e-07,-7.620362236801860088e-08
1.949000000000000000e+03,2.075885706477508511e-09,6.346497389176321221e-07,-7.584043222149951430e-08
1.950000000000000000e+03,2.073986514034152976e-09,6.325262088993418597e-07,-7.550359295690880515e-08
1.951000000000000000e+03,2.072089878596738455e-09,6.312845463770122989e-07,-7.519409922200146579e-08
1.952000000000000000e+03,2.070195301919228073e-09,6.308978916732732875e-07,-7.491110194212153826e-08
1.953000000000000000e+03,2.068303765356286235e-09,6.313265011232315303e-07,-7.465334917619213955e-08
1.954000000000000000e+03,2.066414770158125968e-09,6.325301802320610652e-07,-7.441953531702047173e-08
1.955000000000000000e+03,2.064528311093622749e-09,6.344688849564830684e-07,-7.420837267314852935e-08
1.956000000000000000e+03,2.062644382931660743e-09,6.371025713104569672e-07,-7.401857355495890954e-08
1.957000000000000000e+03,2.060762489618740413e-09,6.403911190830809239e-07,-7.384884147794967684e-08
1.958000000000000000e+03,2.058883608015825715e-09,6.442946365019828957e-07,-7.369790636761076953e-08
1.959000000000000000e+03,2.057007241621568293e-09,6.487730038672691397e-07,-7.356447172306097754e-08
1.960000000000000000e+03,2.055133385204894084e-09,6.537861774266222610e-07,-7.344724986219867427e-08
1.961000000000000000e+03,2.053262033534738951e-09,6.592941134849634336e-07,-7.334495310476287545e-08
1.962000000000000000e+03,2.051393181380049508e-09,6.652567684044517652e-07,-7.325629377233321263e-08
1.963000000000000000e+03,2.049526335362047404e-09,6.716339385967423652e-07,-7.317996675418817689e-08
1.964000000000000000e+03,2.047662466988861546e-09,6.783858989453349567e-07,-7.311471925941015612e-08
1.965000000000000000e+03,2.045801082437448107e-09,6.854724475052701272e-07,-7.305924616309216887e-08
1.966000000000000000e+03,2.043942176476792582e-09,6.928535408772006514e-07,-7.301225979448300212e-08
1.967000000000000000e+03,2.042085743875892872e-09,7.004891357190170265e-07,-7.297247248467211160e-08
1.968000000000000000e+03,2.040231779403755149e-09,7.083391887458485300e-07,-7.293859656658950270e-08
1.969000000000000000e+03,2.038379792334997943e-09,7.163635713978821072e-07,-7.290933569015245854e-08
1.970000000000000000e+03,2.036530748867613759e-09,7.245224101971849151e-07,-7.288341956476299228e-08
1.971000000000000000e+03,2.034684157835488958e-09,7.327755776590832423e-07,-7.285955184069159977e-08
1.972000000000000000e+03,2.032840014007671483e-09,7.410830307324296500e-07,-7.283644485838410240e-08
1.973000000000000000e+03,2.030998312153218794e-09,7.494047264233148448e-07,-7.281281096012697706e-08
1.974000000000000000e+03,2.029159047041199514e-09,7.577006217950678909e-07,-7.278736249004730328e-08
1.975000000000000000e+03,2.027321730578568624e-09,7.659304914947820253e-07,-7.275879446022913521e-08
1.976000000000000000e+03,2.025487323695343625e-09,7.740546557116641363e-07,-7.272585389408947386e-08
1.977000000000000000e+03,2.023655337861239267e-09,7.820328911775955721e-07,-7.268723580090473711e-08
1.978000000000000000e+03,2.021825767845364296e-09,7.898251551943990640e-07,-7.264165253247114665e-08
1.979000000000000000e+03,2.019998608416837379e-09,7.973914051211349592e-07,-7.258781644242563264e-08
1.980000000000000000e+03,2.018173854344787941e-09,8.046915983741022798e-07,-7.252443988624567490e-08
1.981000000000000000e+03,2.016351500398354915e-09,8.116856924268381936e-07,-7.245023522124932938e-08
1.982000000000000000e+03,2.014531061529297139e-09,8.183335473309363005e-07,-7.236390618666958594e-08
1.983000000000000000e+03,2.012713492574230121e-09,8.245953148868434500e-07,-7.226418239523317287e-08
1.984000000000000000e+03,2.010898308051688432e-09,8.304308560573329473e-07,-7.214976757972835048e-08
1.985000000000000000e+03,2.009085502730851541e-09,8.358001285496652436e-07,-7.201937410498899067e-08
1.986000000000000000e+03,2.007275071380909666e-09,8.406630901283389355e-07,-7.187171433768967385e-08
1.987000000000000000e+03,2.005467008771062956e-09,8.449796986150911888e-07,-7.170550064634547715e-08
1.988000000000000000e+03,2.003661309670521482e-09,8.487099118888977383e-07,-7.151944540131213320e-08
1.989000000000000000e+03,2.001857968848504417e-09,8.518136878859732055e-07,-7.131226097478604342e-08
1.990000000000000000e+03,2.000056504702447687e-09,8.542507810839138505e-07,-7.108264280614607166e-08
1.991000000000000000e+03,1.998257865173350986e-09,8.559815561527101396e-07,-7.082933720092710414e-08
1.992000000000000000e+03,1.996461568229940314e-09,8.569657682747072152e-07,-7.055103954780217726e-08
1.993000000000000000e+03,1.994667608641477442e-09,8.571633756246118835e-07,-7.024646222663680814e-08
1.994000000000000000e+03,1.992875981177232414e-09,8.565343364343703670e-07,-6.991431761913723563e-08
1.995000000000000000e+03,1.991086680606486440e-09,8.550386089931659747e-07,-6.955331810885011588e-08
1.996000000000000000e+03,1.989299701698530244e-09,8.526361516474204790e-07,-6.916217608116287968e-08
1.997000000000000000e+03,1.987515039222664473e-09,8.492869228007949622e-07,-6.873960392330349425e-08
1.998000000000000000e+03,1.985732687948200531e-09,8.449508809141885466e-07,-6.828431402434055586e-08
1.999000000000000000e+03,1.983952170106241742e-09,8.395878844941135627e-07,-6.779501069944840389e-08
2.000000000000000000e+03,1.982174425965750483e-09,8.331580929050752890e-07,-6.727042255533258960e-08
2.001000000000000000e+03,1.980398977627873800e-09,8.256365072142470927e-07,-6.670967966941457856e-08
2.002000000000000000e+03,1.978625821330802303e-09,8.170588014739875972e-07,-6.611362352053351103e-08
2.003000000000000000e+03,1.976854953606500625e-09,8.074757927550465029e-07,-6.548352140271590087e-08
2.004000000000000000e+03,1.975086370986940840e-09,7.969382980555336585e-07,-6.482064060817670994e-08
2.005000000000000000e+03,1.973320070004100817e-09,7.854971343009219200e-07,-6.412624842731946719e-08
2.006000000000000000e+03,1.971556047189966694e-09,7.732031183440452449e-07,-6.340161214873622899e-08
2.007000000000000000e+03,1.969794299076528744e-09,7.601070669650992215e-07,-6.264799905920760556e-08
2.008000000000000000e+03,1.968034822195785101e-09,7.462597968716408570e-07,-6.186667644370269481e-08
2.009000000000000000e+03,1.966277613079740928e-09,7.317121246985890014e-07,-6.105891158537916177e-08
2.010000000000000000e+03,1.964522200347464282e-09,7.165146963051957016e-07,-6.022595741730342306e-08
2.011000000000000000e+03,1.962769516774093805e-09,7.007186733503577030e-07,-5.936911011970070005e-08
2.012000000000000000e+03,1.961019090560939087e-09,6.843746979153998069e-07,-5.848962242327751265e-08
2.013000000000000000e+03,1.959270918240032999e-09,6.675335863325810620e-07,-5.758876160364375424e-08
2.014000000000000000e+03,1.957524996343412554e-09,6.502461548615220422e-07,-5.666779493459780593e-08
2.015000000000000000e+03,1.955781321403124273e-09,6.325632196892050581e-07,-5.572798968812666883e-08
2.016000000000000000e+03,1.954039889951218814e-09,6.145355969299737333e-07,-5.477061313440577221e-08
2.017000000000000000e+03,1.952300698519755109e-09,5.962141026255335342e-07,-5.379693254179911245e-08
2.018000000000000000e+03,1.950563743640798291e-09,5.776495527449515578e-07,-5.280821517685923315e-08
2.019000000000000000e+03,1.948829021846419285e-09,5.588927631846565320e-07,-5.180572830432720535e-08
2.020000000000000000e+03,1.947096529668697287e-09,5.399945497684382862e-07,-5.079073918713260759e-08
2.021000000000000000e+03,1.945366263639716044e-09,5.210057282474491276e-07,-4.976451508639359216e-08
2.022000000000000000e+03,1.943638220291567571e-09,5.019771143002027823e-07,-4.872832326141684537e-08
2.023000000000000000e+03,1.941912396156349264e-09,4.829595235325738664e-07,-4.768343096969752135e-08
2.024000000000000000e+03,1.940188787766166376e-09,4.640037714777996324e-07,-4.663110546691935457e-08
2.025000000000000000e+03,1.938467391653129535e-09,4.451606735964779048e-07,-4.557261400695462015e-08
2.026000000000000000e+03,1.936747743048150445e-09,4.264809944736879264e-07,-4.450921853987742795e-08
2.027000000000000000e+03,1.935030761494502948e-09,4.080156532301081244e-07,-4.344219704701337864e-08
2.028000000000000000e+03,1.933315981813851139e-09,3.898154120743686582e-07,-4.237281134799245605e-08
2.029000000000000000e+03,1.931603400538332945e-09,3.719310861704611898e-07,-4.130232868929008108e-08
2.030000000000000000e+03,1.929893014200093322e-09,3.544134906097390652e-07,-4.023201631557022194e-08
2.031000000000000000e+03,1.928184819331284260e-09,3.373134404109170494e-07,-3.916314146968540067e-08
2.032000000000000000e+03,1.926478812464063122e-09,3.206817505200720677e-07,-3.809697139267662040e-08
2.033000000000000000e+03,1.924774990130595545e-09,3.045692358106420936e-07,-3.703477332377345796e-08
2.034000000000000000e+03,1.923073348863053370e-09,2.890267110834267848e-07,-3.597781450039399776e-08
2.035000000000000000e+03,1.921373885193613815e-09,2.741049910665876940e-07,-3.492736215814489791e-08
2.036000000000000000e+03,1.919676595654461954e-09,2.598548904156479523e-07,-3.388468353082128435e-08
2.037000000000000000e+03,1.917981476777788239e-09,2.463272237134920565e-07,-3.285104585040686338e-08
2.038000000000000000e+03,1.916288525095791395e-09,2.335728054703664521e-07,-3.182771634707384885e-08
2.039000000000000000e+03,1.914597737140675521e-09,2.216424501238789771e-07,-3.081596224918302829e-08
2.040000000000000000e+03,1.912909109444651337e-09,2.105869720389991267e-07,-2.981705078328365711e-08
2.041000000000000000e+03,1.911222638539936591e-09,2.004571855080581065e-07,-2.883224917411357105e-08
2.042000000000000000e+03,1.909538320958756062e-09,1.913039047507487529e-07,-2.786282464459912663e-08
2.043000000000000000e+03,1.907856153233340322e-09,1.831779439141254270e-07,-2.691004441585520775e-08
2.044000000000000000e+03,1.906176131895926558e-09,1.761301170726040416e-07,-2.597517570718522241e-08
2.045000000000000000e+03,1.904498253478758576e-09,1.702112382279623785e-07,-2.505948573608113912e-08
2.046000000000000000e+03,1.902822514514087624e-09,1.654721213093397178e-07,-2.416424171822343059e-08
2.047000000000000000e+03,1.901148911534170744e-09,1.619635801732368381e-07,-2.329071086748112011e-08
2.048000000000000000e+03,1.899477441071272007e-09,1.597364286035163343e-07,-2.244016039591174182e-08
2.049000000000000000e+03,1.897808099657660859e-09,1.588414803114023525e-07,-2.161385751376139035e-08
2.050000000000000000e+03,1.896140883825615849e-09,1.593295489354806168e-07,-2.081306942946466785e-08
2.051000000000000000e+03,1.894475790001265089e-09,1.612343483255016241e-07,-2.003872405363718646e-08
2.052000000000000000e+03,1.892812814186128754e-09,1.645211934426768419e-07,-1.929039211202293812e-08
2.053000000000000000e+03,1.891151952275579893e-09,1.691382995938215151e-07,-1.856730503521449287e-08
2.054000000000000000e+03,1.889493200164999002e-09,1.750338821597732569e-07,-1.786869425490302577e-08
2.055000000000000000e+03,1.887836553749774846e-09,1.821561565953921014e-07,-1.719379120387828718e-08
2.056000000000000000e+03,1.886182008925303636e-09,1.904533384295604243e-07,-1.654182731602866224e-08
2.057000000000000000e+03,1.884529561586989442e-09,1.998736432651829430e-07,-1.591203402634113124e-08
2.058000000000000000e+03,1.882879207630245431e-09,2.103652867791869547e-07,-1.530364277090127949e-08
2.059000000000000000e+03,1.881230942950490148e-09,2.218764847225219394e-07,-1.471588498689329403e-08
2.060000000000000000e+03,1.879584763443152063e-09,2.343554529201596656e-07,-1.414799211259997855e-08
2.061000000000000000e+03,1.877940665003666680e-09,2.477504072710948261e-07,-1.359919558740272023e-08
2.062000000000000000e+03,1.876298643527476944e-09,2.620095637483438726e-07,-1.306872685178152623e-08
2.063000000000000000e+03,1.874658694910034073e-09,2.770811383989458898e-07,-1.255581734731500043e-08
2.064000000000000000e+03,1.873020815046797559e-09,2.929133473439624628e-07,-1.205969851668036172e-08
2.065000000000000000e+03,1.871384999833233508e-09,3.094544067784774918e-07,-1.157960180365343070e-08
2.066000000000000000e+03,1.869751245164816713e-09,3.266525329715969274e-07,-1.111475865310862143e-08
2.067000000000000000e+03,1.868119546937029413e-09,3.444559422664498825e-07,-1.066440051101896296e-08
2.068000000000000000e+03,1.866489901045362116e-09,3.628128510801870969e-07,-1.022775882445608438e-08
2.069000000000000000e+03,1.864862303385312777e-09,3.816714759039820488e-07,-9.804065041590228122e-09
2.070000000000000000e+03,1.863236749852388035e-09,4.009800333030305320e-07,-9.392550611690230076e-09
2.071000000000000000e+03,1.861613679757017143e-09,4.206867900300202170e-07,-8.992448056330860010e-09
2.072000000000000000e+03,1.859992201778881875e-09,4.407398649600535569e-07,-8.602986638170079005e-09
2.073000000000000000e+03,1.858372755614918244e-09,4.610875226401555979e-07,-8.223398928549458917e-09
2.074000000000000000e+03,1.856755337160662254e-09,4.816779799254431415e-07,-7.852916381040710063e-09
2.075000000000000000e+03,1.855139942311658593e-09,5.024594537450550923e-07,-7.490770450314146149e-09
2.076000000000000000e+03,1.853526566963458984e-09,5.233801611021531996e-07,-7.136192592138685092e-09
2.077000000000000000e+03,1.851915207011621765e-09,5.443883190739214221e-07,-6.788414263381849853e-09
2.078000000000000000e+03,1.850305858351716233e-09,5.654321448115662451e-07,-6.446666922009769261e-09
2.079000000000000000e+03,1.848698516879315410e-09,5.864598555403160456e-07,-6.110182027087171395e-09
2.080000000000000000e+03,1.847093178490003897e-09,6.074196685594222572e-07,-5.778191038777397648e-09
2.081000000000000000e+03,1.845489839079372498e-09,6.282598012421584164e-07,-5.449925418342386182e-09
2.082000000000000000e+03,1.843888494543019050e-09,6.489284710358203752e-07,-5.124616628142685992e-09
2.083000000000000000e+03,1.842289140776550075e-09,6.693738954617260888e-07,-4.801496131637446148e-09
2.084000000000000000e+03,1.840691773675581193e-09,6.895442921152167806e-07,-4.479795393384419937e-09
2.085000000000000000e+03,1.839096389135732988e-09,7.093878786656552478e-07,-4.158745879039970651e-09
2.086000000000000000e+03,1.837502983052636382e-09,7.288528728564269205e-07,-3.837579055359062484e-09
2.087000000000000000e+03,1.835911551321928090e-09,7.478874925049395439e-07,-3.515526390195263433e-09
2.088000000000000000e+03,1.834322526757168513e-09,7.664401381049754373e-07,-3.191820112943515716e-09
2.089000000000000000e+03,1.832735031040264415e-09,7.844586667102171710e-07,-2.865690095069685795e-09
2.090000000000000000e+03,1.831149497363177000e-09,8.018914745300144448e-07,-2.536368645104896492e-09
2.091000000000000000e+03,1.829565921621572967e-09,8.186867796655272297e-07,-2.203087235114032510e-09
2.092000000000000000e+03,1.827984299711128941e-09,8.347928002919384470e-07,-1.865077338260588555e-09
2.093000000000000000e+03,1.826404627527528164e-09,8.501577546584534389e-07,-1.521570428806658379e-09
2.094000000000000000e+03,1.824826900966462979e-09,8.647298610882990159e-07,-1.171797982112944494e-09
2.095000000000000000e+03,1.823251115923631516e-09,8.784573379787253624e-07,-8.149914746387525971e-10
2.096000000000000000e+03,1.821677268294742040e-09,8.912884038010055073e-07,-4.503823839419931125e-10
2.097000000000000000e+03,1.820105353975508193e-09,9.031712771004325712e-07,-7.720218867918105537e-11
2.098000000000000000e+03,1.818535368861653543e-09,9.140541764963247425e-07,3.053176313945637252e-10
2.099000000000000000e+03,1.816967308848908274e-09,9.238853206820208311e-07,6.979455954255170885e-10
2.100000000000000000e+03,1.815401602246512581e-09,9.326130395216506905e-07,1.101450352670724934e-09
2.101000000000000000e+03,1.813837380034118643e-09,9.402000929294940708e-07,1.516370573153154864e-09
2.102000000000000000e+03,1.812275072310253858e-09,9.466686216513835497e-07,1.942326686804511329e-09
2.103000000000000000e+03,1.810714676670402622e-09,9.520554186983989063e-07,2.378709407159341429e-09
2.104000000000000000e+03,1.809156190710052635e-09,9.563972770290261614e-07,2.824909448623142722e-09
2.105000000000000000e+03,1.807599612024697598e-09,9.597309895491570488e-07,3.280317526472372533e-09
2.106000000000000000e+03,1.806044938209834726e-09,9.620933491120908146e-07,3.744324356854434929e-09
2.107000000000000000e+03,1.804492166860966404e-09,9.635211485185324176e-07,4.216320656787689398e-09
2.108000000000000000e+03,1.802941295573599772e-09,9.640511805165939057e-07,4.695697144161447957e-09
2.109000000000000000e+03,1.801392751021692928e-09,9.637204674073061719e-07,5.181845772305956855e-09
2.110000000000000000e+03,1.799845672275568787e-09,9.625653423474408052e-07,5.674154909005150341e-09
2.111000000000000000e+03,1.798300486377944217e-09,9.606228276203731440e-07,6.172016393361431433e-09
2.112000000000000000e+03,1.796757190924343523e-09,9.579297157726055128e-07,6.674820946602762820e-09
2.113000000000000000e+03,1.795215783510296180e-09,9.545227992980473251e-07,7.181959290828064686e-09
2.114000000000000000e+03,1.793676261731335386e-09,9.504388706380142364e-07,7.692822149007206431e-09
2.115000000000000000e+03,1.792138623182999922e-09,9.457147221812282502e-07,8.206800244981014123e-09
2.116000000000000000e+03,1.790602865460832083e-09,9.403871462638174000e-07,8.723284303461262223e-09
2.117000000000000000e+03,1.789068986160379337e-09,9.344929351693169145e-07,9.241665050030689300e-09
2.118000000000000000e+03,1.787537408657124857e-09,9.280689916848013795e-07,9.761334373961033840e-09
2.119000000000000000e+03,1.786007278622498607e-09,9.211518860523911306e-07,1.028168073892746686e-08
2.120000000000000000e+03,1.784479019796702582e-09,9.137785217235818680e-07,1.080209597396523191e-08
2.121000000000000000e+03,1.782952629775302033e-09,9.059856907759166541e-07,1.132197080806829424e-08
2.122000000000000000e+03,1.781428106153865933e-09,8.978101852343447938e-07,1.184069597110156914e-08
2.123000000000000000e+03,1.779905446527969459e-09,8.892887970712228924e-07,1.235766219380093022e-08
2.124000000000000000e+03,1.778384648493191096e-09,8.804583182063139033e-07,1.287226020777319616e-08
2.125000000000000000e+03,1.776866132884526669e-09,8.713557481076027475e-07,1.338388393421126236e-08
2.126000000000000000e+03,1.775349050457579754e-09,8.620174611632541527e-07,1.389191785007406811e-08
2.127000000000000000e+03,1.773833822408957072e-09,8.524804589134982873e-07,1.439575575625635846e-08
2.128000000000000000e+03,1.772320446334254068e-09,8.427815330764888047e-07,1.489478838770359863e-08
2.129000000000000000e+03,1.770808919829072387e-09,8.329574753177857064e-07,1.538840648023222707e-08
2.130000000000000000e+03,1.769299240489017604e-09,8.230450772503555534e-07,1.587600077052961572e-08
2.131000000000000000e+03,1.767791405909699847e-09,8.130811304345713604e-07,1.635696199615411303e-08
2.132000000000000000e+03,1.766285834407282764e-09,8.031025220481713210e-07,1.683068290049787683e-08
2.133000000000000000e+03,1.764781681778207139e-09,7.931458510203644349e-07,1.729655026843279917e-08
2.134000000000000000e+03,1.763279366697165029e-09,7.832480056167674029e-07,1.775395678858768438e-08
2.135000000000000000e+03,1.761778886759783726e-09,7.734457771917617091e-07,1.820229320193209932e-08
2.136000000000000000e+03,1.760280239561696100e-09,7.637759570471355032e-07,1.864095025030656917e-08
2.137000000000000000e+03,1.758783422698539576e-09,7.542753364320824357e-07,1.906931867642257080e-08
2.138000000000000000e+03,1.757288852344563503e-09,7.449808840359256006e-07,1.948679386661801783e-08
2.139000000000000000e+03,1.755795688582732424e-09,7.359290338606748222e-07,1.989275737655837008e-08
2.140000000000000000e+03,1.754304347943205452e-09,7.271567567136253037e-07,2.028660449471370999e-08
2.141000000000000000e+03,1.752814828021636552e-09,7.187008436423629841e-07,2.066772596713416429e-08
2.142000000000000000e+03,1.751327126413686516e-09,7.105980856418794089e-07,2.103551254074082133e-08
2.143000000000000000e+03,1.749841240715018820e-09,7.028852736545732128e-07,2.138935496332571123e-08
2.144000000000000000e+03,1.748357584973612157e-09,6.955992814341602838e-07,2.172864657199705641e-08
2.145000000000000000e+03,1.746875323527648524e-09,6.887767332773155810e-07,2.205277297801112009e-08
2.146000000000000000e+03,1.745394870778417787e-09,6.824545037048814983e-07,2.236112747972641874e-08
2.147000000000000000e+03,1.743916224321601002e-09,6.766693834532647162e-07,2.265310082834621909e-08
2.148000000000000000e+03,1.742439381752885634e-09,6.714581632062787926e-07,2.292808377594474619e-08
2.149000000000000000e+03,1.740964340667961426e-09,6.668576335951424684e-07,2.318546707546717348e-08
2.150000000000000000e+03,1.739491513004055145e-09,6.629047431370715169e-07,2.342464706170599249e-08
2.151000000000000000e+03,1.738020067189970331e-09,6.596249444044264297e-07,2.364521197960190382e-08
2.152000000000000000e+03,1.736550414845972821e-09,6.570000803025003397e-07,2.384760110648163815e-08
2.153000000000000000e+03,1.735082552766540461e-09,6.550008135925349763e-07,2.403245679461623519e-08
2.154000000000000000e+03,1.733616477746156677e-09,6.535978070777086706e-07,2.420042139535850129e-08
2.155000000000000000e+03,1.732152599173620162e-09,6.527618013642719701e-07,2.435214016012473317e-08
2.156000000000000000e+03,1.730690088306641277e-09,6.524633037814771214e-07,2.448824965268313401e-08
2.157000000000000000e+03,1.729229354882622818e-09,6.526730551155251278e-07,2.460939510461566856e-08
2.158000000000000000e+03,1.727770395696072819e-09,6.533617183338483023e-07,2.471621886367876704e-08
2.159000000000000000e+03,1.726313207541505107e-09,6.544999564458155591e-07,2.480936327671062961e-08
2.160000000000000000e+03,1.724858198071120714e-09,6.560585888107128887e-07,2.488947661962572869e-08
2.161000000000000000e+03,1.723404542018021073e-09,6.580079663703244795e-07,2.495718939357174179e-08
2.162000000000000000e+03,1.721952647380900354e-09,6.603189081894537769e-07,2.501314985369176266e-08
2.163000000000000000e+03,1.720502510954296578e-09,6.629620774382281842e-07,2.505800034330414274e-08
2.164000000000000000e+03,1.719054129532753142e-09,6.659081373287123411e-07,2.509238320480898689e-08
2.165000000000000000e+03,1.717607909042374269e-09,6.691278308259244892e-07,2.511694377178779865e-08
2.166000000000000000e+03,1.716163027670632771e-09,6.725916622164337097e-07,2.513231840243763036e-08
2.167000000000000000e+03,1.714719891688034482e-09,6.762703741620673535e-07,2.513915242565351439e-08
2.168000000000000000e+03,1.713278497889146374e-09,6.801346300391433014e-07,2.513808818023919597e-08
2.169000000000000000e+03,1.711839250826690636e-09,6.841552562684803835e-07,2.512977399134337105e-08
2.170000000000000000e+03,1.710401331436631921e-09,6.883025912933199042e-07,2.511484021785105947e-08
2.171000000000000000e+03,1.708965144614434497e-09,6.925474606534167154e-07,2.509393518520771648e-08
2.172000000000000000e+03,1.707530687154688705e-09,6.968605278858475045e-07,2.506770122869723860e-08
2.173000000000000000e+03,1.706097955851991297e-09,7.012124565696258775e-07,2.503678068268525263e-08
2.174000000000000000e+03,1.704667353551626985e-09,7.055739943786718696e-07,2.500181885901287439e-08
2.175000000000000000e+03,1.703238064606579425e-09,7.099156373871721385e-07,2.496345212885249663e-08
2.176000000000000000e+03,1.701810492202816351e-09,7.142081328298285842e-07,2.492232580644948527e-08
2.177000000000000000e+03,1.700384633134958710e-09,7.184221444499087948e-07,2.487908222257311408e-08
2.178000000000000000e+03,1.698960888889712613e-09,7.225285081782437234e-07,2.483436962397331998e-08
2.179000000000000000e+03,1.697538446538918568e-09,7.264975444964222257e-07,2.478881849493447947e-08
2.180000000000000000e+03,1.696117707908333061e-09,7.303000884337809476e-07,2.474307709117539738e-08
2.181000000000000000e+03,1.694698669792601439e-09,7.339068038943450134e-07,2.469778773994548883e-08
2.182000000000000000e+03,1.693281328986372980e-09,7.372883548240775251e-07,2.465359276757592239e-08
2.183000000000000000e+03,1.691866085287268560e-09,7.404154934146656325e-07,2.461113743134099522e-08
2.184000000000000000e+03,1.690452129147409708e-09,7.432587076271073750e-07,2.457105818723931380e-08
2.185000000000000000e+03,1.689039860701444597e-09,7.457887493609206046e-07,2.453400029584211870e-08
2.186000000000000000e+03,1.687629276744046287e-09,7.479762827263213465e-07,2.450060607988421886e-08
2.187000000000000000e+03,1.686220775728813776e-09,7.497921505172846187e-07,2.447152369164810400e-08
2.188000000000000000e+03,1.684813550797585321e-09,7.512066599813348039e-07,2.444738378535093945e-08
2.189000000000000000e+03,1.683408000739380627e-09,7.521906535566704241e-07,2.442883451852011906e-08
2.190000000000000000e+03,1.682004122348898187e-09,7.527147955142662053e-07,2.441651821037060303e-08
2.191000000000000000e+03,1.680602312742105715e-09,7.527498398404048737e-07,2.441108008723538892e-08
2.192000000000000000e+03,1.679201767737763779e-09,7.522662714856187304e-07,2.441315665066882460e-08
2.193000000000000000e+03,1.677802884785668266e-09,7.512348445123740214e-07,2.442339312589112801e-08
2.194000000000000000e+03,1.676405660680541452e-09,7.496262233558990314e-07,2.444243182852086336e-08
2.195000000000000000e+03,1.675010491207062999e-09,7.474112505683639534e-07,2.447092090359525532e-08
2.196000000000000000e+03,1.673616574848218148e-09,7.445602338396519977e-07,2.450949101341426787e-08
2.197000000000000000e+03,1.672224307720934616e-09,7.410440163265272638e-07,2.455879029454335692e-08
2.198000000000000000e+03,1.670833686619957424e-09,7.368332626249765255e-07,2.461946105908121478e-08
2.199000000000000000e+03,1.669445106004970337e-09,7.318987245625667384e-07,2.469214855973500315e-08
2.200000000000000000e+03,1.668057767010587795e-09,7.262108917623228154e-07,2.477748923388114043e-08
2.201000000000000000e+03,1.666672064553834278e-09,7.197507887774543483e-07,2.487592677562214399e-08
2.202000000000000000e+03,1.665288392738054070e-09,7.125406103932865981e-07,2.498710170644474448e-08
2.203000000000000000e+03,1.663905955438343654e-09,7.046123122231323840e-07,2.511043516970627786e-08
2.204000000000000000e+03,1.662525147214216533e-09,6.959983627503085338e-07,2.524536611356161751e-08
2.205000000000000000e+03,1.661145965620424247e-09,6.867310589268726140e-07,2.539132756013229402e-08
2.206000000000000000e+03,1.659768803572872216e-09,6.768427782898243765e-07,2.554775557581026407e-08
2.207000000000000000e+03,1.658392867576459719e-09,6.663656551885704108e-07,2.571407711723280021e-08
2.208000000000000000e+03,1.657018550875050470e-09,6.553320682495743039e-07,2.588972823370962656e-08
2.209000000000000000e+03,1.655645851023413792e-09,6.437743142440670171e-07,2.607414195053670506e-08
2.210000000000000000e+03,1.654275159629529944e-09,6.317248404098661431e-07,2.626675755205482669e-08
2.211000000000000000e+03,1.652905685815740438e-09,6.192156394200026814e-07,2.646699559642265225e-08
2.212000000000000000e+03,1.651537821516443410e-09,6.062791612985031197e-07,2.667429532357415214e-08
2.213000000000000000e+03,1.650171957362705992e-09,5.929477732766128436e-07,2.688809296505114150e-08
2.214000000000000000e+03,1.648807304431883365e-09,5.792536289970852910e-07,2.710781516996549309e-08
2.215000000000000000e+03,1.647444253680311793e-09,5.652290971908071875e-07,2.733289814594231556e-08
2.216000000000000000e+03,1.646082802662791616e-09,5.509064743173704030e-07,2.756277492374843753e-08
2.217000000000000000e+03,1.644723340713183412e-09,5.363181845719407378e-07,2.779688515777306218e-08
2.218000000000000000e+03,1.643365081504831874e-09,5.214962652269003355e-07,2.803464869143160141e-08
2.219000000000000000e+03,1.642008414695341802e-09,5.064731438685235769e-07,2.827550512481988245e-08
2.220000000000000000e+03,1.640653728649656793e-09,4.912811753051512060e-07,2.851889088923242993e-08
2.221000000000000000e+03,1.639300238980131540e-09,4.759525368957071245e-07,2.876423225374043208e-08
2.222000000000000000e+03,1.637948334374315871e-09,4.605195851698282800e-07,2.901096562219677611e-08
2.223000000000000000e+03,1.636598402231636534e-09,4.450147223036801735e-07,2.925853100191136313e-08
2.224000000000000000e+03,1.635249660096652590e-09,4.294700286390145091e-07,2.950634754683477726e-08
2.225000000000000000e+03,1.633902495690265432e-09,4.139179099614950788e-07,2.975385520677760339e-08
2.226000000000000000e+03,1.632556906567320692e-09,3.983906622882640279e-07,3.000048702027398211e-08
2.227000000000000000e+03,1.631213278845151978e-09,3.829206272072600039e-07,3.024567962980723707e-08
2.228000000000000000e+03,1.629870832634056214e-09,3.675400075770929105e-07,3.048885889822608034e-08
2.229000000000000000e+03,1.628529954371341769e-09,3.522811467401305105e-07,3.072946144035687311e-08
2.230000000000000000e+03,1.627191029216698300e-09,3.371764208677596741e-07,3.096692767603495678e-08
2.231000000000000000e+03,1.625853279196868688e-09,3.222579615255624407e-07,3.120067594722101166e-08
2.232000000000000000e+03,1.624517089790396727e-09,3.075581483990986721e-07,3.143014661865711292e-08
2.233000000000000000e+03,1.623182845202678410e-09,2.931093121117643575e-07,3.165477650535807015e-08
2.234000000000000000e+03,1.621849769370197862e-09,2.789436767995783256e-07,3.187399113623597705e-08
2.235000000000000000e+03,1.620518246816091209e-09,2.650935747187168206e-07,3.208722730109821400e-08
2.236000000000000000e+03,1.619188660794789767e-09,2.515913613838550612e-07,3.229392574062251133e-08
2.237000000000000000e+03,1.617860237145852659e-09,2.384692093055602866e-07,3.249350416092479894e-08
2.238000000000000000e+03,1.616533359440342291e-09,2.257594771308774032e-07,3.268540325492012142e-08
2.239000000000000000e+03,1.615208409985046020e-09,2.134944857333229347e-07,3.286905998694732881e-08
2.240000000000000000e+03,1.613884616515955501e-09,2.017064782355035679e-07,3.304389959596524033e-08
2.241000000000000000e+03,1.612562361655384479e-09,1.904277768835613731e-07,3.320935902598633727e-08
2.242000000000000000e+03,1.611242026765774528e-09,1.796907197958245155e-07,3.336487927752689662e-08
2.243000000000000000e+03,1.609922841472944175e-09,1.695275141841286755e-07,3.350987753800278760e-08
2.244000000000000000e+03,1.608605187453764333e-09,1.599705006403559383e-07,3.364379477236115691e-08
2.245000000000000000e+03,1.607289445129616770e-09,1.510519923338442643e-07,3.376606805646851145e-08
2.246000000000000000e+03,1.605974846009570175e-09,1.428042474208928772e-07,3.387612241249173523e-08
2.247000000000000000e+03,1.604661770828342951e-09,1.352595800448041187e-07,3.397339490328342167e-08
2.248000000000000000e+03,1.603350599069528554e-09,1.284503158499970265e-07,3.405732669901668913e-08
2.249000000000000000e+03,1.602040564118899739e-09,1.224086871817124402e-07,3.412733464390788768e-08
2.250000000000000000e+03,1.600732045772297617e-09,1.171670212220950990e-07,3.418285988961748284e-08
2.251000000000000000e+03,1.599425422660473407e-09,1.127487586966681034e-07,3.422346922033475849e-08
2.252000000000000000e+03,1.598119930447863663e-09,1.091418291239410510e-07,3.424923578930572288e-08
2.253000000000000000e+03,1.596815948484852263e-09,1.063253356794429971e-07,3.426037462196225476e-08
2.254000000000000000e+03,1.595513854879362649e-09,1.042783924558713538e-07,3.425710483333236837e-08
2.255000000000000000e+03,1.594212887241231340e-09,1.029800387303760809e-07,3.423962104768861916e-08
2.256000000000000000e+03,1.592913423988466564e-09,1.024093891381582691e-07,3.420814238028427920e-08
2.257000000000000000e+03,1.591615842300918067e-09,1.025455452275030848e-07,3.416288385302377837e-08
2.258000000000000000e+03,1.590319381645672596e-09,1.033675720257362479e-07,3.410404827101882664e-08
2.259000000000000000e+03,1.589024419511590589e-09,1.048545711222127861e-07,3.403185066098655613e-08
2.260000000000000000e+03,1.587731332153665627e-09,1.069856574265872617e-07,3.394651006223324653e-08
2.261000000000000000e+03,1.586439360889799836e-09,1.097398700632978658e-07,3.384822122602057829e-08
2.262000000000000000e+03,1.585148882282926907e-09,1.130963234890447187e-07,3.373720321143430773e-08
2.263000000000000000e+03,1.583860271666382343e-09,1.170341211500423474e-07,3.361367097322432581e-08
2.264000000000000000e+03,1.582572772202478995e-09,1.215323252313394617e-07,3.347782743643568303e-08
2.265000000000000000e+03,1.581287136206927013e-09,1.265700689240079759e-07,3.332989551116149818e-08
2.266000000000000000e+03,1.580002608068097312e-09,1.321263828296406980e-07,3.317007022637627290e-08
2.267000000000000000e+03,1.578719562812826440e-09,1.381803855206138762e-07,3.299857050774301301e-08
2.268000000000000000e+03,1.577438374245438176e-09,1.447111838823307491e-07,3.281561121351175308e-08
2.269000000000000000e+03,1.576158288588089235e-09,1.516978339438751664e-07,3.262139545047626999e-08
2.270000000000000000e+03,1.574879679950209378e-09,1.591194418699219168e-07,3.241613809810370159e-08
2.271000000000000000e+03,1.573602921222942286e-09,1.669551371724719181e-07,3.220005777644832074e-08
2.272000000000000000e+03,1.572327260455889514e-09,1.751839320172561063e-07,3.197335003517960456e-08
2.273000000000000000e+03,1.571053445083156684e-09,1.837849759985554845e-07,3.173623732604036530e-08
2.274000000000000000e+03,1.569780724369132875e-09,1.927373162117953694e-07,3.148892300522812909e-08
2.275000000000000000e+03,1.568509470901279980e-09,2.020200633719167571e-07,3.123162182864816956e-08
2.276000000000000000e+03,1.567240056055779621e-09,2.116123577730610311e-07,3.096455212055993560e-08
2.277000000000000000e+03,1.565971730913955555e-09,2.214931908362624580e-07,3.068791000602785802e-08
2.278000000000000000e+03,1.564704867154293517e-09,2.316417006249839757e-07,3.040191387239007488e-08
2.279000000000000000e+03,1.563439835248182225e-09,2.420370059330596816e-07,3.010677825203734170e-08
2.280000000000000000e+03,1.562175888087606162e-09,2.526581403472948539e-07,2.980270688089586650e-08
2.281000000000000000e+03,1.560913768269914301e-09,2.634842842586615249e-07,2.948992135226059059e-08
2.282000000000000000e+03,1.559652729890724114e-09,2.744944047809080555e-07,2.916861848179782162e-08
2.283000000000000000e+03,1.558393143120532616e-09,2.856676521846736658e-07,2.883901631496813553e-08
2.284000000000000000e+03,1.557135376929670131e-09,2.969831519516119743e-07,2.850132919147622867e-08
2.285000000000000000e+03,1.555878687214016575e-09,3.084199248160217944e-07,2.815576122337968176e-08
2.286000000000000000e+03,1.554623813570511226e-09,3.199571712025112005e-07,2.780253341432599169e-08
2.287000000000000000e+03,1.553370013091757552e-09,3.315738316004524158e-07,2.744184337322581284e-08
2.288000000000000000e+03,1.552117654448921532e-09,3.432490697084809796e-07,2.707390875171265228e-08
2.289000000000000000e+03,1.550867105119891216e-09,3.549620180573804585e-07,2.669894367334337020e-08
2.290000000000000000e+03,1.549617623987200822e-09,3.666916837440473732e-07,2.631715267385877725e-08
2.291000000000000000e+03,1.548369947664598110e-09,3.784172881238321725e-07,2.592875609875813401e-08
2.292000000000000000e+03,1.547123336224476699e-09,3.901177439901391840e-07,2.553395244027435887e-08
2.293000000000000000e+03,1.545878156847276486e-09,4.017722290676711194e-07,2.513295891054675722e-08
2.294000000000000000e+03,1.544634775526998777e-09,4.133598829862771028e-07,2.472598939666358267e-08
2.295000000000000000e+03,1.543392454115708004e-09,4.248596990433052748e-07,2.431324889931855107e-08
2.296000000000000000e+03,1.542151926261060510e-09,4.362509194878305775e-07,2.389495704678521906e-08
2.297000000000000000e+03,1.540912454998163952e-09,4.475124295911962657e-07,2.347131329213227605e-08
2.298000000000000000e+03,1.539674406025275270e-09,4.586234210794938124e-07,2.304253436861982192e-08
2.299000000000000000e+03,1.538438143861007681e-09,4.695630404201986921e-07,2.260883390968795172e-08
2.300000000000000000e+03,1.537202933309948176e-09,4.803102675717139470e-07,2.217041741597067391e-08
2.301000000000000000e+03,1.535969505036870944e-09,4.908483937603532321e-07,2.172750536102039302e-08
2.302000000000000000e+03,1.534737124853758738e-09,5.011764234165674019e-07,2.128030628447924555e-08
2.303000000000000000e+03,1.533506156782520398e-09,5.112977359051478994e-07,2.082904608056003194e-08
2.304000000000000000e+03,1.532276963672167940e-09,5.212156582392826024e-07,2.037394778794935580e-08
2.305000000000000000e+03,1.531048813060269732e-09,5.309333323052441716e-07,1.991522710882073435e-08
2.306000000000000000e+03,1.529822432510482060e-09,5.404542126962630726e-07,1.945311177043990485e-08
2.307000000000000000e+03,1.528597090729926028e-09,5.497813089998674135e-07,1.898781300259293756e-08
2.308000000000000000e+03,1.527373514114056801e-09,5.589180792054169225e-07,1.851955836694177108e-08
2.309000000000000000e+03,1.526150972536872701e-09,5.678676561069286809e-07,1.804856400484342208e-08
2.310000000000000000e+03,1.524929827971252377e-09,5.766333700942736468e-07,1.757505278806663638e-08
2.311000000000000000e+03,1.523710441226540517e-09,5.852186254926761153e-07,1.709924940014579873e-08
2.312000000000000000e+03,1.522492083922054069e-09,5.936264103166087425e-07,1.662136618803775868e-08
2.313000000000000000e+03,1.521275479544411325e-09,6.018601985379872004e-07,1.614162987104994848e-08
2.314000000000000000e+03,1.520059900873155508e-09,6.099231125912802005e-07,1.566025715437331484e-08
2.315000000000000000e+03,1.518846070236014120e-09,6.178186352716691760e-07,1.517747424261027014e-08
2.316000000000000000e+03,1.517633261570113196e-09,6.255497388797746773e-07,1.469349439585362323e-08
2.317000000000000000e+03,1.516421834815646699e-09,6.331198336010888549e-07,1.420854195302058445e-08
2.318000000000000000e+03,1.515212148758533883e-09,6.405322606016521327e-07,1.372283915626743240e-08
2.319000000000000000e+03,1.514003479067329185e-09,6.477901329834811222e-07,1.323660328501370641e-08
2.320000000000000000e+03,1.512796545184072297e-09,6.548969470592816232e-07,1.275005967656012593e-08
2.321000000000000000e+03,1.511590623928321075e-09,6.618556572541659412e-07,1.226342274559105318e-08
2.322000000000000000e+03,1.510386433592434246e-09,6.686697624142081656e-07,1.177691765507189389e-08
2.323000000000000000e+03,1.509183252144354436e-09,6.753423688498659265e-07,1.129076214688971597e-08
2.324000000000000000e+03,1.507981796729372477e-09,6.818769827083471040e-07,1.080518086204510171e-08
2.325000000000000000e+03,1.506781346461209937e-09,6.882765454069241373e-07,1.032038914126470132e-08
2.326000000000000000e+03,1.505582258690339642e-09,6.945444826788820612e-07,9.836610279697884707e-09
2.327000000000000000e+03,1.504384889624716839e-09,7.006841428168254115e-07,9.354065996361512183e-09
2.328000000000000000e+03,1.503188520091857043e-09,7.066986244025073367e-07,8.872974609524411968e-09
2.329000000000000000e+03,1.501993864380755483e-09,7.125914447737965206e-07,8.393559894977681181e-09
2.330000000000000000e+03,1.500800204458218630e-09,7.183655305399386948e-07,7.916038342884598353e-09
2.331000000000000000e+03,1.499608253475253776e-09,7.240244011383006519e-07,7.440633557248171848e-09
2.332000000000000000e+03,1.498417294535379399e-09,7.295711495160625786e-07,6.967564312012157213e-09
2.333000000000000000e+03,1.497228039654189870e-09,7.350093011731234965e-07,6.497053701113993865e-09
2.334000000000000000e+03,1.496039773069344182e-09,7.403417719128482967e-07,6.029319119605017358e-09
2.335000000000000000e+03,1.494853205663591554e-09,7.455720891721398384e-07,5.564583492816627188e-09
2.336000000000000000e+03,1.493667622806167027e-09,7.507033406969232620e-07,5.103066041882050937e-09
2.337000000000000000e+03,1.492483378718075772e-09,7.557388794605338512e-07,4.644988086764369788e-09
2.338000000000000000e+03,1.491300826491950582e-09,7.606821514771671437e-07,4.190571227291463501e-09
2.339000000000000000e+03,1.490119253189602433e-09,7.655360601795797324e-07,3.740033960220630389e-09
2.340000000000000000e+03,1.488939366872848363e-09,7.703041421641529196e-07,3.293598385449337767e-09
2.341000000000000000e+03,1.487760455728702796e-09,7.749894792084656569e-07,2.851484266020422035e-09
2.342000000000000000e+03,1.486583226695060831e-09,7.795956130163583112e-07,2.413913222824118548e-09
2.343000000000000000e+03,1.485406969081605652e-09,7.841254379126141413e-07,1.981104602290966799e-09
2.344000000000000000e+03,1.484232388704840352e-09,7.885824972407225183e-07,1.553279868477125623e-09
2.345000000000000000e+03,1.483058775994589424e-09,7.929698683699546996e-07,1.130659200222990579e-09
2.346000000000000000e+03,1.481886835648486441e-09,7.972910994177915672e-07,7.134636025310161771e-10
2.347000000000000000e+03,1.480715859213979889e-09,8.015490761938743115e-07,3.019132360320415403e-10
2.348000000000000000e+03,1.479546550272348658e-09,8.057473483535098230e-07,-1.037710438236222578e-10
2.349000000000000000e+03,1.478378201486154938e-09,8.098889891291876057e-07,-5.033686618165030147e-10
2.350000000000000000e+03,1.477211515322826814e-09,8.139775526727447489e-07,-8.966591978119498433e-10
2.351000000000000000e+03,1.476045785607492015e-09,8.180126336452849719e-07,-1.283402471398414147e-09
2.352000000000000000e+03,1.474881713945995159e-09,8.219813720262756037e-07,-1.663281964579758164e-09
2.353000000000000000e+03,1.473718595523347248e-09,8.258671384072303764e-07,-2.035961242051147989e-09
2.354000000000000000e+03,1.472557130886483843e-09,8.296537939203324942e-07,-2.401104945853401323e-09
2.355000000000000000e+03,1.471396616328046768e-09,8.333245101067952922e-07,-2.758375934427813040e-09
2.356000000000000000e+03,1.470237751288592286e-09,8.368631494854716715e-07,-3.107438980998344319e-09
2.357000000000000000e+03,1.469079833165913156e-09,8.402530791308643359e-07,-3.447957304135439139e-09
2.358000000000000000e+03,1.467923560296662506e-09,8.434781653816235414e-07,-3.779596051849964665e-09
2.359000000000000000e+03,1.466768231181311798e-09,8.465215731293947393e-07,-4.102017419182684706e-09
2.360000000000000000e+03,1.465614193921343289e-09,8.493670687106670418e-07,-4.414886147391990783e-09
2.361000000000000000e+03,1.464461795518649441e-09,8.519983197825223847e-07,-4.717866718738959675e-09
2.362000000000000000e+03,1.463310336123100888e-09,8.543986898066728166e-07,-5.010621964673087652e-09
2.363000000000000000e+03,1.462160511322376672e-09,8.565520502600811508e-07,-5.292817593386429189e-09
2.364000000000000000e+03,1.461011622362876868e-09,8.584415596403230202e-07,-5.564115068916096619e-09
2.365000000000000000e+03,1.459864189854680511e-09,8.600510902272946858e-07,-5.824180200992022927e-09
2.366000000000000000e+03,1.458717864039334983e-09,8.613640035223280490e-07,-6.072675553993029109e-09
2.367000000000000000e+03,1.457573164297461959e-09,8.623641735567350073e-07,-6.309267217013734155e-09
2.368000000000000000e+03,1.456429394061186813e-09,8.630347558556459057e-07,-6.533616160330223613e-09
2.369000000000000000e+03,1.455287245639629276e-09,8.633596248411544681e-07,-6.745388558276219922e-09
2.370000000000000000e+03,1.454146023554122579e-09,8.633221411532817440e-07,-6.944246751623249392e-09
2.371000000000000000e+03,1.453006419025803860e-09,8.629061795881203849e-07,-7.129857142290565794e-09
2.372000000000000000e+03,1.451868083523411388e-09,8.620949978518654096e-07,-7.301881168746892156e-09
2.373000000000000000e+03,1.450730669600648678e-09,8.608721625109582387e-07,-7.459982690224427241e-09
2.374000000000000000e+03,1.449594866851217199e-09,8.592215475330720200e-07,-7.603828293930163213e-09
2.375000000000000000e+03,1.448459982508870742e-09,8.571263094338834729e-07,-7.733078313694172544e-09
2.376000000000000000e+03,1.447326705085370736e-09,8.545703216244532904e-07,-7.847399388815143992e-09
2.377000000000000000e+03,1.446194342895218424e-09,8.515369466344447237e-07,-7.946453588720799575e-09
2.378000000000000000e+03,1.445063583370640223e-09,8.480100551600435094e-07,-8.029907675808132006e-09
2.379000000000000000e+03,1.443933735904482903e-09,8.439728086845536328e-07,-8.097421767953085913e-09
2.380000000000000000e+03,1.442805486851836071e-09,8.394090766769613909e-07,-8.148662658060352167e-09
2.381000000000000000e+03,1.441678146681497337e-09,8.343022251202364567e-07,-8.183292337900780481e-09
2.382000000000000000e+03,1.440552400673811291e-09,8.286361186157637703e-07,-8.200977655842521030e-09
2.383000000000000000e+03,1.439427560371138725e-09,8.223939274415435039e-07,-8.201378634047113042e-09
2.384000000000000000e+03,1.438304309981461078e-09,8.155595142071971389e-07,-8.184162127884514298e-09
2.385000000000000000e+03,1.437181962118324596e-09,8.081162503878377669e-07,-8.148990114151085834e-09
2.386000000000000000e+03,1.436061199919723643e-09,8.000479912908308656e-07,-8.095529430279704720e-09
2.387000000000000000e+03,1.434941337068015701e-09,7.913379203171478391e-07,-8.023440133207354067e-09
2.388000000000000000e+03,1.433823055633579382e-09,7.819698899238512400e-07,-7.932389041940911901e-09
2.389000000000000000e+03,1.432705670365216012e-09,7.719272793676367907e-07,-7.822038186109721200e-09
2.390000000000000000e+03,1.431589862268051084e-09,7.611939310867252893e-07,-7.692054287617335619e-09
2.391000000000000000e+03,1.430474947154970857e-09,7.497530464345449866e-07,-7.542097578916177312e-09
2.392000000000000000e+03,1.429361604968203518e-09,7.375884640464964071e-07,-7.371834736134101293e-09
2.393000000000000000e+03,1.428249152582368374e-09,7.246835735009037782e-07,-7.180927914665966946e-09
2.394000000000000000e+03,1.427138268879144051e-09,7.110222004158102837e-07,-6.969043608604347690e-09
2.395000000000000000e+03,1.426028611500496840e-09,6.965876524155274957e-07,-6.735843179379621857e-09
2.396000000000000000e+03,1.424919839146023479e-09,6.813635013055891608e-07,-6.480990638619935102e-09
2.397000000000000000e+03,1.423812629110965715e-09,6.653335572684401745e-07,-6.204152231220207759e-09
2.398000000000000000e+03,1.422706300914033751e-09,6.484810662013326870e-07,-5.904988866240959625e-09
2.399000000000000000e+03,1.421601530795759458e-09,6.307898325908553747e-07,-5.583166690314859480e-09
2.400000000000000000e+03,1.420497639328410032e-09,6.122432709424681347e-07,-5.238348269805531654e-09
2.401000000000000000e+03,1.419395301661290962e-09,5.928361425276560918e-07,-4.870540118166505092e-09
2.402000000000000000e+03,1.418293839223702797e-09,5.726066056704411460e-07,-4.481107315690762585e-09
2.403000000000000000e+03,1.417193925920678651e-09,5.516042932933724534e-07,-4.071759799181371967e-09
2.404000000000000000e+03,1.416094884191601726e-09,5.298784926350843528e-07,-3.644204748657067058e-09
2.405000000000000000e+03,1.414997386893746682e-09,5.074788140227534501e-07,-3.200151659368274214e-09
2.406000000000000000e+03,1.413901094333346468e-09,4.844544889741493537e-07,-2.741307420024350959e-09
2.407000000000000000e+03,1.412805667861527961e-09,4.608549465641705254e-07,-2.269380383952588995e-09
2.408000000000000000e+03,1.411711778768236403e-09,4.367297723094559042e-07,-1.786079550150979239e-09
2.409000000000000000e+03,1.410618752105102332e-09,4.121281731567727375e-07,-1.293112139758084530e-09
2.410000000000000000e+03,1.409527258120047790e-09,3.870997259002270667e-07,-7.921869755782126885e-10
2.411000000000000000e+03,1.408436622905596791e-09,3.616937560770721873e-07,-2.850119936939332801e-10
2.412000000000000000e+03,1.407347515669929958e-09,3.359598135690741179e-07,2.267045228357106955e-10
2.413000000000000000e+03,1.406259263544187139e-09,3.099471527425916522e-07,7.412544079999133636e-10
2.414000000000000000e+03,1.405172534699080833e-09,2.837053141818608184e-07,1.256929565089512468e-09
2.415000000000000000e+03,1.404086991785440700e-09,2.572837089770439176e-07,1.772022002099758967e-09
2.416000000000000000e+03,1.403002298488744250e-09,2.307316655895807043e-07,2.284822911221143487e-09
2.417000000000000000e+03,1.401919121427746269e-09,2.040986963431913490e-07,2.793624752934102257e-09
2.418000000000000000e+03,1.400836790320214089e-09,1.774341697695523588e-07,3.296718752149979497e-09
2.419000000000000000e+03,1.399755970753083397e-09,1.507875695595525970e-07,3.792397917541860025e-09
2.420000000000000000e+03,1.398675993474830343e-09,1.242082377272507449e-07,4.278952393100904582e-09
2.421000000000000000e+03,1.397597523042814828e-09,9.774564833979249543e-08,4.754675368118703239e-09
2.422000000000000000e+03,1.396520223915553935e-09,7.144921207281096025e-08,5.217858847911698644e-09
2.423000000000000000e+03,1.395443761578351486e-09,4.536832347042891040e-08,5.666792804704683717e-09
2.424000000000000000e+03,1.394368799048396787e-09,1.955242810248557629e-08,6.099770942143243960e-09
2.425000000000000000e+03,1.393294669641150618e-09,-5.949061848081563742e-09,6.515083702794108727e-09
2.426000000000000000e+03,1.392222035349804386e-09,-3.108672856828051058e-08,6.911025257197669504e-09
2.427000000000000000e+03,1.391150230512718069e-09,-5.581114339065383713e-08,7.285884252443538866e-09
2.428000000000000000e+03,1.390079916101303672e-09,-8.007289758667438390e-08,7.637955004044156343e-09
2.429000000000000000e+03,1.389010758368049598e-09,-1.038225800297464350e-07,7.965529484722072254e-09
2.430000000000000000e+03,1.387942424584470797e-09,-1.270107338680115008e-07,8.266896696261529762e-09
2.431000000000000000e+03,1.386875574193449590e-09,-1.495879765105639533e-07,8.540351335948113212e-09
2.432000000000000000e+03,1.385809544080928239e-09,-1.715048555053292449e-07,8.784183260269125489e-09
2.433000000000000000e+03,1.384744992673517446e-09,-1.927120125457877997e-07,8.996687462361868384e-09
2.434000000000000000e+03,1.383681257872347278e-09,-2.131599413833107928e-07,9.176151564718312577e-09
2.435000000000000000e+03,1.382618997089946573e-09,-2.327992913910731686e-07,9.320870639886279880e-09
2.436000000000000000e+03,1.381557878359229766e-09,-2.515806501260242177e-07,9.429136598079347956e-09
2.437000000000000000e+03,1.380497570724476700e-09,-2.694545082619631122e-07,9.499237929571916299e-09
2.438000000000000000e+03,1.379438730081180822e-09,-2.863715363535243439e-07,9.529469866358863662e-09
2.439000000000000000e+03,1.378380696858896360e-09,-3.022822491005840870e-07,9.518122014716951397e-09
2.440000000000000000e+03,1.377324125944474232e-09,-3.171373352732258962e-07,9.463489641704442059e-09
2.441000000000000000e+03,1.376268686634365250e-09,-3.308872676124095384e-07,9.363861212300535465e-09
2.442000000000000000e+03,1.375214049230968632e-09,-3.434826220358311724e-07,9.217528630776730880e-09
2.443000000000000000e+03,1.374160867112222202e-09,-3.548741021803129373e-07,9.022787061643245320e-09
2.444000000000000000e+03,1.373108483222569396e-09,-3.650121227165422068e-07,8.777924036427325070e-09
2.445000000000000000e+03,1.372057549936692725e-09,-3.738473914528566242e-07,8.481234653496890651e-09
2.446000000000000000e+03,1.371007737807816970e-09,-3.813304925616685783e-07,8.131010681786254095e-09
2.447000000000000000e+03,1.369958718389751674e-09,-3.874118708197444111e-07,7.725541092006591559e-09
2.448000000000000000e+03,1.368911142556312443e-09,-3.920422436325592210e-07,7.263120668683653234e-09
2.449000000000000000e+03,1.367864355753422088e-09,-3.951720996522689988e-07,6.742039519958410959e-09
2.450000000000000000e+03,1.366819007856980769e-09,-3.967521613257960888e-07,6.160591937184711961e-09
2.451000000000000000e+03,1.365774770774413810e-09,-3.967503277297638537e-07,5.517836627475712492e-09
2.452000000000000000e+03,1.364731317824920088e-09,-3.952044754235536626e-07,4.815911871090536334e-09
2.453000000000000000e+03,1.363689298016259236e-09,-3.921700812344339704e-07,4.057726671125833408e-09
2.454000000000000000e+03,1.362648059907297751e-09,-3.877022932480147051e-07,3.246186198665722480e-09
2.455000000000000000e+03,1.361608251513169845e-09,-3.818565870949908408e-07,2.384199179936558726e-09
2.456000000000000000e+03,1.360569546505363587e-09,-3.746882961054161503e-07,1.474672580389085858e-09
2.457000000000000000e+03,1.359531619545367616e-09,-3.662526217221310759e-07,5.205131433768655091e-10
2.458000000000000000e+03,1.358495117163325732e-09,-3.566050331695577285e-07,-4.753713363933978755e-10
2.459000000000000000e+03,1.357459390393109683e-09,-3.458007798656305148e-07,-1.510073589830143429e-09
2.460000000000000000e+03,1.356425084777496029e-09,-3.338953206047390230e-07,-2.580686894545572646e-09
2.461000000000000000e+03,1.355391875224819820e-09,-3.209438669433231320e-07,-3.684303451492416683e-09
2.462000000000000000e+03,1.354359437628180209e-09,-3.070017586000477292e-07,-4.818015610011993666e-09
2.463000000000000000e+03,1.353328416053217631e-09,-2.921244403440115363e-07,-5.978917838321403791e-09
2.464000000000000000e+03,1.352298163995717297e-09,-2.763671045150312458e-07,-7.164100309885968230e-09
2.465000000000000000e+03,1.351269324539170257e-09,-2.597851904528445072e-07,-8.370657913729316616e-09
2.466000000000000000e+03,1.350241573822218852e-09,-2.424340271162783314e-07,-9.595683835610460035e-09
2.467000000000000000e+03,1.349214588963065732e-09,-2.243688626829090289e-07,-1.083626740357161477e-08
2.468000000000000000e+03,1.348189011575870066e-09,-2.056451185744616796e-07,-1.208950480762031904e-08
2.469000000000000000e+03,1.347164518534336873e-09,-1.863181228260255048e-07,-1.335248925851266689e-08
2.470000000000000000e+03,1.346140787688624176e-09,-1.664431435133208848e-07,-1.462230874987868916e-08
2.471000000000000000e+03,1.345118459188219390e-09,-1.460755818434960613e-07,-1.589606082276329418e-08
2.472000000000000000e+03,1.344096890440951313e-09,-1.252707352571365997e-07,-1.717083461220450292e-08
2.473000000000000000e+03,1.343076720622437226e-09,-1.040839830369684605e-07,-1.844372902951215574e-08
2.474000000000000000e+03,1.342057627826309563e-09,-8.257061486670143086e-08,-1.971183071467654522e-08
2.475000000000000000e+03,1.341039291117508904e-09,-6.078597283296117914e-08,-2.097223199461517527e-08
2.476000000000000000e+03,1.340022348214698995e-09,-3.878541301270953302e-08,-2.222203314761705003e-08
2.477000000000000000e+03,1.339006477940381637e-09,-1.662424797898773323e-08,-2.345831946331847882e-08
2.478000000000000000e+03,1.337991360085294427e-09,5.642180108253969300e-09,-2.467818328832007894e-08
2.479000000000000000e+03,1.336977630915754966e-09,2.795853907244125638e-08,-2.587872623377845804e-08
2.480000000000000000e+03,1.335964969980827834e-09,5.026949275657822240e-08,-2.705703227308751074e-08
2.481000000000000000e+03,1.334953057794756763e-09,7.251969910538357456e-08,-2.821019378188266478e-08
2.482000000000000000e+03,1.333942529176099931e-09,9.465385000331296447e-08,-2.933531364202150470e-08
2.483000000000000000e+03,1.332932746858037280e-09,1.166165716553883252e-07,-3.042947094753674657e-08
2.484000000000000000e+03,1.331924344696494930e-09,1.383525639691456352e-07,-3.148976898830642087e-08
2.485000000000000000e+03,1.330917003446381089e-09,1.598065008365779756e-07,-3.251330095081138859e-08
2.486000000000000000e+03,1.329910404822711678e-09,1.809229913235234718e-07,-3.349714802503785681e-08
2.487000000000000000e+03,1.328905181241259109e-09,2.016467587821019174e-07,-3.443841464503495200e-08
2.488000000000000000e+03,1.327901014177394945e-09,2.219224769007523589e-07,-3.533419396305336211e-08
2.489000000000000000e+03,1.326897586063572840e-09,2.416947327024734360e-07,-3.618156616916167777e-08
2.490000000000000000e+03,1.325895527879950239e-09,2.609082718986572229e-07,-3.697763671395184063e-08
2.491000000000000000e+03,1.324894521820089793e-09,2.795077677961954516e-07,-3.771949870609272151e-08
2.492000000000000000e+03,1.323894251031625514e-09,2.974377869945388754e-07,-3.840423149141852755e-08
2.493000000000000000e+03,1.322895345063618354e-09,3.146430959450602499e-07,-3.902894138138076276e-08
2.494000000000000000e+03,1.321897486825563024e-09,3.310683673951099183e-07,-3.959072143171479371e-08
2.495000000000000000e+03,1.320900360178024580e-09,3.466581496738640666e-07,-4.008665032775877805e-08
2.496000000000000000e+03,1.319904593243466313e-09,3.613572278194028391e-07,-4.051383505808544155e-08
2.497000000000000000e+03,1.318909555444185991e-09,3.751101844619949646e-07,-4.086935887798019779e-08
2.498000000000000000e+03,1.317915873954074228e-09,3.878618204864364282e-07,-4.115032923857284175e-08
2.499000000000000000e+03,1.316923232870846280e-09,3.995566686916205555e-07,-4.135382437926966059e-08
2.500000000000000000e+03,1.315931317238314744e-09,4.101393918251648392e-07,-4.147693707710596294e-08
