ell,PP,PT,PE
0.000000000000000000e+00,0.000000000000000000e+00,0.000000000000000000e+00,0.000000000000000000e+00
1.000000000000000000e+00,0.000000000000000000e+00,0.000000000000000000e+00,0.000000000000000000e+00
2.000000000000000000e+00,4.784601057819291558e-08,2.867388340064266038e-03,-1.159001589188502252e-05
3.000000000000000000e+00,5.822683458583201019e-08,2.865362595628069206e-03,-1.247935058293595954e-05
4.000000000000000000e+00,6.707206736456099346e-08,2.793860603618709710e-03,-1.061861003879026444e-05
5.000000000000000000e+00,7.472318082230671015e-08,2.697322848176780374e-03,-7.287558373122077767e-06
6.000000000000000000e+00,8.141370642416655410e-08,2.593102242702005969e-03,-3.608087909025202508e-06
7.000000000000000000e+00,8.730640484309958843e-08,2.489587342804659362e-03,-4.414890956341204865e-07
8.000000000000000000e+00,9.252016188625677888e-08,2.389210821204028508e-03,1.699868300489412899e-06
9.000000000000000000e+00,9.715305243243959501e-08,2.292944597560499231e-03,2.651896637636621016e-06
1.000000000000000000e+01,1.012855468067631269e-07,2.202730705178775582e-03,2.534334489955535421e-06
1.100000000000000000e+01,1.049816481390723282e-07,2.119740845563055937e-03,1.675198855839746817e-06
1.200000000000000000e+01,1.082916223009261692e-07,2.042936569906701662e-03,5.167271220119554312e-07
1.300000000000000000e+01,1.112589367165164032e-07,1.970831446171295801e-03,-5.249315214933667689e-07
1.400000000000000000e+01,1.139212903605559038e-07,1.902367671352129348e-03,-1.195751408772200944e-06
1.500000000000000000e+01,1.163107749631841293e-07,1.837158932011003507e-03,-1.439613987404628243e-06
1.600000000000000000e+01,1.184539147911462317e-07,1.774897532168038692e-03,-1.325266669648958893e-06
1.700000000000000000e+01,1.203743651639082508e-07,1.715266790387958871e-03,-9.640473279770483208e-07
1.800000000000000000e+01,1.220924396317985236e-07,1.658428176900426151e-03,-4.929304811035108195e-07
1.900000000000000000e+01,1.236263865392883764e-07,1.604352247709041942e-03,-8.376812089253891681e-08
2.000000000000000000e+01,1.249923335552049263e-07,1.553823563910318147e-03,9.133104702561269886e-08
2.100000000000000000e+01,1.262045463752276332e-07,1.506602233227556089e-03,1.474304101115578943e-08
2.200000000000000000e+01,1.272763353873183935e-07,1.462091091813003162e-03,-2.646264067238573040e-07
2.300000000000000000e+01,1.282188169733420627e-07,1.419540772931420641e-03,-5.932017828143236023e-07
2.400000000000000000e+01,1.290423094235341365e-07,1.378420029652668768e-03,-8.268242874323466613e-07
2.500000000000000000e+01,1.297560508505547614e-07,1.339173443916618668e-03,-9.580037566986141882e-07
2.600000000000000000e+01,1.303687986191688581e-07,1.302224444550576302e-03,-1.008931958028503590e-06
2.700000000000000000e+01,1.308878023217027927e-07,1.266939738814280500e-03,-9.855563009618660681e-07
2.800000000000000000e+01,1.313199716943264475e-07,1.232645266014881875e-03,-8.924732119158928595e-07
2.900000000000000000e+01,1.316716292047975255e-07,1.199516365851354717e-03,-7.451577872046297691e-07
3.000000000000000000e+01,1.319488608975277122e-07,1.167873458364761339e-03,-5.759176286520817066e-07
3.100000000000000000e+01,1.321569186780632188e-07,1.137766091788657312e-03,-4.737109665625529432e-07
3.200000000000000000e+01,1.323007989791330523e-07,1.109168282518857053e-03,-5.142735791614863794e-07
3.300000000000000000e+01,1.323849171838148521e-07,1.082013563852229172e-03,-6.655327521361684160e-07
3.400000000000000000e+01,1.324135614628852211e-07,1.056145104061233459e-03,-8.623149343469521611e-07
3.500000000000000000e+01,1.323904933433492501e-07,1.031077793165323386e-03,-1.013785517867342274e-06
3.600000000000000000e+01,1.323193548443335547e-07,1.006433101477251669e-03,-1.051322399736841413e-06
3.700000000000000000e+01,1.322034233363761148e-07,9.825732633257356057e-04,-1.019564597758106298e-06
3.800000000000000000e+01,1.320458103545848685e-07,9.599101215931729386e-04,-9.793163137280177009e-07
3.900000000000000000e+01,1.318493164951097230e-07,9.383159403433033365e-04,-9.438655458228131320e-07
4.000000000000000000e+01,1.316166409798028977e-07,9.175304253298095184e-04,-9.146468330249109750e-07
4.100000000000000000e+01,1.313504573718484284e-07,8.973434058753507886e-04,-8.933912843247567006e-07
4.200000000000000000e+01,1.310528760456650574e-07,8.777388282327248936e-04,-8.830232106091953859e-07
4.300000000000000000e+01,1.307258731528516395e-07,8.587491713102464929e-04,-8.867585471117319085e-07
4.400000000000000000e+01,1.303714645668641595e-07,8.404076385407861565e-04,-9.078063105017835181e-07
4.500000000000000000e+01,1.299917525372250788e-07,8.227479154901580494e-04,-9.493692341730351307e-07
4.600000000000000000e+01,1.295886023186499786e-07,8.057867846901341181e-04,-1.011852319202840402e-06
4.700000000000000000e+01,1.291636038246898264e-07,7.894748555288613745e-04,-1.084505261338730675e-06
4.800000000000000000e+01,1.287181597954712684e-07,7.737460416280850543e-04,-1.153820739319120535e-06
4.900000000000000000e+01,1.282536496368125273e-07,7.585349055337237958e-04,-1.206326671037510296e-06
5.000000000000000000e+01,1.277715480489874250e-07,7.437764342321189328e-04,-1.228582482053899417e-06
5.100000000000000000e+01,1.272732784888989801e-07,7.294191996961538497e-04,-1.212430019992804963e-06
5.200000000000000000e+01,1.267598636268625458e-07,7.154636633959510781e-04,-1.170727549812768087e-06
5.300000000000000000e+01,1.262324526486453242e-07,7.019242525963816743e-04,-1.121550441662899518e-06
5.400000000000000000e+01,1.256920450877136127e-07,6.888148861073918302e-04,-1.082933016624598024e-06
5.500000000000000000e+01,1.251396954960850681e-07,6.761498095742077144e-04,-1.072873604047128591e-06
5.600000000000000000e+01,1.245765003905151209e-07,6.639342287785628561e-04,-1.103202158255330113e-06
5.700000000000000000e+01,1.240032161090412692e-07,6.521353741073933688e-04,-1.161197552237343300e-06
5.800000000000000000e+01,1.234206136568812003e-07,6.407115193676339408e-04,-1.228035479982198007e-06
5.900000000000000000e+01,1.228295049895632039e-07,6.296212282422134539e-04,-1.284926736791958624e-06
6.000000000000000000e+01,1.222306296478222416e-07,6.188229013253355396e-04,-1.313113426382493580e-06
6.100000000000000000e+01,1.216247743568347375e-07,6.082837530385078965e-04,-1.300165517951877222e-06
6.200000000000000000e+01,1.210125499634690392e-07,5.980041628028008246e-04,-1.258851247287127437e-06
6.300000000000000000e+01,1.203945580433477831e-07,5.879930824710154560e-04,-1.208209960898900855e-06
6.400000000000000000e+01,1.197713163715079913e-07,5.782592168423020566e-04,-1.167250608912233317e-06
6.500000000000000000e+01,1.191434952646018356e-07,5.688117742145534826e-04,-1.154955598194502091e-06
6.600000000000000000e+01,1.185116235680280550e-07,5.596521011798465117e-04,-1.183965707428509334e-06
6.700000000000000000e+01,1.178761786981500720e-07,5.507528528514868621e-04,-1.241656044904173484e-06
6.800000000000000000e+01,1.172375804800316823e-07,5.420788826861070234e-04,-1.309108481894000762e-06
6.900000000000000000e+01,1.165962625453276909e-07,5.335953166557970591e-04,-1.367430655107428504e-06
7.000000000000000000e+01,1.159526586519804993e-07,5.252674728401159629e-04,-1.397754081087685870e-06
7.100000000000000000e+01,1.153071963485956660e-07,5.170710362261592488e-04,-1.387198263290395273e-06
7.200000000000000000e+01,1.146602240980146964e-07,5.090235072911418685e-04,-1.346755029085027276e-06
7.300000000000000000e+01,1.140120708282154928e-07,5.011528655716002232e-04,-1.293365026346132341e-06
7.400000000000000000e+01,1.133630921095308597e-07,4.934870159198301515e-04,-1.243948846091410116e-06
7.500000000000000000e+01,1.127135517341887416e-07,4.860537377986261925e-04,-1.215408251038159057e-06
7.600000000000000000e+01,1.120638269079531658e-07,4.788719266649866775e-04,-1.219922994142002892e-06
7.700000000000000000e+01,1.114141807985420303e-07,4.719241191711101850e-04,-1.250845238297545672e-06
7.800000000000000000e+01,1.107647937197545371e-07,4.651834530751643355e-04,-1.296831225989769959e-06
7.900000000000000000e+01,1.101159371452056418e-07,4.586234944065363441e-04,-1.346550095482963229e-06
8.000000000000000000e+01,1.094678439478561235e-07,4.522175209181041543e-04,-1.388681200885296949e-06
8.100000000000000000e+01,1.088207104441648198e-07,4.459439155884212919e-04,-1.414315861413844412e-06
8.200000000000000000e+01,1.081747501391438035e-07,4.398001753821231688e-04,-1.424153609279073023e-06
8.300000000000000000e+01,1.075301395306363087e-07,4.337886570892428273e-04,-1.421292664951443859e-06
8.400000000000000000e+01,1.068870056672665107e-07,4.279115217575658122e-04,-1.408827444769117975e-06
8.500000000000000000e+01,1.062456008050802148e-07,4.221713907926487775e-04,-1.389850902305272379e-06
8.600000000000000000e+01,1.056060289594570977e-07,4.165689451274827058e-04,-1.367183960584001751e-06
8.700000000000000000e+01,1.049685214506092605e-07,4.110996931952871978e-04,-1.342576914110090749e-06
8.800000000000000000e+01,1.043332366110797911e-07,4.057576584526984779e-04,-1.317510947872909265e-06
8.900000000000000000e+01,1.037003820800839656e-07,4.005368278086233547e-04,-1.293465932501922146e-06
9.000000000000000000e+01,1.030701412893280362e-07,3.954312932647916987e-04,-1.271920950649991513e-06
9.100000000000000000e+01,1.024426624182448360e-07,3.904355376011032944e-04,-1.254062567366763826e-06
9.200000000000000000e+01,1.018180233050947921e-07,3.855459096885285484e-04,-1.239911929171575364e-06
9.300000000000000000e+01,1.011962665300306819e-07,3.807594236335391552e-04,-1.229199770759764660e-06
9.400000000000000000e+01,1.005774704394294687e-07,3.760730515504399039e-04,-1.221656944908437728e-06
9.500000000000000000e+01,9.996164308085487403e-08,3.714835954358432983e-04,-1.217013989987724889e-06
9.600000000000000000e+01,9.934887508502078149e-08,3.669880420553484654e-04,-1.215002264714882858e-06
9.700000000000000000e+01,9.873921040193494999e-08,3.625834245221805732e-04,-1.215353500004938551e-06
9.800000000000000000e+01,9.813269353190586094e-08,3.582666514439258637e-04,-1.217799219508797906e-06
9.900000000000000000e+01,9.752938091831516512e-08,3.540346389956545449e-04,-1.222071155315601291e-06
1.000000000000000000e+02,9.692934060577454784e-08,3.498844339052484959e-04,-1.227901667517283804e-06
1.010000000000000000e+02,9.633261812363767741e-08,3.458130029979859105e-04,-1.235023019933977064e-06
1.020000000000000000e+02,9.573924835372804690e-08,3.418171976735556489e-04,-1.243167217340675378e-06
1.030000000000000000e+02,9.514934486607782565e-08,3.378942369660956589e-04,-1.252067745444760100e-06
1.040000000000000000e+02,9.456292063804573780e-08,3.340409019431282776e-04,-1.261456646322916677e-06
1.050000000000000000e+02,9.398004494966573175e-08,3.302543364650943245e-04,-1.271067437267044427e-06
1.060000000000000000e+02,9.340077616087758817e-08,3.265314514804377468e-04,-1.280632896211586259e-06
1.070000000000000000e+02,9.282517290308927101e-08,3.228692415714998795e-04,-1.289886233906006410e-06
1.080000000000000000e+02,9.225330487467583101e-08,3.192648180224961336e-04,-1.298561251502020428e-06
1.090000000000000000e+02,9.168525251633163516e-08,3.157151797504877642e-04,-1.306391427372222728e-06
1.100000000000000000e+02,9.112103201874815720e-08,3.122172928909318270e-04,-1.313110204933691547e-06
1.110000000000000000e+02,9.056073398386006579e-08,3.087686695306132516e-04,-1.318506436091252138e-06
1.120000000000000000e+02,9.000433817650407540e-08,3.053689136658207701e-04,-1.322589908985521852e-06
1.130000000000000000e+02,8.945184489358569518e-08,3.020180615688311770e-04,-1.325425208929992213e-06
1.140000000000000000e+02,8.890325448654580357e-08,2.987162219257666947e-04,-1.327077185449697311e-06
1.150000000000000000e+02,8.835855700920544656e-08,2.954633633901531872e-04,-1.327610018512489159e-06
1.160000000000000000e+02,8.781776339863227337e-08,2.922595972594386375e-04,-1.327088468944086044e-06
1.170000000000000000e+02,8.728084348249537650e-08,2.891049998238417627e-04,-1.325577100069866246e-06
1.180000000000000000e+02,8.674777804394120296e-08,2.859995469044017001e-04,-1.323139967688617577e-06
1.190000000000000000e+02,8.621860904377495099e-08,2.829433856682924049e-04,-1.319841869932015123e-06
1.200000000000000000e+02,8.569329714477887208e-08,2.799365620317635747e-04,-1.315747100455134865e-06
1.210000000000000000e+02,8.517184396946456136e-08,2.769791237885252258e-04,-1.310919919119317679e-06
1.220000000000000000e+02,8.465427104019168876e-08,2.740712173774550379e-04,-1.305425015166281706e-06
1.230000000000000000e+02,8.414054023621189051e-08,2.712128272997282939e-04,-1.299326274346631517e-06
1.240000000000000000e+02,8.363068309680900137e-08,2.684040373323907870e-04,-1.292688015912064500e-06
1.250000000000000000e+02,8.312467198750918848e-08,2.656449942376628952e-04,-1.285574831734490106e-06
1.260000000000000000e+02,8.262249940254755811e-08,2.629356568033774759e-04,-1.278050374091211756e-06
1.270000000000000000e+02,8.212419665490789951e-08,2.602762039111972125e-04,-1.270179328623365116e-06
1.280000000000000000e+02,8.162973692772334955e-08,2.576666593267026460e-04,-1.262025599280938755e-06
1.290000000000000000e+02,8.113912269883442367e-08,2.551071097728074030e-04,-1.253653366781321601e-06
1.300000000000000000e+02,8.065235648320938102e-08,2.525976423491199338e-04,-1.245126786652932086e-06
1.310000000000000000e+02,8.016942771688001711e-08,2.501380429175449074e-04,-1.236498829414372358e-06
1.320000000000000000e+02,7.969032064086748733e-08,2.477270396907640167e-04,-1.227778538566478473e-06
1.330000000000000000e+02,7.921501583683235422e-08,2.453631185214580172e-04,-1.218964084301373736e-06
1.340000000000000000e+02,7.874350317957206076e-08,2.430447077558397606e-04,-1.210053347272257066e-06
1.350000000000000000e+02,7.827572640024304327e-08,2.407702093089582546e-04,-1.201044070551992532e-06
1.360000000000000000e+02,7.781169411964272612e-08,2.385381405242634754e-04,-1.191934567723928041e-06
1.370000000000000000e+02,7.735136891854071317e-08,2.363469617220668279e-04,-1.182722864833926865e-06
1.380000000000000000e+02,7.689472287809630438e-08,2.341950511728396506e-04,-1.173406572618852412e-06
1.390000000000000000e+02,7.644176425854396408e-08,2.320809824883333797e-04,-1.163984275725381461e-06
1.400000000000000000e+02,7.599244714748143610e-08,2.300031090614837210e-04,-1.154453451700314707e-06
1.410000000000000000e+02,7.554675293162477291e-08,2.279599233201305480e-04,-1.144812270947015520e-06
1.420000000000000000e+02,7.510466303304458662e-08,2.259498907543479958e-04,-1.135058765371840444e-06
1.430000000000000000e+02,7.466615890894462927e-08,2.239715039396418343e-04,-1.125191099475906145e-06
1.440000000000000000e+02,7.423121332402528382e-08,2.220231504115862471e-04,-1.115206906642125504e-06
1.450000000000000000e+02,7.379980795477537976e-08,2.201033508988750099e-04,-1.105104486111041344e-06
1.460000000000000000e+02,7.337194176583241290e-08,2.182105476917791493e-04,-1.094881739942013110e-06
1.470000000000000000e+02,7.294756188739981923e-08,2.163432356129212618e-04,-1.084536830772855663e-06
1.480000000000000000e+02,7.252668450710433521e-08,2.144998585619596393e-04,-1.074067662673208258e-06
1.490000000000000000e+02,7.210924872935661900e-08,2.126788618595339619e-04,-1.063472144413450150e-06
1.500000000000000000e+02,7.169527055863890936e-08,2.108787668752047054e-04,-1.052748562356433871e-06
1.510000000000000000e+02,7.128471374693260250e-08,2.090982023238111161e-04,-1.041895383750736537e-06
1.520000000000000000e+02,7.087753766742205505e-08,2.073366523697460820e-04,-1.030913939599376190e-06
1.530000000000000000e+02,7.047375065502233665e-08,2.055939064947545939e-04,-1.019806729666101115e-06
1.540000000000000000e+02,7.007328611438559241e-08,2.038695834272790048e-04,-1.008575403307601070e-06
1.550000000000000000e+02,6.967615220509052928e-08,2.021634962272114168e-04,-9.972225717571921737e-07
1.560000000000000000e+02,6.928230745389843357e-08,2.004752892275600410e-04,-9.857500089850913487e-07
1.570000000000000000e+02,6.889172699990050811e-08,1.988047031900850887e-04,-9.741599641068673522e-07
1.580000000000000000e+02,6.850436988160863795e-08,1.971514083995066331e-04,-9.624543387458830839e-07
1.590000000000000000e+02,6.812025165693453516e-08,1.955152153605365609e-04,-9.506357181213599419e-07
1.600000000000000000e+02,6.773929929517663017e-08,1.938957255722487398e-04,-9.387056663406508377e-07
1.610000000000000000e+02,6.736150430178065227e-08,1.922927261523950718e-04,-9.266666501655368100e-07
1.620000000000000000e+02,6.698685785407548388e-08,1.907059345203838182e-04,-9.145207943502782274e-07
1.630000000000000000e+02,6.661530374046581831e-08,1.891350012154961800e-04,-9.022699028876675602e-07
1.640000000000000000e+02,6.624683327316211743e-08,1.875797120561651982e-04,-8.899164269368831546e-07
1.650000000000000000e+02,6.588142192541234494e-08,1.860397409101549908e-04,-8.774622810041683942e-07
1.660000000000000000e+02,6.551904519385836305e-08,1.845148504069841328e-04,-8.649097991551246007e-07
1.670000000000000000e+02,6.515967092287905982e-08,1.830046937642189364e-04,-8.522607992612164604e-07
1.680000000000000000e+02,6.480327477957870027e-08,1.815090336665808890e-04,-8.395176122059533174e-07
1.690000000000000000e+02,6.444984763758914751e-08,1.800276102349939952e-04,-8.266824583711082796e-07
1.700000000000000000e+02,6.409933475216180719e-08,1.785600575208016506e-04,-8.137570704101503613e-07
1.710000000000000000e+02,6.375172712003317432e-08,1.771061380050769382e-04,-8.007437723520496373e-07
1.720000000000000000e+02,6.340700796167788276e-08,1.756656129010621570e-04,-7.876448752469416888e-07
1.730000000000000000e+02,6.306513063126006312e-08,1.742381392234900307e-04,-7.744622193300155940e-07
1.740000000000000000e+02,6.272608593985186908e-08,1.728234373776964879e-04,-7.611979326374726842e-07
1.750000000000000000e+02,6.238985704794276848e-08,1.714212683817904759e-04,-7.478543193284055396e-07
1.760000000000000000e+02,6.205640493436865463e-08,1.700313520776683288e-04,-7.344337706457221307e-07
1.770000000000000000e+02,6.172569049633925123e-08,1.686534704532408979e-04,-7.209400413824568018e-07
1.780000000000000000e+02,6.139771827703745244e-08,1.672875260652113437e-04,-7.073776769943652351e-07
1.790000000000000000e+02,6.107244902839008938e-08,1.659333215336465759e-04,-6.937507926144574359e-07
1.800000000000000000e+02,6.074984382371576897e-08,1.645906997358107925e-04,-6.800636760000621610e-07
1.810000000000000000e+02,6.042990680060502890e-08,1.632595229117413495e-04,-6.663206927101887089e-07
1.820000000000000000e+02,6.011258481494122809e-08,1.619395953008583272e-04,-6.525259693869967235e-07
1.830000000000000000e+02,5.979786763682410357e-08,1.606307984120946425e-04,-6.386839468369793208e-07
1.840000000000000000e+02,5.948573774321151636e-08,1.593329749040905735e-04,-6.247989041197558253e-07
1.850000000000000000e+02,5.917615654675441731e-08,1.580459488122018974e-04,-6.108750471359570011e-07
1.860000000000000000e+02,5.886909270723081325e-08,1.567695448369178400e-04,-5.969165874781775030e-07
1.870000000000000000e+02,5.856454267009372845e-08,1.555036251103088718e-04,-5.829278803673325451e-07
1.880000000000000000e+02,5.826245436533076456e-08,1.542480329800170779e-04,-5.689132063137130646e-07
1.890000000000000000e+02,5.796283099682574074e-08,1.530026118487045239e-04,-5.548768450160553438e-07
1.900000000000000000e+02,5.766563440902342637e-08,1.517672231234889764e-04,-5.408231393473431708e-07
1.910000000000000000e+02,5.737082673849586805e-08,1.505416386584635107e-04,-5.267561132434521136e-07
1.920000000000000000e+02,5.707841754593370574e-08,1.493257916224559930e-04,-5.126803622578084521e-07
1.930000000000000000e+02,5.678833532379136352e-08,1.481194371680401268e-04,-4.985998581784089539e-07
1.940000000000000000e+02,5.650059618755049287e-08,1.469225071299994935e-04,-4.845191784976103461e-07
1.950000000000000000e+02,5.621516902728411747e-08,1.457347926568453641e-04,-4.704424215329461060e-07
1.960000000000000000e+02,5.593199648100567134e-08,1.445561208278561599e-04,-4.563738128630827001e-07
1.970000000000000000e+02,5.565109409734397439e-08,1.433863871709264895e-04,-4.423177933688507613e-07
1.980000000000000000e+02,5.537241783751240780e-08,1.422254014750880117e-04,-4.282785300160825968e-07
1.990000000000000000e+02,5.509594357315692475e-08,1.410729913603397468e-04,-4.142602514353225403e-07
2.000000000000000000e+02,5.482164718675851875e-08,1.399290346964838670e-04,-4.002673343409922116e-07
2.010000000000000000e+02,5.454950566038559092e-08,1.387933817430346279e-04,-3.863032049318500492e-07
2.020000000000000000e+02,5.427951315580161964e-08,1.376660066821543615e-04,-3.723681855241300901e-07
2.030000000000000000e+02,5.401162642818142229e-08,1.365468574089183092e-04,-3.584616651103539932e-07
2.040000000000000000e+02,5.374585349904941886e-08,1.354359469999352771e-04,-3.445832090700772324e-07
2.050000000000000000e+02,5.348215139228429154e-08,1.343332239171955657e-04,-3.307322132341072325e-07
2.060000000000000000e+02,5.322051533244452163e-08,1.332386849848749336e-04,-3.169081991721776860e-07
2.070000000000000000e+02,5.296094030731740453e-08,1.321523265289754531e-04,-3.031106820359461242e-07
2.080000000000000000e+02,5.270338373603203089e-08,1.310740978470593520e-04,-2.893390678532927052e-07
2.090000000000000000e+02,5.244784068467029321e-08,1.300039800451003669e-04,-2.755928410366958798e-07
2.100000000000000000e+02,5.219429366152943116e-08,1.289419847667113838e-04,-2.618715480945289882e-07
2.110000000000000000e+02,5.194271291594826070e-08,1.278880621245323990e-04,-2.481746051738449431e-07
2.120000000000000000e+02,5.169311167142488288e-08,1.268422082857585166e-04,-2.345015247704415132e-07
2.130000000000000000e+02,5.144543574608319477e-08,1.258044040497347546e-04,-2.208517868775157200e-07
2.140000000000000000e+02,5.119968608212120185e-08,1.247746154643709774e-04,-2.072248470717378196e-07
2.150000000000000000e+02,5.095584522869874028e-08,1.237528530291234698e-04,-1.936202362451408559e-07
2.160000000000000000e+02,5.071388975321312398e-08,1.227390391168810312e-04,-1.800373446438993751e-07
2.170000000000000000e+02,5.047380230548292438e-08,1.217332133189720598e-04,-1.664757459885215055e-07
2.180000000000000000e+02,5.023557741005958325e-08,1.207353418744241036e-04,-1.529348978914089334e-07
2.190000000000000000e+02,4.999917393895739188e-08,1.197453915137931596e-04,-1.394142644858976295e-07
2.200000000000000000e+02,4.976459236469929812e-08,1.187633435115408959e-04,-1.259133313098617849e-07
2.210000000000000000e+02,4.953182113361701447e-08,1.177891931021799235e-04,-1.124315973030138255e-07
2.220000000000000000e+02,4.930081946897729216e-08,1.168229074118582323e-04,-9.896853168094890779e-08
2.230000000000000000e+02,4.907158181859350476e-08,1.158644677574331835e-04,-8.552362025233655785e-08
2.240000000000000000e+02,4.884409087900877790e-08,1.149138554688849555e-04,-7.209634891144075447e-08
2.250000000000000000e+02,4.861834084227102878e-08,1.139710788819447827e-04,-5.868621753604797694e-08
2.260000000000000000e+02,4.839429138672921719e-08,1.130360785327263627e-04,-4.529268658168686645e-08
2.270000000000000000e+02,4.817193676982785514e-08,1.121088361240509413e-04,-3.191524695536345568e-08
2.280000000000000000e+02,4.795125971312004613e-08,1.111893728704665539e-04,-1.855339622571842962e-08
2.290000000000000000e+02,4.773224294426306972e-08,1.102776172794276067e-04,-5.206608746611746707e-09
2.300000000000000000e+02,4.751487481223835431e-08,1.093736032195130478e-04,8.125623464991853860e-09
2.310000000000000000e+02,4.729912121089289447e-08,1.084772857806685508e-04,2.144381833429055388e-08
2.320000000000000000e+02,4.708498729656826456e-08,1.075886464017759782e-04,3.474848931636337952e-08
2.330000000000000000e+02,4.687243905076227632e-08,1.067076665344552538e-04,4.804014979189267392e-08
2.340000000000000000e+02,4.666145379026903980e-08,1.058343276430233793e-04,6.131931306835548461e-08
2.350000000000000000e+02,4.645202540681053811e-08,1.049685987706699974e-04,7.458648354626582359e-08
2.360000000000000000e+02,4.624414213433705570e-08,1.041104863758641759e-04,8.784219048971065689e-08
2.370000000000000000e+02,4.603777034720817325e-08,1.032599594247809365e-04,1.010869397304159931e-07
2.380000000000000000e+02,4.583290380513271854e-08,1.024169872996076998e-04,1.143212307521800891e-07
2.390000000000000000e+02,4.562953068621036310e-08,1.015815758912049378e-04,1.275456020327012504e-07
2.400000000000000000e+02,4.542762296764120776e-08,1.007536825710746695e-04,1.407605378148565349e-07
2.410000000000000000e+02,4.522715816819595041e-08,9.993330102113334691e-05,1.539665644726239746e-07
2.420000000000000000e+02,4.502812987543305806e-08,9.912041280316464338e-05,1.671641947733578787e-07
2.430000000000000000e+02,4.483051559326172452e-08,9.831498784320527400e-05,1.803539200538638334e-07
2.440000000000000000e+02,4.463430875535693696e-08,9.751703111808866439e-05,1.935362941305082436e-07
2.450000000000000000e+02,4.443947108903529221e-08,9.672648956236136171e-05,2.067117607976322996e-07
2.460000000000000000e+02,4.424600654624861603e-08,9.594337944579825418e-05,2.198809013714676161e-07
2.470000000000000000e+02,4.405388225489531604e-08,9.516767083501792535e-05,2.330442053891981476e-07
2.480000000000000000e+02,4.386309155240806735e-08,9.439933417705912789e-05,2.462021560882603104e-07
2.490000000000000000e+02,4.367361210723598570e-08,9.363835138631660987e-05,2.593552611453848699e-07
2.500000000000000000e+02,4.348542682375170945e-08,9.288471539067831031e-05,2.725040604764119296e-07
2.510000000000000000e+02,4.329853006116661671e-08,9.213839837274006021e-05,2.856487214380049584e-07
2.520000000000000000e+02,4.311289025235752025e-08,9.139925809051667428e-05,2.987877964485466045e-07
2.530000000000000000e+02,4.292851800893094203e-08,9.066716485579380199e-05,3.119195577594029792e-07
2.540000000000000000e+02,4.274538315358835134e-08,8.994195667897419738e-05,3.250421684466613648e-07
2.550000000000000000e+02,4.256349613063792585e-08,8.922352514241269181e-05,3.381539796760300464e-07
2.560000000000000000e+02,4.238282694064734675e-08,8.851169789273002247e-05,3.512531116478602248e-07
2.570000000000000000e+02,4.220337587862617889e-08,8.780635563626564108e-05,3.643378819786298205e-07
2.580000000000000000e+02,4.202514307328691521e-08,8.710735778346702894e-05,3.774065313863555023e-07
2.590000000000000000e+02,4.184809878753987765e-08,8.641455352433121838e-05,3.904572544492186381e-07
2.600000000000000000e+02,4.167225305708353102e-08,8.572781271654355986e-05,4.034883353438788765e-07
2.610000000000000000e+02,4.149757631680346047e-08,8.504698475184853152e-05,4.164979658308326815e-07
2.620000000000000000e+02,4.132407844271260102e-08,8.437194936365799533e-05,4.294844843558200305e-07
2.630000000000000000e+02,4.115173003937896882e-08,8.370252613982607603e-05,4.424459271381504285e-07
2.640000000000000000e+02,4.098053112830360849e-08,8.303861469185831355e-05,4.553807377765277962e-07
2.650000000000000000e+02,4.081047191528448722e-08,8.238004503794571108e-05,4.682869959720383589e-07
2.660000000000000000e+02,4.064154741743366410e-08,8.172669658588956618e-05,4.811630483723653657e-07
2.670000000000000000e+02,4.047373820892678254e-08,8.107842891980990567e-05,4.940071368453128365e-07
2.680000000000000000e+02,4.030703933203214488e-08,8.043509210758033648e-05,5.068174432823904319e-07
2.690000000000000000e+02,4.014143150345682631e-08,7.979654599738146873e-05,5.195922052091476423e-07
2.700000000000000000e+02,3.997692398028617189e-08,7.916265983713298340e-05,5.323297233811365604e-07
2.710000000000000000e+02,3.981348802286500320e-08,7.853327466095239018e-05,5.450281108576484708e-07
2.720000000000000000e+02,3.965112335428034958e-08,7.790826905760781798e-05,5.576857332373738823e-07
2.730000000000000000e+02,3.948983422021987586e-08,7.728750271403955242e-05,5.703008330130036719e-07
2.740000000000000000e+02,3.932957344423789888e-08,7.667080806421671844e-05,5.828714454447594559e-07
2.750000000000000000e+02,3.917036398901219886e-08,7.605809056938614735e-05,5.953961527663957965e-07
2.760000000000000000e+02,3.901218674143006607e-08,7.544917374870468920e-05,6.078729183525707410e-07
2.770000000000000000e+02,3.885502274010312409e-08,7.484392665829451934e-05,6.203000497173402203e-07
2.780000000000000000e+02,3.869887607423752916e-08,7.424220927775717726e-05,6.326757853735451639e-07
2.790000000000000000e+02,3.854372780504991133e-08,7.364389033211959327e-05,6.449984404140133175e-07
2.800000000000000000e+02,3.838956368575752137e-08,7.304881229308905679e-05,6.572661020525144580e-07
2.810000000000000000e+02,3.823639217262997825e-08,7.245685257433759775e-05,6.694771635000407808e-07
2.820000000000000000e+02,3.808418537279688339e-08,7.186786247698731176e-05,6.816297871648504171e-07
2.830000000000000000e+02,3.793294711289979656e-08,7.128170204685758927e-05,6.937222120259615841e-07
2.840000000000000000e+02,3.778264970095598661e-08,7.069823134225285599e-05,7.057526771527953730e-07
2.850000000000000000e+02,3.763330582333308269e-08,7.011731874863130992e-05,7.177195068135608045e-07
2.860000000000000000e+02,3.748489231779503550e-08,6.953880765065116197e-05,7.296207714441255617e-07
2.870000000000000000e+02,3.733739949420570441e-08,6.896257470482795176e-05,7.414548819905330699e-07
2.880000000000000000e+02,3.719081326114390575e-08,6.838845548313967281e-05,7.532198140776016955e-07
2.890000000000000000e+02,3.704513275448152260e-08,6.781634268096987949e-05,7.649141616937681501e-07
2.900000000000000000e+02,3.690035260604034691e-08,6.724607209723760344e-05,7.765358964309109448e-07
2.910000000000000000e+02,3.675645432682209165e-08,6.667752779880363023e-05,7.880835341866584353e-07
2.920000000000000000e+02,3.661342390015681970e-08,6.611053817251743040e-05,7.995549435433219455e-07
2.930000000000000000e+02,3.647126465055987749e-08,6.554498710541649734e-05,8.109486446556246739e-07
2.940000000000000000e+02,3.632995819609176845e-08,6.498072686416852259e-05,8.222627838881567569e-07
2.950000000000000000e+02,3.618949057477442731e-08,6.441760999352702034e-05,8.334955022793667469e-07
2.960000000000000000e+02,3.604986496619605512e-08,6.385551203610392379e-05,8.446452361799193401e-07
2.970000000000000000e+02,3.591105458901711004e-08,6.329427798339508587e-05,8.557100265935693152e-07
2.980000000000000000e+02,3.577307104844255367e-08,6.273378313225961309e-05,8.666883152904357021e-07
2.990000000000000000e+02,3.563589186814433417e-08,6.217388013476030908e-05,8.775782422302586303e-07
3.000000000000000000e+02,3.549949897138055933e-08,6.161442191804868585e-05,8.883779422346496899e-07
3.010000000000000000e+02,3.536390025142985814e-08,6.105531937071196876e-05,8.990854510687854829e-07
3.020000000000000000e+02,3.522908117158650155e-08,6.049665593045767953e-05,9.096975804286118625e-07
3.030000000000000000e+02,3.509503219361626135e-08,5.993853663698743204e-05,9.202105123782333614e-07
3.040000000000000000e+02,3.496176040499152749e-08,5.938108818303657630e-05,9.306207503629170089e-07
3.050000000000000000e+02,3.482925208200801073e-08,5.882443698982345477e-05,9.409248029607921583e-07
3.060000000000000000e+02,3.469750184586915756e-08,5.826868847132812975e-05,9.511188452667676817e-07
3.070000000000000000e+02,3.456649613089423067e-08,5.771395540731032804e-05,9.611991568944448886e-07
3.080000000000000000e+02,3.443625004525730628e-08,5.716039151810440347e-05,9.711627042141154606e-07
3.090000000000000000e+02,3.430674588527094489e-08,5.660808876694237526e-05,9.810054298868139653e-07
3.100000000000000000e+02,3.417797017995021115e-08,5.605716675858864298e-05,9.907237281144263068e-07
3.110000000000000000e+02,3.404993377846427259e-08,5.550775167556456103e-05,1.000314111998949390e-06
3.120000000000000000e+02,3.392262318140021965e-08,5.495996943334680344e-05,1.009773099364662071e-06
3.130000000000000000e+02,3.379603301696835389e-08,5.441392631536398861e-05,1.019096849880280914e-06
3.140000000000000000e+02,3.367014993761418171e-08,5.386973550716123399e-05,1.028281636506708713e-06
3.150000000000000000e+02,3.354499250352238605e-08,5.332754840580291938e-05,1.037324466560216184e-06
3.160000000000000000e+02,3.342052349770840259e-08,5.278744622683467921e-05,1.046221003404567387e-06
3.170000000000000000e+02,3.329675744936506269e-08,5.224957370683348508e-05,1.054968136941275836e-06
3.180000000000000000e+02,3.317369287719414033e-08,5.171405001342634973e-05,1.063562269086892770e-06
3.190000000000000000e+02,3.305131649729786491e-08,5.118098216510389331e-05,1.071999547366877301e-06
3.200000000000000000e+02,3.292961514236453066e-08,5.065048969931860957e-05,1.080276367778370325e-06
3.210000000000000000e+02,3.280859908107472542e-08,5.012270404103975392e-05,1.088389384815383200e-06
3.220000000000000000e+02,3.268825511921228372e-08,4.959773257025928918e-05,1.096334740394248957e-06
3.230000000000000000e+02,3.256857017721899328e-08,4.907570062859895418e-05,1.104108962039021800e-06
3.240000000000000000e+02,3.244955435574766990e-08,4.855672178132573475e-05,1.111708317267759267e-06
3.250000000000000000e+02,3.233118688763156053e-08,4.804092123470830335e-05,1.119129335745306209e-06
3.260000000000000000e+02,3.221347776303175865e-08,4.752842394520609203e-05,1.126368550787415779e-06
3.270000000000000000e+02,3.209640632810797489e-08,4.701933230538957029e-05,1.133421961152664732e-06
3.280000000000000000e+02,3.197998246372736438e-08,4.651378254267354417e-05,1.140286367619403330e-06
3.290000000000000000e+02,3.186418562813823557e-08,4.601188286073704906e-05,1.146957900293219884e-06
3.300000000000000000e+02,3.174902559409159794e-08,4.551375813742724300e-05,1.153433093673759569e-06
3.310000000000000000e+02,3.163448567914773783e-08,4.501952232460579875e-05,1.159708210199703070e-06
3.320000000000000000e+02,3.152056430377570220e-08,4.452930545598762503e-05,1.165779924514501513e-06
3.330000000000000000e+02,3.140725611374186069e-08,4.404321619058752498e-05,1.171644360866661151e-06
3.340000000000000000e+02,3.129455575562470887e-08,4.356137915282052756e-05,1.177298057171570950e-06
3.350000000000000000e+02,3.118245787680854192e-08,4.308391362115479133e-05,1.182737413765232435e-06
3.360000000000000000e+02,3.107094976148367941e-08,4.261092875671869504e-05,1.187958549052181659e-06
3.370000000000000000e+02,3.096004081277190728e-08,4.214255916918224754e-05,1.192958284616293263e-06
3.380000000000000000e+02,3.084971097833327985e-08,4.167891406624661281e-05,1.197732738467996236e-06
3.390000000000000000e+02,3.073996955823052190e-08,4.122011776764921776e-05,1.202278452227475449e-06
3.400000000000000000e+02,3.063080023585837613e-08,4.076628469490892588e-05,1.206591683350865634e-06
3.410000000000000000e+02,3.052220131901455948e-08,4.031754383512667854e-05,1.210669118444818192e-06
3.420000000000000000e+02,3.041416746035326205e-08,3.987400481818573152e-05,1.214506871371959080e-06
3.430000000000000000e+02,3.030669331328699342e-08,3.943579173278156697e-05,1.218101486138130029e-06
3.440000000000000000e+02,3.019976637347385706e-08,3.900301456828492521e-05,1.221449073604582148e-06
3.450000000000000000e+02,3.009339563793171422e-08,3.857581118911075196e-05,1.224546613753229222e-06
3.460000000000000000e+02,2.998756857858203248e-08,3.815428694906979881e-05,1.227390072569546308e-06
3.470000000000000000e+02,2.988227631000787582e-08,3.773856123789546261e-05,1.229975849947816140e-06
3.480000000000000000e+02,2.977750999695312290e-08,3.732875343935873976e-05,1.232300345962269368e-06
3.490000000000000000e+02,2.967327843942932396e-08,3.692498731421834480e-05,1.234360107384094304e-06
3.500000000000000000e+02,2.956956220237829199e-08,3.652737775708585015e-05,1.236151388559271682e-06
3.510000000000000000e+02,2.946637038212595333e-08,3.613600779959266486e-05,1.237673886983702513e-06
3.520000000000000000e+02,2.936368908978159561e-08,3.575076347040488580e-05,1.238938725590079874e-06
3.530000000000000000e+02,2.926151884991673986e-08,3.537149885371492549e-05,1.239960470060426223e-06
3.540000000000000000e+02,2.915985668273871596e-08,3.499806370938048967e-05,1.240753538477661426e-06
3.550000000000000000e+02,2.905869616436509704e-08,3.463029958681215070e-05,1.241332053363671473e-06
3.560000000000000000e+02,2.895803778447376607e-08,3.426806872974883232e-05,1.241710873043002443e-06
3.570000000000000000e+02,2.885787856471478827e-08,3.391121274942434087e-05,1.241904118451191190e-06
3.580000000000000000e+02,2.875820870892514697e-08,3.355958157307386007e-05,1.241926204416049136e-06
3.590000000000000000e+02,2.865903889992040494e-08,3.321302907779421771e-05,1.241791692504775151e-06
3.600000000000000000e+02,2.856035593324918806e-08,3.287140118107643457e-05,1.241514848711502979e-06
3.610000000000000000e+02,2.846215349321133664e-08,3.253455169535230892e-05,1.241110233125722796e-06
3.620000000000000000e+02,2.836444212392209182e-08,3.220233045947854867e-05,1.240592257647766966e-06
3.630000000000000000e+02,2.826720872714442112e-08,3.187457975427097153e-05,1.239975039021210519e-06
3.640000000000000000e+02,2.817045370209166597e-08,3.155116465182328657e-05,1.239273576675940134e-06
3.650000000000000000e+02,2.807416741737798359e-08,3.123191625137505063e-05,1.238501544669428530e-06
3.660000000000000000e+02,2.797836355250846495e-08,3.091669944983214632e-05,1.237673940664840544e-06
3.670000000000000000e+02,2.788301589124529150e-08,3.060535675302649626e-05,1.236804879088274360e-06
3.680000000000000000e+02,2.778814136320936463e-08,3.029774176207071637e-05,1.235908914708428961e-06
3.690000000000000000e+02,2.769372707795842632e-08,2.999370081845129817e-05,1.235000307971735662e-06
3.700000000000000000e+02,2.759977336904641795e-08,2.969308746616817034e-05,1.234093612148968619e-06
3.710000000000000000e+02,2.750627726464698121e-08,2.939574813453162916e-05,1.233203086624331550e-06
3.720000000000000000e+02,2.741323254301160352e-08,2.910153631173158497e-05,1.232343283202289500e-06
3.730000000000000000e+02,2.732063950556995581e-08,2.881030193364878512e-05,1.231528606455994883e-06
3.740000000000000000e+02,2.722848872459875923e-08,2.852188478527124346e-05,1.230773021972151574e-06
3.750000000000000000e+02,2.713679338388984070e-08,2.823615188738710298e-05,1.230091664149659207e-06
3.760000000000000000e+02,2.704552796760742643e-08,2.795293972076629265e-05,1.229498351404565903e-06
3.770000000000000000e+02,2.695470881314989069e-08,2.767210831058560344e-05,1.229007924147094847e-06
3.780000000000000000e+02,2.686432333060414116e-08,2.739349777435154000e-05,1.228634346269402058e-06
3.790000000000000000e+02,2.677437175851678124e-08,2.711696795159258938e-05,1.228392456710410681e-06
3.800000000000000000e+02,2.668484480009455391e-08,2.684235598496981234e-05,1.228296072646731148e-06
3.810000000000000000e+02,2.659574901259886214e-08,2.656952478305725954e-05,1.228360177587128752e-06
3.820000000000000000e+02,2.650707825384474510e-08,2.629832425263778250e-05,1.228599171125209933e-06
3.830000000000000000e+02,2.641882329110683047e-08,2.602858885523494072e-05,1.229026722817570132e-06
3.840000000000000000e+02,2.633099058817544618e-08,2.576018734511619049e-05,1.229658106561697537e-06
3.850000000000000000e+02,2.624357714793978756e-08,2.549296350170075561e-05,1.230507428717522416e-06
3.860000000000000000e+02,2.615656446396856412e-08,2.522675836987658984e-05,1.231588648252037299e-06
3.870000000000000000e+02,2.606996824475785386e-08,2.496143412789469148e-05,1.232916746667417976e-06
3.880000000000000000e+02,2.598377621933307147e-08,2.469683486021220065e-05,1.234505827977078827e-06
3.890000000000000000e+02,2.589798852521037330e-08,2.443281361307935706e-05,1.236370434676532877e-06
3.900000000000000000e+02,2.581259607556801579e-08,2.416921470318173542e-05,1.238524668482898772e-06
3.910000000000000000e+02,2.572760512104924057e-08,2.390589689784660961e-05,1.240983365263165477e-06
3.920000000000000000e+02,2.564301266820306721e-08,2.364270736477334177e-05,1.243760773255333383e-06
3.930000000000000000e+02,2.555880056728468920e-08,2.337948784962582332e-05,1.246870842967963607e-06
3.940000000000000000e+02,2.547498410376986046e-08,2.311609969517619377e-05,1.250328559047316598e-06
3.950000000000000000e+02,2.539155122113390138e-08,2.285238746634041238e-05,1.254148018709370930e-06
3.960000000000000000e+02,2.530849598521715748e-08,2.258820134915813906e-05,1.258343614020462527e-06
3.970000000000000000e+02,2.522582746138358262e-08,2.232339418656668822e-05,1.262929886478666157e-06
3.980000000000000000e+02,2.514353368294541705e-08,2.205781346197166069e-05,1.267921078244413455e-06
3.990000000000000000e+02,2.506161171828333188e-08,2.179131196636803714e-05,1.273331731095030916e-06
4.000000000000000000e+02,2.498006159894631000e-08,2.152373981319151644e-05,1.279176237122954937e-06
4.010000000000000000e+02,2.489887464746424878e-08,2.125498330038379802e-05,1.285461949542152702e-06
4.020000000000000000e+02,2.481805774051299805e-08,2.098512156876924180e-05,1.292170963921828400e-06
4.030000000000000000e+02,2.473760315815314338e-08,2.071426223459012705e-05,1.299277883084512840e-06
4.040000000000000000e+02,2.465751203148317385e-08,2.044252045030596165e-05,1.306757769822443306e-06
4.050000000000000000e+02,2.457778253851552310e-08,2.017000883924982939e-05,1.314585535449489280e-06
4.060000000000000000e+02,2.449840995149882105e-08,1.989683529380278462e-05,1.322735778235737986e-06
4.070000000000000000e+02,2.441939247713943394e-08,1.962311495372637282e-05,1.331183563861758026e-06
4.080000000000000000e+02,2.434072543476055582e-08,1.934896282486342175e-05,1.339903962868099556e-06
4.090000000000000000e+02,2.426241857186304472e-08,1.907449151307394862e-05,1.348871890768948799e-06
4.100000000000000000e+02,2.418446140536205427e-08,1.879981138700532095e-05,1.358062102851385136e-06
4.110000000000000000e+02,2.410685214255517308e-08,1.852503514195219715e-05,1.367449513402539027e-06
4.120000000000000000e+02,2.402959184151982430e-08,1.825027763689941195e-05,1.377009201159646580e-06
4.130000000000000000e+02,2.395267299924040779e-08,1.797564719109891659e-05,1.386715756238641133e-06
4.140000000000000000e+02,2.387610234820121988e-08,1.770126079066596070e-05,1.396544423903912891e-06
4.150000000000000000e+02,2.379987804197304566e-08,1.742723308725553888e-05,1.406470292615598579e-06
4.160000000000000000e+02,2.372398416183338971e-08,1.715367044883070992e-05,1.416467783538301543e-06
4.170000000000000000e+02,2.364843583028569713e-08,1.688068965469384107e-05,1.426512151668894666e-06
4.180000000000000000e+02,2.357321719156768292e-08,1.660839735723529869e-05,1.436577809219952655e-06
4.190000000000000000e+02,2.349834323461859051e-08,1.633691611676554820e-05,1.446640529610397355e-06
4.200000000000000000e+02,2.342379538746847789e-08,1.606635067004391783e-05,1.456674553747402899e-06
4.210000000000000000e+02,2.334957468191168658e-08,1.579681564625980819e-05,1.466654975402541729e-06
4.220000000000000000e+02,2.327569039914183322e-08,1.552842738710079161e-05,1.476557069355590139e-06
4.230000000000000000e+02,2.320213241090630765e-08,1.526129291238746211e-05,1.486355237762853341e-06
4.240000000000000000e+02,2.312889892628477971e-08,1.499552852519101595e-05,1.496024758208897992e-06
4.250000000000000000e+02,2.305599089003614650e-08,1.473124502298319406e-05,1.505540381748167764e-06
4.260000000000000000e+02,2.298340648565172537e-08,1.446855676279123837e-05,1.514877215618112690e-06
4.270000000000000000e+02,2.291113574151015758e-08,1.420757291071357986e-05,1.524009829116382871e-06
4.280000000000000000e+02,2.283919317806959134e-08,1.394841116142509140e-05,1.532913694232960411e-06
4.290000000000000000e+02,2.276756069419336718e-08,1.369117907945176281e-05,1.541563197541224617e-06
4.300000000000000000e+02,2.269623924354175548e-08,1.343599097659517370e-05,1.549933450595900573e-06
4.310000000000000000e+02,2.262523779982361413e-08,1.318296103929826364e-05,1.557999569817604878e-06
4.320000000000000000e+02,2.255454646870572107e-08,1.293220179490115664e-05,1.565736490127377572e-06
4.330000000000000000e+02,2.248416346041721950e-08,1.268382275513117922e-05,1.573118773250642386e-06
4.340000000000000000e+02,2.241409230465695674e-08,1.243794105147931890e-05,1.580121913365420067e-06
4.350000000000000000e+02,2.234431790507107560e-08,1.219466477100917898e-05,1.586720284152393173e-06
4.360000000000000000e+02,2.227485440565233608e-08,1.195410944457623777e-05,1.592889196856790780e-06
4.370000000000000000e+02,2.220569203805712237e-08,1.171638480395500783e-05,1.598603209612615866e-06
4.380000000000000000e+02,2.213682901310664377e-08,1.148160625864027723e-05,1.603837638181281940e-06
4.390000000000000000e+02,2.206826354169644663e-08,1.124988498270349010e-05,1.608567230668987542e-06
4.400000000000000000e+02,2.199999644552009054e-08,1.102133618559324251e-05,1.612767308410665327e-06
4.410000000000000000e+02,2.193202591150345596e-08,1.079606844606966333e-05,1.616412236814834066e-06
4.420000000000000000e+02,2.186434753217454290e-08,1.057419694177603394e-05,1.619477338879267288e-06
4.430000000000000000e+02,2.179695951893184669e-08,1.035583171559058777e-05,1.621937170356926166e-06
4.440000000000000000e+02,2.172986008324650235e-08,1.014108662803815415e-05,1.623766864323164768e-06
4.450000000000000000e+02,2.166305000753165439e-08,9.930076613093781569e-06,1.624941748704118086e-06
4.460000000000000000e+02,2.159652747979663104e-08,9.722911783721735365e-06,1.625436380213138026e-06
4.470000000000000000e+02,2.153028302282997557e-08,9.519703579159753012e-06,1.625225508614856465e-06
4.480000000000000000e+02,2.146433017958101899e-08,9.320567959431034409e-06,1.624284656799220993e-06
4.490000000000000000e+02,2.139865183109333881e-08,9.125614094948203425e-06,1.622588189844890557e-06
4.500000000000000000e+02,2.133324876794272430e-08,8.934955676909326022e-06,1.620111245955837489e-06
4.510000000000000000e+02,2.126812942770480044e-08,8.748676551336431265e-06,1.616836236026485525e-06
4.520000000000000000e+02,2.120328493242880313e-08,8.566740457456402716e-06,1.612774469443370787e-06
4.530000000000000000e+02,2.113871412866917485e-08,8.389079395333075138e-06,1.607944145431179831e-06
4.540000000000000000e+02,2.107441586302496627e-08,8.215629439391604843e-06,1.602364228975060860e-06
4.550000000000000000e+02,2.101039396946082007e-08,8.046324590052382201e-06,1.596053299777675088e-06
4.560000000000000000e+02,2.094663481881952852e-08,7.881096043328090551e-06,1.589029370069556625e-06
4.570000000000000000e+02,2.088315219726365808e-08,7.719881650667574316e-06,1.581311777265984919e-06
4.580000000000000000e+02,2.081993747077914548e-08,7.562613569358182927e-06,1.572918721916829572e-06
4.590000000000000000e+02,2.075698948637696411e-08,7.409225870650933140e-06,1.563868783320205896e-06
4.600000000000000000e+02,2.069430709111158384e-08,7.259652627674528256e-06,1.554180540244814979e-06
4.610000000000000000e+02,2.063189158095827342e-08,7.113828760717920255e-06,1.543872754376689320e-06
4.620000000000000000e+02,2.056973689794973234e-08,6.971686639216278870e-06,1.532963635237265457e-06
4.630000000000000000e+02,2.050784921393318142e-08,6.833162828416276366e-06,1.521472306254661599e-06
4.640000000000000000e+02,2.044622247856767062e-08,6.698188925018189230e-06,1.509416797425639721e-06
4.650000000000000000e+02,2.038485553930928914e-08,6.566700621457124817e-06,1.496816044693866072e-06
4.660000000000000000e+02,2.032374724365650760e-08,6.438630427523357952e-06,1.483688266190989918e-06
4.670000000000000000e+02,2.026289884436427212e-08,6.313914727089084544e-06,1.470052565531033858e-06
4.680000000000000000e+02,2.020230437141742469e-08,6.192484579516121389e-06,1.455926815001227432e-06
4.690000000000000000e+02,2.014196986666315023e-08,6.074277049671830624e-06,1.441330283604453640e-06
4.700000000000000000e+02,2.008188936752177092e-08,5.959224732239628143e-06,1.426281194983651077e-06
4.710000000000000000e+02,2.002206172188304693e-08,5.847261724218952482e-06,1.410798121643883285e-06
4.720000000000000000e+02,1.996248577767805110e-08,5.738322124393042740e-06,1.394899635587270842e-06
4.730000000000000000e+02,1.990316274552057318e-08,5.632341371936369187e-06,1.378604635958333713e-06
4.740000000000000000e+02,1.984408674115010306e-08,5.529250867492849838e-06,1.361931034502092715e-06
4.750000000000000000e+02,1.978526367965946115e-08,5.428986724115149621e-06,1.344897893051538685e-06
4.760000000000000000e+02,1.972668768403764088e-08,5.331482379393563099e-06,1.327523617654859604e-06
4.770000000000000000e+02,1.966835760259665825e-08,5.236672564276688589e-06,1.309826933342601231e-06
4.780000000000000000e+02,1.961027228368875670e-08,5.144490133608931281e-06,1.291826095551656429e-06
4.790000000000000000e+02,1.955243521796635802e-08,5.054871034509632876e-06,1.273540133115755271e-06
4.800000000000000000e+02,1.949483364139488073e-08,4.967747547709704018e-06,1.254987153289187357e-06
4.810000000000000000e+02,1.943748030886034168e-08,4.883054981362576639e-06,1.236186023810191388e-06
4.820000000000000000e+02,1.938036710565652743e-08,4.800726853841338710e-06,1.217155160081714692e-06
4.830000000000000000e+02,1.932349288050626497e-08,4.720696724906707206e-06,1.197912986013842308e-06
4.840000000000000000e+02,1.926685648217156648e-08,4.642899848274395822e-06,1.178478354428950044e-06
4.850000000000000000e+02,1.921045675945359292e-08,4.567269777585726075e-06,1.158869685996178372e-06
4.860000000000000000e+02,1.915429710919681349e-08,4.493741706779852380e-06,1.139105816301896469e-06
4.870000000000000000e+02,1.909836500364961738e-08,4.422247610220189076e-06,1.119204763483866760e-06
4.880000000000000000e+02,1.904267291596403374e-08,4.352723219974030615e-06,1.099185497507173903e-06
4.890000000000000000e+02,1.898721287325632428e-08,4.285102642842091262e-06,1.079066574614642735e-06
4.900000000000000000e+02,1.893198372468709304e-08,4.219318985732287230e-06,1.058866298831992894e-06
4.910000000000000000e+02,1.887698431945500430e-08,4.155306900834448461e-06,1.038603363233120109e-06
4.920000000000000000e+02,1.882221350679679581e-08,4.093001011142791112e-06,1.018296450814127722e-06
4.930000000000000000e+02,1.876767013598726887e-08,4.032334474783324880e-06,9.979638786240327397e-07
4.940000000000000000e+02,1.871335527814092114e-08,3.973242869887307564e-06,9.776245635164076361e-07
4.950000000000000000e+02,1.865926776339720283e-08,3.915659366187720958e-06,9.572968240265572847e-07
4.960000000000000000e+02,1.860540421307210725e-08,3.859518107893466230e-06,9.369992202822701453e-07
4.970000000000000000e+02,1.855175907141170225e-08,3.804752788613032712e-06,9.167502030051926778e-07
4.980000000000000000e+02,1.849834440405491401e-08,3.751298912336697560e-06,8.965686582915288779e-07
4.990000000000000000e+02,1.844514584464382527e-08,3.699089271472137456e-06,8.764728180506428999e-07
5.000000000000000000e+02,1.839216664821338040e-08,3.648058468808813092e-06,8.564813495664564336e-07
5.010000000000000000e+02,1.833940788445410220e-08,3.598154365144175246e-06,8.366097276181282100e-07
5.020000000000000000e+02,1.828686425401533402e-08,3.549373236101627183e-06,8.168596004459146206e-07
5.030000000000000000e+02,1.823454137527319274e-08,3.501728903480383084e-06,7.972304234325922183e-07
5.040000000000000000e+02,1.818243399774072126e-08,3.455230947058880752e-06,7.777206717305836028e-07
5.050000000000000000e+02,1.813054122601156259e-08,3.409891466714399360e-06,7.583293984331421841e-07
5.060000000000000000e+02,1.807886216470730523e-08,3.365720919092080942e-06,7.390552868869159713e-07
5.070000000000000000e+02,1.802740019963906643e-08,3.322731776925895141e-06,7.198974665864248386e-07
5.080000000000000000e+02,1.797614586102247214e-08,3.280934112454159451e-06,7.008545400021561062e-07
5.090000000000000000e+02,1.792510467538018866e-08,3.240339982950176259e-06,6.819255420507767606e-07
5.100000000000000000e+02,1.787427148449115162e-08,3.200959504813307051e-06,6.631090956220982785e-07
5.110000000000000000e+02,1.782365176053424964e-08,3.162805480969716774e-06,6.444043865435854602e-07
5.120000000000000000e+02,1.777324035151163229e-08,3.125888412875205161e-06,6.258101188501048923e-07
5.130000000000000000e+02,1.772303636238715883e-08,3.090219572013906086e-06,6.073251587081012114e-07
5.140000000000000000e+02,1.767303889815175391e-08,3.055810229612235601e-06,5.889483723098519711e-07
5.150000000000000000e+02,1.762325124926338895e-08,3.022672015922503693e-06,5.706786937059999456e-07
5.160000000000000000e+02,1.757366413814215785e-08,2.990815479303957086e-06,5.525148513167899882e-07
5.170000000000000000e+02,1.752428294809251355e-08,2.960252957168146397e-06,5.344559084709855387e-07
5.180000000000000000e+02,1.747510261639081107e-08,2.930994305287430852e-06,5.165004730854548988e-07
5.190000000000000000e+02,1.742612847375906117e-08,2.903051849674788720e-06,4.986476021010746068e-07
5.200000000000000000e+02,1.737735546349502389e-08,2.876436850529164090e-06,4.808961555355437279e-07
5.210000000000000000e+02,1.732878269092092622e-08,2.851159890929045529e-06,4.632448833747741636e-07
5.220000000000000000e+02,1.728040926138519697e-08,2.827232921666241070e-06,4.456927643027460762e-07
5.230000000000000000e+02,1.723223428026249977e-08,2.804666537327968264e-06,4.282385567470212044e-07
5.240000000000000000e+02,1.718426093440743355e-08,2.783473007708480941e-06,4.108812799380413613e-07
5.250000000000000000e+02,1.713647811995352595e-08,2.763662273525676428e-06,3.936196009179223308e-07
5.260000000000000000e+02,1.708889716980701298e-08,2.745246922854022398e-06,3.764525775268247844e-07
5.270000000000000000e+02,1.704151106740530464e-08,2.728237563351924803e-06,3.593789787091536961e-07
5.280000000000000000e+02,1.699431891839175931e-08,2.712645464172643782e-06,3.423976711155016948e-07
5.290000000000000000e+02,1.694731580311270470e-08,2.698481573453741622e-06,3.255074827269306956e-07
5.300000000000000000e+02,1.690051290322949063e-08,2.685758122187540400e-06,3.087073963237151276e-07
5.310000000000000000e+02,1.685389724849436692e-08,2.674485416480205011e-06,2.919961625478561672e-07
5.320000000000000000e+02,1.680747196997460551e-08,2.664675045292659711e-06,2.753726868405672398e-07
5.330000000000000000e+02,1.676123617344043443e-08,2.656338276570128792e-06,2.588358359735314279e-07
5.340000000000000000e+02,1.671519094985155907e-08,2.649487007932868075e-06,2.423845343696733552e-07
5.350000000000000000e+02,1.666933538873188724e-08,2.644131560062975571e-06,2.260175565721147823e-07
5.360000000000000000e+02,1.662366265679884858e-08,2.640283202623378765e-06,2.097337752912731850e-07
5.370000000000000000e+02,1.657817976811855902e-08,2.637953831147486125e-06,1.935321092153455409e-07
5.380000000000000000e+02,1.653288186925590052e-08,2.637154712096329636e-06,1.774114194878832062e-07
5.390000000000000000e+02,1.648776806626375536e-08,2.637896485611240612e-06,1.613705289665564740e-07
5.400000000000000000e+02,1.644283746521955652e-08,2.640191045961914502e-06,1.454083449124270717e-07
5.410000000000000000e+02,1.639809306742160463e-08,2.644049661107303884e-06,1.295237286529076947e-07
5.420000000000000000e+02,1.635352617804401587e-08,2.649482654980970638e-06,1.137155010379400619e-07
5.430000000000000000e+02,1.630914174609643743e-08,2.656502553032671485e-06,9.798258697515949689e-08
5.440000000000000000e+02,1.626493499839718489e-08,2.665119676793014183e-06,8.232381299826781742e-08
5.450000000000000000e+02,1.622091083667772254e-08,2.675345925495508000e-06,6.673806767211772201e-08
5.460000000000000000e+02,1.617706449316901569e-08,2.687192249891146022e-06,5.122420650971293734e-08
5.470000000000000000e+02,1.613339507424553458e-08,2.700669595248321435e-06,3.578109244113406820e-08
5.480000000000000000e+02,1.608990168630542004e-08,2.715789868002981972e-06,2.040760300800719668e-08
5.490000000000000000e+02,1.604658343577049674e-08,2.732564014575040935e-06,5.102599349859897047e-09
5.500000000000000000e+02,1.600343942908627980e-08,2.751003300619119790e-06,-1.013505128151353660e-08
5.510000000000000000e+02,1.596046880275430219e-08,2.771111062547308781e-06,-2.530617884313677660e-08
5.520000000000000000e+02,1.591767459478356033e-08,2.792859584859027260e-06,-4.041041181568074851e-08
5.530000000000000000e+02,1.587504663343833605e-08,2.816211237045189026e-06,-5.544705067184170132e-08
5.540000000000000000e+02,1.583259553441930160e-08,2.841130708549632696e-06,-7.041542592798567807e-08
5.550000000000000000e+02,1.579031491255616882e-08,2.867581702315685142e-06,-8.531485903978845752e-08
5.560000000000000000e+02,1.574820031353645251e-08,2.895526890344141423e-06,-1.001446357089259463e-07
5.570000000000000000e+02,1.570625851658882247e-08,2.924930990866347963e-06,-1.149041025078102351e-07
5.580000000000000000e+02,1.566448505745744725e-08,2.955757710547715906e-06,-1.295925808578225319e-07
5.590000000000000000e+02,1.562287922307899906e-08,2.987970047286913246e-06,-1.442093578528484000e-07
5.600000000000000000e+02,1.558144400208161485e-08,3.021532764877984007e-06,-1.587538010861157084e-07
5.610000000000000000e+02,1.554017126831040851e-08,3.056408132984002341e-06,-1.732251546985055020e-07
5.620000000000000000e+02,1.549906402025059163e-08,3.092560928759505622e-06,-1.876227914972176788e-07
5.630000000000000000e+02,1.545812338113465536e-08,3.129954865248606034e-06,-2.019460328149327651e-07
5.640000000000000000e+02,1.541734496071166960e-08,3.168552526906565796e-06,-2.161941228323294903e-07
5.650000000000000000e+02,1.537673354025828689e-08,3.208319113093834770e-06,-2.303664771912599298e-07
5.660000000000000000e+02,1.533628473450781679e-08,3.249217582181975914e-06,-2.444623640811564030e-07
5.670000000000000000e+02,1.529599783065742388e-08,3.291211637471041908e-06,-2.584810997238423667e-07
5.680000000000000000e+02,1.525587211592179248e-08,3.334264982934005675e-06,-2.724220003538431987e-07
5.690000000000000000e+02,1.521590687753313978e-08,3.378341323216765462e-06,-2.862843822183865414e-07
5.700000000000000000e+02,1.517610140274124571e-08,3.423404363638140184e-06,-3.000675615774019847e-07
5.710000000000000000e+02,1.513645497881340325e-08,3.469417810189875773e-06,-3.137708547035213833e-07
5.720000000000000000e+02,1.509696689303445483e-08,3.516345369536635441e-06,-3.273935778820783804e-07
5.730000000000000000e+02,1.505764001022967245e-08,3.564151596556240046e-06,-3.409351284840459143e-07
5.740000000000000000e+02,1.501846466926917164e-08,3.612798515750760206e-06,-3.543946638753003556e-07
5.750000000000000000e+02,1.497945087618685433e-08,3.662251107401361327e-06,-3.677716219592606513e-07
5.760000000000000000e+02,1.494059255216394707e-08,3.712473098775629828e-06,-3.810653238143270845e-07
5.770000000000000000e+02,1.490188544407926029e-08,3.763426428450429659e-06,-3.942749029545188775e-07
5.780000000000000000e+02,1.486333592977748464e-08,3.815077474012215415e-06,-4.073999522743539648e-07
5.790000000000000000e+02,1.482493974699666127e-08,3.867388163228278731e-06,-4.204396021709336942e-07
5.800000000000000000e+02,1.478669618326997542e-08,3.920323121952348670e-06,-4.333932674106436217e-07
5.810000000000000000e+02,1.474860452614747851e-08,3.973845137189452167e-06,-4.462601628295392609e-07
5.820000000000000000e+02,1.471066406319607662e-08,4.027918861263083910e-06,-4.590397093799991662e-07
5.830000000000000000e+02,1.467287756831560677e-08,4.082508027863732079e-06,-4.717312279828553225e-07
5.840000000000000000e+02,1.463523734755182373e-08,4.137574895759765770e-06,-4.843338667407146337e-07
5.850000000000000000e+02,1.459774965230220729e-08,4.193085135473845162e-06,-4.968471693876619458e-07
5.860000000000000000e+02,1.456040509451019032e-08,4.249000987397298029e-06,-5.092702795540601457e-07
5.870000000000000000e+02,1.452321335411835336e-08,4.305287172374173991e-06,-5.216026332601113584e-07
5.880000000000000000e+02,1.448616507408668912e-08,4.361905872227865231e-06,-5.338433608636790838e-07
5.890000000000000000e+02,1.444926643505903260e-08,4.418822866375058234e-06,-5.459920297845029988e-07
5.900000000000000000e+02,1.441251327400415365e-08,4.476000849935026132e-06,-5.580478323928572373e-07
5.910000000000000000e+02,1.437590487874321216e-08,4.533403542491132586e-06,-5.700100851133765221e-07
5.920000000000000000e+02,1.433944053711355593e-08,4.590994664247901856e-06,-5.818781043824207355e-07
5.930000000000000000e+02,1.430311953696871573e-08,4.648737936031020496e-06,-5.936512066480751312e-07
5.940000000000000000e+02,1.426694116617841522e-08,4.706597079287331427e-06,-6.053287083701498045e-07
5.950000000000000000e+02,1.423090809416487175e-08,4.764536382632936818e-06,-6.169099993765693875e-07
5.960000000000000000e+02,1.419501283724741507e-08,4.822518442557869213e-06,-6.283942508037196948e-07
5.970000000000000000e+02,1.415925807342408566e-08,4.880507542024379034e-06,-6.397808511254701356e-07
5.980000000000000000e+02,1.412364476868195490e-08,4.938468579434981776e-06,-6.510692716868974728e-07
5.990000000000000000e+02,1.408816885066060650e-08,4.996362944160946821e-06,-6.622585219911818454e-07
6.000000000000000000e+02,1.405283462891794509e-08,5.054156123048640027e-06,-6.733481507905401281e-07
6.010000000000000000e+02,1.401763805610807183e-08,5.111818061994832677e-06,-6.843374604775283730e-07
6.020000000000000000e+02,1.398257852372044947e-08,5.169342275954230829e-06,-6.952255157610067413e-07
6.030000000000000000e+02,1.394765212955865912e-08,5.226729667801788273e-06,-7.060115208646392303e-07
6.040000000000000000e+02,1.391286492282064109e-08,5.283983025510106408e-06,-7.166949357730422921e-07
6.050000000000000000e+02,1.387821299305510937e-08,5.341101407868072515e-06,-7.272747167587629900e-07
6.060000000000000000e+02,1.384369904221042754e-08,5.398087643586677252e-06,-7.377503313832926606e-07
6.070000000000000000e+02,1.380931589490954496e-08,5.454940750560397715e-06,-7.481207283205482885e-07
6.080000000000000000e+02,1.377506626131072348e-08,5.511661631779598473e-06,-7.583851120069084078e-07
6.090000000000000000e+02,1.374094955367206490e-08,5.568252514624743572e-06,-7.685428697517901305e-07
6.100000000000000000e+02,1.370696844157165552e-08,5.624713673670381323e-06,-7.785931207548880191e-07
6.110000000000000000e+02,1.367311419001181007e-08,5.681046032152064879e-06,-7.885350731917221091e-07
6.120000000000000000e+02,1.363939597121676935e-08,5.737251195551155227e-06,-7.983680301907303483e-07
6.130000000000000000e+02,1.360580831162799185e-08,5.793329418155460049e-06,-8.080911073262427573e-07
6.140000000000000000e+02,1.357234739827457959e-08,5.849280231933837752e-06,-8.177033182924337728e-07
6.150000000000000000e+02,1.353901910225739323e-08,5.905107329088911587e-06,-8.272042579765903218e-07
6.160000000000000000e+02,1.350581960269605859e-08,5.960810254873311184e-06,-8.365929423849185392e-07
6.170000000000000000e+02,1.347274831204190852e-08,6.016389932389447129e-06,-8.458685797295018024e-07
6.180000000000000000e+02,1.343980464275851980e-08,6.071847284725259294e-06,-8.550303782348738143e-07
6.190000000000000000e+02,1.340698800732171973e-08,6.127183234954219385e-06,-8.640775461380176503e-07
6.200000000000000000e+02,1.337429781821957131e-08,6.182398706135333475e-06,-8.730092916883666057e-07
6.210000000000000000e+02,1.334173348795239467e-08,6.237494621313137775e-06,-8.818248231478033482e-07
6.220000000000000000e+02,1.330929759203747257e-08,6.292473400149381423e-06,-8.905235605970021680e-07
6.230000000000000000e+02,1.327698320932702883e-08,6.347332985450300392e-06,-8.991042907517834523e-07
6.240000000000000000e+02,1.324479292305537719e-08,6.402075783767044245e-06,-9.075664316478097298e-07
6.250000000000000000e+02,1.321272771582339087e-08,6.456703485941916932e-06,-9.159093005199469948e-07
6.260000000000000000e+02,1.318078385630139453e-08,6.511215485722313031e-06,-9.241318888236858839e-07
6.270000000000000000e+02,1.314896545589866851e-08,6.565614248235815128e-06,-9.322336236917002773e-07
6.280000000000000000e+02,1.311726878718432757e-08,6.619900715802725585e-06,-9.402137163210658333e-07
6.290000000000000000e+02,1.308569015286704954e-08,6.674073449494998336e-06,-9.480710395842158313e-07
6.300000000000000000e+02,1.305423519305400011e-08,6.728135734005169691e-06,-9.558051372557858666e-07
6.310000000000000000e+02,1.302290020298861993e-08,6.782088511491844268e-06,-9.634152204379690845e-07
6.320000000000000000e+02,1.299168459539032777e-08,6.835931098068912907e-06,-9.709002692239488557e-07
6.330000000000000000e+02,1.296058778299023708e-08,6.889666036089901865e-06,-9.782597219913778634e-07
6.340000000000000000e+02,1.292960917853115269e-08,6.943292616015246995e-06,-9.854925552949569059e-07
6.350000000000000000e+02,1.289874819476755260e-08,6.996813405745291479e-06,-9.925982110385817186e-07
6.360000000000000000e+02,1.286800730281227561e-08,7.050229347138271890e-06,-9.995759001148754136e-07
6.370000000000000000e+02,1.283737979148584786e-08,7.103538847510868268e-06,-1.006424474257048306e-06
6.380000000000000000e+02,1.280686813921597385e-08,7.156745345012819923e-06,-1.013143498479438133e-06
6.390000000000000000e+02,1.277647479544056941e-08,7.209849781349893260e-06,-1.019732183571863406e-06
6.400000000000000000e+02,1.274619157778935879e-08,7.262850506819195406e-06,-1.026189374107116010e-06
6.410000000000000000e+02,1.271602699826476518e-08,7.315751886577219567e-06,-1.032514765128001659e-06
6.420000000000000000e+02,1.268597289965686716e-08,7.368552251974017336e-06,-1.038707198925353811e-06
6.430000000000000000e+02,1.265603473233839984e-08,7.421254272064818908e-06,-1.044766130238179836e-06
6.440000000000000000e+02,1.262620888694897139e-08,7.473857999390833209e-06,-1.050690644670450613e-06
6.450000000000000000e+02,1.259649477643908341e-08,7.526364356548847210e-06,-1.056479950635333445e-06
6.460000000000000000e+02,1.256688882684482686e-08,7.578772463389701147e-06,-1.062133003911914754e-06
6.470000000000000000e+02,1.253739643198568363e-08,7.631086835499157657e-06,-1.067649516913697404e-06
6.480000000000000000e+02,1.250801401089829621e-08,7.683306605174464133e-06,-1.073028446788218998e-06
6.490000000000000000e+02,1.247874097657782238e-08,7.735432694959577256e-06,-1.078269001994107098e-06
6.500000000000000000e+02,1.244957970112936690e-08,7.787466953585466906e-06,-1.083370519851672328e-06
6.510000000000000000e+02,1.242052369093048692e-08,7.839406661168900258e-06,-1.088332115152299013e-06
6.520000000000000000e+02,1.239157541727526644e-08,7.891244679366473793e-06,-1.093153941728496265e-06
6.530000000000000000e+02,1.236273440390026839e-08,7.942971153772792925e-06,-1.097836188588389827e-06
6.540000000000000000e+02,1.233400310623393332e-08,7.994578131815568267e-06,-1.102379306963450346e-06
6.550000000000000000e+02,1.230537517787448579e-08,8.046051968236887341e-06,-1.106782962452859984e-06
6.560000000000000000e+02,1.227685454014748197e-08,8.097385661541780212e-06,-1.111047737346156408e-06
6.570000000000000000e+02,1.224843779532862867e-08,8.148567437814955533e-06,-1.115173556842133849e-06
6.580000000000000000e+02,1.222012883431567136e-08,8.199590350808969150e-06,-1.119161007794473412e-06
6.590000000000000000e+02,1.219192136486787154e-08,8.250440658089113502e-06,-1.123009747668517978e-06
6.600000000000000000e+02,1.216382071348336793e-08,8.301111431896444283e-06,-1.126720364736856530e-06
6.610000000000000000e+02,1.213582349937421331e-08,8.351592836967517097e-06,-1.130293049262451770e-06
6.620000000000000000e+02,1.210792924643116869e-08,8.401873039404712454e-06,-1.133727721716788204e-06
6.630000000000000000e+02,1.208013747855358450e-08,8.451944178725954120e-06,-1.137024840280937728e-06
6.640000000000000000e+02,1.205244485475797896e-08,8.501793386160699095e-06,-1.140184188171244156e-06
6.650000000000000000e+02,1.202485663528851830e-08,8.551413824723750844e-06,-1.143206360028399435e-06
6.660000000000000000e+02,1.199737232443567238e-08,8.600796682446076690e-06,-1.146091682174473145e-06
6.670000000000000000e+02,1.196998573598488225e-08,8.649929055361959220e-06,-1.148839935560639923e-06
6.680000000000000000e+02,1.194269925222491639e-08,8.698801073435132280e-06,-1.151451308075567287e-06
6.690000000000000000e+02,1.191551239710656593e-08,8.747404947824151771e-06,-1.153926262204697215e-06
6.700000000000000000e+02,1.188842469458920650e-08,8.795728751270476384e-06,-1.156264712639258887e-06
6.710000000000000000e+02,1.186143848821737825e-08,8.843765770242209979e-06,-1.158467260830893618e-06
6.720000000000000000e+02,1.183454765643493113e-08,8.891503014201463867e-06,-1.160533683051827242e-06
6.730000000000000000e+02,1.180775454920622683e-08,8.938930614266803060e-06,-1.162464167421483829e-06
6.740000000000000000e+02,1.178106009077858131e-08,8.986041908430590048e-06,-1.164259317600297684e-06
6.750000000000000000e+02,1.175446379568864483e-08,9.032824929826470641e-06,-1.165919046316790939e-06
6.760000000000000000e+02,1.172796099668563619e-08,9.079267667019075359e-06,-1.167443264649675182e-06
6.770000000000000000e+02,1.170155679994108704e-08,9.125364577342270399e-06,-1.168832716514944598e-06
6.780000000000000000e+02,1.167524793535346109e-08,9.171103660671921904e-06,-1.170087313350002760e-06
6.790000000000000000e+02,1.164903115784342231e-08,9.216473969559993486e-06,-1.171207104639094452e-06
6.800000000000000000e+02,1.162291153608633077e-08,9.261467840129659979e-06,-1.172192557679102075e-06
6.810000000000000000e+02,1.159688581879955667e-08,9.306074330587519404e-06,-1.173043722083090573e-06
6.820000000000000000e+02,1.157095353011133629e-08,9.350283590133164644e-06,-1.173760786638959452e-06
6.830000000000000000e+02,1.154511419415805197e-08,9.394085768092779351e-06,-1.174343940132200314e-06
6.840000000000000000e+02,1.151936733508419077e-08,9.437471013919148112e-06,-1.174793371345896226e-06
6.850000000000000000e+02,1.149371247704237756e-08,9.480429477191642892e-06,-1.175109269060721291e-06
6.860000000000000000e+02,1.146814914419336010e-08,9.522951307616245057e-06,-1.175291822054941921e-06
6.870000000000000000e+02,1.144267686070600082e-08,9.565026655025508109e-06,-1.175341219104414509e-06
6.880000000000000000e+02,1.141729786495712988e-08,9.606646812087828464e-06,-1.175257788779330212e-06
6.890000000000000000e+02,1.139200624673128981e-08,9.647799648369311209e-06,-1.175041440231958650e-06
6.900000000000000000e+02,1.136680425044371600e-08,9.688476451836128974e-06,-1.174692502037187144e-06
6.910000000000000000e+02,1.134169409655641569e-08,9.728669687295473433e-06,-1.174211442308444421e-06
6.920000000000000000e+02,1.131666991081978580e-08,9.768364885723903931e-06,-1.173597890970131024e-06
6.930000000000000000e+02,1.129173526187382063e-08,9.807555669236182368e-06,-1.172852455757336005e-06
6.940000000000000000e+02,1.126688698658946629e-08,9.846229859900385709e-06,-1.171975046299563861e-06
6.950000000000000000e+02,1.124212862699776930e-08,9.884381122060208470e-06,-1.170966269533179951e-06
6.960000000000000000e+02,1.121745702299560172e-08,9.921996092802754140e-06,-1.169825895938848168e-06
6.970000000000000000e+02,1.119286903794687186e-08,9.959064909593315818e-06,-1.168554114627241780e-06
6.980000000000000000e+02,1.116836952387878504e-08,9.995581277440188003e-06,-1.167151531310855017e-06
6.990000000000000000e+02,1.114395533833667583e-08,1.003153179349730578e-05,-1.165617917680306151e-06
7.000000000000000000e+02,1.111962600565490234e-08,1.006690779369136006e-05,-1.163953601436932129e-06
7.010000000000000000e+02,1.109538106731842005e-08,1.010170220637211422e-05,-1.162159038817314508e-06
7.020000000000000000e+02,1.107122013339100760e-08,1.013591066038961815e-05,-1.160234788277784784e-06
7.030000000000000000e+02,1.104714283108551735e-08,1.016953516636673274e-05,-1.158182090506453092e-06
7.040000000000000000e+02,1.102314878762080700e-08,1.020257291220060064e-05,-1.156001634147335266e-06
7.050000000000000000e+02,1.099923763022174949e-08,1.023502592453734739e-05,-1.153694658890318831e-06
7.060000000000000000e+02,1.097540898611923138e-08,1.026689137554888461e-05,-1.151261854391622086e-06
7.070000000000000000e+02,1.095166248255014291e-08,1.029817130734736496e-05,-1.148704459221907264e-06
7.080000000000000000e+02,1.092799774675738459e-08,1.032886287693708602e-05,-1.146023164169681535e-06
7.090000000000000000e+02,1.090441699848687174e-08,1.035896937361557105e-05,-1.143219342561753294e-06
7.100000000000000000e+02,1.088091467442236701e-08,1.038848671453051158e-05,-1.140293549747346816e-06
7.110000000000000000e+02,1.085749299991808847e-08,1.041741449236679241e-05,-1.137246751090101610e-06
7.120000000000000000e+02,1.083415417806371853e-08,1.044575602807099762e-05,-1.134080316754020295e-06
7.130000000000000000e+02,1.081089267896644033e-08,1.047350720717045031e-05,-1.130794805182382647e-06
7.140000000000000000e+02,1.078771199366765570e-08,1.050067012129875576e-05,-1.127391450060191966e-06
7.150000000000000000e+02,1.076460918190936010e-08,1.052724062624842838e-05,-1.123870813321425765e-06
7.160000000000000000e+02,1.074158770998919398e-08,1.055322332814085051e-05,-1.120234394833705225e-06
7.170000000000000000e+02,1.071864464045822177e-08,1.057861533171952532e-05,-1.116482890580569727e-06
7.180000000000000000e+02,1.069577705769097101e-08,1.060341497864736685e-05,-1.112617132404213908e-06
7.190000000000000000e+02,1.067298968042715875e-08,1.062762439187663735e-05,-1.108638349681842623e-06
7.200000000000000000e+02,1.065027958762611509e-08,1.065124191603340591e-05,-1.104547373774057645e-06
7.210000000000000000e+02,1.062764640666322014e-08,1.067426715418385749e-05,-1.100345168847628224e-06
7.220000000000000000e+02,1.060508976491950035e-08,1.069669970939875443e-05,-1.096032699058322981e-06
7.230000000000000000e+02,1.058260928978164506e-08,1.071853918475346524e-05,-1.091610928550911390e-06
7.240000000000000000e+02,1.056020209783405883e-08,1.073978262805990148e-05,-1.087080562814987088e-06
7.250000000000000000e+02,1.053787284339012526e-08,1.076043474801771376e-05,-1.082443084364307614e-06
7.260000000000000000e+02,1.051562113795499346e-08,1.078049387999464864e-05,-1.077699325795938287e-06
7.270000000000000000e+02,1.049344160322060311e-08,1.079995706443497602e-05,-1.072849994220316240e-06
7.280000000000000000e+02,1.047133637211036450e-08,1.081882518453157115e-05,-1.067896182497863197e-06
7.290000000000000000e+02,1.044930507204490456e-08,1.083709784338739039e-05,-1.062838854707232838e-06
7.300000000000000000e+02,1.042734733045050808e-08,1.085477464410997426e-05,-1.057678974916078430e-06
7.310000000000000000e+02,1.040546524884132157e-08,1.087185777655432481e-05,-1.052417757582979121e-06
7.320000000000000000e+02,1.038365350131379369e-08,1.088834167428086488e-05,-1.047055664674645015e-06
7.330000000000000000e+02,1.036191419458731010e-08,1.090422852308232817e-05,-1.041593911879027444e-06
7.340000000000000000e+02,1.034024941471415711e-08,1.091951922513698130e-05,-1.036033586472868192e-06
7.350000000000000000e+02,1.031865386681643226e-08,1.093421078722183340e-05,-1.030375405290548554e-06
7.360000000000000000e+02,1.029713086628485429e-08,1.094830671467029641e-05,-1.024620700039636295e-06
7.370000000000000000e+02,1.027567758966978003e-08,1.096180140390293620e-05,-1.018769945736608672e-06
7.380000000000000000e+02,1.025429732938439600e-08,1.097469836530305826e-05,-1.012824472014941776e-06
7.390000000000000000e+02,1.023298483144166597e-08,1.098699459222318712e-05,-1.006785001139513476e-06
7.400000000000000000e+02,1.021174459470476728e-08,1.099869360889625227e-05,-1.000652856360185819e-06
7.410000000000000000e+02,1.019057380850856493e-08,1.100979109697205154e-05,-9.944286422666591955e-07
7.420000000000000000e+02,1.016946968232736639e-08,1.102028665542709492e-05,-9.881133249832637569e-07
7.430000000000000000e+02,1.014843668483948785e-08,1.103018382042185379e-05,-9.817082210671512098e-07
7.440000000000000000e+02,1.012747202052107238e-08,1.103947826170498103e-05,-9.752139417374828520e-07
7.450000000000000000e+02,1.010657531693113914e-08,1.104817220770436129e-05,-9.686316836589634452e-07
7.460000000000000000e+02,1.008574620163400955e-08,1.105626263355695868e-05,-9.619621794246641858e-07
7.470000000000000000e+02,1.006498430219931220e-08,1.106375177185018256e-05,-9.552066225477536185e-07
7.480000000000000000e+02,1.004428924620197957e-08,1.107063659386525052e-05,-9.483657487730703967e-07
7.490000000000000000e+02,1.002366066122223809e-08,1.107691933577578745e-05,-9.414407483797421335e-07
7.500000000000000000e+02,1.000309817484563296e-08,1.108259696558094633e-05,-9.344323603459613642e-07
7.510000000000000000e+02,9.982601430419245535e-09,1.108767187004136695e-05,-9.273418169837883894e-07
7.520000000000000000e+02,9.962170134320029434e-09,1.109214175231966336e-05,-9.201700873217423001e-07
7.530000000000000000e+02,9.941804008685243579e-09,1.109600973947646959e-05,-9.129186270129726212e-07
7.540000000000000000e+02,9.921502775656104121e-09,1.109927368009797969e-05,-9.055884538188675115e-07
7.550000000000000000e+02,9.901268511782966152e-09,1.110193802391819126e-05,-8.981811267758313261e-07
7.560000000000000000e+02,9.881096225616245178e-09,1.110399929761343841e-05,-8.906975584663912011e-07
7.570000000000000000e+02,9.860987998517751141e-09,1.110545798863515303e-05,-8.831389873506595007e-07
7.580000000000000000e+02,9.840945892730104350e-09,1.110631854894056891e-05,-8.755069644161095752e-07
7.590000000000000000e+02,9.820964945499969027e-09,1.110657618155755392e-05,-8.678023069706123832e-07
7.600000000000000000e+02,9.801049554450580397e-09,1.110623666010797898e-05,-8.600266655735365747e-07
7.610000000000000000e+02,9.781193612857323748e-09,1.110529650858459486e-05,-8.521809662252367099e-07
7.620000000000000000e+02,9.761403827689940686e-09,1.110375885762425273e-05,-8.442666483437412620e-07
7.630000000000000000e+02,9.741674108727194685e-09,1.110162023218496516e-05,-8.362846463016474248e-07
7.640000000000000000e+02,9.722008815902961326e-09,1.109888640413500601e-05,-8.282365956783432059e-07
7.650000000000000000e+02,9.702405350242234017e-09,1.109555521927871660e-05,-8.201235312438204571e-07
7.660000000000000000e+02,9.682861131418917155e-09,1.109162584591520499e-05,-8.119465920466332271e-07
7.670000000000000000e+02,9.663380491410444782e-09,1.108710141179334318e-05,-8.037072079100838776e-07
7.680000000000000000e+02,9.643960845258842391e-09,1.108198108473847502e-05,-7.954065168852840697e-07
7.690000000000000000e+02,9.624599626480175517e-09,1.107626271703059177e-05,-7.870455673050724252e-07
7.700000000000000000e+02,9.605301139357747217e-09,1.106995206937318872e-05,-7.786259713356063395e-07
7.710000000000000000e+02,9.586062812819167794e-09,1.106304699268298638e-05,-7.701487752957361016e-07
7.720000000000000000e+02,9.566884369118955640e-09,1.105554797486980207e-05,-7.616152147618559126e-07
7.730000000000000000e+02,9.547765530515344839e-09,1.104745550383860809e-05,-7.530265252980158448e-07
7.740000000000000000e+02,9.528706019270240504e-09,1.103877006748955035e-05,-7.443839424559214181e-07
7.750000000000000000e+02,9.509705557649255170e-09,1.102949215371793987e-05,-7.356887017749346591e-07
7.760000000000000000e+02,9.490763867921674056e-09,1.101962225041425623e-05,-7.269420387820726183e-07
7.770000000000000000e+02,9.471880672360486495e-09,1.100916084546415768e-05,-7.181451889920082178e-07
7.780000000000000000e+02,9.453055693242364427e-09,1.099810842674845405e-05,-7.092993879070707800e-07
7.790000000000000000e+02,9.434288652847678945e-09,1.098646548214313725e-05,-7.004058710172447575e-07
7.800000000000000000e+02,9.415581512564820907e-09,1.097423511095701805e-05,-6.914660383419755878e-07
7.810000000000000000e+02,9.396929512044704679e-09,1.096141257513635978e-05,-6.824807941252197681e-07
7.820000000000000000e+02,9.378334617124816270e-09,1.094800097688486417e-05,-6.734515404889807515e-07
7.830000000000000000e+02,9.359796550100222461e-09,1.093400080405930904e-05,-6.643795128741601839e-07
7.840000000000000000e+02,9.341317254742400274e-09,1.091941384372063651e-05,-6.552660246738963361e-07
7.850000000000000000e+02,9.322892006033988575e-09,1.090423798349554812e-05,-6.461121542862914038e-07
7.860000000000000000e+02,9.304524964878796670e-09,1.088847760323652229e-05,-6.369193677281453567e-07
7.870000000000000000e+02,9.286211423764128853e-09,1.087212800475959882e-05,-6.276885950668001581e-07
7.880000000000000000e+02,9.267953322101740552e-09,1.085519227071075972e-05,-6.184212254331392955e-07
7.890000000000000000e+02,9.249751482075295871e-09,1.083767217841687160e-05,-6.091185666692024336e-07
7.900000000000000000e+02,9.231603424118100671e-09,1.081956563455209289e-05,-5.997817080696474858e-07
7.910000000000000000e+02,9.213512163710935371e-09,1.080087698876922975e-05,-5.904120990573472489e-07
7.920000000000000000e+02,9.195475223487488981e-09,1.078160286663000050e-05,-5.810107608593358792e-07
7.930000000000000000e+02,9.177490143241706055e-09,1.076174376260546334e-05,-5.715789321381061584e-07
7.940000000000000000e+02,9.159561014757116849e-09,1.074130400572252503e-05,-5.621180522157396437e-07
7.950000000000000000e+02,9.141685373564684752e-09,1.072028024214119170e-05,-5.526291523495234741e-07
7.960000000000000000e+02,9.123860772202112248e-09,1.069867296694334751e-05,-5.431134711979846229e-07
7.970000000000000000e+02,9.106091276958571296e-09,1.067648648665609190e-05,-5.335724378885024416e-07
7.980000000000000000e+02,9.088374436146859993e-09,1.065371746991163351e-05,-5.240070938025282297e-07
7.990000000000000000e+02,9.070709972157964984e-09,1.063036767726443295e-05,-5.144187387992037476e-07
8.000000000000000000e+02,9.053097607386284211e-09,1.060643885830158855e-05,-5.048086681687754614e-07
8.010000000000000000e+02,9.035537076850679209e-09,1.058193025270064142e-05,-4.951779874725267740e-07
8.020000000000000000e+02,9.018028166057238282e-09,1.055685126431024267e-05,-4.855280090133625912e-07
8.030000000000000000e+02,9.000570673135644790e-09,1.053120753968751588e-05,-4.758598010342264774e-07
8.040000000000000000e+02,8.983164396218075214e-09,1.050500974967792611e-05,-4.661746628481682578e-07
8.050000000000000000e+02,8.965809133439192543e-09,1.047826355287834864e-05,-4.564736672768694723e-07
8.060000000000000000e+02,8.948504682936154540e-09,1.045097960752728458e-05,-4.467581090025511385e-07
8.070000000000000000e+02,8.931250842848605474e-09,1.042316358478619950e-05,-4.370290654412814937e-07
8.080000000000000000e+02,8.914047411318682736e-09,1.039482612976956946e-05,-4.272878266299323795e-07
8.090000000000000000e+02,8.896894186491016839e-09,1.036597292671274412e-05,-4.175354745923513276e-07
8.100000000000000000e+02,8.879790966512723149e-09,1.033661460710463102e-05,-4.077732947077956488e-07
8.110000000000000000e+02,8.862739657373580867e-09,1.030675932153290937e-05,-3.980024683349650516e-07
8.120000000000000000e+02,8.845735837507808808e-09,1.027641155180511801e-05,-3.882240382322379069e-07
8.130000000000000000e+02,8.828781416959429968e-09,1.024558313800898133e-05,-3.784393312950829865e-07
8.140000000000000000e+02,8.811876193885480915e-09,1.021427979919234918e-05,-3.686494411108009550e-07
8.150000000000000000e+02,8.795022058205636562e-09,1.018251334230882804e-05,-3.588556840762827145e-07
8.160000000000000000e+02,8.778214620570668110e-09,1.015028828185745250e-05,-3.490591133841995753e-07
8.170000000000000000e+02,8.761457858697520619e-09,1.011761519775324383e-05,-3.392609980477641373e-07
8.180000000000000000e+02,8.744747399205587752e-09,1.008449863883040834e-05,-3.294624017282163679e-07
8.190000000000000000e+02,8.728087203898897758e-09,1.005095157324037564e-05,-3.196646683269026093e-07
8.200000000000000000e+02,8.711471879313241161e-09,1.001697856148389936e-05,-3.098688649813223083e-07
8.210000000000000000e+02,8.694907445318609919e-09,9.982590151693818552e-06,-3.000762513371546127e-07
8.220000000000000000e+02,8.678388522263534538e-09,9.947790940578612895e-06,-2.902879049998342045e-07
8.230000000000000000e+02,8.661919040400514309e-09,9.912593831374369013e-06,-2.805051511817382258e-07
8.240000000000000000e+02,8.645494673705507768e-09,9.877003433057012630e-06,-2.707290709609665062e-07
8.250000000000000000e+02,8.629119336790853586e-09,9.841030260374817546e-06,-2.609609146252498727e-07
8.260000000000000000e+02,8.612790767723708876e-09,9.804681293623504471e-06,-2.512018334822711834e-07
8.270000000000000000e+02,8.596506720106900264e-09,9.767962367905450139e-06,-2.414529547449095234e-07
8.280000000000000000e+02,8.580271085259850062e-09,9.730886301010473186e-06,-2.317155803209995667e-07
8.290000000000000000e+02,8.564081612923313359e-09,9.693458919166164336e-06,-2.219908350828756386e-07
8.300000000000000000e+02,8.547938101326595838e-09,9.655688381909522628e-06,-2.122799036753033016e-07
8.310000000000000000e+02,8.531840348701289510e-09,9.617582848707658413e-06,-2.025839707328977521e-07
8.320000000000000000e+02,8.515786127831212612e-09,9.579149339089838692e-06,-1.929041979255479430e-07
8.330000000000000000e+02,8.499779291654128920e-09,9.540398296728035748e-06,-1.832418169264463772e-07
8.340000000000000000e+02,8.483817609146332728e-09,9.501336736439975432e-06,-1.735979882332533124e-07
8.350000000000000000e+02,8.467900878548667238e-09,9.461972817412244336e-06,-1.639738964398421632e-07
8.360000000000000000e+02,8.452028898104275208e-09,9.422314698761538669e-06,-1.543707261299361363e-07
8.370000000000000000e+02,8.436201466058597310e-09,9.382370539534667646e-06,-1.447896618771079929e-07
8.380000000000000000e+02,8.420418380659372120e-09,9.342148498708551793e-06,-1.352318882447804716e-07
8.390000000000000000e+02,8.404679440156641085e-09,9.301656735190224641e-06,-1.256985897862260774e-07
8.400000000000000000e+02,8.388984442802740253e-09,9.260902305799578694e-06,-1.161909372182232764e-07
8.410000000000000000e+02,8.373335178471616305e-09,9.219897772495572281e-06,-1.067101692509623212e-07
8.420000000000000000e+02,8.357727458474926384e-09,9.178645788737407573e-06,-9.725740240703360727e-08
8.430000000000000000e+02,8.342163076408163960e-09,9.137156717188050589e-06,-8.783384885193689289e-08
8.440000000000000000e+02,8.326641830532813696e-09,9.095438716406058731e-06,-7.844069308833441131e-08
8.450000000000000000e+02,8.311163519112663128e-09,9.053499944880112569e-06,-6.907911960873822790e-08
8.460000000000000000e+02,8.295729913602181384e-09,9.011349633363696003e-06,-5.975032000569270837e-08
8.470000000000000000e+02,8.280336862237274616e-09,8.968993790498321913e-06,-5.045546342498557569e-08
8.480000000000000000e+02,8.264986140142762878e-09,8.926441651912309745e-06,-4.119574254909576942e-08
8.490000000000000000e+02,8.249679507842942589e-09,8.883703490118895389e-06,-3.197234943942874071e-08
8.500000000000000000e+02,8.234412835484617634e-09,8.840783224441561074e-06,-2.278645113296629687e-08
8.510000000000000000e+02,8.219187896416378321e-09,8.797690209805031141e-06,-1.363913839923799131e-08
8.520000000000000000e+02,8.204006486242172204e-09,8.754429007911035041e-06,-4.531078866160856422e-09
8.530000000000000000e+02,8.188864551943899660e-09,8.711000122327246443e-06,4.537166007320988817e-09
8.540000000000000000e+02,8.173765846140401642e-09,8.667409255081973756e-06,1.356503421494673878e-08
8.550000000000000000e+02,8.158705359878759987e-09,8.623654862310815424e-06,2.255195783178936041e-08
8.560000000000000000e+02,8.143688773864133420e-09,8.579742630443786867e-06,3.149737808373834102e-08
8.570000000000000000e+02,8.128711091664759135e-09,8.535673104442851824e-06,4.040072493655392414e-08
8.580000000000000000e+02,8.113776037293340767e-09,8.491451923685428504e-06,4.926144920570019204e-08
8.590000000000000000e+02,8.098881527096381032e-09,8.447078633008523564e-06,5.807897286485525944e-08
8.600000000000000000e+02,8.084025491592527634e-09,8.402555840322911544e-06,6.685272916757243833e-08
8.610000000000000000e+02,8.069211633543324227e-09,8.357889137438065044e-06,7.558217838659042162e-08
8.620000000000000000e+02,8.054437879942284112e-09,8.313078116633126528e-06,8.426673306568966197e-08
8.630000000000000000e+02,8.039702171840191701e-09,8.268125385912433793e-06,9.290582651954469385e-08
8.640000000000000000e+02,8.025008190919745621e-09,8.223036489048118666e-06,1.014989283358705646e-07
8.650000000000000000e+02,8.010353874735153463e-09,8.177811066230859663e-06,1.100454417708483046e-07
8.660000000000000000e+02,7.995739076721880725e-09,8.132453661124484196e-06,1.185448284164874023e-07
8.670000000000000000e+02,7.981161751841383362e-09,8.086963962296588759e-06,1.269964823845396529e-07
8.680000000000000000e+02,7.966625553936031463e-09,8.041347465016580783e-06,1.353998824345263702e-07
8.690000000000000000e+02,7.952128434508302832e-09,7.995606744892081602e-06,1.437544680090571463e-07
8.700000000000000000e+02,7.937670246999823806e-09,7.949742485317656991e-06,1.520596423288995564e-07
8.710000000000000000e+02,7.923250844853741082e-09,7.903759175669117343e-06,1.603148770368215218e-07
8.720000000000000000e+02,7.908870081514746530e-09,7.857657521124142551e-06,1.685195714090458241e-07
8.730000000000000000e+02,7.894527810429052378e-09,7.811441989136815338e-06,1.766732010268343986e-07
8.740000000000000000e+02,7.880223885044404447e-09,7.765113306781108561e-06,1.847751612696642019e-07
8.750000000000000000e+02,7.865958158810078841e-09,7.718675919478671759e-06,1.928249316089554866e-07
8.760000000000000000e+02,7.851730485176886914e-09,7.672130576308011405e-06,2.008219035763116770e-07
8.770000000000000000e+02,7.837540717597163683e-09,7.625481700552560448e-06,2.087655604839022169e-07
8.780000000000000000e+02,7.823388709524779414e-09,7.578730063398679204e-06,2.166552900654032486e-07
8.790000000000000000e+02,7.809274314415133004e-09,7.531880065890739682e-06,2.244905794232502701e-07
8.800000000000000000e+02,7.795199240028507592e-09,7.484934282930945707e-06,2.322708678276343010e-07
8.810000000000000000e+02,7.781159627881795020e-09,7.437892633858189465e-06,2.399955088304835009e-07
8.820000000000000000e+02,7.767157189082029678e-09,7.390759502969518445e-06,2.476639923645783437e-07
8.830000000000000000e+02,7.753191777090698513e-09,7.343538355793886269e-06,2.552757853153655632e-07
8.840000000000000000e+02,7.739263245370822061e-09,7.296230030412037910e-06,2.628302643330842019e-07
8.850000000000000000e+02,7.725373285103874677e-09,7.248839723262226311e-06,2.703269597482111943e-07
8.860000000000000000e+02,7.711518071030995172e-09,7.201367420934611252e-06,2.777652142231779695e-07
8.870000000000000000e+02,7.697699297636464354e-09,7.153815731857278244e-06,2.851444616051336322e-07
8.880000000000000000e+02,7.683918646258967378e-09,7.106189801578838169e-06,2.924642402046783000e-07
8.890000000000000000e+02,7.670172311364737527e-09,7.058489667460692062e-06,2.997238847298870669e-07
8.900000000000000000e+02,7.656461977569314444e-09,7.010717937953252375e-06,3.069228291045303143e-07
8.910000000000000000e+02,7.642789316445834556e-09,6.962879707470886837e-06,3.140606194281169378e-07
8.920000000000000000e+02,7.629150542030840272e-09,6.914975064390828664e-06,3.211365826455794665e-07
8.930000000000000000e+02,7.615549140777195459e-09,6.867008251653518987e-06,3.281502308649960519e-07
8.940000000000000000e+02,7.601980435480403152e-09,6.818979408891398953e-06,3.351008834605122290e-07
8.950000000000000000e+02,7.588449709684049206e-09,6.770894384947849989e-06,3.419881348281218394e-07
8.960000000000000000e+02,7.574952297466625056e-09,6.722753336558871023e-06,3.488113018686730169e-07
8.970000000000000000e+02,7.561491659503773591e-09,6.674560460876679677e-06,3.555699033245997203e-07
8.980000000000000000e+02,7.548064048515785420e-09,6.626315966146466486e-06,3.622632487966166916e-07
8.990000000000000000e+02,7.534672912389821502e-09,6.578025609494201791e-06,3.688909456903967062e-07
9.000000000000000000e+02,7.521316305850611969e-09,6.529690393450107078e-06,3.754523459080996023e-07
9.010000000000000000e+02,7.507992303138583962e-09,6.481312331994733515e-06,3.819468951436620968e-07
9.020000000000000000e+02,7.494704367108063262e-09,6.432896535433445912e-06,3.883743931400999678e-07
9.030000000000000000e+02,7.481450602863294617e-09,6.384445982619095912e-06,3.947345594233756104e-07
9.040000000000000000e+02,7.468229128120668001e-09,6.335962921373542006e-06,4.010270627501680278e-07
9.050000000000000000e+02,7.455043393626262549e-09,6.287454135360512159e-06,4.072518567586745530e-07
9.060000000000000000e+02,7.441891513957872018e-09,6.238921860810303681e-06,4.134086117069573465e-07
9.070000000000000000e+02,7.428773383466958733e-09,6.190369853571804698e-06,4.194970918106944399e-07
9.080000000000000000e+02,7.415688896505991699e-09,6.141801869467082881e-06,4.255170612872507836e-07
9.090000000000000000e+02,7.402636186379072470e-09,6.093220939119796924e-06,4.314682330054128392e-07
9.100000000000000000e+02,7.389618672632029190e-09,6.044632274422952012e-06,4.373504731862911893e-07
9.110000000000000000e+02,7.376634485470439964e-09,5.996038900165759196e-06,4.431634954104355633e-07
9.120000000000000000e+02,7.363683519250808784e-09,5.947444572062565578e-06,4.489070639019836814e-07
9.130000000000000000e+02,7.350765668330639701e-09,5.898853045800900355e-06,4.545809428867599181e-07
9.140000000000000000e+02,7.337880827068448410e-09,5.850268077041471422e-06,4.601848965922742964e-07
9.150000000000000000e+02,7.325028889823746529e-09,5.801693421418169613e-06,4.657186892477237054e-07
9.160000000000000000e+02,7.312209750957049049e-09,5.753132834538071238e-06,4.711820850839910533e-07
9.170000000000000000e+02,7.299423304829880119e-09,5.704590071981425381e-06,4.765748483336454263e-07
9.180000000000000000e+02,7.286669445804755678e-09,5.656068889301668299e-06,4.818967432309425120e-07
9.190000000000000000e+02,7.273948068245209098e-09,5.607573042025417489e-06,4.871475340118240698e-07
9.200000000000000000e+02,7.261259066515763059e-09,5.559106285652470000e-06,4.923269849139180372e-07
9.210000000000000000e+02,7.248602334981953536e-09,5.510672375655804120e-06,4.974348601765387413e-07
9.220000000000000000e+02,7.235977768010312431e-09,5.462275067481583618e-06,5.024709240406868460e-07
9.230000000000000000e+02,7.223385259968378324e-09,5.413918116549145883e-06,5.074349407490492460e-07
9.240000000000000000e+02,7.210826420704308498e-09,5.365605916844093528e-06,5.123267355210896372e-07
9.250000000000000000e+02,7.198297710651868557e-09,5.317340940802800637e-06,5.171459512263601567e-07
9.260000000000000000e+02,7.185800742645306362e-09,5.269127588106529427e-06,5.218924125053662579e-07
9.270000000000000000e+02,7.173335411056146677e-09,5.220969614067793725e-06,5.265658836075118068e-07
9.280000000000000000e+02,7.160901610256915981e-09,5.172870773972289449e-06,5.311661287838870059e-07
9.290000000000000000e+02,7.148500935293142887e-09,5.124836042964702472e-06,5.356930398004867535e-07
9.300000000000000000e+02,7.136129876256256368e-09,5.076866725089295844e-06,5.401461269455531016e-07
9.310000000000000000e+02,7.123790031140314170e-09,5.028967806870012893e-06,5.445252809106425247e-07
9.320000000000000000e+02,7.111482986198706607e-09,4.981143636330327545e-06,5.488303312740468772e-07
9.330000000000000000e+02,7.099205249138247859e-09,4.933396777252742475e-06,5.530609121578367845e-07
9.340000000000000000e+02,7.086958409138626066e-09,4.885731583298467709e-06,5.572168526311638198e-07
9.350000000000000000e+02,7.074744043727347928e-09,4.838152961224190612e-06,5.612980505663059500e-07
9.360000000000000000e+02,7.062558678093880952e-09,4.790662351485170357e-06,5.653040039626267148e-07
9.370000000000000000e+02,7.050405570035255441e-09,4.743265236646267152e-06,5.692346774736122200e-07
9.380000000000000000e+02,7.038281256322960541e-09,4.695964237023989020e-06,5.730897003268733782e-07
9.390000000000000000e+02,7.026188983204864668e-09,4.648764784372742369e-06,5.768690413903814632e-07
9.400000000000000000e+02,7.014124464603830642e-09,4.601668409283149976e-06,5.805721911833010238e-07
9.410000000000000000e+02,7.002092605451137776e-09,4.554680526608792723e-06,5.841991199265375083e-07
9.420000000000000000e+02,6.990089129703038700e-09,4.507803801493526270e-06,5.877494532550643114e-07
9.430000000000000000e+02,6.978117260682070475e-09,4.461043598418149790e-06,5.912231652789631171e-07
9.440000000000000000e+02,6.966173569559432569e-09,4.414401537330559266e-06,5.946197396155260509e-07
9.450000000000000000e+02,6.954261268280677804e-09,4.367882965967355747e-06,5.979391516186578928e-07
9.460000000000000000e+02,6.942376939369464812e-09,4.321490593882082443e-06,6.011810236216565837e-07
9.470000000000000000e+02,6.930523783450939670e-09,4.275229718940599354e-06,6.043453345382485654e-07
9.480000000000000000e+02,6.918700040416869535e-09,4.229102552907193281e-06,6.074316339664393685e-07
9.490000000000000000e+02,6.906903961412074299e-09,4.183112867026690013e-06,6.104396850621211591e-07
9.500000000000000000e+02,6.895138730186311434e-09,4.137265909687954308e-06,6.133694700507442904e-07
9.510000000000000000e+02,6.883402599458130144e-09,4.091563745308214131e-06,6.162206108066658295e-07
9.520000000000000000e+02,6.871695485516833415e-09,4.046010124664928252e-06,6.189933958138456599e-07
9.530000000000000000e+02,6.860015676898567609e-09,4.000606177713240000e-06,6.216878217839039925e-07
9.540000000000000000e+02,6.848366361293225251e-09,3.955355923768879497e-06,6.243043274688505486e-07
9.550000000000000000e+02,6.836745824463372269e-09,3.910261455878579108e-06,6.268430569246877515e-07
9.560000000000000000e+02,6.825153987075530594e-09,3.865325808695535695e-06,6.293043027809693456e-07
9.570000000000000000e+02,6.813590769796897959e-09,3.820550631345263819e-06,6.316881332455740860e-07
9.580000000000000000e+02,6.802054474939395658e-09,3.775938514371442031e-06,6.339947651922340759e-07
9.590000000000000000e+02,6.790548262617612211e-09,3.731493380584786355e-06,6.362246427244966806e-07
9.600000000000000000e+02,6.779070432403963353e-09,3.687216456240083032e-06,6.383777571851129022e-07
9.610000000000000000e+02,6.767620904968382306e-09,3.643111198883160670e-06,6.404544779840580845e-07
9.620000000000000000e+02,6.756199600981473963e-09,3.599179310544246519e-06,6.424548706208649557e-07
9.630000000000000000e+02,6.744806441114527296e-09,3.555424227741153601e-06,6.443793054919511478e-07
9.640000000000000000e+02,6.733441346039502944e-09,3.511847673383234148e-06,6.462278471411196684e-07
9.650000000000000000e+02,6.722104236429046455e-09,3.468453063126867330e-06,6.480008668787338406e-07
9.660000000000000000e+02,6.710795032956473392e-09,3.425242140591500278e-06,6.496984283651562372e-07
9.670000000000000000e+02,6.699513656295785052e-09,3.382218300743569449e-06,6.513209037526138984e-07
9.680000000000000000e+02,6.688260027121656882e-09,3.339383307738669760e-06,6.528683558899043658e-07
9.690000000000000000e+02,6.677034066109440138e-09,3.296740536029684909e-06,6.543411576994489273e-07
9.700000000000000000e+02,6.665835693935168497e-09,3.254291770129518452e-06,6.557393712899426755e-07
9.710000000000000000e+02,6.654664831275549792e-09,3.212040364158800683e-06,6.570633702827465107e-07
9.720000000000000000e+02,6.643521398807970967e-09,3.169988122803989316e-06,6.583132161175000823e-07
9.730000000000000000e+02,6.632405317210500567e-09,3.128138380039662798e-06,6.594892830436634675e-07
9.740000000000000000e+02,6.621318082570338198e-09,3.086493695282717266e-06,6.605917891575528323e-07
9.750000000000000000e+02,6.610256462121465805e-09,3.045055540757337610e-06,6.616207162511559836e-07
9.760000000000000000e+02,6.599221954587401906e-09,3.003827592908375998e-06,6.625765178804092872e-07
9.770000000000000000e+02,6.588214480648907517e-09,2.962811706020548318e-06,6.634592541204707236e-07
9.780000000000000000e+02,6.577233960987414496e-09,2.922011164550583683e-06,6.642693004838743014e-07
9.790000000000000000e+02,6.566281878615105984e-09,2.881428528209789939e-06,6.650068749294916443e-07
9.800000000000000000e+02,6.555355026958129306e-09,2.841065342358479649e-06,6.656719576641648432e-07
9.810000000000000000e+02,6.544454891632877841e-09,2.800925210145370669e-06,6.662650038154726866e-07
9.820000000000000000e+02,6.533581393323481712e-09,2.761010034197718761e-06,6.667860725290874795e-07
9.830000000000000000e+02,6.522736004696766388e-09,2.721323374638068201e-06,6.672356195663764956e-07
9.840000000000000000e+02,6.511915539902934049e-09,2.681866819757270028e-06,6.676136244923224929e-07
9.850000000000000000e+02,6.501121474187678073e-09,2.642642957825580764e-06,6.679203048327086199e-07
9.860000000000000000e+02,6.490355272524916018e-09,2.603655306655316385e-06,6.681561167509879491e-07
9.870000000000000000e+02,6.479613764475473858e-09,2.564905496751919012e-06,6.683210394019864862e-07
9.880000000000000000e+02,6.468898417573320356e-09,2.526396116085589248e-06,6.684152903835393904e-07
9.890000000000000000e+02,6.458210689155551317e-09,2.488130640915130715e-06,6.684393260329239181e-07
9.900000000000000000e+02,6.447547424081266353e-09,2.450110743203861093e-06,6.683931253230706201e-07
9.910000000000000000e+02,6.436911613815584600e-09,2.412339584890727764e-06,6.682770650119639632e-07
9.920000000000000000e+02,6.426300113354530370e-09,2.374818878631328158e-06,6.680911241181517753e-07
9.930000000000000000e+02,6.415715904053483391e-09,2.337552338134092490e-06,6.678358384173482408e-07
9.940000000000000000e+02,6.405155088976150665e-09,2.300541689419796905e-06,6.675111869914363819e-07
9.950000000000000000e+02,6.394622164708992501e-09,2.263790058643558238e-06,6.671175464174088890e-07
9.960000000000000000e+02,6.384113243099890107e-09,2.227299211437751752e-06,6.666548961210622663e-07
9.970000000000000000e+02,6.373631285431559853e-09,2.191072790973332178e-06,6.661237712568473949e-07
9.980000000000000000e+02,6.363173176816920246e-09,2.155112575880270417e-06,6.655241514127073434e-07
9.990000000000000000e+02,6.352741868575146635e-09,2.119421657510075284e-06,6.648564127211466395e-07
1.000000000000000000e+03,6.342335764872039186e-09,2.084002349099954782e-06,6.641206935100754253e-07
1.001000000000000000e+03,6.331953282012189186e-09,2.048856452900575579e-06,6.633171023338747212e-07
1.002000000000000000e+03,6.321597367626907989e-09,2.013986106630161920e-06,6.624464170808454091e-07
1.003000000000000000e+03,6.311266446722025475e-09,1.979391684049907564e-06,6.615089903563064618e-07
1.004000000000000000e+03,6.300958954137041057e-09,1.945073823511611113e-06,6.605052542432726988e-07
1.005000000000000000e+03,6.290677824988571015e-09,1.911033861988220962e-06,6.594358768116323730e-07
1.006000000000000000e+03,6.280421491667737077e-09,1.877272433736939905e-06,6.583012900191529299e-07
1.007000000000000000e+03,6.270188396328361716e-09,1.843789969679589954e-06,6.571018481286860707e-07
1.008000000000000000e+03,6.259981459445341503e-09,1.810588225455990905e-06,6.558383749974045950e-07
1.009000000000000000e+03,6.249799120741791457e-09,1.777667624007583082e-06,6.545112245969232775e-07
1.010000000000000000e+03,6.239641314337962211e-09,1.745029035180868635e-06,6.531209076134483348e-07
1.011000000000000000e+03,6.229506492058135592e-09,1.712673124953368245e-06,6.516678571605230335e-07
1.012000000000000000e+03,6.219397555019050192e-09,1.680601174706962998e-06,6.501527392382502689e-07
1.013000000000000000e+03,6.209312952637633347e-09,1.648813846558028727e-06,6.485759867814405679e-07
1.014000000000000000e+03,6.199252619036148221e-09,1.617312010333057279e-06,6.469381104645735051e-07
1.015000000000000000e+03,6.189216488337355940e-09,1.586096535853562061e-06,6.452396209592128500e-07
1.016000000000000000e+03,6.179204494664517245e-09,1.555168292936081859e-06,6.434810289340057202e-07
1.017000000000000000e+03,6.169215104174020798e-09,1.524527788451843138e-06,6.416626922957281211e-07
1.018000000000000000e+03,6.159251189293012795e-09,1.494176625313211862e-06,6.397854276718030807e-07
1.019000000000000000e+03,6.149311213805059716e-09,1.464115303087367020e-06,6.378495925304210972e-07
1.020000000000000000e+03,6.139395111835448895e-09,1.434344691570731211e-06,6.358556975284429304e-07
1.021000000000000000e+03,6.129502817509957360e-09,1.404865660554751562e-06,6.338042533198128998e-07
1.022000000000000000e+03,6.119634264954867543e-09,1.375679079825896975e-06,6.316957705555593084e-07
1.023000000000000000e+03,6.109789388296962322e-09,1.346785819165660671e-06,6.295307598837939126e-07
1.024000000000000000e+03,6.099968121663523366e-09,1.318186748350558279e-06,6.273097319497123464e-07
1.025000000000000000e+03,6.090170399182336095e-09,1.289882737152129535e-06,6.250331973955940151e-07
1.026000000000000000e+03,6.080396154981682238e-09,1.261874655336936373e-06,6.227016668608018838e-07
1.027000000000000000e+03,6.070645323190344796e-09,1.234163372666565045e-06,6.203156509817830066e-07
1.028000000000000000e+03,6.060917837937611349e-09,1.206749758897624000e-06,6.178756603920676797e-07
1.029000000000000000e+03,6.051213633353267442e-09,1.179634683781745371e-06,6.153822057222700765e-07
1.030000000000000000e+03,6.041532643567596580e-09,1.152819017065584123e-06,6.128357976000881420e-07
1.031000000000000000e+03,6.031874802711387677e-09,1.126303628490819116e-06,6.102369466503036983e-07
1.032000000000000000e+03,6.022240044915927609e-09,1.100089387794152044e-06,6.075861634947822334e-07
1.033000000000000000e+03,6.012629735064059665e-09,1.074177292573500834e-06,6.048840307556874401e-07
1.034000000000000000e+03,6.003040943506954664e-09,1.048567953774961360e-06,6.021309147150041609e-07
1.035000000000000000e+03,5.993475037412899678e-09,1.023262372070913698e-06,5.993273983106818300e-07
1.036000000000000000e+03,5.983931950915168471e-09,9.982614171782552764e-07,5.964739921529814779e-07
1.037000000000000000e+03,5.974411618147535252e-09,9.735659588089076276e-07,5.935712068492481183e-07
1.038000000000000000e+03,5.964915392654516526e-09,9.491770926446157561e-07,5.906196936153598827e-07
1.039000000000000000e+03,5.955440367498429283e-09,9.250952307047855166e-07,5.876196811159028248e-07
1.040000000000000000e+03,5.945987898482124622e-09,9.013214744675055683e-07,5.845718212635560362e-07
1.041000000000000000e+03,5.936557919741366948e-09,8.778566936249968344e-07,5.814766246541206364e-07
1.042000000000000000e+03,5.927150365412416146e-09,8.547017578645043430e-07,5.783346018804815161e-07
1.043000000000000000e+03,5.917766577835816750e-09,8.318576358910093985e-07,5.751463319969072119e-07
1.044000000000000000e+03,5.908403672515926080e-09,8.093249966542722447e-07,5.719121882769614963e-07
1.045000000000000000e+03,5.899062994024908637e-09,7.871048115686106058e-07,5.686327501485763024e-07
1.046000000000000000e+03,5.889745878044609246e-09,7.651981324775956062e-07,5.653086627800624871e-07
1.047000000000000000e+03,5.880449453417043123e-09,7.436054595509649332e-07,5.619401667739530436e-07
1.048000000000000000e+03,5.871175058039832897e-09,7.223278498377980277e-07,5.585279080840759021e-07
1.049000000000000000e+03,5.861924020983355701e-09,7.013662564807728940e-07,5.550724633583724875e-07
1.050000000000000000e+03,5.852693484332667589e-09,6.807213796902808676e-07,5.515742105996682847e-07
1.051000000000000000e+03,5.843486171682169125e-09,6.603940606818907550e-07,5.480338691749246091e-07
1.052000000000000000e+03,5.834299242772871469e-09,6.403834916905034609e-07,5.444517470367740604e-07
1.053000000000000000e+03,5.825134035138483278e-09,6.206890745966851704e-07,5.408285570939774712e-07
1.054000000000000000e+03,5.815991877589305347e-09,6.013101208001398676e-07,5.371649448780947189e-07
1.055000000000000000e+03,5.806869944729176405e-09,5.822457246960033358e-07,5.334613636444953868e-07
1.056000000000000000e+03,5.797770947224326613e-09,5.634953341564702770e-07,5.297185854697564888e-07
1.057000000000000000e+03,5.788692068351752169e-09,5.450579163106233888e-07,5.259369388002347672e-07
1.058000000000000000e+03,5.779635322440950789e-09,5.269329123427961885e-07,5.221171943699516502e-07
1.059000000000000000e+03,5.770599277846261573e-09,5.091194345211124638e-07,5.182598089847794320e-07
1.060000000000000000e+03,5.761585939210521724e-09,4.916169046198668602e-07,5.143655492812567278e-07
1.061000000000000000e+03,5.752592507034507148e-09,4.744243243059615861e-07,5.104347509663379323e-07
1.062000000000000000e+03,5.743621666153385839e-09,4.575411091114023612e-07,5.064681792798946458e-07
1.063000000000000000e+03,5.734670625618962917e-09,4.409663879891086757e-07,5.024662947225987006e-07
1.064000000000000000e+03,5.725742061737116297e-09,4.246995583912585698e-07,4.984298582794887496e-07
1.065000000000000000e+03,5.716834552513887287e-09,4.087397028147740385e-07,4.943592720471603003e-07
1.066000000000000000e+03,5.707946684435574488e-09,3.930860669397183675e-07,4.902551190152671599e-07
1.067000000000000000e+03,5.699081121089392892e-09,3.777380311315400847e-07,4.861181557994977681e-07
1.068000000000000000e+03,5.690236446849912690e-09,3.626946949977380630e-07,4.819487888475261803e-07
1.069000000000000000e+03,5.681411254512152899e-09,3.479553039030303039e-07,4.777476011751591933e-07
1.070000000000000000e+03,5.672608195034371672e-09,3.335192221079420356e-07,4.735153449228690965e-07
1.071000000000000000e+03,5.663825859114753828e-09,3.193855653487429551e-07,4.692524309952741655e-07
1.072000000000000000e+03,5.655062845812601832e-09,3.055535786772448642e-07,4.649594424324652079e-07
1.073000000000000000e+03,5.646321793546218319e-09,2.920226112235385449e-07,4.606371267994387263e-07
1.074000000000000000e+03,5.637601299292842521e-09,2.787917938781753472e-07,4.562858995580171178e-07
1.075000000000000000e+03,5.628899968331974932e-09,2.658603713824995869e-07,4.519063437707064877e-07
1.076000000000000000e+03,5.620220426630246829e-09,2.532276787033409474e-07,4.474992023323738432e-07
1.077000000000000000e+03,5.611561277399753941e-09,2.408928609183591898e-07,4.430648953566995172e-07
1.078000000000000000e+03,5.602922465462268690e-09,2.288552169483657846e-07,4.386041103527558209e-07
1.079000000000000000e+03,5.594302604322911237e-09,2.171139050942988221e-07,4.341172721781736744e-07
1.080000000000000000e+03,5.585704303482205779e-09,2.056682471235568367e-07,4.296051189655976206e-07
1.081000000000000000e+03,5.577126174397229531e-09,1.945174789886729307e-07,4.250682305944363591e-07
1.082000000000000000e+03,5.568568161891233085e-09,1.836607931290549551e-07,4.205070868056055342e-07
1.083000000000000000e+03,5.560030210787837612e-09,1.730974746825240912e-07,4.159223697387429602e-07
1.084000000000000000e+03,5.551512265911027414e-09,1.628267212658377434e-07,4.113145613004583854e-07
1.085000000000000000e+03,5.543012952960416112e-09,1.528477766028835895e-07,4.066842446146177761e-07
1.086000000000000000e+03,5.534534857025626490e-09,1.431599353406301657e-07,4.020321463974970607e-07
1.087000000000000000e+03,5.526076601786869521e-09,1.337623829557277749e-07,3.973587028807387266e-07
1.088000000000000000e+03,5.517638132069612642e-09,1.246543925511607306e-07,3.926645906921370357e-07
1.089000000000000000e+03,5.509219392699689733e-09,1.158351734698124856e-07,3.879502972472744823e-07
1.090000000000000000e+03,5.500820328503301939e-09,1.073039944851028866e-07,3.832164969332506387e-07
1.091000000000000000e+03,5.492440884307018504e-09,9.906006914715168595e-08,3.784636794043084335e-07
1.092000000000000000e+03,5.484081004937773455e-09,9.110266217446036855e-08,3.736925167879429505e-07
1.093000000000000000e+03,5.475740635222869744e-09,8.343099105046151953e-08,3.689035009954136033e-07
1.094000000000000000e+03,5.467419719989976763e-09,7.604431671193891871e-08,3.640973018768091608e-07
1.095000000000000000e+03,5.459118204067130345e-09,6.894186030316004468e-08,3.592744136176537062e-07
1.096000000000000000e+03,5.450836032282735247e-09,6.212287925094644537e-08,3.544355037739344095e-07
1.097000000000000000e+03,5.442573149465561838e-09,5.558659808936755208e-08,3.495810688215819834e-07
1.098000000000000000e+03,5.434329500444744446e-09,4.933227100559286424e-08,3.447117740068942103e-07
1.099000000000000000e+03,5.426105030049790461e-09,4.335912565390633318e-08,3.398281181112421557e-07
1.100000000000000000e+03,5.417899683110568746e-09,3.766641325069021750e-08,3.349307640567540273e-07
1.101000000000000000e+03,5.409713405226437896e-09,3.225312634961578529e-08,3.300202041403006699e-07
1.102000000000000000e+03,5.401546145073578043e-09,2.711732370253878556e-08,3.250970549272164477e-07
1.103000000000000000e+03,5.393397852097624304e-09,2.225681069434395363e-08,3.201617670275650266e-07
1.104000000000000000e+03,5.385268475744554250e-09,1.766940569935784601e-08,3.152149458534704700e-07
1.105000000000000000e+03,5.377159245157928132e-09,1.335291961862566361e-08,3.102571182302656434e-07
1.106000000000000000e+03,5.369067548466294642e-09,9.305160233312278233e-09,3.052887019411609151e-07
1.107000000000000000e+03,5.360994616741941139e-09,5.523944872795220963e-09,3.003103363791032225e-07
1.108000000000000000e+03,5.352940399432171992e-09,2.007084279390413074e-09,2.953224780354443742e-07
1.109000000000000000e+03,5.344904845984635676e-09,-1.247607951731647982e-09,2.903256918391718654e-07
1.110000000000000000e+03,5.336887905847307403e-09,-4.242319826747551221e-09,2.853205403395089800e-07
1.111000000000000000e+03,5.328890796690839182e-09,-6.979239812819911818e-09,2.803075503257032859e-07
1.112000000000000000e+03,5.320910929622192895e-09,-9.460552804287529438e-09,2.752871502612743636e-07
1.113000000000000000e+03,5.312949524214100864e-09,-1.168844867028596602e-08,2.702599688284052393e-07
1.114000000000000000e+03,5.305006529915871715e-09,-1.366511231924914104e-08,2.652264696510385786e-07
1.115000000000000000e+03,5.297081896177154875e-09,-1.539273415484581069e-08,2.601872450454845719e-07
1.116000000000000000e+03,5.289176831228932178e-09,-1.687350213939310143e-08,2.551428217761527633e-07
1.117000000000000000e+03,5.281288765084329666e-09,-1.810959758118210641e-08,2.500936372808323933e-07
1.118000000000000000e+03,5.273418907854530559e-09,-1.910321383075716695e-08,2.450403112421419364e-07
1.119000000000000000e+03,5.265568462158876269e-09,-1.985653855705492224e-08,2.399833704118910038e-07
1.120000000000000000e+03,5.257734869249705185e-09,-2.037175197172101335e-08,2.349232576341752860e-07
1.121000000000000000e+03,5.249919333613582466e-09,-2.065104845947420958e-08,2.298605871702054012e-07
1.122000000000000000e+03,5.242121804702486052e-09,-2.069661047503100716e-08,2.247958322369513751e-07
1.123000000000000000e+03,5.234343477713768464e-09,-2.051063268234552840e-08,2.197296016666819557e-07
1.124000000000000000e+03,5.226581808764838975e-09,-2.009529495135706871e-08,2.146623437173332178e-07
1.125000000000000000e+03,5.218839236962087040e-09,-1.945278931319288844e-08,2.095946386445503587e-07
1.126000000000000000e+03,5.211113225804220977e-09,-1.858529606117666581e-08,2.045269401300974411e-07
1.127000000000000000e+03,5.203404968644751476e-09,-1.749500937340715760e-08,1.994598515673138982e-07
1.128000000000000000e+03,5.195715651499195566e-09,-1.618411608084746355e-08,1.943938996804030024e-07
1.129000000000000000e+03,5.188042748874707065e-09,-1.465479761297670642e-08,1.893295435722973594e-07
1.130000000000000000e+03,5.180388681533315801e-09,-1.290924848612894027e-08,1.842674031373253995e-07
1.131000000000000000e+03,5.172750931279094771e-09,-1.094965065541346773e-08,1.792079392821093683e-07
1.132000000000000000e+03,5.165130682304810624e-09,-8.778191999149235720e-09,1.741516823372877201e-07
1.133000000000000000e+03,5.157529111549014025e-09,-6.397062820802016933e-09,1.690992230231810543e-07
1.134000000000000000e+03,5.149943711698555713e-09,-3.808447143083363393e-09,1.640510276594614283e-07
1.135000000000000000e+03,5.142376885380558771e-09,-1.014533279303344292e-09,1.590076644255384626e-07
1.136000000000000000e+03,5.134825521452865445e-09,1.982491995825359307e-09,1.539696050446161285e-07
1.137000000000000000e+03,5.127293238327551170e-09,5.180441810052119770e-09,1.489374525497125547e-07
1.138000000000000000e+03,5.119776931145737843e-09,8.577128338821919633e-09,1.439116804583606586e-07
1.139000000000000000e+03,5.112278988175420203e-09,1.217036616098280046e-08,1.388928521427132899e-07
1.140000000000000000e+03,5.104796923646023048e-09,1.595796383412644598e-08,1.338814464998601184e-07
1.141000000000000000e+03,5.097333118695043233e-09,1.993774099337186437e-08,1.288780569808803680e-07
1.142000000000000000e+03,5.089886306068316654e-09,2.410750773416629165e-08,1.238831790163395955e-07
1.143000000000000000e+03,5.082455225602546039e-09,2.846507367029880868e-08,1.188973269505256567e-07
1.144000000000000000e+03,5.075042247800277952e-09,3.300825805060406076e-08,1.139210581831435747e-07
1.145000000000000000e+03,5.067644904619043126e-09,3.773486204173766338e-08,1.089548605174526858e-07
1.146000000000000000e+03,5.060265559511676833e-09,4.264271547595053140e-08,1.039993155116333060e-07
1.147000000000000000e+03,5.052902954078636836e-09,4.772962353467423536e-08,9.905492453048843478e-08
1.148000000000000000e+03,5.045555836931076563e-09,5.299339295912555791e-08,9.412220485628008488e-08
1.149000000000000000e+03,5.038226561007151396e-09,5.843184877959457412e-08,8.920170797158708035e-08
1.150000000000000000e+03,5.030912675792040714e-09,6.404278313388083000e-08,8.429393049577726246e-08
1.151000000000000000e+03,5.023616528242774439e-09,6.982410420742892948e-08,7.939941193761143831e-08
1.152000000000000000e+03,5.016336873659383734e-09,7.577394110105875828e-08,7.451850813760752581e-08
1.153000000000000000e+03,5.009072475262576817e-09,8.189049307223727499e-08,6.965155760227013948e-08
1.154000000000000000e+03,5.001825674558135162e-09,8.817198788651993862e-08,6.479892429130528367e-08
1.155000000000000000e+03,4.994595233040306217e-09,9.461662554514758157e-08,5.996094612878187621e-08
1.156000000000000000e+03,4.987381106117822161e-09,1.012226150782434233e-07,5.513796990902659434e-08
1.157000000000000000e+03,4.980182063881443836e-09,1.079881398105663146e-07,5.033033044073276967e-08
1.158000000000000000e+03,4.973000434084434793e-09,1.149114585651241659e-07,4.553839962454167671e-08
1.159000000000000000e+03,4.965834985106634522e-09,1.219907562934191863e-07,4.076251112136188683e-08
1.160000000000000000e+03,4.958685672357800076e-09,1.292242420566962800e-07,3.600301171949129380e-08
1.161000000000000000e+03,4.951551272737035595e-09,1.366101086596970775e-07,3.126024448403885212e-08
1.162000000000000000e+03,4.944434100368682381e-09,1.441465968100896488e-07,2.653456420634841177e-08
1.163000000000000000e+03,4.937332930456283138e-09,1.518319002075223447e-07,2.182631338386746707e-08
1.164000000000000000e+03,4.930247718410625585e-09,1.596642279441483145e-07,1.713583879890633185e-08
1.165000000000000000e+03,4.923178419642743945e-09,1.676417891197946146e-07,1.246348723228881187e-08
1.166000000000000000e+03,4.916123819476430484e-09,1.757627509907033704e-07,7.809603603790114588e-09
1.167000000000000000e+03,4.909086215171592254e-09,1.840254044070806114e-07,3.174539514049530278e-09
1.168000000000000000e+03,4.902064390375423200e-09,1.924279185746949683e-07,-1.441361228356087693e-09
1.169000000000000000e+03,4.895058300499989037e-09,2.009685026244950759e-07,-6.037751848631738557e-09
1.170000000000000000e+03,4.888067900957610254e-09,2.096453656951029995e-07,-1.061428557346899084e-08
1.171000000000000000e+03,4.881093147160862934e-09,2.184567169328150285e-07,-1.517061563104595836e-08
1.172000000000000000e+03,4.874133994522574628e-09,2.274007654916009625e-07,-1.970639525102729777e-08
1.173000000000000000e+03,4.867189240003398004e-09,2.364756923790141307e-07,-2.422127478085157669e-08
1.174000000000000000e+03,4.860261157568855510e-09,2.456797619767124145e-07,-2.871491268557913802e-08
1.175000000000000000e+03,4.853348542529110623e-09,2.550111563882756841e-07,-3.318695985319380316e-08
1.176000000000000000e+03,4.846451350298018249e-09,2.644680847985824210e-07,-3.763706951934773015e-08
1.177000000000000000e+03,4.839569536289693032e-09,2.740487564001844046e-07,-4.206489492117964299e-08
1.178000000000000000e+03,4.832703055918499420e-09,2.837513803933075858e-07,-4.647008929731482835e-08
1.179000000000000000e+03,4.825851864599055810e-09,2.935741659858516105e-07,-5.085230588786509588e-08
1.180000000000000000e+03,4.819015917746239502e-09,3.035153223933898726e-07,-5.521119793442883114e-08
1.181000000000000000e+03,4.812195170775177607e-09,3.135730588391697255e-07,-5.954641868009098897e-08
1.182000000000000000e+03,4.805389579101253663e-09,3.237455845541120059e-07,-6.385762136942303395e-08
1.183000000000000000e+03,4.798599098140104324e-09,3.340311087768116691e-07,-6.814445924848299336e-08
1.184000000000000000e+03,4.791823683307622669e-09,3.444278407535372065e-07,-7.240658556481547696e-08
1.185000000000000000e+03,4.785063290019953242e-09,3.549339897382312808e-07,-7.664365356745163738e-08
1.186000000000000000e+03,4.778317873693496184e-09,3.655477649925099324e-07,-8.085531650690915680e-08
1.187000000000000000e+03,4.771587389744909717e-09,3.762673757856632669e-07,-8.504122763519227348e-08
1.188000000000000000e+03,4.764871793591096909e-09,3.870910313946550320e-07,-8.920104020579180820e-08
1.189000000000000000e+03,4.758171040649226353e-09,3.980169411041227766e-07,-9.333440747368504516e-08
1.190000000000000000e+03,4.751485086336711486e-09,4.090433142063780618e-07,-9.744098269533598341e-08
1.191000000000000000e+03,4.744813886071224654e-09,4.201683600014060380e-07,-1.015204191286950193e-07
1.192000000000000000e+03,4.738157395270694629e-09,4.313902877968657624e-07,-1.055723700331992110e-07
1.193000000000000000e+03,4.731516695545852841e-09,4.427073596166303244e-07,-1.095965017182825910e-07
1.194000000000000000e+03,4.724889488354231330e-09,4.541176807251912226e-07,-1.135924418251035825e-07
1.195000000000000000e+03,4.718276856886334222e-09,4.656195118141018243e-07,-1.175598561869047638e-07
1.196000000000000000e+03,4.711678756561094485e-09,4.772110622215029909e-07,-1.214983980690280583e-07
1.197000000000000000e+03,4.705095142797698206e-09,4.888905412932094373e-07,-1.254077207383020249e-07
1.198000000000000000e+03,4.698525971015589551e-09,5.006561583827100499e-07,-1.292874774630415933e-07
1.199000000000000000e+03,4.691971196634461668e-09,5.125061228511672515e-07,-1.331373215130484213e-07
1.200000000000000000e+03,4.685431890308626012e-09,5.244387689472153794e-07,-1.369569387719113556e-07
1.201000000000000000e+03,4.678905776098827784e-09,5.364520063002811607e-07,-1.407459409897021766e-07
1.202000000000000000e+03,4.672393929520177925e-09,5.485439020916675270e-07,-1.445041271412868349e-07
1.203000000000000000e+03,4.665896309959523663e-09,5.607123486250734595e-07,-1.482312872993640565e-07
1.204000000000000000e+03,4.659412876803939704e-09,5.729552382132311220e-07,-1.519272115375329372e-07
1.205000000000000000e+03,4.652944696950085108e-09,5.852705328608248373e-07,-1.555917084552036924e-07
1.206000000000000000e+03,4.646489513231895815e-09,5.976559870075150028e-07,-1.592245315105018777e-07
1.207000000000000000e+03,4.640048394084743164e-09,6.101095612094640986e-07,-1.628254888682970747e-07
1.208000000000000000e+03,4.633621298896619202e-09,6.226291478152849217e-07,-1.663943706057642080e-07
1.209000000000000000e+03,4.627208187055750069e-09,6.352126391826229230e-07,-1.699309668009783602e-07
1.210000000000000000e+03,4.620810117818754511e-09,6.478580819482629726e-07,-1.734351088318557437e-07
1.211000000000000000e+03,4.614424849319714846e-09,6.605630629732247862e-07,-1.769065050070554816e-07
1.212000000000000000e+03,4.608053442337290272e-09,6.733256259005563965e-07,-1.803449858717927160e-07
1.213000000000000000e+03,4.601696951583809131e-09,6.861437448171933041e-07,-1.837503633853826872e-07
1.214000000000000000e+03,4.595353144293848430e-09,6.990151502707082403e-07,-1.871223842764762818e-07
1.215000000000000000e+03,4.589023076691893809e-09,7.119378148396242337e-07,-1.904608601006926520e-07
1.216000000000000000e+03,4.582707798975459790e-09,7.249098035630289651e-07,-1.937656270827246387e-07
1.217000000000000000e+03,4.576405087420571434e-09,7.379286667324511700e-07,-1.970363838058898881e-07
1.218000000000000000e+03,4.570115993727104259e-09,7.509924663154498682e-07,-2.002729657096471031e-07
1.219000000000000000e+03,4.563841563606983255e-09,7.640991857344901425e-07,-2.034751871072623271e-07
1.220000000000000000e+03,4.557579582319152721e-09,7.772465370592935631e-07,-2.066427900111300249e-07
1.221000000000000000e+03,4.551331097068185888e-09,7.904325021695336854e-07,-2.097755883550037633e-07
1.222000000000000000e+03,4.545097149109377811e-09,8.036551649101235791e-07,-2.128734229192494397e-07
1.223000000000000000e+03,4.538875532626585153e-09,8.169120381779899004e-07,-2.159359831422498396e-07
1.224000000000000000e+03,4.532667290358125310e-09,8.302012026867905416e-07,-2.189631090684041822e-07
1.225000000000000000e+03,4.526473459131364084e-09,8.435206513691828086e-07,-2.219546172166765782e-07
1.226000000000000000e+03,4.520291841997582282e-09,8.568680774586803400e-07,-2.249102451788101464e-07
1.227000000000000000e+03,4.514124551756517951e-09,8.702416795481763689e-07,-2.278298633718700710e-07
1.228000000000000000e+03,4.507969397339383393e-09,8.836389388984119564e-07,-2.307131540724004179e-07
1.229000000000000000e+03,4.501828485679435947e-09,8.970580588957764741e-07,-2.335599887420204406e-07
1.230000000000000000e+03,4.495699631562657399e-09,9.104967200705006370e-07,-2.363701021949060310e-07
1.231000000000000000e+03,4.489583867417598575e-09,9.239529201853700530e-07,-2.391433119982263722e-07
1.232000000000000000e+03,4.483482219849929455e-09,9.374247750304030790e-07,-2.418794658488741430e-07
1.233000000000000000e+03,4.477392512380949435e-09,9.509097339331674304e-07,-2.445782392921214421e-07
1.234000000000000000e+03,4.471316837387124431e-09,9.644060243195769229e-07,-2.472395088124630952e-07
1.235000000000000000e+03,4.465252492743610223e-09,9.779113107336471454e-07,-2.498630059485157897e-07
1.236000000000000000e+03,4.459202628644284061e-09,9.914238350799339777e-07,-2.524486100383144246e-07
1.237000000000000000e+03,4.453164548011283022e-09,1.004941021009790373e-06,-2.549959915605083922e-07
1.238000000000000000e+03,4.447140331686913710e-09,1.018461115270968537e-06,-2.575050307783955960e-07
1.239000000000000000e+03,4.441127820496374288e-09,1.031981769571665572e-06,-2.599754567711354170e-07
1.240000000000000000e+03,4.435129089551553591e-09,1.045501245163894683e-06,-2.624071524924600559e-07
1.241000000000000000e+03,4.429143039686931750e-09,1.059017066069472597e-06,-2.647998151728412082e-07
1.242000000000000000e+03,4.423168577437756375e-09,1.072527120109455521e-06,-2.671532340508673314e-07
1.243000000000000000e+03,4.417207769365682010e-09,1.086029683043651902e-06,-2.694672946468127496e-07
1.244000000000000000e+03,4.411258470548474444e-09,1.099522133518896139e-06,-2.717416592742996617e-07
1.245000000000000000e+03,4.405322741877667780e-09,1.113002752134695183e-06,-2.739762142818819767e-07
1.246000000000000000e+03,4.399398444090052448e-09,1.126469168139537562e-06,-2.761706847992922748e-07
1.247000000000000000e+03,4.393487632430897997e-09,1.139919676595085639e-06,-2.783249595714189704e-07
1.248000000000000000e+03,4.387589217680581823e-09,1.153351767826418169e-06,-2.804387300488303781e-07
1.249000000000000000e+03,4.381702116236776348e-09,1.166763329740891096e-06,-2.825117855753496405e-07
1.250000000000000000e+03,4.375828374919731297e-09,1.180152671818430435e-06,-2.845440171635815891e-07
1.251000000000000000e+03,4.369966909675033456e-09,1.193517369081966420e-06,-2.865351577584330147e-07
1.252000000000000000e+03,4.364116645819875229e-09,1.206855804825872603e-06,-2.884852155358371894e-07
1.253000000000000000e+03,4.358279627486525862e-09,1.220166897281185789e-06,-2.903943461870692751e-07
1.254000000000000000e+03,4.352453743495858738e-09,1.233448555644488281e-06,-2.922624645106908703e-07
1.255000000000000000e+03,4.346641032427698204e-09,1.246699702913609781e-06,-2.940897268795980491e-07
1.256000000000000000e+03,4.340840421935498289e-09,1.259918830981922851e-06,-2.958761865903922428e-07
1.257000000000000000e+03,4.335051877111120449e-09,1.273104128555439609e-06,-2.976218260363401426e-07
1.258000000000000000e+03,4.329274332506103660e-09,1.286254078095263827e-06,-2.993266972371915692e-07
1.259000000000000000e+03,4.323509815664591022e-09,1.299367626230696503e-06,-3.009909597562073863e-07
1.260000000000000000e+03,4.317757259764645178e-09,1.312442800692051075e-06,-3.026145593163300677e-07
1.261000000000000000e+03,4.312015603462669043e-09,1.325478083997034927e-06,-3.041975479802983678e-07
1.262000000000000000e+03,4.306286866086087336e-09,1.338472436804483454e-06,-3.057400870509604482e-07
1.263000000000000000e+03,4.300569984926362318e-09,1.351423872849762171e-06,-3.072421205104706570e-07
1.264000000000000000e+03,4.294864925076535003e-09,1.364331199608271509e-06,-3.087037739778365195e-07
1.265000000000000000e+03,4.289170630626614647e-09,1.377192416947183517e-06,-3.101249898248862310e-07
1.266000000000000000e+03,4.283489110027604285e-09,1.390006499428113530e-06,-3.115059309635931191e-07
1.267000000000000000e+03,4.277819306015829620e-09,1.402771938851640591e-06,-3.128466505289482227e-07
1.268000000000000000e+03,4.272161183685006646e-09,1.415486889909376924e-06,-3.141471268170040884e-07
1.269000000000000000e+03,4.266513692514042675e-09,1.428149835293568461e-06,-3.154074120043177229e-07
1.270000000000000000e+03,4.260878830167064668e-09,1.440759772387460411e-06,-3.166276713971834558e-07
1.271000000000000000e+03,4.255255544780425271e-09,1.453314678293881056e-06,-3.178078449711198587e-07
1.272000000000000000e+03,4.249643801448512150e-09,1.465813384844907174e-06,-3.189480608986042150e-07
1.273000000000000000e+03,4.244043565265877580e-09,1.478254031714052695e-06,-3.200482959975320868e-07
1.274000000000000000e+03,4.238453792385496768e-09,1.490635101720146488e-06,-3.211086025149894732e-07
1.275000000000000000e+03,4.232876467112197254e-09,1.502955435641943471e-06,-3.221291094376524316e-07
1.276000000000000000e+03,4.227310544270120853e-09,1.515213525155428377e-06,-3.231098697699752770e-07
1.277000000000000000e+03,4.221755988954493990e-09,1.527407498162403394e-06,-3.240508593187159317e-07
1.278000000000000000e+03,4.216212766260706876e-09,1.539536204216462738e-06,-3.249522077708376420e-07
1.279000000000000000e+03,4.210680841284316808e-09,1.551597765422173016e-06,-3.258138904843918909e-07
1.280000000000000000e+03,4.205160179121046524e-09,1.563591037120820294e-06,-3.266360375754005348e-07
1.281000000000000000e+03,4.199649745153573185e-09,1.575513948086576275e-06,-3.274185850052985669e-07
1.282000000000000000e+03,4.194151505212028334e-09,1.587365544157439908e-06,-3.281617020900857937e-07
1.283000000000000000e+03,4.188664423369115456e-09,1.599144316882005982e-06,-3.288654417337456641e-07
1.284000000000000000e+03,4.183188464721232268e-09,1.610848374154143300e-06,-3.295297783375810127e-07
1.285000000000000000e+03,4.177723594364938611e-09,1.622476585496209272e-06,-3.301548429254416919e-07
1.286000000000000000e+03,4.172269777396961418e-09,1.634027053238099405e-06,-3.307406095816829304e-07
1.287000000000000000e+03,4.166826978914196366e-09,1.645498652451555320e-06,-3.312872096276288990e-07
1.288000000000000000e+03,4.161395164013701261e-09,1.656889479975630149e-06,-3.317946168681073363e-07
1.289000000000000000e+03,4.155974297792701826e-09,1.668198416356878215e-06,-3.322629628845470669e-07
1.290000000000000000e+03,4.150564345348590046e-09,1.679423553019524702e-06,-3.326922212395685054e-07
1.291000000000000000e+03,4.145165271778923344e-09,1.690563775907481402e-06,-3.330825237374345161e-07
1.292000000000000000e+03,4.139777042181424577e-09,1.701617171109039684e-06,-3.334338437357782461e-07
1.293000000000000000e+03,4.134399621653982867e-09,1.712582629885133873e-06,-3.337463132245269939e-07
1.294000000000000000e+03,4.129032975294654427e-09,1.723458233069900439e-06,-3.340199053934466935e-07
1.295000000000000000e+03,4.123677068201659251e-09,1.734242877158073346e-06,-3.342547523810585217e-07
1.296000000000000000e+03,4.118331865473386076e-09,1.744934637814296375e-06,-3.344508272462816745e-07
1.297000000000000000e+03,4.112997332208387423e-09,1.755532416681003081e-06,-3.346082622392611833e-07
1.298000000000000000e+03,4.107673433505383731e-09,1.766034284340885837e-06,-3.347270303249891841e-07
1.299000000000000000e+03,4.102360134463259219e-09,1.776439147495094854e-06,-3.348072638283648600e-07
1.300000000000000000e+03,4.097057400181064370e-09,1.786745071734794407e-06,-3.348489356572730680e-07
1.301000000000000000e+03,4.091765196879504923e-09,1.796951150880193172e-06,-3.348522092942441880e-07
1.302000000000000000e+03,4.086483495265384039e-09,1.807056356383882001e-06,-3.348172132247732469e-07
1.303000000000000000e+03,4.081212267167132835e-09,1.817060697694585844e-06,-3.347442665301504126e-07
1.304000000000000000e+03,4.075951484413310643e-09,1.826963323606721527e-06,-3.346335288303230112e-07
1.305000000000000000e+03,4.070701118832616587e-09,1.836764248337587782e-06,-3.344853191703184597e-07
1.306000000000000000e+03,4.065461142253878832e-09,1.846462615967362912e-06,-3.342997972209092372e-07
1.307000000000000000e+03,4.060231526506062030e-09,1.856058445385048508e-06,-3.340772819550124638e-07
1.308000000000000000e+03,4.055012243418266486e-09,1.865550876053855070e-06,-3.338179331298449895e-07
1.309000000000000000e+03,4.049803264819720722e-09,1.874939931436819914e-06,-3.335220696108223772e-07
1.310000000000000000e+03,4.044605525378228723e-09,1.884225195198598010e-06,-3.331899306245570887e-07
1.311000000000000000e+03,4.039417070012425982e-09,1.893405574570277476e-06,-3.328216364807423277e-07
1.312000000000000000e+03,4.034238834626804438e-09,1.902481322945383853e-06,-3.324175455316367847e-07
1.313000000000000000e+03,4.029070791051126144e-09,1.911451568675431170e-06,-3.319778179034537666e-07
1.314000000000000000e+03,4.023912911115285502e-09,1.920316346225917517e-06,-3.315027720410522135e-07
1.315000000000000000e+03,4.018765166649311741e-09,1.929074779678129045e-06,-3.309925682781674985e-07
1.316000000000000000e+03,4.013627529483368097e-09,1.937726907723458018e-06,-3.304475248318770025e-07
1.317000000000000000e+03,4.008499971447751808e-09,1.946271850273832687e-06,-3.298678022770063983e-07
1.318000000000000000e+03,4.003383417407049153e-09,1.954709882899892628e-06,-3.292537577749888611e-07
1.319000000000000000e+03,3.998275931908773274e-09,1.963039890675412378e-06,-3.286055128150621662e-07
1.320000000000000000e+03,3.993178441034894491e-09,1.971261450948510250e-06,-3.279233069528060435e-07
1.321000000000000000e+03,3.988090916616241092e-09,1.979374612530433072e-06,-3.272074576910198709e-07
1.322000000000000000e+03,3.983013330483772060e-09,1.987378485356190916e-06,-3.264581263511672119e-07
1.323000000000000000e+03,3.977946601452730627e-09,1.995273359690671308e-06,-3.256756688731568173e-07
1.324000000000000000e+03,3.972888806183120845e-09,2.003058105927503512e-06,-3.248602079597175205e-07
1.325000000000000000e+03,3.967840864695721453e-09,2.010732301616610169e-06,-3.240119832221479374e-07
1.326000000000000000e+03,3.962802748822022484e-09,2.018296005043661611e-06,-3.231313112477147854e-07
1.327000000000000000e+03,3.957774430393646319e-09,2.025748316814683777e-06,-3.222183543043498377e-07
1.328000000000000000e+03,3.952756822235235375e-09,2.033089540911284024e-06,-3.212734668138965855e-07
1.329000000000000000e+03,3.947748013001633061e-09,2.040318534024471918e-06,-3.202967729891158613e-07
1.330000000000000000e+03,3.942748916711336684e-09,2.047434873909727208e-06,-3.192885124948883676e-07
1.331000000000000000e+03,3.937759505196498847e-09,2.054438627669208347e-06,-3.182490008088154624e-07
1.332000000000000000e+03,3.932780686531004805e-09,2.061329378146651595e-06,-3.171784768741628989e-07
1.333000000000000000e+03,3.927810558881993766e-09,2.068105969325325129e-06,-3.160770667003791515e-07
1.334000000000000000e+03,3.922850031507983636e-09,2.074768717908679523e-06,-3.149451229045867561e-07
1.335000000000000000e+03,3.917900008943857581e-09,2.081317206622848136e-06,-3.137828843946373361e-07
1.336000000000000000e+03,3.912958596442774366e-09,2.087750272313279977e-06,-3.125904783902986030e-07
1.337000000000000000e+03,3.908026699717399927e-09,2.094068238829643967e-06,-3.113682562935878546e-07
1.338000000000000000e+03,3.903105219784035947e-09,2.100270688779121664e-06,-3.101164569777122727e-07
1.339000000000000000e+03,3.898192268940956668e-09,2.106356452238801739e-06,-3.088352089695138444e-07
1.340000000000000000e+03,3.893288749375461183e-09,2.112325859835115594e-06,-3.075248623591499088e-07
1.341000000000000000e+03,3.888394632921019793e-09,2.118177989606259587e-06,-3.061855830671911887e-07
1.342000000000000000e+03,3.883510815933950164e-09,2.123913178580514300e-06,-3.048177197782838721e-07
1.343000000000000000e+03,3.878635420043011351e-09,2.129530250441520098e-06,-3.034214024199953611e-07
1.344000000000000000e+03,3.873770264972378573e-09,2.135029292003180874e-06,-3.019969427173106478e-07
1.345000000000000000e+03,3.868913476989286555e-09,2.140409120930449517e-06,-3.005444720922586030e-07
1.346000000000000000e+03,3.864065951291020722e-09,2.145670080278694534e-06,-2.990643377302378922e-07
1.347000000000000000e+03,3.859228578458866982e-09,2.150811752290134278e-06,-2.975567784051361607e-07
1.348000000000000000e+03,3.854399491684627195e-09,2.155832948994050181e-06,-2.960219271224790338e-07
1.349000000000000000e+03,3.849579582700582622e-09,2.160734019089883080e-06,-2.944601294793825275e-07
1.350000000000000000e+03,3.844769738649325140e-09,2.165514544695500962e-06,-2.928716242181660571e-07
1.351000000000000000e+03,3.839968100242902146e-09,2.170173257997088082e-06,-2.912565623282211358e-07
1.352000000000000000e+03,3.835176471970121477e-09,2.174710398945904493e-06,-2.896154037815385291e-07
1.353000000000000000e+03,3.830393002287050758e-09,2.179124325102317411e-06,-2.879483817066136626e-07
1.354000000000000000e+03,3.825618581005601146e-09,2.183414167705818542e-06,-2.862558338721322760e-07
1.355000000000000000e+03,3.820854093391304766e-09,2.187579839561714402e-06,-2.845381997100362840e-07
1.356000000000000000e+03,3.816097694720290380e-09,2.191619693507034006e-06,-2.827957141316096316e-07
1.357000000000000000e+03,3.811351178750748784e-09,2.195533383801390640e-06,-2.810287818576093127e-07
1.358000000000000000e+03,3.806612705284071507e-09,2.199319258956451007e-06,-2.792376396641150866e-07
1.359000000000000000e+03,3.801884063562139155e-09,2.202977498446013060e-06,-2.774227581464287075e-07
1.360000000000000000e+03,3.797163417894556177e-09,2.206506449434239447e-06,-2.755843747181818930e-07
1.361000000000000000e+03,3.792452553023895685e-09,2.209905769799261426e-06,-2.737228923902116153e-07
1.362000000000000000e+03,3.787749637751020326e-09,2.213173802927385337e-06,-2.718385505437312130e-07
1.363000000000000000e+03,3.783056452336108254e-09,2.216310735029244598e-06,-2.699318162680955684e-07
1.364000000000000000e+03,3.778371170054413277e-09,2.219314908328619933e-06,-2.680029296153687496e-07
1.365000000000000000e+03,3.773695566700533516e-09,2.222185983828881198e-06,-2.660522917976711783e-07
1.366000000000000000e+03,3.769027371361359615e-09,2.224922300538336103e-06,-2.640801449316547804e-07
1.367000000000000000e+03,3.764369253228662190e-09,2.227524050404662425e-06,-2.620869524282722402e-07
1.368000000000000000e+03,3.759718945275183214e-09,2.229989571463584736e-06,-2.600729571063978782e-07
1.369000000000000000e+03,3.755078214414454801e-09,2.232318527337199764e-06,-2.580385582957775095e-07
1.370000000000000000e+03,3.750445247244648295e-09,2.234509253423017948e-06,-2.559840009710981255e-07
1.371000000000000000e+03,3.745821806263617929e-09,2.236561946379523835e-06,-2.539097447027325728e-07
1.372000000000000000e+03,3.741206082477395243e-09,2.238474940826540659e-06,-2.518160351970356438e-07
1.373000000000000000e+03,3.736599833984600943e-09,2.240247902485166998e-06,-2.497032698228581164e-07
1.374000000000000000e+03,3.732001256182730388e-09,2.241879163929143040e-06,-2.475716965278122731e-07
1.375000000000000000e+03,3.727412102787523289e-09,2.243368925475082379e-06,-2.454217708897890512e-07
1.376000000000000000e+03,3.722830573571629309e-09,2.244715519118896688e-06,-2.432537416155866231e-07
1.377000000000000000e+03,3.718258417884169117e-09,2.245918612147731153e-06,-2.410680040397789830e-07
1.378000000000000000e+03,3.713694723986822120e-09,2.246977070256816029e-06,-2.388648660779658148e-07
1.379000000000000000e+03,3.709138584487991412e-09,2.247889490926592102e-06,-2.366446085102923983e-07
1.380000000000000000e+03,3.704591742217156944e-09,2.248656077525634743e-06,-2.344076817261202360e-07
1.381000000000000000e+03,3.700052407814110753e-09,2.249275159913840550e-06,-2.321543383299448604e-07
1.382000000000000000e+03,3.695522319781963947e-09,2.249746406566230750e-06,-2.298849710181588751e-07
1.383000000000000000e+03,3.691000571811143827e-09,2.250068682560099227e-06,-2.275998890128653130e-07
1.384000000000000000e+03,3.686486261898841530e-09,2.250240584826550750e-06,-2.252993757910361501e-07
1.385000000000000000e+03,3.681981122088468674e-09,2.250262318048342472e-06,-2.229838763522843713e-07
1.386000000000000000e+03,3.677483373787057342e-09,2.250132211256564499e-06,-2.206536473482119111e-07
1.387000000000000000e+03,3.672994744751321066e-09,2.249849933234894744e-06,-2.183090787404343187e-07
1.388000000000000000e+03,3.668514334050556466e-09,2.249414348881008252e-06,-2.159504811063578732e-07
1.389000000000000000e+03,3.664041245021446890e-09,2.248824055473973043e-06,-2.135781407093513019e-07
1.390000000000000000e+03,3.659577199020071625e-09,2.248079257221297259e-06,-2.111924969781313355e-07
1.391000000000000000e+03,3.655121298319409797e-09,2.247178551267138171e-06,-2.087938356091086124e-07
1.392000000000000000e+03,3.650672649436475541e-09,2.246120803011001422e-06,-2.063824691525213668e-07
1.393000000000000000e+03,3.646232967361744170e-09,2.244905680409960719e-06,-2.039587841749013889e-07
1.394000000000000000e+03,3.641801357554336952e-09,2.243532048742846615e-06,-2.015230929373926091e-07
1.395000000000000000e+03,3.637376929694269372e-09,2.241998506927015905e-06,-1.990756851511673736e-07
1.396000000000000000e+03,3.632961392441122095e-09,2.240305256164842747e-06,-1.966169933490350872e-07
1.397000000000000000e+03,3.628553854422778640e-09,2.238450895014125651e-06,-1.941473066573260978e-07
1.398000000000000000e+03,3.624153428465079849e-09,2.236434290041797231e-06,-1.916669393726106492e-07
1.399000000000000000e+03,3.619761816931116252e-09,2.234255107030432870e-06,-1.891762745590319653e-07
1.400000000000000000e+03,3.615378131600303031e-09,2.231912212312109204e-06,-1.866756262158469079e-07
1.401000000000000000e+03,3.611002349067222301e-09,2.229405722254720591e-06,-1.841653259601287825e-07
1.402000000000000000e+03,3.606633591013921238e-09,2.226739156796379055e-06,-1.816456401444010140e-07
1.403000000000000000e+03,3.602273557086981676e-09,2.223918610994627974e-06,-1.791169600061802061e-07
1.404000000000000000e+03,3.597921368867160871e-09,2.220948587599911034e-06,-1.765795457955621175e-07
1.405000000000000000e+03,3.593577007637571375e-09,2.217834120311383570e-06,-1.740337016232338021e-07
1.406000000000000000e+03,3.589239600155882374e-09,2.214579979096707709e-06,-1.714797111788280391e-07
1.407000000000000000e+03,3.584910837786159657e-09,2.211191725463777273e-06,-1.689179197167140446e-07
1.408000000000000000e+03,3.580589846254589354e-09,2.207674128963593800e-06,-1.663486106206326517e-07
1.409000000000000000e+03,3.576276606844571876e-09,2.204032223237173130e-06,-1.637720879977584801e-07
1.410000000000000000e+03,3.571970250422107887e-09,2.200270517883308845e-06,-1.611886175648802526e-07
1.411000000000000000e+03,3.567672460128103956e-09,2.196395095492531814e-06,-1.585985808232977752e-07
1.412000000000000000e+03,3.563382365804459866e-09,2.192410464738261441e-06,-1.560022428727336480e-07
1.413000000000000000e+03,3.559099948734866780e-09,2.188321659202771832e-06,-1.533999078168136611e-07
1.414000000000000000e+03,3.554825190203087827e-09,2.184133712453954049e-06,-1.507918797582946811e-07
1.415000000000000000e+03,3.550557226169286523e-09,2.179851398461997356e-06,-1.481784451535259307e-07
1.416000000000000000e+03,3.546297729578016361e-09,2.175480270452991496e-06,-1.455599437064097213e-07
1.417000000000000000e+03,3.542045835374470393e-09,2.171025101858023990e-06,-1.429366615603202016e-07
1.418000000000000000e+03,3.537801524842698780e-09,2.166490926186843018e-06,-1.403089028145015131e-07
1.419000000000000000e+03,3.533564779266828196e-09,2.161882776934813716e-06,-1.376769715673288740e-07
1.420000000000000000e+03,3.529334739655870400e-09,2.157205173807890593e-06,-1.350411397539690396e-07
1.421000000000000000e+03,3.525113068848764627e-09,2.152464178951497951e-06,-1.324017764243243095e-07
1.422000000000000000e+03,3.520898906848570922e-09,2.147664310928060668e-06,-1.297591528840139156e-07
1.423000000000000000e+03,3.516692234939702991e-09,2.142810603174203839e-06,-1.271135732278643520e-07
1.424000000000000000e+03,3.512493034406644437e-09,2.137908089112166128e-06,-1.244653415498328189e-07
1.425000000000000000e+03,3.508301286533951241e-09,2.132961802149801464e-06,-1.218147619430076192e-07
1.426000000000000000e+03,3.504116972606250522e-09,2.127976775680579460e-06,-1.191621384996078549e-07
1.427000000000000000e+03,3.499939240625878082e-09,2.122957790273074346e-06,-1.165077614367621830e-07
1.428000000000000000e+03,3.495769739434228206e-09,2.117910385513886377e-06,-1.138519629096480452e-07
1.429000000000000000e+03,3.491607616040122882e-09,2.112839341344751519e-06,-1.111950328175374677e-07
1.430000000000000000e+03,3.487452851728477504e-09,2.107749691100996928e-06,-1.085372752491369862e-07
1.431000000000000000e+03,3.483305427784281493e-09,2.102646468103566716e-06,-1.058789942922841067e-07
1.432000000000000000e+03,3.479165325492590863e-09,2.097534705659017716e-06,-1.032204940339472533e-07
1.433000000000000000e+03,3.475032526138535657e-09,2.092419437059523296e-06,-1.005620785602257409e-07
1.434000000000000000e+03,3.470907011007318298e-09,2.087305695582869968e-06,-9.790405195634977612e-08
1.435000000000000000e+03,3.466788761384209038e-09,2.082198514492460780e-06,-9.524671830668053598e-08
1.436000000000000000e+03,3.462677758554552161e-09,2.077102927037311921e-06,-9.259038169471008884e-08
1.437000000000000000e+03,3.458573983803762261e-09,2.072023966452054848e-06,-8.993534620306142075e-08
1.438000000000000000e+03,3.454477418417324657e-09,2.066966419812145479e-06,-8.728190551951867151e-08
1.439000000000000000e+03,3.450387222186433715e-09,2.061935567666024189e-06,-8.463037475043491863e-08
1.440000000000000000e+03,3.446305020356582267e-09,2.056936688144614621e-06,-8.198106773777078211e-08
1.441000000000000000e+03,3.442229971746266454e-09,2.051974568279016965e-06,-7.933427816663079977e-08
1.442000000000000000e+03,3.438162057641260280e-09,2.047054241230737898e-06,-7.669031011522005883e-08
1.443000000000000000e+03,3.434101259327411782e-09,2.042180740146899784e-06,-7.404946766087460392e-08
1.444000000000000000e+03,3.430047558090636825e-09,2.037359098160236860e-06,-7.141205488006139742e-08
1.445000000000000000e+03,3.426000935216924896e-09,2.032594348389102016e-06,-6.877837584837833264e-08
1.446000000000000000e+03,3.421961371992335376e-09,2.027891523937458745e-06,-6.614873464055414125e-08
1.447000000000000000e+03,3.417928849702999198e-09,2.023255657894887498e-06,-6.352343533044849906e-08
1.448000000000000000e+03,3.413903349635118432e-09,2.018691783336585259e-06,-6.090278199105209231e-08
1.449000000000000000e+03,3.409884853074967114e-09,2.014204933323359616e-06,-5.828707869448637934e-08
1.450000000000000000e+03,3.405873341308891244e-09,2.009800140901636386e-06,-5.567662951200381564e-08
1.451000000000000000e+03,3.401868796267462040e-09,2.005480701371137105e-06,-5.307172778336308471e-08
1.452000000000000000e+03,3.397871202457951415e-09,2.001242959097864578e-06,-5.047262392501649831e-08
1.453000000000000000e+03,3.393880545031846575e-09,1.997081520728433718e-06,-4.787955762209126829e-08
1.454000000000000000e+03,3.389896809140689320e-09,1.992990992924874593e-06,-4.529276855902957520e-08
1.455000000000000000e+03,3.385919979936080592e-09,1.988965982364631152e-06,-4.271249641958847566e-08
1.456000000000000000e+03,3.381950042569676342e-09,1.985001095740562496e-06,-4.013898088684000826e-08
1.457000000000000000e+03,3.377986982193187942e-09,1.981090939760939068e-06,-3.757246164317109428e-08
1.458000000000000000e+03,3.374031587287763312e-09,1.977230356611380227e-06,-3.501318253988963115e-08
1.459000000000000000e+03,3.370082235406927095e-09,1.973413481652749968e-06,-3.246137461491661310e-08
1.460000000000000000e+03,3.366139715973108706e-09,1.969635157560457675e-06,-2.991728202299191497e-08
1.461000000000000000e+03,3.362204014138243268e-09,1.965889991103788115e-06,-2.738114444379067545e-08
1.462000000000000000e+03,3.358275115054322152e-09,1.962172589067442902e-06,-2.485320155630306481e-08
1.463000000000000000e+03,3.354353003873393808e-09,1.958477558251534991e-06,-2.233369303883410292e-08
1.464000000000000000e+03,3.350437665747561276e-09,1.954799505471594182e-06,-1.982285856900377838e-08
1.465000000000000000e+03,3.346529085828985914e-09,1.951133037558563311e-06,-1.732093782374698235e-08
1.466000000000000000e+03,3.342627249269886569e-09,1.947472761358798251e-06,-1.482817047931356309e-08
1.467000000000000000e+03,3.338732141222535441e-09,1.943813283734069177e-06,-1.234479621126823836e-08
1.468000000000000000e+03,3.334843746839263047e-09,1.940149211561563537e-06,-9.871054694490716142e-09
1.469000000000000000e+03,3.330962051272456564e-09,1.936475151733877577e-06,-7.407185603175597845e-09
1.470000000000000000e+03,3.327087831835878138e-09,1.932786171501300639e-06,-4.953429790617944885e-09
1.471000000000000000e+03,3.323219488439112283e-09,1.929075956219355601e-06,-2.510023988112251599e-09
1.472000000000000000e+03,3.319357799317895414e-09,1.925339574046278701e-06,-7.720963206416038538e-11
1.473000000000000000e+03,3.315502749624835568e-09,1.921571631935041849e-06,2.344773606014945019e-09
1.474000000000000000e+03,3.311654324512598680e-09,1.917766736854029563e-06,4.755686055298714407e-09
1.475000000000000000e+03,3.307812509133907353e-09,1.913919495787040670e-06,7.155288045645891871e-09
1.476000000000000000e+03,3.303977288641539606e-09,1.910024515733288300e-06,9.543339907600286655e-09
1.477000000000000000e+03,3.300148648188332191e-09,1.906076403707399891e-06,1.191960197239077485e-08
1.478000000000000000e+03,3.296327357770386105e-09,1.902069993253901368e-06,1.428383627297063419e-08
1.479000000000000000e+03,3.292511831946512650e-09,1.897999437904684178e-06,1.663580001995330366e-08
1.480000000000000000e+03,3.288702841622197405e-09,1.893859571711441791e-06,1.897525496607990196e-08
1.481000000000000000e+03,3.284900371950498391e-09,1.889645001749816178e-06,2.130196144529107871e-08
1.482000000000000000e+03,3.281104408084529466e-09,1.885350335110861924e-06,2.361567979221251641e-08
1.483000000000000000e+03,3.277315715497600888e-09,1.880970626906134071e-06,2.591617651480792952e-08
1.484000000000000000e+03,3.273532717802680817e-09,1.876499587182764761e-06,2.820320014848994334e-08
1.485000000000000000e+03,3.269756181374709689e-09,1.871932272124785943e-06,3.047651665460580896e-08
1.486000000000000000e+03,3.265986091367023872e-09,1.867263288883625110e-06,3.273588637046445046e-08
1.487000000000000000e+03,3.262222432933015569e-09,1.862487244626123001e-06,3.498106963405983311e-08
1.488000000000000000e+03,3.258465967061709145e-09,1.857598967754539036e-06,3.721183121559878844e-08
1.489000000000000000e+03,3.254715126343129767e-09,1.852592622430492614e-06,3.942792285530587408e-08
1.490000000000000000e+03,3.250970672660266906e-09,1.847463037668436003e-06,4.162910905906734634e-08
1.491000000000000000e+03,3.247232591166733211e-09,1.842204820696225540e-06,4.381515016758900937e-08
1.492000000000000000e+03,3.243500867016202124e-09,1.836812578757130382e-06,4.598580652226157947e-08
1.493000000000000000e+03,3.239776256751476488e-09,1.831281355283009129e-06,4.814084993131128514e-08
1.494000000000000000e+03,3.236057201863421640e-09,1.825604883849903721e-06,5.028001831471247438e-08
1.495000000000000000e+03,3.232344459781226074e-09,1.819778209236430370e-06,5.240308296871257438e-08
1.496000000000000000e+03,3.228638015658782850e-09,1.813795938746229870e-06,5.450980423738560919e-08
1.497000000000000000e+03,3.224938622509027277e-09,1.807652894971629885e-06,5.659994920597509708e-08
1.498000000000000000e+03,3.221244728889213186e-09,1.801343253949295132e-06,5.867326498587229161e-08
1.499000000000000000e+03,3.217557088692661582e-09,1.794861839033184336e-06,6.072951841474327733e-08
1.500000000000000000e+03,3.213875687073490105e-09,1.788203257587954309e-06,6.276846983937374836e-08
1.501000000000000000e+03,3.210201273837950962e-09,1.781364002156677666e-06,6.478992939032861798e-08
1.502000000000000000e+03,3.206532306058596301e-09,1.774345134266860622e-06,6.679379878644689495e-08
1.503000000000000000e+03,3.202869535912790312e-09,1.767150452474836549e-06,6.878005943442099058e-08
1.504000000000000000e+03,3.199213712089454859e-09,1.759783538985843723e-06,7.074868621631670965e-08
1.505000000000000000e+03,3.195563297193347533e-09,1.752247346377679648e-06,7.269962897015332505e-08
1.506000000000000000e+03,3.191919040783400155e-09,1.744545457713909886e-06,7.463286234373493632e-08
1.507000000000000000e+03,3.188280929810090377e-09,1.736681245597770713e-06,7.654835279391546943e-08
1.508000000000000000e+03,3.184649709497529457e-09,1.728658494357519331e-06,7.844608546205952049e-08
1.509000000000000000e+03,3.181023849386524631e-09,1.720479751160062553e-06,8.032598988415586079e-08
1.510000000000000000e+03,3.177404095565342743e-09,1.712148802225860790e-06,8.218805074973938512e-08
1.511000000000000000e+03,3.173791190674777738e-09,1.703669223012144913e-06,8.403224452352769786e-08
1.512000000000000000e+03,3.170183609427056305e-09,1.695043979264223085e-06,8.585851786537115395e-08
1.513000000000000000e+03,3.166582095322771628e-09,1.686276647430173037e-06,8.766684702054256165e-08
1.514000000000000000e+03,3.162987388432413959e-09,1.677370999567457403e-06,8.945721975370380509e-08
1.515000000000000000e+03,3.159397968613574076e-09,1.668329607009209910e-06,9.122956033032450159e-08
1.516000000000000000e+03,3.155814576792211592e-09,1.659156243915398160e-06,9.298385608880506610e-08
1.517000000000000000e+03,3.152237950481447274e-09,1.649854479278547647e-06,9.472008476729741221e-08
1.518000000000000000e+03,3.148666574658341102e-09,1.640427291507988739e-06,9.643819046759485793e-08
1.519000000000000000e+03,3.145101187687184347e-09,1.630878250685015246e-06,9.813815072126062800e-08
1.520000000000000000e+03,3.141542524536570271e-09,1.621211115435677132e-06,9.981995576183670453e-08
1.521000000000000000e+03,3.137989075277311837e-09,1.611428483609485972e-06,1.014835248928199794e-07
1.522000000000000000e+03,3.134442322053030205e-09,1.601534306846141840e-06,1.031288602291586013e-07
1.523000000000000000e+03,3.130900758316165180e-09,1.591531574947255477e-06,1.047559038593639014e-07
1.524000000000000000e+03,3.127365118190120033e-09,1.581423852263782292e-06,1.063646343277435789e-07
1.525000000000000000e+03,3.123836132430935099e-09,1.571214885467712096e-06,1.079550438060339321e-07
1.526000000000000000e+03,3.120312299542300144e-09,1.560907296050660992e-06,1.095270477009403809e-07
1.527000000000000000e+03,3.116795093249501361e-09,1.550505017750756544e-06,1.110806510344083892e-07
1.528000000000000000e+03,3.113283015409678689e-09,1.540011052417273565e-06,1.126157939904010798e-07
1.529000000000000000e+03,3.109776795940725503e-09,1.529428958338117907e-06,1.141324560716538313e-07
1.530000000000000000e+03,3.106277161421195052e-09,1.518762469646115129e-06,1.156306312786633408e-07
1.531000000000000000e+03,3.102782618717444879e-09,1.508014232665273191e-06,1.171102313400111468e-07
1.532000000000000000e+03,3.099294633206481379e-09,1.497188162354492478e-06,1.185712640204895168e-07
1.533000000000000000e+03,3.095811715080242902e-09,1.486287273165695272e-06,1.200136677092469066e-07
1.534000000000000000e+03,3.092334590086102250e-09,1.475315117041224220e-06,1.214374228126295390e-07
1.535000000000000000e+03,3.088863980659805133e-09,1.464275415090039997e-06,1.228425250494611996e-07
1.536000000000000000e+03,3.085398401960942094e-09,1.453170839458027674e-06,1.242288826908663983e-07
1.537000000000000000e+03,3.081939311087516102e-09,1.442005285597805284e-06,1.255965060788339298e-07
1.538000000000000000e+03,3.078485226497144707e-09,1.430781781018524405e-06,1.269453319184311402e-07
1.539000000000000000e+03,3.075037601995452276e-09,1.419504209191215194e-06,1.282753720177439654e-07
1.540000000000000000e+03,3.071594959327145965e-09,1.408175263496993269e-06,1.295865320421530486e-07
1.541000000000000000e+03,3.068158749016385777e-09,1.396798823361420044e-06,1.308788242751260557e-07
1.542000000000000000e+03,3.064727496084080713e-09,1.385377926999500442e-06,1.321521841548628321e-07
1.543000000000000000e+03,3.061302647783784805e-09,1.373916441629111398e-06,1.334066253501923925e-07
1.544000000000000000e+03,3.057882732401774074e-09,1.362417082268547557e-06,1.346420510642818551e-07
1.545000000000000000e+03,3.054469193931810733e-09,1.350883712024490954e-06,1.358584754143338958e-07
1.546000000000000000e+03,3.051060563914750971e-09,1.339319379993071726e-06,1.370558326437022706e-07
1.547000000000000000e+03,3.047658283095322249e-09,1.327727936905020951e-06,1.382341381736391766e-07
1.548000000000000000e+03,3.044260886258227019e-09,1.316112119714951508e-06,1.393932928896523728e-07
1.549000000000000000e+03,3.040868724813050225e-09,1.304475619640792424e-06,1.405332958975024954e-07
1.550000000000000000e+03,3.037483233438645078e-09,1.292821962849136529e-06,1.416541305282268197e-07
1.551000000000000000e+03,3.034103312188806504e-09,1.281154342209447407e-06,1.427557663939955849e-07
1.552000000000000000e+03,3.030728228390604428e-09,1.269474796406285843e-06,1.438381327327804281e-07
1.553000000000000000e+03,3.027359415532312393e-09,1.257786104434112264e-06,1.449012635483753863e-07
1.554000000000000000e+03,3.023995420492791783e-09,1.246090286567991007e-06,1.459451074579150560e-07
1.555000000000000000e+03,3.020637673553826597e-09,1.234390109264461265e-06,1.469696996048751398e-07
1.556000000000000000e+03,3.017284724795639243e-09,1.222687302945585713e-06,1.479749532223734537e-07
1.557000000000000000e+03,3.013938001304054185e-09,1.210984629876506271e-06,1.489609038200632843e-07
1.558000000000000000e+03,3.010596056350144699e-09,1.199284121452861079e-06,1.499274990390203727e-07
1.559000000000000000e+03,3.007260313834266431e-09,1.187588527386823919e-06,1.508747754458593338e-07
1.560000000000000000e+03,3.003929330207874314e-09,1.175899600371845842e-06,1.518026443949857356e-07
1.561000000000000000e+03,3.000604526196302055e-09,1.164220085930320766e-06,1.527111427915696623e-07
1.562000000000000000e+03,2.997284461420958390e-09,1.152552026574145002e-06,1.536002173742869373e-07
1.563000000000000000e+03,2.993970553442563087e-09,1.140898155297506065e-06,1.544699060222567264e-07
1.564000000000000000e+03,2.990662077160527445e-09,1.129260381510537562e-06,1.553201368566083181e-07
1.565000000000000000e+03,2.987358310626018590e-09,1.117641030564591795e-06,1.561508925737211290e-07
1.566000000000000000e+03,2.984060666672267718e-09,1.106042822964816468e-06,1.569622119642530665e-07
1.567000000000000000e+03,2.980767712800202177e-09,1.094467550231301073e-06,1.577540034502822204e-07
1.568000000000000000e+03,2.977480858704284483e-09,1.082917928714178013e-06,1.585263061124490214e-07
1.569000000000000000e+03,2.974198675019213253e-09,1.071396020262179766e-06,1.592790652882507422e-07
1.570000000000000000e+03,2.970922568310950528e-09,1.059904528836353049e-06,1.600123208863023342e-07
1.571000000000000000e+03,2.967651818981128992e-09,1.048445392802014319e-06,1.607259989988092593e-07
1.572000000000000000e+03,2.964385710547204433e-09,1.037020937407746641e-06,1.614200823712229939e-07
1.573000000000000000e+03,2.961125644901550646e-09,1.025633854316926652e-06,1.620946116773394403e-07
1.574000000000000000e+03,2.957870200468548501e-09,1.014285973362186645e-06,1.627494928616486149e-07
1.575000000000000000e+03,2.954620776037561301e-09,1.002979982127287862e-06,1.633847668390575779e-07
1.576000000000000000e+03,2.951376655901942319e-09,9.917181977057277479e-07,1.640004168372098397e-07
1.577000000000000000e+03,2.948137127445504090e-09,9.805025868957327184e-07,1.645963672614450917e-07
1.578000000000000000e+03,2.944903584822068673e-09,9.693358251474826428e-07,1.651726597078163325e-07
1.579000000000000000e+03,2.941675314644795033e-09,9.582202295876197869e-07,1.657292773830161890e-07
1.580000000000000000e+03,2.938451606602207421e-09,9.471577789655837369e-07,1.662661440746994991e-07
1.581000000000000000e+03,2.935233850235232375e-09,9.361511367471675708e-07,1.667833019968476368e-07
1.582000000000000000e+03,2.932021334465502591e-09,9.252026200996211606e-07,1.672807343351474739e-07
1.583000000000000000e+03,2.928813351275007691e-09,9.143142195520147509e-07,1.677583643229514110e-07
1.584000000000000000e+03,2.925611285614289168e-09,9.034885867573366101e-07,1.682162347287865696e-07
1.585000000000000000e+03,2.922413732822705360e-09,8.927278262892537866e-07,1.686542885449829654e-07
1.586000000000000000e+03,2.919222074802981725e-09,8.820345781874567038e-07,1.690725690310267304e-07
1.587000000000000000e+03,2.916035604299203443e-09,8.714108445611400411e-07,1.694709989295546973e-07
1.588000000000000000e+03,2.912853617091002988e-09,8.608589502717437834e-07,1.698495610993001850e-07
1.589000000000000000e+03,2.909677490527934390e-09,8.503815239564986557e-07,1.702082992270381128e-07
1.590000000000000000e+03,2.906506519632664324e-09,8.399805790938854139e-07,1.705471356283600216e-07
1.591000000000000000e+03,2.903340693789616305e-09,8.296586380688361061e-07,1.708660938826819264e-07
1.592000000000000000e+03,2.900179311794395702e-09,8.194177254958859834e-07,1.711650959423845958e-07
1.593000000000000000e+03,2.897023744960089389e-09,8.092604588430373362e-07,1.714441858576971905e-07
1.594000000000000000e+03,2.893873291330239219e-09,7.991891555146130177e-07,1.717033467297362451e-07
1.595000000000000000e+03,2.890727251949623714e-09,7.892058509945209096e-07,1.719425002117518635e-07
1.596000000000000000e+03,2.887586993629623431e-09,7.793131518482172616e-07,1.721616906533473400e-07
1.597000000000000000e+03,2.884451816666600005e-09,7.695133755579529111e-07,1.723609011343597035e-07
1.598000000000000000e+03,2.881321024343605351e-09,7.598085681934633500e-07,1.725400530731121142e-07
1.599000000000000000e+03,2.878195978992137218e-09,7.502013257012035958e-07,1.726991910543781998e-07
1.600000000000000000e+03,2.875075983150458234e-09,7.406939656488171597e-07,1.728382981366608231e-07
1.601000000000000000e+03,2.871961026352001474e-09,7.312883049750952442e-07,1.729573440159258691e-07
1.602000000000000000e+03,2.868850415590838528e-09,7.219850355028735717e-07,1.730564508980749169e-07
1.603000000000000000e+03,2.865745508151218667e-09,7.127847771482006148e-07,1.731358307125676991e-07
1.604000000000000000e+03,2.862645610435918724e-09,7.036876339054264059e-07,1.731955717246849310e-07
1.605000000000000000e+03,2.859550712721995563e-09,6.946941364519113511e-07,1.732358652739342571e-07
1.606000000000000000e+03,2.856460125100618991e-09,6.858043985307513004e-07,1.732567995606820903e-07
1.607000000000000000e+03,2.853375198954827564e-09,6.770190303040734314e-07,1.732585865771578843e-07
1.608000000000000000e+03,2.850295243640560287e-09,6.683383905844221849e-07,1.732413764198166040e-07
1.609000000000000000e+03,2.847220249434984867e-09,6.597626811051964734e-07,1.732052779143156004e-07
1.610000000000000000e+03,2.844149529358714293e-09,6.512922668799021849e-07,1.731504411685625975e-07
1.611000000000000000e+03,2.841084428931527868e-09,6.429277425607583257e-07,1.730770781430453627e-07
1.612000000000000000e+03,2.838024260443532633e-09,6.346692373922292369e-07,1.729852770663332238e-07
1.613000000000000000e+03,2.834969014172009205e-09,6.265172655064478875e-07,1.728752292435269236e-07
1.614000000000000000e+03,2.831918006048198292e-09,6.184719649977894951e-07,1.727470230007171282e-07
1.615000000000000000e+03,2.828872575766282715e-09,6.105339216633868183e-07,1.726008701987255792e-07
1.616000000000000000e+03,2.825832038531686522e-09,6.027034946116431653e-07,1.724369208783072286e-07
1.617000000000000000e+03,2.822796384621803654e-09,5.949809013040199083e-07,1.722552840363717014e-07
1.618000000000000000e+03,2.819765604314059069e-09,5.873666463517576498e-07,1.720561508133636825e-07
1.619000000000000000e+03,2.816739017151749674e-09,5.798608818327024454e-07,1.718396098260818189e-07
1.620000000000000000e+03,2.813717955599566325e-09,5.724641795519762175e-07,1.716058726411012851e-07
1.621000000000000000e+03,2.810701738480802278e-09,5.651768988071155201e-07,1.713550892661135786e-07
1.622000000000000000e+03,2.807690356072992096e-09,5.579992660585655302e-07,1.710873689435794171e-07
1.623000000000000000e+03,2.804683798653701358e-09,5.509317770402725633e-07,1.708029025445272395e-07
1.624000000000000000e+03,2.801681389349413738e-09,5.439745968433035298e-07,1.705017791315933109e-07
1.625000000000000000e+03,2.798684453453131920e-09,5.371282842510196053e-07,1.701842098219765224e-07
1.626000000000000000e+03,2.795692313377085249e-09,5.303931987533263610e-07,1.698503445916456110e-07
1.627000000000000000e+03,2.792704959398949321e-09,5.237695751574266099e-07,1.695002930297977785e-07
1.628000000000000000e+03,2.789722381796431163e-09,5.172579009743546715e-07,1.691342456377532873e-07
1.629000000000000000e+03,2.786744570847262618e-09,5.108584141650043215e-07,1.687523121707459551e-07
1.630000000000000000e+03,2.783770853940048258e-09,5.045714789483077922e-07,1.683546428531736179e-07
1.631000000000000000e+03,2.780802547837244615e-09,4.983976375388670819e-07,1.679414479256198585e-07
1.632000000000000000e+03,2.777838979220029067e-09,4.923370715846045009e-07,1.675128173224035538e-07
1.633000000000000000e+03,2.774880138366243471e-09,4.863902610388062291e-07,1.670689410793129588e-07
1.634000000000000000e+03,2.771926015553765256e-09,4.805574512778950206e-07,1.666099294324720354e-07
1.635000000000000000e+03,2.768976601060493354e-09,4.748391194207450506e-07,1.661359722056369453e-07
1.636000000000000000e+03,2.766031885164358133e-09,4.692355136207507564e-07,1.656471798528781248e-07
1.637000000000000000e+03,2.763091200175084552e-09,4.637469978065417209e-07,1.651437026343089777e-07
1.638000000000000000e+03,2.760155853005637715e-09,4.583740996008712901e-07,1.646257496410126942e-07
1.639000000000000000e+03,2.757225175266170294e-09,4.531170152316067020e-07,1.640934119518759270e-07
1.640000000000000000e+03,2.754299157234723913e-09,4.479762152092186730e-07,1.635468787984752312e-07
1.641000000000000000e+03,2.751377789189369559e-09,4.429519541502668478e-07,1.629862612411676392e-07
1.642000000000000000e+03,2.748461061408204275e-09,4.380447001147744728e-07,1.624117482505902483e-07
1.643000000000000000e+03,2.745548964169355296e-09,4.332547101111010014e-07,1.618234511534537040e-07
1.644000000000000000e+03,2.742641487750974674e-09,4.285824498600792995e-07,1.612215586461252528e-07
1.645000000000000000e+03,2.739737970020177568e-09,4.240281281482302410e-07,1.606061632065538394e-07
1.646000000000000000e+03,2.736839706767000953e-09,4.195922600277494938e-07,1.599774725218276921e-07
1.647000000000000000e+03,2.733946035167826956e-09,4.152752058318890243e-07,1.593356364493486174e-07
1.648000000000000000e+03,2.731056945500923017e-09,4.110772280586765685e-07,1.586807670387529138e-07
1.649000000000000000e+03,2.728172428044585118e-09,4.069987870721797790e-07,1.580130522442637914e-07
1.650000000000000000e+03,2.725292473077133227e-09,4.030401473686010960e-07,1.573326044267752637e-07
1.651000000000000000e+03,2.722417071101794412e-09,3.992019308959299766e-07,1.566395971172323500e-07
1.652000000000000000e+03,2.719546213521330257e-09,3.954852216751423063e-07,1.559340724770158637e-07
1.653000000000000000e+03,2.716679891963402827e-09,3.918914574632329901e-07,1.552161331835362482e-07
1.654000000000000000e+03,2.713818098055696933e-09,3.884218875740965871e-07,1.544858076293289750e-07
1.655000000000000000e+03,2.710960823425922618e-09,3.850779480472914630e-07,1.537431981495451285e-07
1.656000000000000000e+03,2.708108059701814325e-09,3.818608898434422174e-07,1.529883334843107647e-07
1.657000000000000000e+03,2.705259798511126763e-09,3.787721474036854230e-07,1.522213156147641003e-07
1.658000000000000000e+03,2.702415387952037081e-09,3.758129284551877322e-07,1.514421556033212596e-07
1.659000000000000000e+03,2.699576107387226515e-09,3.729847113957685593e-07,1.506509732909110022e-07
1.660000000000000000e+03,2.696741304238188016e-09,3.702888382728258010e-07,1.498478338463188812e-07
1.661000000000000000e+03,2.693910970132778034e-09,3.677265636316814884e-07,1.490327669295126283e-07
1.662000000000000000e+03,2.691085096698874117e-09,3.652993184546641876e-07,1.482058735859822233e-07
1.663000000000000000e+03,2.688263675564381106e-09,3.630083585015969687e-07,1.473671838636602577e-07
1.664000000000000000e+03,2.685446698357224110e-09,3.608551135930952463e-07,1.465167984138677851e-07
1.665000000000000000e+03,2.682634156705353881e-09,3.588408405742291309e-07,1.456547476837571807e-07
1.666000000000000000e+03,2.679826042236745985e-09,3.569669682344344859e-07,1.447811319192878255e-07
1.667000000000000000e+03,2.677022346579397081e-09,3.552347543722151012e-07,1.438959819779622354e-07
1.668000000000000000e+03,2.674223061361330299e-09,3.536456268789206232e-07,1.429993976893102837e-07
1.669000000000000000e+03,2.671428178210592757e-09,3.522008443721154256e-07,1.420914103321900992e-07
1.670000000000000000e+03,2.668637688755253080e-09,3.509018339807161645e-07,1.411721193087586732e-07
1.671000000000000000e+03,2.665851584623406360e-09,3.497498550044142281e-07,1.402415563301108916e-07
1.672000000000000000e+03,2.663069857443169200e-09,3.487463339479065593e-07,1.392998203602123203e-07
1.673000000000000000e+03,2.660292498842685084e-09,3.478925306535190519e-07,1.383469435531505976e-07
1.674000000000000000e+03,2.657519500450117347e-09,3.471898711425008353e-07,1.373830244240060465e-07
1.675000000000000000e+03,2.654750853893657452e-09,3.466396156577602245e-07,1.364080955804907768e-07
1.676000000000000000e+03,2.651986550801518364e-09,3.462431898804314923e-07,1.354222550782305387e-07
1.677000000000000000e+03,2.649226582801937868e-09,3.460018543093921810e-07,1.344255359890686690e-07
1.678000000000000000e+03,2.646470941523176493e-09,3.459170344315543968e-07,1.334180358987320054e-07
1.679000000000000000e+03,2.643719618593518758e-09,3.459899908545924053e-07,1.323997883535772209e-07
1.680000000000000000e+03,2.640972605641276065e-09,3.462221490196484109e-07,1.313708904591123883e-07
1.681000000000000000e+03,2.638229894294778427e-09,3.466147694934617475e-07,1.303313762464650065e-07
1.682000000000000000e+03,2.635491476182384396e-09,3.471692778224162398e-07,1.292813423307292565e-07
1.683000000000000000e+03,2.632757342932474856e-09,3.478869343800244774e-07,1.282208232379362801e-07
1.684000000000000000e+03,2.630027486173453854e-09,3.487691649714837962e-07,1.271499150826959389e-07
1.685000000000000000e+03,2.627301897533750252e-09,3.498172296222282311e-07,1.260686528959509764e-07
1.686000000000000000e+03,2.624580568641816484e-09,3.510325545524002534e-07,1.249771322818812329e-07
1.687000000000000000e+03,2.621864115486745446e-09,3.524164832299161639e-07,1.238754182941809715e-07
1.688000000000000000e+03,2.619151280330224885e-09,3.539702327637063792e-07,1.227635321144673671e-07
1.689000000000000000e+03,2.616442679807982077e-09,3.556952721040585704e-07,1.216415834481016258e-07
1.690000000000000000e+03,2.613738305548563755e-09,3.575928597121751999e-07,1.205096086312849926e-07
1.691000000000000000e+03,2.611038149180539404e-09,3.596644235456763954e-07,1.193677019494389538e-07
1.692000000000000000e+03,2.608342202332501251e-09,3.619112211555464553e-07,1.182159002777230178e-07
1.693000000000000000e+03,2.605650456633068824e-09,3.643346814809703154e-07,1.170542973573002843e-07
1.694000000000000000e+03,2.602962903710882743e-09,3.669360609963429689e-07,1.158829306117354567e-07
1.695000000000000000e+03,2.600279535194610510e-09,3.697167897900647439e-07,1.147018932285485600e-07
1.696000000000000000e+03,2.597600342712939068e-09,3.726781230910107717e-07,1.135112231890318976e-07
1.697000000000000000e+03,2.594925317894582656e-09,3.758214923070073023e-07,1.123110131178024040e-07
1.698000000000000000e+03,2.592254452368278674e-09,3.791481512499193143e-07,1.111013015630777017e-07
1.699000000000000000e+03,2.589587737762788923e-09,3.826595328197691898e-07,1.098821805774361198e-07
1.700000000000000000e+03,2.586925165706896297e-09,3.863568892373614663e-07,1.086536892850937388e-07
1.701000000000000000e+03,2.584267343226873291e-09,3.902401515324752955e-07,1.074159733186988150e-07
1.702000000000000000e+03,2.581613030412879133e-09,3.943027745690463503e-07,1.061692661336633225e-07
1.703000000000000000e+03,2.578962834843797973e-09,3.985367998069176812e-07,1.049138818210064843e-07
1.704000000000000000e+03,2.576316748052428321e-09,4.029343645829936899e-07,1.036501591676522778e-07
1.705000000000000000e+03,2.573674761571592264e-09,4.074874163424033295e-07,1.023783869790372378e-07
1.706000000000000000e+03,2.571036866934135462e-09,4.121880945494404762e-07,1.010989034387792825e-07
1.707000000000000000e+03,2.568403055672928390e-09,4.170283445159765231e-07,9.981199795676112537e-08
1.708000000000000000e+03,2.565773319320865098e-09,4.220003079781082209e-07,9.851800810578460645e-08
1.709000000000000000e+03,2.563147649410864039e-09,4.270959279776173184e-07,9.721722390738985938e-08
1.710000000000000000e+03,2.560526647239546730e-09,4.323074001415352115e-07,9.590999373998997014e-08
1.711000000000000000e+03,2.557909084189612672e-09,4.376266148971422331e-07,9.459659650720319669e-08
1.712000000000000000e+03,2.555295562181602143e-09,4.430456133945800890e-07,9.327734631839095631e-08
1.713000000000000000e+03,2.552686072748529962e-09,4.485565435803299010e-07,9.195257919043698589e-08
1.714000000000000000e+03,2.550080607423433696e-09,4.541513423203994482e-07,9.062258670170742240e-08
1.715000000000000000e+03,2.547479157739373658e-09,4.598221602191086277e-07,8.928770423669166754e-08
1.716000000000000000e+03,2.544881715229436631e-09,4.655609315128755745e-07,8.794822400594551589e-08
1.717000000000000000e+03,2.542288876850151536e-09,4.713598656814563167e-07,8.660449107179017832e-08
1.718000000000000000e+03,2.539699422671590026e-09,4.772108395154802129e-07,8.525678764541888485e-08
1.719000000000000000e+03,2.537113950267500447e-09,4.831058940831069264e-07,8.390542784419595238e-08
1.720000000000000000e+03,2.534532451171064294e-09,4.890371869319462002e-07,8.255074545189904944e-08
1.721000000000000000e+03,2.531954916915484571e-09,4.949966454560746513e-07,8.119303427808880005e-08
1.722000000000000000e+03,2.529381339033991163e-09,5.009764300612297852e-07,7.983262745989191424e-08
1.723000000000000000e+03,2.526812310800085935e-09,5.069685861037096010e-07,7.846983814465887600e-08
1.724000000000000000e+03,2.524246619655977323e-09,5.129649756708154749e-07,7.710495192660297963e-08
1.725000000000000000e+03,2.521684859486722085e-09,5.189578231617058163e-07,7.573831047650841572e-08
1.726000000000000000e+03,2.519127021825642751e-09,5.249390489363038954e-07,7.437020922186172590e-08
1.727000000000000000e+03,2.516573098206085839e-09,5.309008206121732427e-07,7.300097967258821537e-08
1.728000000000000000e+03,2.514023678858159287e-09,5.368351836159491554e-07,7.163093496985779369e-08
1.729000000000000000e+03,2.511477557315876651e-09,5.427339894393822025e-07,7.026036314844828290e-08
1.730000000000000000e+03,2.508935324416230085e-09,5.485894732307079106e-07,6.888960343252778514e-08
1.731000000000000000e+03,2.506396971692661647e-09,5.543935483608089662e-07,6.751895287709125659e-08
1.732000000000000000e+03,2.503862490678639037e-09,5.601383895665779737e-07,6.614874135714791421e-08
1.733000000000000000e+03,2.501332468584051797e-09,5.658160422739106649e-07,6.477928201048862814e-08
1.734000000000000000e+03,2.498805704988308395e-09,5.714183476954445462e-07,6.341086531702382326e-08
1.735000000000000000e+03,2.496282787703569404e-09,5.769375514120539872e-07,6.204382804973745140e-08
1.736000000000000000e+03,2.493763708263395581e-09,5.823655600876170157e-07,6.067846889137663023e-08
1.737000000000000000e+03,2.491248458201373740e-09,5.876945552489353034e-07,5.931511608365854179e-08
1.738000000000000000e+03,2.488737621730104889e-09,5.929165822500877288e-07,5.795408276379661136e-08
1.739000000000000000e+03,2.486230004428485537e-09,5.980234726964209063e-07,5.659566184739371760e-08
1.740000000000000000e+03,2.483726191106823338e-09,6.030074819296267251e-07,5.524018766568991695e-08
1.741000000000000000e+03,2.481226173298796925e-09,6.078605104255359477e-07,5.388796052008924734e-08
1.742000000000000000e+03,2.478730532835519165e-09,6.125748188962847295e-07,5.253931328776425879e-08
1.743000000000000000e+03,2.476238080062760520e-09,6.171422336677539569e-07,5.119454033479921726e-08
1.744000000000000000e+03,2.473749397405719523e-09,6.215547966505106467e-07,4.985395576239437758e-08
1.745000000000000000e+03,2.471264476398172413e-09,6.258046989580888142e-07,4.851788522570985329e-08
1.746000000000000000e+03,2.468783308573917762e-09,6.298838356341545237e-07,4.718663062637277016e-08
1.747000000000000000e+03,2.466306472807414322e-09,6.337844753375436702e-07,4.586052244405300185e-08
1.748000000000000000e+03,2.463832785362558287e-09,6.374984366009639224e-07,4.453985743628602259e-08
1.749000000000000000e+03,2.461362825703421508e-09,6.410177617166940945e-07,4.322494969263438392e-08
1.750000000000000000e+03,2.458896585363899339e-09,6.443346466228848603e-07,4.191612328289413409e-08
1.751000000000000000e+03,2.456434641125506977e-09,6.474422885499483377e-07,4.061364928421142957e-08
1.752000000000000000e+03,2.453975815236394889e-09,6.503382617939201999e-07,3.931761644200931890e-08
1.753000000000000000e+03,2.451520686345964594e-09,6.530217557403915725e-07,3.802810045413453776e-08
1.754000000000000000e+03,2.449069830764820675e-09,6.554917293906274288e-07,3.674516204542089888e-08
1.755000000000000000e+03,2.446622074505756084e-09,6.577469065672741345e-07,3.546884927148206638e-08
1.756000000000000000e+03,2.444177994462797884e-09,6.597864795384568262e-07,3.419923644753926422e-08
1.757000000000000000e+03,2.441737583708169065e-09,6.616092494759365190e-07,3.293637645924162210e-08
1.758000000000000000e+03,2.439301416227753412e-09,6.632144108381306612e-07,3.168034226063311613e-08
1.759000000000000000e+03,2.436868322687502825e-09,6.646006852693108487e-07,3.043118326780493630e-08
1.760000000000000000e+03,2.434438877653231626e-09,6.657670303284646447e-07,2.918896111199039990e-08
1.761000000000000000e+03,2.432013653376423550e-09,6.667126419659779895e-07,2.795374740786162604e-08
1.762000000000000000e+03,2.429591483994604959e-09,6.674362403460712112e-07,2.672559291018192977e-08
1.763000000000000000e+03,2.427172942336583265e-09,6.679367832704793396e-07,2.550455924233066760e-08
1.764000000000000000e+03,2.424758021474716290e-09,6.682133878816341145e-07,2.429071380890221075e-08
1.765000000000000000e+03,2.422347291360052162e-09,6.682650123427419817e-07,2.308411736047437332e-08
1.766000000000000000e+03,2.419939590734662378e-09,6.680903759329653192e-07,2.188482283272101198e-08
1.767000000000000000e+03,2.417535490123473123e-09,6.676886755078591207e-07,2.069289965822291712e-08
1.768000000000000000e+03,2.415135557761217957e-09,6.670588689942140427e-07,1.950840859504017833e-08
1.769000000000000000e+03,2.412738635825333005e-09,6.661996761077942193e-07,1.833140385617378263e-08
1.770000000000000000e+03,2.410345293121858589e-09,6.651102932794704299e-07,1.716195359617767137e-08
1.771000000000000000e+03,2.407956096176900273e-09,6.637896781962651969e-07,1.600011858079098261e-08
1.772000000000000000e+03,2.405569890587879457e-09,6.622365517477249137e-07,1.484595427625510195e-08
1.773000000000000000e+03,2.403187243449649583e-09,6.604501092028554305e-07,1.369952758318384518e-08
1.774000000000000000e+03,2.400808719587319376e-09,6.584293080055599556e-07,1.256089927519222157e-08
1.775000000000000000e+03,2.398433168003012103e-09,6.561728709664022436e-07,1.143012604708482205e-08
1.776000000000000000e+03,2.396061154088045340e-09,6.536799914452883253e-07,1.030727357021254830e-08
1.777000000000000000e+03,2.393693240974120761e-09,6.509496266396498561e-07,9.192402626263043821e-09
1.778000000000000000e+03,2.391328281052866133e-09,6.479805020383586057e-07,8.085571113336591002e-09
1.779000000000000000e+03,2.388966838019670324e-09,6.447718083349302374e-07,6.986843498788678900e-09
1.780000000000000000e+03,2.386609473320370610e-09,6.413225024769727212e-07,5.896280572576396383e-09
1.781000000000000000e+03,2.384255042720999071e-09,6.376313133990127876e-07,4.813941410237789920e-09
1.782000000000000000e+03,2.381904108228570924e-09,6.336974283608288927e-07,3.739889300990867435e-09
1.783000000000000000e+03,2.379557229610562403e-09,6.295198040568538229e-07,2.674185043258969684e-09
1.784000000000000000e+03,2.377213265992392435e-09,6.250971736446706033e-07,1.616888863569568351e-09
1.785000000000000000e+03,2.374873343280174048e-09,6.204287940716793925e-07,5.680629671130322284e-10
1.786000000000000000e+03,2.372536322830613197e-09,6.155134000795049302e-07,-4.722320420087897343e-10
1.787000000000000000e+03,2.370202763853452146e-09,6.103499515325245750e-07,-1.503934610333169385e-09
1.788000000000000000e+03,2.367873223335447710e-09,6.049376246357452632e-07,-2.526984093630617837e-09
1.789000000000000000e+03,2.365546565967861976e-09,5.992751594060247326e-07,-3.541318772992669590e-09
1.790000000000000000e+03,2.363223349292007704e-09,5.933615159806542515e-07,-4.546877104581754059e-09
1.791000000000000000e+03,2.360904128636065174e-09,5.871958645004603069e-07,-5.543599531848825536e-09
1.792000000000000000e+03,2.358587772011072951e-09,5.807769510583985219e-07,-6.531423248904697865e-09
1.793000000000000000e+03,2.356275396450942122e-09,5.741038728306054868e-07,-7.510288510828871272e-09
1.794000000000000000e+03,2.353965872171724540e-09,5.671753827950680095e-07,-8.480131453051117112e-09
1.795000000000000000e+03,2.351659753950433915e-09,5.599906442194987222e-07,-9.440893578403150451e-09
1.796000000000000000e+03,2.349357594367244448e-09,5.525486126623823610e-07,-1.039251404949319034e-08
1.797000000000000000e+03,2.347058266933547074e-09,5.448480488096983537e-07,-1.133492797219325545e-08
1.798000000000000000e+03,2.344762883191177691e-09,5.368881721817788539e-07,-1.226807934084219647e-08
1.799000000000000000e+03,2.342470318840336473e-09,5.286677462199735147e-07,-1.319190292478342510e-08
1.800000000000000000e+03,2.340181125914079684e-09,5.201857319953682426e-07,-1.410633721367724846e-08
1.801000000000000000e+03,2.337895854242237009e-09,5.114451482312230198e-07,-1.501139384130291901e-08
1.802000000000000000e+03,2.335613382683600270e-09,5.024641407204749987e-07,-1.590734545317801786e-08
1.803000000000000000e+03,2.333334817193162575e-09,4.932650365172730832e-07,-1.679454118873086042e-08
1.804000000000000000e+03,2.331059038779969267e-09,4.838698656625901376e-07,-1.767332050492292580e-08
1.805000000000000000e+03,2.328786596618181596e-09,4.743010106723616937e-07,-1.854403486046088586e-08
1.806000000000000000e+03,2.326518037717207228e-09,4.645806743450430580e-07,-1.940703002336857954e-08
1.807000000000000000e+03,2.324252246333305634e-09,4.547308968442089565e-07,-2.026264451510062382e-08
1.808000000000000000e+03,2.321990323009605194e-09,4.447741032865205272e-07,-2.111123324048899326e-08
1.809000000000000000e+03,2.319731154159257025e-09,4.347323372730930402e-07,-2.195313441397087336e-08
1.810000000000000000e+03,2.317475838171721385e-09,4.246279095931147008e-07,-2.278869861766686362e-08
1.811000000000000000e+03,2.315223263610736265e-09,4.144828745196184886e-07,-2.361826316204977537e-08
1.812000000000000000e+03,2.312973975870548195e-09,4.043195897492989520e-07,-2.444218164318049201e-08
1.813000000000000000e+03,2.310728518202710201e-09,3.941602575745888327e-07,-2.526079980779600130e-08
1.814000000000000000e+03,2.308485782385084282e-09,3.840269430284181208e-07,-2.607445408102119110e-08
1.815000000000000000e+03,2.306246861450417410e-09,3.739420373342154869e-07,-2.688350214243117200e-08
1.816000000000000000e+03,2.304010649311518953e-09,3.639276090637944577e-07,-2.768828012512492070e-08
1.817000000000000000e+03,2.301778236869363646e-09,3.540059518796385355e-07,-2.848913997790642885e-08
1.818000000000000000e+03,2.299548520165499824e-09,3.441991449962438263e-07,-2.928641696970044587e-08
1.819000000000000000e+03,2.297322587975324327e-09,3.345295604278263465e-07,-3.008047031189774710e-08
1.820000000000000000e+03,2.295099338462941693e-09,3.250192808111084967e-07,-3.087163498724813029e-08
1.821000000000000000e+03,2.292879858284341634e-09,3.156905903343829974e-07,-3.166026370227125925e-08
1.822000000000000000e+03,2.290663047720030671e-09,3.065655817366471726e-07,-3.244669059013294954e-08
1.823000000000000000e+03,2.288449991312730306e-09,2.976666087836292707e-07,-3.323127636810141784e-08
1.824000000000000000e+03,2.286239591453219634e-09,2.890157673929379760e-07,-3.401435488704337874e-08
1.825000000000000000e+03,2.284032386617564298e-09,2.806352660746041573e-07,-3.479627131159426456e-08
1.826000000000000000e+03,2.281828913179231949e-09,2.725474104883621036e-07,-3.557738351949478393e-08
1.827000000000000000e+03,2.279628076682978905e-09,2.647742741528325903e-07,-3.635802018937632439e-08
1.828000000000000000e+03,2.277430956415058161e-09,2.573381904023828946e-07,-3.713854390037367166e-08
1.829000000000000000e+03,2.275236460015294199e-09,2.502612698762398772e-07,-3.791928710238124864e-08
1.830000000000000000e+03,2.273045664677958060e-09,2.435657783334744765e-07,-3.870060417696090879e-08
1.831000000000000000e+03,2.270857480131911420e-09,2.372738339070982380e-07,-3.948282673558787050e-08
1.832000000000000000e+03,2.268672711333594294e-09,2.314077563203058712e-07,-4.026631884342589732e-08
1.833000000000000000e+03,2.266490810658258531e-09,2.259896658723964784e-07,-4.105141183115082483e-08
1.834000000000000000e+03,2.264312580722378821e-09,2.210418221974216660e-07,-4.183846082370525114e-08
1.835000000000000000e+03,2.262136935414893428e-09,2.165863513102159510e-07,-4.262779630867971456e-08
1.836000000000000000e+03,2.259964945690145038e-09,2.126455624841336286e-07,-4.341978384556224131e-08
1.837000000000000000e+03,2.257795527508164253e-09,2.092415832440673139e-07,-4.421475363860110135e-08
1.838000000000000000e+03,2.255629749755234278e-09,2.063966688489934896e-07,-4.501306156290066555e-08
1.839000000000000000e+03,2.253467067141107933e-09,2.041329990096407588e-07,-4.581504788328677339e-08
1.840000000000000000e+03,2.251306936436257530e-09,2.024727304996925181e-07,-4.662104692963832581e-08
1.841000000000000000e+03,2.249150423435955280e-09,2.014381650093451523e-07,-4.743142615709174269e-08
1.842000000000000000e+03,2.246996449252094207e-09,2.010514349003309644e-07,-4.824651433971889446e-08
1.843000000000000000e+03,2.244846077626620784e-09,2.013347929413913678e-07,-4.906666830791641332e-08
1.844000000000000000e+03,2.242698231721894209e-09,2.023103718161611495e-07,-4.989221596050869394e-08
1.845000000000000000e+03,2.240553973232380076e-09,2.040004723536772756e-07,-5.072352630413359125e-08
1.846000000000000000e+03,2.238412227365074201e-09,2.064272268069270476e-07,-5.156092694133064754e-08
1.847000000000000000e+03,2.236274053772778861e-09,2.096128887447916266e-07,-5.240477548717184945e-08
1.848000000000000000e+03,2.234138379701320095e-09,2.135795877260695698e-07,-5.325539864502686271e-08
1.849000000000000000e+03,2.232006262767630851e-09,2.183496290805783210e-07,-5.411316701556370748e-08
1.850000000000000000e+03,2.229876632250587053e-09,2.239451408676267165e-07,-5.497840699690555544e-08
1.851000000000000000e+03,2.227750544068289952e-09,2.303781481080316219e-07,-5.585125263105134715e-08
1.852000000000000000e+03,2.225626931183261672e-09,2.376196118264453595e-07,-5.673090747994532587e-08
1.853000000000000000e+03,2.223506849145587501e-09,2.456304548188143248e-07,-5.761639750403702243e-08
1.854000000000000000e+03,2.221389762320323596e-09,2.543714337587267227e-07,-5.850670854169069410e-08
1.855000000000000000e+03,2.219275137089791325e-09,2.638033288353365557e-07,-5.940083266248442266e-08
1.856000000000000000e+03,2.217164025978228201e-09,2.738870133598887253e-07,-6.029778305681311565e-08
1.857000000000000000e+03,2.215055367322632099e-09,2.845832009665464230e-07,-6.119653732512491800e-08
1.858000000000000000e+03,2.212950211637125468e-09,2.958528363451392011e-07,-6.209612355973849445e-08
1.859000000000000000e+03,2.210847499266034061e-09,3.076566294523050498e-07,-6.299551904362469085e-08
1.860000000000000000e+03,2.208748278719032279e-09,3.199554640206101887e-07,-6.389373782948114259e-08
1.861000000000000000e+03,2.206652017883978861e-09,3.327101167764001039e-07,-6.478977167489245600e-08
1.862000000000000000e+03,2.204558186646156178e-09,3.458813173438356976e-07,-6.568260408798933200e-08
1.863000000000000000e+03,2.202467830519154472e-09,3.594300393698462085e-07,-6.657126530866661732e-08
1.864000000000000000e+03,2.200379894840899515e-09,3.733169712706678771e-07,-6.745473102609588847e-08
1.865000000000000000e+03,2.198295423134624523e-09,3.875030124903516774e-07,-6.833201636531460097e-08
1.866000000000000000e+03,2.196213885783245375e-09,4.019489324763407434e-07,-6.920211255835277240e-08
1.867000000000000000e+03,2.194134755153074670e-09,4.166154442958966908e-07,-7.006400207704994696e-08
1.868000000000000000e+03,2.192059071792303281e-09,4.314635552823896725e-07,-7.091671726497718930e-08
1.869000000000000000e+03,2.189985785997385786e-09,4.464539289396889141e-07,-7.175923225490238479e-08
1.870000000000000000e+03,2.187915936340122978e-09,4.615474823212256763e-07,-7.259056321033133799e-08
1.871000000000000000e+03,2.185848475090630235e-09,4.767048630239926173e-07,-7.340968336497258224e-08
1.872000000000000000e+03,2.183784438849869888e-09,4.918871071700738731e-07,-7.421562667374570369e-08
1.873000000000000000e+03,2.181723301464440977e-09,5.070549174819847491e-07,-7.500737501575362334e-08
1.874000000000000000e+03,2.179664538744900512e-09,5.221690444939232249e-07,-7.578391853767379642e-08
1.875000000000000000e+03,2.177609184346324532e-09,5.371904235996580410e-07,-7.654427437780538941e-08
1.876000000000000000e+03,2.175556713589337587e-09,5.520798072504128954e-07,-7.728743277830762003e-08
1.877000000000000000e+03,2.173506603750263630e-09,5.667978733234720690e-07,-7.801237433244311142e-08
1.878000000000000000e+03,2.171459885550678195e-09,5.813057013776074779e-07,-7.871813522100687430e-08
1.879000000000000000e+03,2.169415519100092468e-09,5.955639019776861747e-07,-7.940368675496728186e-08
1.880000000000000000e+03,2.167374533171265142e-09,6.095334284218349810e-07,-8.006804695393839908e-08
1.881000000000000000e+03,2.165336405527770494e-09,6.231750246108982150e-07,-8.071020562556676186e-08
1.882000000000000000e+03,2.163300615875218418e-09,6.364493521229569339e-07,-8.132914258043623454e-08
1.883000000000000000e+03,2.161268190073364639e-09,6.493175243879937234e-07,-8.192389561367542573e-08
1.884000000000000000e+03,2.159238607343354255e-09,6.617402062678657003e-07,-8.249344468642776350e-08
1.885000000000000000e+03,2.157211348840221080e-09,6.736781308937036958e-07,-8.303677909785956602e-08
1.886000000000000000e+03,2.155187437522934502e-09,6.850922708275196685e-07,-8.355291775973606129e-08
1.887000000000000000e+03,2.153165841252937502e-09,6.959431949451554301e-07,-8.404083001794671903e-08
1.888000000000000000e+03,2.151147581062092394e-09,7.061920459416416100e-07,-8.449955499962542222e-08
1.889000000000000000e+03,2.149132138587257427e-09,7.157994742220979565e-07,-8.492807199616818276e-08
1.890000000000000000e+03,2.147118997385710581e-09,7.247262071309720563e-07,-8.532537004162564439e-08
1.891000000000000000e+03,2.145109175608734615e-09,7.329332300678562889e-07,-8.569046861851671810e-08
1.892000000000000000e+03,2.143102156334529729e-09,7.403812715572388037e-07,-8.602235681120125190e-08
1.893000000000000000e+03,2.141097424553692204e-09,7.470309674768091399e-07,-8.632001325765051056e-08
1.894000000000000000e+03,2.139095995548962375e-09,7.528434862706261825e-07,-8.658247822673290665e-08
1.895000000000000000e+03,2.137097353833860518e-09,7.577794655220019654e-07,-8.680873043044203332e-08
1.896000000000000000e+03,2.135100985826316150e-09,7.617996285092474107e-07,-8.699775871253755344e-08
1.897000000000000000e+03,2.133107903952503515e-09,7.648649704269207625e-07,-8.714858298846669794e-08
1.898000000000000000e+03,2.131117594155268804e-09,7.669362151489316774e-07,-8.726019212749049917e-08
1.899000000000000000e+03,2.129129544273928991e-09,7.679739939133403734e-07,-8.733156453548754306e-08
1.900000000000000000e+03,2.127144763889998257e-09,7.679394868866433524e-07,-8.736174102767268404e-08
1.901000000000000000e+03,2.125162740223559969e-09,7.668071294027208984e-07,-8.735011418788195424e-08
1.902000000000000000e+03,2.123182961798758480e-09,7.646066633515138893e-07,-8.729774362108542566e-08
1.903000000000000000e+03,2.121206434487520561e-09,7.613819079108193340e-07,-8.720613429468107145e-08
1.904000000000000000e+03,2.119232646196727715e-09,7.571764083155564081e-07,-8.707675996112466425e-08
1.905000000000000000e+03,2.117261086713991395e-09,7.520336219190001993e-07,-8.691108407057007699e-08
1.906000000000000000e+03,2.115292759090201346e-09,7.459975449231402548e-07,-8.671063223353995691e-08
1.907000000000000000e+03,2.113327152643789698e-09,7.391116333210490980e-07,-8.647686785613509184e-08
1.908000000000000000e+03,2.111364261427308408e-09,7.314195234262142580e-07,-8.621127508670621844e-08
1.909000000000000000e+03,2.109403577098750027e-09,7.229647653733076263e-07,-8.591532783761957272e-08
1.910000000000000000e+03,2.107446098965799856e-09,7.137911686766487656e-07,-8.559053075939422443e-08
1.911000000000000000e+03,2.105491318219859782e-09,7.039422823339150075e-07,-8.523835772472979050e-08
1.912000000000000000e+03,2.103538727914948045e-09,6.934615771993905700e-07,-8.486027265690926951e-08
1.913000000000000000e+03,2.101589324564882908e-09,6.823930223153643572e-07,-8.445780022218530842e-08
1.914000000000000000e+03,2.099642600759017623e-09,6.707800859042451184e-07,-8.403240424918474897e-08
1.915000000000000000e+03,2.097698050941643904e-09,6.586663253696368843e-07,-8.358555891450243310e-08
1.916000000000000000e+03,2.095756668844232293e-09,6.460955349231873975e-07,-8.311876831733848181e-08
1.917000000000000000e+03,2.093817948448321131e-09,6.331112703956547382e-07,-8.263350657664652297e-08
1.918000000000000000e+03,2.091881883806579421e-09,6.197571674560168424e-07,-8.213125781885642463e-08
1.919000000000000000e+03,2.089947971208113476e-09,6.060767173237904545e-07,-8.161348672530291125e-08
1.920000000000000000e+03,2.088017200692378224e-09,5.921138476437444624e-07,-8.108171643079877306e-08
1.921000000000000000e+03,2.086089068088258604e-09,5.779120462412185474e-07,-8.053741148874425458e-08
1.922000000000000000e+03,2.084163567448470771e-09,5.635149485253074906e-07,-7.998205601673017037e-08
1.923000000000000000e+03,2.082240196896868017e-09,5.489661244518845535e-07,-7.941712467034674706e-08
1.924000000000000000e+03,2.080319942801047225e-09,5.343093418328402912e-07,-7.884412055095146847e-08
1.925000000000000000e+03,2.078402302827150810e-09,5.195881687611351583e-07,-7.826451824242696213e-08
1.926000000000000000e+03,2.076486776468539172e-09,5.048461201201504903e-07,-7.767978334781053334e-08
1.927000000000000000e+03,2.074574347352038464e-09,4.901270750505016258e-07,-7.709143712584893484e-08
1.928000000000000000e+03,2.072664514515164325e-09,4.754745447884614407e-07,-7.650094503569106029e-08
1.929000000000000000e+03,2.070757272010713973e-09,4.609321642909283421e-07,-7.590979117954781616e-08
1.930000000000000000e+03,2.068852121149394633e-09,4.465435152616360556e-07,-7.531945068570380180e-08
1.931000000000000000e+03,2.066950041921017737e-09,4.323523406047127510e-07,-7.473142566577745455e-08
1.932000000000000000e+03,2.065050535182913646e-09,4.184022201800484408e-07,-7.414719117331878333e-08
1.933000000000000000e+03,2.063153594987925896e-09,4.047367886898564068e-07,-7.356823130187637982e-08
1.934000000000000000e+03,2.061258724454288664e-09,3.913995875293625130e-07,-7.299601275275923024e-08
1.935000000000000000e+03,2.059366899954459507e-09,3.784344408539709879e-07,-7.243205452985754960e-08
1.936000000000000000e+03,2.057477624155742120e-09,3.658848867464541710e-07,-7.187782319357267433e-08
1.937000000000000000e+03,2.055590891111026364e-09,3.537945596491420304e-07,-7.133480282861412939e-08
1.938000000000000000e+03,2.053706205736344481e-09,3.422070531792849478e-07,-7.080446908354787284e-08
1.939000000000000000e+03,2.051824540806279840e-09,3.311660844950401500e-07,-7.028832296836413423e-08
1.940000000000000000e+03,2.049945400788358256e-09,3.207152457034661952e-07,-6.978784006404158488e-08
1.941000000000000000e+03,2.048068779735515911e-09,3.108981709922080850e-07,-6.930450444662751440e-08
1.942000000000000000e+03,2.046194671700702223e-09,3.017584944865391791e-07,-6.883980019004787127e-08
1.943000000000000000e+03,2.044322583833655552e-09,2.933397803656573480e-07,-6.839519507200103375e-08
1.944000000000000000e+03,2.042453484438730893e-09,2.856858042209168187e-07,-6.797220585114747327e-08
1.945000000000000000e+03,2.040586880220156643e-09,2.788401280907896121e-07,-6.757230019467871163e-08
1.946000000000000000e+03,2.038722765230928540e-09,2.728463858406662510e-07,-6.719696216768161736e-08
1.947000000000000000e+03,2.036860648397024616e-09,2.677481793800668174e-07,-6.684766787039360028e-08
1.948000000000000000e+03,2.035001494468091686e-09,2.635892067320293499e-07,-6.652591732743833337e-08
1.949000000000000000e+03,2.033144811926972653e-09,2.604130690688621402e-07,-6.623318659303045887e-08
1.950000000000000000e+03,2.031290594826709163e-09,2.582634000012705325e-07,-6.597095972359455702e-08
1.951000000000000000e+03,2.029438837566481970e-09,2.571701735000197068e-07,-6.574025250162085823e-08
1.952000000000000000e+03,2.027589053009952395e-09,2.571086639498677479e-07,-6.554019200756332749e-08
1.953000000000000000e+03,2.025742203566681986e-09,2.580406697382061985e-07,-6.536948393428999306e-08
1.954000000000000000e+03,2.023897802006248130e-09,2.599278057665334810e-07,-6.522678704656021058e-08
1.955000000000000000e+03,2.022055844458503525e-09,2.627317482581588725e-07,-6.511077577268154418e-08
1.956000000000000000e+03,2.020216327053307897e-09,2.664141734911710182e-07,-6.502012454285634420e-08
1.957000000000000000e+03,2.018378765192882794e-09,2.709367255250008619e-07,-6.495350005205164360e-08
1.958000000000000000e+03,2.016544116899131802e-09,2.762611446599222385e-07,-6.490959221374673189e-08
1.959000000000000000e+03,2.014711897136975027e-09,2.823490756082216064e-07,-6.488706771892356376e-08
1.960000000000000000e+03,2.012882102036303217e-09,2.891621948716690009e-07,-6.488460100552136792e-08
1.961000000000000000e+03,2.011054727727013325e-09,2.966621790068131895e-07,-6.490086651337411959e-08
1.962000000000000000e+03,2.009229770339010159e-09,3.048107046249822018e-07,-6.493453868421052730e-08
1.963000000000000000e+03,2.007406747886341773e-09,3.135693736886021281e-07,-6.498427648002514187e-08
1.964000000000000000e+03,2.005586613163940918e-09,3.229000101029951791e-07,-6.504878529422007388e-08
1.965000000000000000e+03,2.003768883752013063e-09,3.327642180359537141e-07,-6.512672410475370558e-08
1.966000000000000000e+03,2.001953555780493624e-09,3.431236743270520780e-07,-6.521676736124960873e-08
1.967000000000000000e+03,2.000140625379325047e-09,3.539400558706435598e-07,-6.531758951522595603e-08
1.968000000000000000e+03,1.998330088678457637e-09,3.651750396158607105e-07,-6.542786502009579905e-08
1.969000000000000000e+03,1.996521466283124076e-09,3.767902576839107668e-07,-6.554626052339216687e-08
1.970000000000000000e+03,1.994715705802601468e-09,3.887474754745501916e-07,-6.567146608294980670e-08
1.971000000000000000e+03,1.992912327411707336e-09,4.010083266067176610e-07,-6.580214836435601667e-08
1.972000000000000000e+03,1.991111327240422175e-09,4.135344882532272750e-07,-6.593698182876064729e-08
1.973000000000000000e+03,1.989312701418733515e-09,4.262876376416718660e-07,-6.607464093920834854e-08
1.974000000000000000e+03,1.987516446076635912e-09,4.392294520544233164e-07,-6.621380016063849047e-08
1.975000000000000000e+03,1.985722084390103322e-09,4.523215010686250296e-07,-6.635311815207481622e-08
1.976000000000000000e+03,1.983930558823679899e-09,4.655256744504522183e-07,-6.649130096494100484e-08
1.977000000000000000e+03,1.982141392126316290e-09,4.788035450148171683e-07,-6.662700729556619511e-08
1.978000000000000000e+03,1.980354580428037660e-09,4.921167902723382892e-07,-6.675891161678462030e-08
1.979000000000000000e+03,1.978570119858877032e-09,5.054270877884127232e-07,-6.688568840332516758e-08
1.980000000000000000e+03,1.976788006548874873e-09,5.186961151832174566e-07,-6.700601213181153679e-08
1.981000000000000000e+03,1.975008236628078267e-09,5.318855501317076257e-07,-6.711855728076208167e-08
1.982000000000000000e+03,1.973230336246086963e-09,5.449570054488121256e-07,-6.722199032316478267e-08
1.983000000000000000e+03,1.971455241916439781e-09,5.578722872101755985e-07,-6.731500174509566334e-08
1.984000000000000000e+03,1.969682479365631104e-09,5.705930099019406262e-07,-6.739625803581472317e-08
1.985000000000000000e+03,1.967912044723738210e-09,5.830808514227441589e-07,-6.746443368157727369e-08
1.986000000000000000e+03,1.966143934120847473e-09,5.952974897260023555e-07,-6.751820317053339938e-08
1.987000000000000000e+03,1.964378143687050233e-09,6.072046028199100545e-07,-6.755624099272783862e-08
1.988000000000000000e+03,1.962614669552447341e-09,6.187638687674415150e-07,-6.757722164010016899e-08
1.989000000000000000e+03,1.960853507847147093e-09,6.299369656863503108e-07,-6.757981960648468808e-08
1.990000000000000000e+03,1.959094188085839083e-09,6.406854191129124637e-07,-6.756269329154166537e-08
1.991000000000000000e+03,1.957337640047644794e-09,6.509712100964198320e-07,-6.752454939411405021e-08
1.992000000000000000e+03,1.955583392828570976e-09,6.607558668526269459e-07,-6.746404631389682719e-08
1.993000000000000000e+03,1.953831442558756529e-09,6.700010677275334300e-07,-6.737985855261913067e-08
1.994000000000000000e+03,1.952081785368345734e-09,6.786684911219182237e-07,-6.727066061390472246e-08
1.995000000000000000e+03,1.950334417387491553e-09,6.867198154913386282e-07,-6.713512700327222997e-08
1.996000000000000000e+03,1.948589334746353982e-09,6.941167193461320009e-07,-6.697193222813497423e-08
1.997000000000000000e+03,1.946846533575099633e-09,7.008208812514139547e-07,-6.677975079780102279e-08
1.998000000000000000e+03,1.945106010003904630e-09,7.067939798270798413e-07,-6.655725722347317650e-08
1.999000000000000000e+03,1.943367297291249482e-09,7.119976089347203670e-07,-6.630311812022831918e-08
2.000000000000000000e+03,1.941631317723980834e-09,7.163936164062732775e-07,-6.601602383329606244e-08
2.001000000000000000e+03,1.939897604058925998e-09,7.199541218764680881e-07,-6.569498597729171750e-08
2.002000000000000000e+03,1.938166151986923970e-09,7.226934293543908222e-07,-6.534040419947028800e-08
2.003000000000000000e+03,1.936436957110947310e-09,7.246363678602788607e-07,-6.495302317212924788e-08
2.004000000000000000e+03,1.934710015033976440e-09,7.258077663788797512e-07,-6.453358756650166832e-08
2.005000000000000000e+03,1.932985321359002944e-09,7.262324538594502549e-07,-6.408284205275624416e-08
2.006000000000000000e+03,1.931262871689023787e-09,7.259352592157570875e-07,-6.360153129999721456e-08
2.007000000000000000e+03,1.929542661627045444e-09,7.249410113260768141e-07,-6.309039997626442912e-08
2.008000000000000000e+03,1.927824686776084318e-09,7.232745390331948953e-07,-6.255019274853332143e-08
2.009000000000000000e+03,1.926108942739161360e-09,7.209606711444071704e-07,-6.198165428271489583e-08
2.010000000000000000e+03,1.924394966763932361e-09,7.180240653688969259e-07,-6.138551461912213806e-08
2.011000000000000000e+03,1.922683671571572682e-09,7.144898934101458168e-07,-6.076254781901542412e-08
2.012000000000000000e+03,1.920974594001843773e-09,7.103828122009241780e-07,-6.011348377838546194e-08
2.013000000000000000e+03,1.919267729657804636e-09,7.057276504006515661e-07,-5.943906715870824429e-08
2.014000000000000000e+03,1.917563074142520891e-09,7.005492366332561161e-07,-5.874004262039534792e-08
2.015000000000000000e+03,1.915860623059066841e-09,6.948723994871768708e-07,-5.801715482279385416e-08
2.016000000000000000e+03,1.914160372010525478e-09,6.887219675153611336e-07,-5.727114842418650115e-08
2.017000000000000000e+03,1.912462316599988890e-09,6.821227692352669037e-07,-5.650276808179157127e-08
2.018000000000000000e+03,1.910766452430555784e-09,6.750996331288613943e-07,-5.571275845176298386e-08
2.019000000000000000e+03,1.909072775105333966e-09,6.676773876426216671e-07,-5.490186418919020913e-08
2.020000000000000000e+03,1.907381280227440752e-09,6.598808611875341037e-07,-5.407082994809830132e-08
2.021000000000000000e+03,1.905691963400000494e-09,6.517348821390948283e-07,-5.322040038144790523e-08
2.022000000000000000e+03,1.904004820226146637e-09,6.432642788373101321e-07,-5.235132014113527615e-08
2.023000000000000000e+03,1.902319846309020490e-09,6.344938795866949901e-07,-5.146433387799222025e-08
2.024000000000000000e+03,1.900637037251771216e-09,6.254485126562747560e-07,-5.056018624178614756e-08
2.025000000000000000e+03,1.898956388657557906e-09,6.161530062795842085e-07,-4.963962188122005869e-08
2.026000000000000000e+03,1.897277444229511431e-09,6.066321163919883979e-07,-4.870337964233281212e-08
2.027000000000000000e+03,1.895601103769939633e-09,5.969108168393865805e-07,-4.775221588819964392e-08
2.028000000000000000e+03,1.893926910582417436e-09,5.870138623491020289e-07,-4.678686935111853137e-08
2.029000000000000000e+03,1.892254860270137433e-09,5.769660810097499140e-07,-4.580808467544607774e-08
2.030000000000000000e+03,1.890584948436300899e-09,5.667923008744562084e-07,-4.481660650447452321e-08
2.031000000000000000e+03,1.888917170684117384e-09,5.565173499608558865e-07,-4.381317948043169194e-08
2.032000000000000000e+03,1.887251522616805535e-09,5.461660562510938776e-07,-4.279854824448097887e-08
2.033000000000000000e+03,1.885587999837591031e-09,5.357632476918241129e-07,-4.177345743672134968e-08
2.034000000000000000e+03,1.883926597949708649e-09,5.253337521942111135e-07,-4.073865169618740034e-08
2.035000000000000000e+03,1.882267312556400613e-09,5.149023976339282967e-07,-3.969487566084928436e-08
2.036000000000000000e+03,1.880610139260919484e-09,5.044940118511590345e-07,-3.864287396761273263e-08
2.037000000000000000e+03,1.878955073666524442e-09,4.941334226505963359e-07,-3.758339125231909308e-08
2.038000000000000000e+03,1.877302111376483765e-09,4.838454578014426356e-07,-3.651717214974526458e-08
2.039000000000000000e+03,1.875651247994074003e-09,4.736549450374106404e-07,-3.544496129360376966e-08
2.040000000000000000e+03,1.874002479122579566e-09,4.635867120567218474e-07,-3.436750331654268176e-08
2.041000000000000000e+03,1.872355800365294374e-09,4.536655865221078143e-07,-3.328554285014568480e-08
2.042000000000000000e+03,1.870711207325519379e-09,4.439163960608099477e-07,-3.219982452493204666e-08
2.043000000000000000e+03,1.869068695606565873e-09,4.343639682645788680e-07,-3.111109297035661921e-08
2.044000000000000000e+03,1.867428260811750526e-09,4.250331306896750971e-07,-3.002009281480981847e-08
2.045000000000000000e+03,1.865789898544401172e-09,4.159487108568689003e-07,-2.892756868561769077e-08
2.046000000000000000e+03,1.864153604407853091e-09,4.071355362514398622e-07,-2.783426520904183001e-08
2.047000000000000000e+03,1.862519374005448596e-09,3.986184343231775222e-07,-2.674092701027943064e-08
2.048000000000000000e+03,1.860887202940540750e-09,3.904222324863806862e-07,-2.564829871346328102e-08
2.049000000000000000e+03,1.859257086816489028e-09,3.825717581198582740e-07,-2.455712494166175019e-08
2.050000000000000000e+03,1.857629021236662626e-09,3.750918385669285775e-07,-2.346815031687879117e-08
2.051000000000000000e+03,1.856003001999943560e-09,3.680026916031934771e-07,-2.238209016954240299e-08
2.052000000000000000e+03,1.854379025687244049e-09,3.613060968530389637e-07,-2.129954266705379023e-08
2.053000000000000000e+03,1.852757089074988926e-09,3.549992244093752387e-07,-2.022107668546848061e-08
2.054000000000000000e+03,1.851137188939607160e-09,3.490792443691570327e-07,-1.914726110002882709e-08
2.055000000000000000e+03,1.849519322057535786e-09,3.435433268333835532e-07,-1.807866478516395486e-08
2.056000000000000000e+03,1.847903485205216802e-09,3.383886419070989072e-07,-1.701585661448982098e-08
2.057000000000000000e+03,1.846289675159099030e-09,3.336123596993919432e-07,-1.595940546080917790e-08
2.058000000000000000e+03,1.844677888695637496e-09,3.292116503233958800e-07,-1.490988019611158676e-08
2.059000000000000000e+03,1.843068122591292809e-09,3.251836838962886248e-07,-1.386784969157340413e-08
2.060000000000000000e+03,1.841460373622531574e-09,3.215256305392930375e-07,-1.283388281755782006e-08
2.061000000000000000e+03,1.839854638565827431e-09,3.182346603776764547e-07,-1.180854844361478363e-08
2.062000000000000000e+03,1.838250914197659598e-09,3.153079435407506363e-07,-1.079241543848108567e-08
2.063000000000000000e+03,1.836649197294513088e-09,3.127426501618724011e-07,-9.786052670080305832e-09
2.064000000000000000e+03,1.835049484632879943e-09,3.105359503784430442e-07,-8.790029005522842363e-09
2.065000000000000000e+03,1.833451772989257168e-09,3.086850143319085490e-07,-7.804913311105887278e-09
2.066000000000000000e+03,1.831856059140149419e-09,3.071870121677593224e-07,-6.831274452313445397e-09
2.067000000000000000e+03,1.830262339862065903e-09,3.060391140355308831e-07,-5.869681293816309527e-09
2.068000000000000000e+03,1.828670611931523477e-09,3.052384900888029084e-07,-4.920702699472095203e-09
2.069000000000000000e+03,1.827080872125043341e-09,3.047823104852002404e-07,-3.984907532325222489e-09
2.070000000000000000e+03,1.825493117219154968e-09,3.046677453863919330e-07,-3.062864654606904814e-09
2.071000000000000000e+03,1.823907778424198389e-09,3.048920012777395408e-07,-2.155143184462280165e-09
2.072000000000000000e+03,1.822323983272066683e-09,3.054521757564490475e-07,-1.262311362685223914e-09
2.073000000000000000e+03,1.820742163350618287e-09,3.063454752889115402e-07,-3.849384139926460991e-10
2.074000000000000000e+03,1.819162315436405422e-09,3.075690700526378652e-07,4.764068025692381049e-10
2.075000000000000000e+03,1.817584436305985891e-09,3.091201302291833983e-07,1.321155428767420368e-09
2.076000000000000000e+03,1.816008522735924735e-09,3.109958260041484151e-07,2.148738607182078939e-09
2.077000000000000000e+03,1.814434571502792163e-09,3.131933275671774560e-07,2.958587481206594048e-09
2.078000000000000000e+03,1.812862579383164799e-09,3.157098051119603320e-07,3.750133195047539744e-09
2.079000000000000000e+03,1.811292543153625259e-09,3.185424288362308009e-07,4.522806893724674377e-09
2.080000000000000000e+03,1.809724459590762987e-09,3.216883689417677325e-07,5.276039723070966242e-09
2.081000000000000000e+03,1.808158325471173216e-09,3.251447956343944728e-07,6.009262829732574143e-09
2.082000000000000000e+03,1.806594137571456555e-09,3.289088791239791621e-07,6.721907361168846561e-09
2.083000000000000000e+03,1.805031892668220851e-09,3.329777896244346287e-07,7.413404465652324968e-09
2.084000000000000000e+03,1.803471587538079122e-09,3.373486973537180188e-07,8.083185292268762849e-09
2.085000000000000000e+03,1.801913218957651003e-09,3.420187725338315370e-07,8.730680990917086822e-09
2.086000000000000000e+03,1.800356783703563780e-09,3.469851853908218118e-07,9.355322712309428907e-09
2.087000000000000000e+03,1.798802278552447220e-09,3.522451061547801595e-07,9.956541607971118242e-09
2.088000000000000000e+03,1.797250128368567325e-09,3.577957903037509009e-07,1.053377133988406018e-08
2.089000000000000000e+03,1.795699473384167350e-09,3.636342389791241904e-07,1.108643817358556196e-08
2.090000000000000000e+03,1.794150738833128612e-09,3.697577063439136278e-07,1.161397563502464144e-08
2.091000000000000000e+03,1.792603921492107351e-09,3.761633626437149382e-07,1.211581487884386949e-08
2.092000000000000000e+03,1.791059018137764145e-09,3.828483781281688528e-07,1.259138706049901161e-08
2.093000000000000000e+03,1.789516025546768054e-09,3.898099230509604202e-07,1.304012333625903622e-08
2.094000000000000000e+03,1.787974940495792892e-09,3.970451676698194302e-07,1.346145486320609313e-08
2.095000000000000000e+03,1.786435759761519299e-09,4.045512822465205198e-07,1.385481279923553675e-08
2.096000000000000000e+03,1.784898480120633084e-09,4.123254370468828550e-07,1.421962830305592273e-08
2.097000000000000000e+03,1.783363098349826467e-09,4.203648023407699199e-07,1.455533253418897820e-08
2.098000000000000000e+03,1.781829611225798906e-09,4.286665484020905216e-07,1.486135665296965142e-08
2.099000000000000000e+03,1.780298015525254821e-09,4.372278455087978381e-07,1.513713182054607865e-08
2.100000000000000000e+03,1.778768731712762843e-09,4.460459170777455139e-07,1.538209103125862025e-08
2.101000000000000000e+03,1.777240908885355386e-09,4.551153070513847620e-07,1.559595945570260694e-08
2.102000000000000000e+03,1.775714968170491009e-09,4.644206320381594582e-07,1.577965829542900816e-08
2.103000000000000000e+03,1.774190906703358287e-09,4.739439354313991222e-07,1.593440459440056847e-08
2.104000000000000000e+03,1.772668721619151792e-09,4.836672606501019719e-07,1.606141539484032271e-08
2.105000000000000000e+03,1.771148410053070439e-09,4.935726511389347114e-07,1.616190773723160593e-08
2.106000000000000000e+03,1.769629969140319554e-09,5.036421503682322668e-07,1.623709866031802688e-08
2.107000000000000000e+03,1.768113396016109010e-09,5.138578018339982623e-07,1.628820520110350450e-08
2.108000000000000000e+03,1.766598687815655095e-09,5.242016490579045968e-07,1.631644439485223803e-08
2.109000000000000000e+03,1.765086262104688731e-09,5.346558629685586922e-07,1.632303716403728585e-08
2.110000000000000000e+03,1.763575274797711293e-09,5.452022348891452440e-07,1.630919275924927724e-08
2.111000000000000000e+03,1.762066143820612487e-09,5.558229333046091501e-07,1.627613209820063109e-08
2.112000000000000000e+03,1.760558866308628865e-09,5.665000018350177857e-07,1.622507220948665442e-08
2.113000000000000000e+03,1.759053439397004008e-09,5.772154841261074360e-07,1.615723011996297433e-08
2.114000000000000000e+03,1.757549860220984601e-09,5.879514238492828728e-07,1.607382285474548834e-08
2.115000000000000000e+03,1.756048125915823947e-09,5.986898647016171424e-07,1.597606743721040741e-08
2.116000000000000000e+03,1.754548233616781963e-09,6.094128504058516718e-07,1.586518088899420963e-08
2.117000000000000000e+03,1.753050180459122086e-09,6.201024247103967977e-07,1.574238022999367328e-08
2.118000000000000000e+03,1.751554380787118896e-09,6.307407065262596795e-07,1.560888433777280118e-08
2.119000000000000000e+03,1.750059996962284101e-09,6.413095906383741744e-07,1.546590649290355065e-08
2.120000000000000000e+03,1.748567443685092588e-09,6.517911947396440773e-07,1.531466558551771962e-08
2.121000000000000000e+03,1.747076718090829714e-09,6.621675626790132186e-07,1.515637862869822579e-08
2.122000000000000000e+03,1.745587817314787038e-09,6.724207383310958210e-07,1.499226263378829036e-08
2.123000000000000000e+03,1.744100738492259633e-09,6.825327655961733228e-07,1.482353461039142316e-08
2.124000000000000000e+03,1.742615478758550227e-09,6.924856884001958609e-07,1.465141156637142597e-08
2.125000000000000000e+03,1.741132449976817973e-09,7.022617180088867271e-07,1.447711395702994196e-08
2.126000000000000000e+03,1.739650819473952233e-09,7.118425660540250759e-07,1.430185184664120620e-08
2.127000000000000000e+03,1.738170999466273408e-09,7.212104415192308218e-07,1.412684572884345559e-08
2.128000000000000000e+03,1.736692987089103664e-09,7.303473884288496840e-07,1.395331260483160298e-08
2.129000000000000000e+03,1.735216779477771781e-09,7.392354508328965029e-07,1.378246947406086970e-08
2.130000000000000000e+03,1.733742373767611713e-09,7.478566728070536530e-07,1.361553333424675578e-08
2.131000000000000000e+03,1.732269767093961753e-09,7.561930984526732653e-07,1.345372118136505483e-08
2.132000000000000000e+03,1.730799368860015399e-09,7.642268629356523470e-07,1.329825159381222265e-08
2.133000000000000000e+03,1.729330351315710558e-09,7.719398292497669651e-07,1.315033837814423945e-08
2.134000000000000000e+03,1.727863124214392690e-09,7.793141316530658019e-07,1.301120012794311477e-08
2.135000000000000000e+03,1.726397684691422630e-09,7.863318143474346939e-07,1.288205383237079982e-08
2.136000000000000000e+03,1.724934029882166592e-09,7.929749215604283875e-07,1.276411647884952288e-08
2.137000000000000000e+03,1.723472156921995129e-09,7.992254975452699038e-07,1.265860505306179752e-08
2.138000000000000000e+03,1.722012473122212220e-09,8.050657783888813818e-07,1.256673953299345595e-08
2.139000000000000000e+03,1.720554154919176616e-09,8.104774260691632797e-07,1.248973089441523708e-08
2.140000000000000000e+03,1.719097609971794270e-09,8.154426753286183604e-07,1.242879913401022288e-08
2.141000000000000000e+03,1.717642835415457449e-09,8.199435705188659685e-07,1.238516123079206117e-08
2.142000000000000000e+03,1.716189828385564211e-09,8.239621560171934057e-07,1.236003416203467849e-08
2.143000000000000000e+03,1.714738586017518407e-09,8.274804762265564599e-07,1.235463490327230983e-08
2.144000000000000000e+03,1.713289513545953790e-09,8.304806745073618487e-07,1.237018190190889562e-08
2.145000000000000000e+03,1.711841791563185931e-09,8.329445977438895259e-07,1.240788918727283076e-08
2.146000000000000000e+03,1.710395825648926004e-09,8.348543889883191782e-07,1.246897520158122958e-08
2.147000000000000000e+03,1.708951612938598121e-09,8.361920927441415693e-07,1.255465691355445324e-08
2.148000000000000000e+03,1.707509150567632190e-09,8.369397535405159496e-07,1.266615129017316644e-08
2.149000000000000000e+03,1.706068435671464318e-09,8.370794159322696320e-07,1.280467529667832579e-08
2.150000000000000000e+03,1.704629871423128650e-09,8.365933238201940592e-07,1.297144898704891256e-08
2.151000000000000000e+03,1.703192642540019332e-09,8.354700362762346240e-07,1.316728827443771426e-08
2.152000000000000000e+03,1.701757152534177662e-09,8.337263642221351125e-07,1.339143859899052180e-08
2.153000000000000000e+03,1.700323398536778321e-09,8.313858324904425090e-07,1.364274743706757859e-08
2.154000000000000000e+03,1.698891377679001365e-09,8.284719658800753194e-07,1.392006226667661369e-08
2.155000000000000000e+03,1.697461491423006737e-09,8.250083874365665770e-07,1.422223226171558763e-08
2.156000000000000000e+03,1.696032927897947956e-09,8.210184248558185613e-07,1.454810155382207976e-08
2.157000000000000000e+03,1.694606088906493450e-09,8.165257015314900822e-07,1.489651928405495875e-08
2.158000000000000000e+03,1.693180971579844782e-09,8.115537421307899399e-07,1.526633293687469370e-08
2.159000000000000000e+03,1.691757573049208273e-09,8.061260712872978206e-07,1.565638999838927746e-08
2.160000000000000000e+03,1.690336293080429693e-09,8.002664042669021832e-07,1.606554178401901210e-08
2.161000000000000000e+03,1.688916323197416345e-09,7.939978828106273480e-07,1.649262822959331760e-08
2.162000000000000000e+03,1.687498063504474180e-09,7.873442235187704910e-07,1.693650055607082095e-08
2.163000000000000000e+03,1.686081511132831230e-09,7.803289508960045305e-07,1.739600625587493969e-08
2.164000000000000000e+03,1.684666663213719873e-09,7.729755894133726359e-07,1.786999282307661018e-08
2.165000000000000000e+03,1.683253917826865880e-09,7.653077546769083590e-07,1.835730994024074007e-08
2.166000000000000000e+03,1.681842469870525448e-09,7.573487878050712354e-07,1.885680079054384733e-08
2.167000000000000000e+03,1.680432717760852765e-09,7.491223052528628109e-07,1.936731500165556739e-08
2.168000000000000000e+03,1.679024658629101923e-09,7.406518313596166550e-07,1.988770007409956336e-08
2.169000000000000000e+03,1.677618689213382670e-09,7.319610648235157585e-07,2.041680837442841472e-08
2.170000000000000000e+03,1.676214007096856013e-09,7.230731790141721514e-07,2.095347780556328513e-08
2.171000000000000000e+03,1.674811009352447531e-09,7.140118746387040765e-07,2.149656061101458095e-08
2.172000000000000000e+03,1.673409693111433028e-09,7.048006759075370647e-07,2.204490429762141317e-08
2.173000000000000000e+03,1.672010055505092029e-09,6.954631069974689096e-07,2.259735637387039171e-08
2.174000000000000000e+03,1.670612491603547325e-09,6.860227737755585057e-07,2.315276710801718253e-08
2.175000000000000000e+03,1.669216202328014200e-09,6.765030357695385389e-07,2.370997856198032234e-08
2.176000000000000000e+03,1.667821583081427841e-09,6.669274999065932706e-07,2.426784094100810080e-08
2.177000000000000000e+03,1.666428630995090937e-09,6.573196902318103649e-07,2.482520176003987779e-08
2.178000000000000000e+03,1.665037739811904851e-09,6.477032850748341048e-07,2.538091458277815921e-08
2.179000000000000000e+03,1.663648113109174222e-09,6.381014974895107234e-07,2.593381496495917316e-08
2.180000000000000000e+03,1.662260144961026280e-09,6.285380080349656416e-07,2.648275634090411740e-08
2.181000000000000000e+03,1.660873832498783978e-09,6.190363406273782733e-07,2.702658623186778974e-08
2.182000000000000000e+03,1.659489172853776679e-09,6.096200191492997659e-07,2.756415216075248361e-08
2.183000000000000000e+03,1.658106558118772451e-09,6.003126389633494114e-07,2.809430499891010476e-08
2.184000000000000000e+03,1.656725195173389179e-09,5.911375797644538959e-07,2.861588564106957982e-08
2.185000000000000000e+03,1.655345476439650038e-09,5.821184379595254561e-07,2.912774489858400335e-08
2.186000000000000000e+03,1.653967399048905897e-09,5.732787372994047924e-07,2.962873030080840216e-08
2.187000000000000000e+03,1.652591353780878999e-09,5.646421360301869026e-07,3.011769655444085525e-08
2.188000000000000000e+03,1.651216550142903048e-09,5.562318867739546611e-07,3.059347695410008983e-08
2.189000000000000000e+03,1.649843379242392436e-09,5.480716497728492291e-07,3.105492609300503028e-08
2.190000000000000000e+03,1.648471838210717059e-09,5.401849486488037980e-07,3.150089150682618108e-08
2.191000000000000000e+03,1.647102316520785518e-09,5.325953704369945986e-07,3.193022453665631278e-08
2.192000000000000000e+03,1.645734026295176556e-09,5.253263109324313530e-07,3.234176516293860010e-08
2.193000000000000000e+03,1.644367357332935618e-09,5.184013580099501350e-07,3.273436467877721491e-08
2.194000000000000000e+03,1.643002306765454728e-09,5.118440351597739010e-07,3.310687062629534545e-08
2.195000000000000000e+03,1.641639262765007887e-09,5.056779863191695971e-07,3.345813852085662498e-08
2.196000000000000000e+03,1.640277440057043013e-09,4.999264925794744404e-07,3.378700004304952647e-08
2.197000000000000000e+03,1.638917227138429705e-09,4.946131992853859576e-07,3.409231062756553738e-08
2.198000000000000000e+03,1.637558621140583148e-09,4.897616297982188547e-07,3.437291782284333683e-08
2.199000000000000000e+03,1.636202008941285180e-09,4.853953652698468699e-07,3.462767330409512723e-08
2.200000000000000000e+03,1.634846607856557267e-09,4.815378128864324863e-07,3.485541639993457711e-08
2.201000000000000000e+03,1.633492805170775466e-09,4.782054115668546397e-07,3.505530844998616470e-08
2.202000000000000000e+03,1.632140987212493955e-09,4.753860843814817287e-07,3.522775385950790974e-08
2.203000000000000000e+03,1.630790373733809641e-09,4.730602713893523584e-07,3.537344157959282926e-08
2.204000000000000000e+03,1.629441351468725896e-09,4.712087536894338631e-07,3.549308566438772539e-08
2.205000000000000000e+03,1.628093918049852634e-09,4.698121984729241457e-07,3.558739181488589809e-08
2.206000000000000000e+03,1.626748458605423281e-09,4.688513288121058276e-07,3.565706997883700299e-08
2.207000000000000000e+03,1.625404195456794947e-09,4.683067001816921501e-07,3.570281736513786114e-08
2.208000000000000000e+03,1.624061514052609263e-09,4.681590358213882552e-07,3.572534391130295262e-08
2.209000000000000000e+03,1.622720412025492684e-09,4.683890030306345452e-07,3.572535531437451941e-08
2.210000000000000000e+03,1.621381273225863469e-09,4.689773808735699402e-07,3.570356577700431662e-08
2.211000000000000000e+03,1.620043322532265613e-09,4.699046134517411438e-07,3.566066397076176229e-08
2.212000000000000000e+03,1.618706944114019279e-09,4.711514797397553231e-07,3.559736410163965361e-08
2.213000000000000000e+03,1.617372520867118160e-09,4.726987034548919482e-07,3.551437609358853501e-08
2.214000000000000000e+03,1.616039279580115297e-09,4.745268396241689666e-07,3.541239716507709027e-08
2.215000000000000000e+03,1.614707603466783596e-09,4.766166118335039556e-07,3.529213724800758417e-08
2.216000000000000000e+03,1.613377490159781156e-09,4.789486875688813951e-07,3.515430203261292772e-08
2.217000000000000000e+03,1.612049321287754676e-09,4.815038490657477063e-07,3.499960554703010221e-08
2.218000000000000000e+03,1.610722326175488288e-09,4.842625350790284989e-07,3.482873676094097075e-08
2.219000000000000000e+03,1.609396886767920638e-09,4.872055272860371037e-07,3.464240973748964517e-08
2.220000000000000000e+03,1.608073383747084926e-09,4.903135516891539649e-07,3.444133426599626221e-08
2.221000000000000000e+03,1.606751048332140824e-09,4.935671594746452976e-07,3.422620780028316208e-08
2.222000000000000000e+03,1.605430261520301746e-09,4.969470763275927922e-07,3.399774015168987720e-08
2.223000000000000000e+03,1.604111403050310800e-09,5.004340891528327999e-07,3.375664504642277734e-08
2.224000000000000000e+03,1.602793706029052455e-09,5.040086280376221570e-07,3.350361202104690478e-08
2.225000000000000000e+03,1.601477550509343473e-09,5.076514791066417536e-07,3.323935485736100964e-08
2.226000000000000000e+03,1.600162934123884756e-09,5.113433101107245318e-07,3.296457923593047182e-08
2.227000000000000000e+03,1.598850235358839664e-09,5.150648501875194612e-07,3.267999472944820762e-08
2.228000000000000000e+03,1.597538689827767764e-09,5.187966448693583161e-07,3.238629919520305295e-08
2.229000000000000000e+03,1.596228676329440513e-09,5.225194229035017924e-07,3.208420223785577472e-08
2.230000000000000000e+03,1.594920572414422299e-09,5.262139775238587747e-07,3.177441710453844500e-08
2.231000000000000000e+03,1.593613615568601177e-09,5.298607267363848690e-07,3.145763425434753513e-08
2.232000000000000000e+03,1.592308183654055895e-09,5.334404629453823391e-07,3.113456700637364978e-08
2.233000000000000000e+03,1.591004653289024612e-09,5.369339180527641201e-07,3.080592470425957535e-08
2.234000000000000000e+03,1.589702263825174669e-09,5.403216324980720500e-07,3.047240564124853261e-08
2.235000000000000000e+03,1.588401392191168980e-09,5.435843378200004305e-07,3.013471919819985118e-08
2.236000000000000000e+03,1.587102414076175466e-09,5.467028322932393070e-07,2.979357814450650396e-08
2.237000000000000000e+03,1.585804570691123187e-09,5.496575241540226494e-07,2.944967387087936059e-08
2.238000000000000000e+03,1.584508238034521008e-09,5.524292109846829717e-07,2.910371922614093253e-08
2.239000000000000000e+03,1.583213790869707916e-09,5.549986269981953723e-07,2.875642330398403318e-08
2.240000000000000000e+03,1.581920472260386082e-09,5.573463083648058661e-07,2.840848487843233033e-08
2.241000000000000000e+03,1.580628657278157621e-09,5.594529890443502614e-07,2.806061308261750057e-08
2.242000000000000000e+03,1.579338719763758182e-09,5.612994709484414390e-07,2.771352018455187114e-08
2.243000000000000000e+03,1.578049904627206899e-09,5.628661551854896132e-07,2.736789855989651512e-08
2.244000000000000000e+03,1.576762586016428865e-09,5.641338432778173575e-07,2.702446055751159212e-08
2.245000000000000000e+03,1.575477136852767298e-09,5.650832707988067874e-07,2.668391501839827224e-08
2.246000000000000000e+03,1.574192803886132757e-09,5.656949714678097437e-07,2.634696120587037026e-08
2.247000000000000000e+03,1.572909960343988773e-09,5.659496807980564031e-07,2.601430799956386021e-08
2.248000000000000000e+03,1.571628978231481942e-09,5.658282019393215980e-07,2.568666717878527578e-08
2.249000000000000000e+03,1.570349106132016215e-09,5.653109335038979621e-07,2.536473208484896760e-08
2.250000000000000000e+03,1.569070716355795988e-09,5.643786787211534726e-07,2.504921457327482384e-08
2.251000000000000000e+03,1.567794180024950073e-09,5.630179163307620571e-07,2.474069323755618800e-08
2.252000000000000000e+03,1.566518747700008486e-09,5.612378966680291099e-07,2.443921775169863567e-08
2.253000000000000000e+03,1.565244790957094809e-09,5.590538148967580542e-07,2.414471669423037503e-08
2.254000000000000000e+03,1.563972680158484987e-09,5.564809315119071738e-07,2.385712134387372961e-08
2.255000000000000000e+03,1.562701667715498360e-09,5.535341085233432571e-07,2.357634585997018399e-08
2.256000000000000000e+03,1.561432124293354605e-09,5.502286069993766370e-07,2.330232158995882386e-08
2.257000000000000000e+03,1.560164419347628252e-09,5.465796199006450067e-07,2.303497687282525908e-08
2.258000000000000000e+03,1.558897807104123216e-09,5.426021443500878724e-07,2.277423178412235128e-08
2.259000000000000000e+03,1.557632657320309101e-09,5.383113737015819964e-07,2.252001469488771499e-08
2.260000000000000000e+03,1.556369338548198174e-09,5.337225629035572228e-07,2.227225650685482247e-08
2.261000000000000000e+03,1.555107106821798346e-09,5.288505842272032755e-07,2.203087214456257984e-08
2.262000000000000000e+03,1.553846330993972850e-09,5.237106936746198094e-07,2.179579256896978391e-08
2.263000000000000000e+03,1.552587378716293676e-09,5.183180807154069077e-07,2.156694594479150405e-08
2.264000000000000000e+03,1.551329507824722350e-09,5.126877488846289319e-07,2.134425270248934900e-08
2.265000000000000000e+03,1.550073455510788153e-09,5.068350090117319404e-07,2.112764606813286394e-08
2.266000000000000000e+03,1.548818480808295753e-09,5.007747457941922897e-07,2.091704151951589681e-08
2.267000000000000000e+03,1.547564951069374035e-09,4.945222090264680622e-07,2.071236973797220331e-08
2.268000000000000000e+03,1.546313232451763671e-09,4.880925844747472778e-07,2.051355876323519922e-08
2.269000000000000000e+03,1.545062585780865813e-09,4.815008826582216670e-07,2.032052928077916571e-08
2.270000000000000000e+03,1.543813377512512418e-09,4.747622900675810461e-07,2.013320935422522410e-08
2.271000000000000000e+03,1.542565972912265760e-09,4.678920457397387507e-07,1.995152933350149584e-08
2.272000000000000000e+03,1.541319634590946299e-09,4.609050525837743796e-07,1.977540526565645215e-08
2.273000000000000000e+03,1.540075094970770010e-09,4.538166052973233244e-07,1.960476987962901673e-08
2.274000000000000000e+03,1.538831617849419876e-09,4.466417223938509256e-07,1.943954408123310754e-08
2.275000000000000000e+03,1.537589568195760275e-09,4.393955862565768739e-07,1.927965582297741054e-08
2.276000000000000000e+03,1.536349309795207659e-09,4.320934272904193184e-07,1.912503525838030213e-08
2.277000000000000000e+03,1.535110108220632304e-09,4.247501652753922269e-07,1.897559883518381482e-08
2.278000000000000000e+03,1.533872327552813079e-09,4.173810323165779095e-07,1.883127674394090504e-08
2.279000000000000000e+03,1.532636330693146315e-09,4.100012046501892321e-07,1.869199680850533099e-08
2.280000000000000000e+03,1.531401384983590363e-09,4.026257110807819082e-07,1.855768015645526747e-08
2.281000000000000000e+03,1.530168218120703170e-09,3.952698228599929827e-07,1.842825901919144169e-08
2.282000000000000000e+03,1.528936098622456931e-09,3.879484772173567116e-07,1.830365018289379970e-08
2.283000000000000000e+03,1.527705389096262405e-09,3.806768973945258826e-07,1.818378366660781529e-08
2.284000000000000000e+03,1.526476450976889128e-09,3.734702551730911235e-07,1.806858722042819002e-08
2.285000000000000000e+03,1.525248554541289427e-09,3.663435879883272266e-07,1.795798212379152791e-08
2.286000000000000000e+03,1.524022424554416233e-09,3.593121540494012754e-07,1.785190039415226121e-08
2.287000000000000000e+03,1.522797332462525422e-09,3.523909077128853770e-07,1.775025909830411265e-08
2.288000000000000000e+03,1.521573639408077444e-09,3.455950634731907826e-07,1.765298811291872532e-08
2.289000000000000000e+03,1.520351705367575565e-09,3.389397888955935726e-07,1.756001512801225928e-08
2.290000000000000000e+03,1.519130803536226227e-09,3.324401296145257077e-07,1.747126154729713564e-08
2.291000000000000000e+03,1.517911655764093629e-09,3.261113316467671581e-07,1.738665921465830816e-08
2.292000000000000000e+03,1.516693536409027305e-09,3.199683652523776728e-07,1.730612542411067028e-08
2.293000000000000000e+03,1.515476805156887787e-09,3.140264367452482296e-07,1.722958993686992085e-08
2.294000000000000000e+03,1.514261820534211791e-09,3.083007099379155646e-07,1.715698039544631092e-08
2.295000000000000000e+03,1.513047858637850916e-09,3.028062377818725071e-07,1.708821830246122859e-08
2.296000000000000000e+03,1.511835638419561878e-09,2.975582556273963464e-07,1.702323536528333745e-08
2.297000000000000000e+03,1.510624437132232055e-09,2.925717475134152200e-07,1.696194905618760654e-08
2.298000000000000000e+03,1.509414613013406898e-09,2.878619125905563327e-07,1.690428904563590165e-08
2.299000000000000000e+03,1.508206523147889705e-09,2.834439116074582030e-07,1.685018294009733774e-08
2.300000000000000000e+03,1.506999446517696694e-09,2.793328035000451103e-07,1.679955231795116870e-08
2.301000000000000000e+03,1.505794099274059152e-09,2.755404173563726698e-07,1.675230590382348352e-08
2.302000000000000000e+03,1.504589761955106144e-09,2.720647589912471525e-07,1.670824690400600998e-08
2.303000000000000000e+03,1.503386791846248812e-09,2.689006351118304311e-07,1.666716764120347115e-08
2.304000000000000000e+03,1.502185545086685702e-09,2.660428175722181036e-07,1.662885841673284544e-08
2.305000000000000000e+03,1.500985304015203303e-09,2.634859828470202106e-07,1.659310358488137016e-08
2.306000000000000000e+03,1.499786782324139268e-09,2.612249653855813788e-07,1.655969739768175706e-08
2.307000000000000000e+03,1.498589263495249097e-09,2.592543804195148802e-07,1.652842027771358458e-08
2.308000000000000000e+03,1.497393460079207758e-09,2.575690616007513727e-07,1.649906646549975652e-08
2.309000000000000000e+03,1.496198656698150066e-09,2.561636875881920329e-07,1.647142034834874554e-08
2.310000000000000000e+03,1.495005208635041512e-09,2.550330294698472740e-07,1.644527221732859683e-08
2.311000000000000000e+03,1.493813470035708750e-09,2.541718880157840075e-07,1.642041430714103915e-08
2.312000000000000000e+03,1.492622727228008086e-09,2.535748821814129519e-07,1.639662710994858040e-08
2.313000000000000000e+03,1.491433689919765534e-09,2.532368431243735991e-07,1.637370481756252020e-08
2.314000000000000000e+03,1.490245645572764708e-09,2.531524507287770435e-07,1.635143184923238449e-08
2.315000000000000000e+03,1.489059302762200507e-09,2.533165357980315868e-07,1.632960237252446502e-08
2.316000000000000000e+03,1.487873950081213595e-09,2.537237179624751820e-07,1.630799692452193157e-08
2.317000000000000000e+03,1.486689940826171352e-09,2.543687977913177647e-07,1.628640772518378538e-08
2.318000000000000000e+03,1.485507627165293980e-09,2.552465459522214424e-07,1.626462503645243012e-08
2.319000000000000000e+03,1.484326299383955420e-09,2.563516420277915909e-07,1.624243330500870924e-08
2.320000000000000000e+03,1.483146663236984386e-09,2.576789179912623334e-07,1.621962666053068079e-08
2.321000000000000000e+03,1.481968010134716732e-09,2.592229917005937207e-07,1.619598569344938995e-08
2.322000000000000000e+03,1.480791044708302629e-09,2.609786956140468762e-07,1.617130452572127955e-08
2.323000000000000000e+03,1.479615059490492954e-09,2.629407080786759387e-07,1.614536762694659764e-08
2.324000000000000000e+03,1.478440757991304160e-09,2.651038634434035321e-07,1.611796909295083056e-08
2.325000000000000000e+03,1.477267433863361873e-09,2.674627762501966438e-07,1.608888956243850648e-08
2.326000000000000000e+03,1.476095437871897191e-09,2.700122494645231114e-07,1.605792120885269731e-08
2.327000000000000000e+03,1.474925119665439324e-09,2.727470559029109313e-07,1.602485426814835944e-08
2.328000000000000000e+03,1.473755774571679244e-09,2.756618712575627931e-07,1.598947324512648799e-08
2.329000000000000000e+03,1.472588103308879814e-09,2.787515344503646492e-07,1.595157218096366122e-08
2.330000000000000000e+03,1.471421402318286270e-09,2.820106537697804274e-07,1.591093179232939612e-08
2.331000000000000000e+03,1.470256371205877141e-09,2.854340692525980617e-07,1.586734610728390950e-08
2.332000000000000000e+03,1.469092307523933367e-09,2.890164536758023526e-07,1.582059966793359211e-08
2.333000000000000000e+03,1.467929909768663772e-09,2.927526507549624266e-07,1.577048645593825218e-08
2.334000000000000000e+03,1.466768476600873682e-09,2.966372622836693839e-07,1.571678727227546458e-08
2.335000000000000000e+03,1.465608705409511260e-09,3.006651333234659795e-07,1.565929608112403775e-08
2.336000000000000000e+03,1.464449895961400274e-09,3.048309331199281196e-07,1.559779747353476501e-08
2.337000000000000000e+03,1.463292395962990887e-09,3.091294374065536183e-07,1.553208165161494121e-08
2.338000000000000000e+03,1.462136552017843634e-09,3.135554612946636071e-07,1.546194062944080789e-08
2.339000000000000000e+03,1.460981665547129650e-09,3.181035968582708422e-07,1.538715535142420298e-08
2.340000000000000000e+03,1.459828431182573747e-09,3.227686966202775212e-07,1.530751967253731043e-08
2.341000000000000000e+03,1.458676151445133939e-09,3.275454246681312925e-07,1.522281826631502836e-08
2.342000000000000000e+03,1.457525519867999479e-09,3.324286385348634565e-07,1.513284490267621295e-08
2.343000000000000000e+03,1.456375840069432887e-09,3.374129214327738124e-07,1.503738067905706555e-08
2.344000000000000000e+03,1.455227804486567745e-09,3.424931326508144538e-07,1.493621933364940718e-08
2.345000000000000000e+03,1.454080717832495534e-09,3.476639316518308131e-07,1.482914562692198111e-08
2.346000000000000000e+03,1.452935271450765577e-09,3.529201831799958663e-07,1.471595318893333672e-08
2.347000000000000000e+03,1.451790771146829181e-09,3.582564607946222043e-07,1.459642331117504439e-08
2.348000000000000000e+03,1.450647907173118059e-09,3.636676311291297585e-07,1.447034958368009756e-08
2.349000000000000000e+03,1.449505986424979796e-09,3.691483486662253303e-07,1.433751687598048548e-08
2.350000000000000000e+03,1.448365698066188324e-09,3.746934858494146100e-07,1.419771864326469307e-08
2.351000000000000000e+03,1.447226350015363898e-09,3.802959463785220790e-07,1.405086166602583619e-08
2.352000000000000000e+03,1.446088630029233199e-09,3.859423068145642958e-07,1.389736558697673381e-08
2.353000000000000000e+03,1.444951846790565930e-09,3.916172589481960128e-07,1.373776689352890864e-08
2.354000000000000000e+03,1.443816686908161642e-09,3.973057258417027336e-07,1.357261031050350967e-08
2.355000000000000000e+03,1.442682460147340951e-09,4.029923026340038666e-07,1.340242914577415774e-08
2.356000000000000000e+03,1.441549852035583545e-09,4.086619144512783648e-07,1.322776806404236440e-08
2.357000000000000000e+03,1.440418173418325527e-09,4.142992477478505431e-07,1.304916370710080209e-08
2.358000000000000000e+03,1.439288108744156152e-09,4.198892337525318175e-07,1.286716055154662697e-08
2.359000000000000000e+03,1.438158969936202131e-09,4.254164568858431124e-07,1.268229223502375971e-08
2.360000000000000000e+03,1.437031098041818530e-09,4.308657990747161415e-07,1.249510167940264990e-08
2.361000000000000000e+03,1.435904833033701423e-09,4.362220955227324080e-07,1.230613016267131885e-08
2.362000000000000000e+03,1.434779488446981309e-09,4.414700261743329697e-07,1.211591454116499885e-08
2.363000000000000000e+03,1.433655746043601416e-09,4.465945320455411031e-07,1.192499895524242562e-08
2.364000000000000000e+03,1.432532920430351875e-09,4.515801848048900440e-07,1.173391748636518117e-08
2.365000000000000000e+03,1.431411521805379663e-09,4.564119273307434935e-07,1.154321420556585017e-08
2.366000000000000000e+03,1.430291206964791068e-09,4.610744347686871403e-07,1.135342614811150547e-08
2.367000000000000000e+03,1.429172484905173611e-09,4.655526552013780920e-07,1.116509717972897023e-08
2.368000000000000000e+03,1.428054672369449110e-09,4.698311511759980529e-07,1.097876174223040457e-08
2.369000000000000000e+03,1.426938447915393971e-09,4.738948724065642291e-07,1.079496363294084168e-08
2.370000000000000000e+03,1.425823129350417990e-09,4.777284898557544237e-07,1.061424006359425300e-08
2.371000000000000000e+03,1.424709394169011491e-09,4.813169576184135112e-07,1.043713463361325609e-08
2.372000000000000000e+03,1.423596900366624821e-09,4.846448883219630205e-07,1.026418335481163171e-08
2.373000000000000000e+03,1.422485306999043859e-09,4.876970641616540642e-07,1.009592609378377027e-08
2.374000000000000000e+03,1.421375289970269490e-09,4.904584428387488844e-07,9.932906263165159533e-09
2.375000000000000000e+03,1.420266169738557777e-09,4.929135747384853366e-07,9.775658893856185267e-09
2.376000000000000000e+03,1.419158621150534347e-09,4.950474185798869944e-07,9.624727339135892654e-09
2.377000000000000000e+03,1.418051965720666266e-09,4.968446401842516798e-07,9.480649088913150654e-09
2.378000000000000000e+03,1.416946877240554749e-09,4.982902005822172893e-07,9.343967333803687312e-09
2.379000000000000000e+03,1.415842678278531152e-09,4.993686461802108282e-07,9.215217389249700971e-09
2.380000000000000000e+03,1.414740041573513822e-09,5.000649385563565034e-07,9.094942395923678309e-09
2.381000000000000000e+03,1.413638290745359550e-09,5.003637422393743533e-07,8.983679970978548679e-09
2.382000000000000000e+03,1.412538097482641633e-09,5.002500195776530299e-07,8.881973125293357796e-09
2.383000000000000000e+03,1.411438786454409651e-09,4.997083157389860017e-07,8.790357400416779324e-09
2.384000000000000000e+03,1.410341028301217262e-09,4.987235930619568789e-07,8.709375769784676555e-09
2.385000000000000000e+03,1.409244148738984937e-09,4.972805162688184350e-07,8.639565944460558100e-09
2.386000000000000000e+03,1.408148817362565696e-09,4.953640466660200702e-07,8.581470810217289005e-09
2.387000000000000000e+03,1.407054360932436657e-09,4.929587313869859452e-07,8.535626059811447537e-09
2.388000000000000000e+03,1.405961448000060726e-09,4.900495310840526313e-07,8.502574557159623056e-09
2.389000000000000000e+03,1.404869406368164659e-09,4.866211123911592422e-07,8.482854065670820458e-09
2.390000000000000000e+03,1.403778903547123499e-09,4.826584328650616583e-07,8.477007412989633510e-09
2.391000000000000000e+03,1.402689268379614906e-09,4.781460452731645024e-07,8.485570351718765713e-09
2.392000000000000000e+03,1.401601167337222518e-09,4.730689057867867614e-07,8.509085706320289678e-09
2.393000000000000000e+03,1.400513930300282162e-09,4.674116849017509534e-07,8.548091242752016809e-09
2.394000000000000000e+03,1.399428222703874469e-09,4.611593333692994272e-07,8.603129809855590010e-09
2.395000000000000000e+03,1.398343708576579884e-09,4.542964678457089094e-07,8.674738145716799231e-09
2.396000000000000000e+03,1.397260052980642360e-09,4.468078745110817662e-07,8.763456017369491106e-09
2.397000000000000000e+03,1.396177919800659678e-09,4.386784967964021931e-07,8.869826349086333767e-09
2.398000000000000000e+03,1.395096641501138212e-09,4.298929075500344004e-07,8.994384728891393407e-09
2.399000000000000000e+03,1.394016880935856499e-09,4.204360473283260428e-07,9.137674117981646728e-09
2.400000000000000000e+03,1.392937971599021606e-09,4.102925987746384748e-07,9.300232142241081538e-09
2.401000000000000000e+03,1.391860575322851454e-09,3.994568463136444935e-07,9.482257295919363621e-09
2.402000000000000000e+03,1.390784026664000433e-09,3.879601508039396722e-07,9.682561792986969895e-09
2.403000000000000000e+03,1.389708986463379158e-09,3.758435626768231188e-07,9.899621095615328285e-09
2.404000000000000000e+03,1.388634790309840587e-09,3.631478987040822847e-07,1.013190494169911978e-08
2.405000000000000000e+03,1.387562098020229191e-09,3.499141962621816470e-07,1.037788902851269043e-08
2.406000000000000000e+03,1.386490576496836686e-09,3.361832331069435327e-07,1.063604181240228140e-08
2.407000000000000000e+03,1.385419893663235192e-09,3.219959216486414973e-07,1.090483528027857604e-08
2.408000000000000000e+03,1.384350707804361499e-09,3.073932844389418465e-07,1.118274541003644031e-08
2.409000000000000000e+03,1.383282357062279813e-09,2.924160789875200661e-07,1.146823901986915354e-08
2.410000000000000000e+03,1.382215498703438047e-09,2.771053225441493133e-07,1.175979219009303550e-08
2.411000000000000000e+03,1.381149471887291407e-09,2.615018546802827667e-07,1.205587423717402132e-08
2.412000000000000000e+03,1.380084932864015775e-09,2.456466761659728686e-07,1.235496155640574021e-08
2.413000000000000000e+03,1.379021221808245477e-09,2.295805734567447117e-07,1.265552041914804363e-08
2.414000000000000000e+03,1.377958993956092107e-09,2.133445415730838159e-07,1.295602733068501998e-08
2.415000000000000000e+03,1.376897918501492951e-09,1.969794819030443816e-07,1.325495448924708114e-08
2.416000000000000000e+03,1.375837665649709133e-09,1.805262311920407943e-07,1.355076924990123805e-08
2.417000000000000000e+03,1.374778889119879725e-09,1.640257669497199036e-07,1.384194844396609636e-08
2.418000000000000000e+03,1.373720931614957127e-09,1.475189552032006178e-07,1.412696090466534546e-08
2.419000000000000000e+03,1.372664445845505914e-09,1.310467557067252285e-07,1.440428377789499998e-08
2.420000000000000000e+03,1.371608775521973098e-09,1.146500090683069244e-07,1.467238236488127791e-08
2.421000000000000000e+03,1.370554572348529413e-09,9.836966907207925177e-08,1.492973391373218903e-08
2.422000000000000000e+03,1.369501507286064025e-09,8.224663681245240201e-08,1.517481061763009850e-08
2.423000000000000000e+03,1.368449252299154234e-09,6.632178976318460537e-08,1.540607915584018665e-08
2.424000000000000000e+03,1.367398457586452014e-09,5.063606415000285611e-08,1.562201705623405546e-08
2.425000000000000000e+03,1.366348469367632364e-09,3.523035276848642220e-08,1.582109273185077606e-08
2.426000000000000000e+03,1.365299936840374551e-09,2.014557496247563382e-08,1.600178394446518206e-08
2.427000000000000000e+03,1.364252207224261906e-09,5.422624207660895328e-09,1.616255522264002041e-08
2.428000000000000000e+03,1.363205928718151866e-09,-8.897585626367626027e-09,1.630188439582553927e-08
2.429000000000000000e+03,1.362160774036560632e-09,-2.277415302244347312e-08,1.641824362539795543e-08
2.430000000000000000e+03,1.361116416890149271e-09,-3.616616324947448651e-08,1.651009915657659007e-08
2.431000000000000000e+03,1.360073503983568982e-09,-4.903271789464350340e-08,1.657592897203009811e-08
2.432000000000000000e+03,1.359031385026780052e-09,-6.133290042431849992e-08,1.661420125254164929e-08
2.433000000000000000e+03,1.357990705730965568e-09,-7.302582628484808683e-08,1.662339405373464774e-08
2.434000000000000000e+03,1.356950816798502373e-09,-8.407055710408270044e-08,1.660197157872075516e-08
2.435000000000000000e+03,1.355912362949232126e-09,-9.442621259036163813e-08,1.654841188950413446e-08
2.436000000000000000e+03,1.354875018638136585e-09,-1.040518900873611606e-07,1.646118708889676395e-08
2.437000000000000000e+03,1.353838459308895474e-09,-1.129066460924718900e-07,1.633876341713472109e-08
2.438000000000000000e+03,1.352803328198313222e-09,-1.209496115199699677e-07,1.617961888262107023e-08
2.439000000000000000e+03,1.351768978480529373e-09,-1.281398524717821319e-07,1.598222174668296024e-08
2.440000000000000000e+03,1.350736052406290749e-09,-1.344365085494276202e-07,1.574504984945541063e-08
2.441000000000000000e+03,1.349704225665802747e-09,-1.397986277969808607e-07,1.546656960817988046e-08
2.442000000000000000e+03,1.348673174932710755e-09,-1.441853021841169319e-07,1.514525325344074357e-08
2.443000000000000000e+03,1.347643540982612154e-09,-1.475556771641286155e-07,1.477957833060629336e-08
2.444000000000000000e+03,1.346614679448261772e-09,-1.498687773084524627e-07,1.436800984867248829e-08
2.445000000000000000e+03,1.345587230124435229e-09,-1.510837493578366332e-07,1.390902522540747333e-08
2.446000000000000000e+03,1.344560869929993953e-09,-1.511596877837650003e-07,1.340109643346489166e-08
2.447000000000000000e+03,1.343535276762028127e-09,-1.500556326415536521e-07,1.284269082151312837e-08
2.448000000000000000e+03,1.342511088947981404e-09,-1.477307320770562764e-07,1.223228531901146415e-08
2.449000000000000000e+03,1.341487664566194151e-09,-1.441440450679568194e-07,1.156834909244175150e-08
2.450000000000000000e+03,1.340465640968476751e-09,-1.392547173306824478e-07,1.084935841913995534e-08
2.451000000000000000e+03,1.339444696446670242e-09,-1.330372107530951632e-07,1.007450629276167400e-08
2.452000000000000000e+03,1.338424510869016147e-09,-1.255277176456662859e-07,9.245890054863055436e-09
2.453000000000000000e+03,1.337405721032731062e-09,-1.167778920931128302e-07,8.366335056660521524e-09
2.454000000000000000e+03,1.336387688353831814e-09,-1.068392856729848120e-07,7.438659151332771779e-09
2.455000000000000000e+03,1.335371048659039967e-09,-9.576354923821263905e-08,6.465687370020052411e-09
2.456000000000000000e+03,1.334355482210058739e-09,-8.360228790262454539e-08,5.450241403554912102e-09
2.457000000000000000e+03,1.333340670236533284e-09,-7.040708080302401585e-08,4.395141339524652758e-09
2.458000000000000000e+03,1.332327247113279499e-09,-5.622956678753272269e-08,3.303211158763161920e-09
2.459000000000000000e+03,1.331314576676173810e-09,-4.112133991569047363e-08,2.177271982731059629e-09
2.460000000000000000e+03,1.330303292334648231e-09,-2.513402375416344030e-08,1.020146617093320493e-09
2.461000000000000000e+03,1.329293075559698543e-09,-8.319212426085964281e-09,-1.653436915316402621e-10
2.462000000000000000e+03,1.328283608785164751e-09,9.271479293791774277e-09,-1.376376497666792407e-09
2.463000000000000000e+03,1.327275523976219661e-09,2.758644599725851125e-08,-2.610130273825387862e-09
2.464000000000000000e+03,1.326268187375855754e-09,4.657407014916570468e-08,-3.863782051030101150e-09
2.465000000000000000e+03,1.325262229988945599e-09,6.618275299178063890e-08,-5.134510748465826997e-09
2.466000000000000000e+03,1.324257334489409277e-09,8.636089295908407068e-08,-6.419494808955770349e-09
2.467000000000000000e+03,1.323253184508939863e-09,1.070568506657609636e-07,-7.715909929782818749e-09
2.468000000000000000e+03,1.322250409615757468e-09,1.282190485082465627e-07,-9.020936399707950406e-09
2.469000000000000000e+03,1.321248693202493764e-09,1.497958856233369787e-07,-1.033175268188230611e-08
2.470000000000000000e+03,1.320247719616523662e-09,1.717357001009145726e-07,-1.164553308337335263e-08
2.471000000000000000e+03,1.319248116993958104e-09,1.939869371573415696e-07,-1.295945929929526489e-08
2.472000000000000000e+03,1.318249255402835472e-09,2.164979448803902887e-07,-1.427070640371131283e-08
2.473000000000000000e+03,1.317251762027044925e-09,2.392171924248988039e-07,-1.557645750494386850e-08
2.474000000000000000e+03,1.316255321452021886e-09,2.620929942373983422e-07,-1.687388551298999569e-08
2.475000000000000000e+03,1.315259619212919272e-09,2.850737340224163995e-07,-1.816016797766353846e-08
2.476000000000000000e+03,1.314265281069058063e-09,3.081079055921676103e-07,-1.943248940549673303e-08
2.477000000000000000e+03,1.313271992318540447e-09,3.311437990309309988e-07,-2.068802132441456487e-08
2.478000000000000000e+03,1.312279439206179921e-09,3.541297981335662601e-07,-2.192394130727324143e-08
2.479000000000000000e+03,1.311288246071235565e-09,3.770144215413552825e-07,-2.313743521389445425e-08
2.480000000000000000e+03,1.310298098922221224e-09,3.997459348046342734e-07,-2.432567323505151769e-08
2.481000000000000000e+03,1.309308684711368906e-09,4.222727219746026794e-07,-2.548583297572054544e-08
2.482000000000000000e+03,1.308320626362365310e-09,4.445433261952778116e-07,-2.661510157685969488e-08
2.483000000000000000e+03,1.307333299150207258e-09,4.665059332311213342e-07,-2.771064466287185264e-08
2.484000000000000000e+03,1.306347325057354964e-09,4.881090942904698226e-07,-2.876964978404573052e-08
2.485000000000000000e+03,1.305362391271352639e-09,5.093012094609314866e-07,-2.978929535897528712e-08
2.486000000000000000e+03,1.304378185918495643e-09,5.300304891337858522e-07,-3.076674878372329526e-08
2.487000000000000000e+03,1.303395329573124085e-09,5.502455078102927353e-07,-3.169919875114926273e-08
2.488000000000000000e+03,1.302413510127219319e-09,5.698946652294950649e-07,-3.258382364268424593e-08
2.489000000000000000e+03,1.301432416408546956e-09,5.889261502732566177e-07,-3.341778986365344506e-08
2.490000000000000000e+03,1.300452667587777857e-09,6.072885592473773430e-07,-3.419828711379173135e-08
2.491000000000000000e+03,1.299473952259104574e-09,6.249302913763271250e-07,-3.492249372828970948e-08
2.492000000000000000e+03,1.298495959949543852e-09,6.417995160189604960e-07,-3.558757528466303190e-08
2.493000000000000000e+03,1.297519308430536157e-09,6.578448492992111398e-07,-3.619072232659390841e-08
2.494000000000000000e+03,1.296543686996263435e-09,6.730146897609673904e-07,-3.672911313395498215e-08
2.495000000000000000e+03,1.295568785870785821e-09,6.872571897245057090e-07,-3.719991264661292869e-08
2.496000000000000000e+03,1.294595221430734045e-09,7.005209826474623408e-07,-3.760031206203671892e-08
2.497000000000000000e+03,1.293622375491299435e-09,7.127542963952878229e-07,-3.792748055851612838e-08
2.498000000000000000e+03,1.292650863501689194e-09,7.239057787276810941e-07,-3.817860976722418449e-08
2.499000000000000000e+03,1.291680375917824662e-09,7.339235679579804120e-07,-3.835086421046126403e-08
2.500000000000000000e+03,1.290710604120611975e-09,7.427560536220808398e-07,-3.844142190776547273e-08
