ell,TT_locked,EE_locked,BB_locked,TE_locked,TT_control,EE_control,BB_control,TE_control
0.0,0.0,0.0,0.0,0.0,0.0,0.0,0.0,0.0
1.0,0.0,0.0,0.0,0.0,0.0,0.0,0.0,0.0
2.0,1250.6297474957998,0.02829358341014107,1.7214443677067845e-06,3.0096751424180654,974.0914518452947,0.028964451469424415,1.6725435431433607e-06,2.478015836818004
3.0,1198.885905594323,0.035875796644545425,3.4433118337104575e-06,3.3134997844181404,922.236901810442,0.03743796228523932,3.345512951414527e-06,2.788779562156821
4.0,1145.5092162524788,0.030677505802312384,5.73978996466976e-06,3.066245393256121,872.951769464944,0.03270690834275317,5.576797873340765e-06,2.61984135915702
5.0,1104.6696607763229,0.020196523713812874,8.611433700020148e-06,2.587732831380612,836.112441617871,0.022025399822318565,8.366956651944798e-06,2.235960888476595
6.0,1076.3523461573925,0.011179394346039415,1.2058928844622824e-05,2.0743575551561393,810.9819646853779,0.012418256913257038,1.1716679100882905e-05,1.8061454954626033
7.0,1057.6146134469402,0.006046128733054272,1.608308688987091e-05,1.628042219754415,794.8822843227856,0.006721765173127185,1.56267811636527e-05,1.4220075880941054
8.0,1045.6183482156616,0.003949161430192586,2.0684838972668248e-05,1.2913781365225443,785.2333694100705,0.004310396340887444,2.00981986784542e-05,1.1253875821853296
9.0,1039.1401068694754,0.0031863165090273145,2.586522886581004e-05,1.0701708851413012,780.8326343719832,0.0034529835102652287,2.513198015130434e-05,0.9259994461526376
10.0,1036.3218667872632,0.0027049297372747885,3.162540523219187e-05,0.9486055489832381,780.1549205717084,0.002959751081953095,3.072927875411664e-05,0.8132644921642298
11.0,1035.9782886962569,0.0022734823346012207,3.796661308455798e-05,0.9051990261981954,782.0872289561743,0.0025051927411619823,3.689134350847475e-05,0.7700321119769974
12.0,1038.1325241082402,0.0020006038994699027,4.489018457301512e-05,0.9173563532990439,786.4924866077074,0.002190506614211334,4.361950976910599e-05,0.7770352551062729
13.0,1041.9830351160779,0.0019414514231248208,5.23975291476675e-05,0.963619405364543,792.7609020084934,0.002102752188239951,5.091518905995388e-05,0.8148555257451214
14.0,1046.446013889976,0.0020314524886304794,6.049012327185324e-05,1.0279094127004231,800.0257645442675,0.0021927744632036085,5.877985843514538e-05,0.8681740415170893
15.0,1051.5567029826063,0.002197913797618325,6.916949966986076e-05,1.0994992026249815,808.2081098029713,0.0023750746644539164,6.721504935759655e-05,0.9262913393061475
16.0,1057.7398373235624,0.0024372467444315348,7.843723618069294e-05,1.174636259430327,817.5577726339612,0.0026277285652999915,7.622233616062985e-05,0.9849251129360936
17.0,1064.9596471171335,0.0027874379932356975,8.829494452946546e-05,1.2539048190722448,828.0351194784282,0.00298517054917832,8.580332441210814e-05,1.044291685686147
18.0,1071.6531744566332,0.0032755808310914,9.874425881241296e-05,1.336276109248858,838.451368006699,0.0034843016969643655,9.595963897658454e-05,1.103546557793006
19.0,1080.7057989939508,0.003911698179693158,0.00010978682394546755,1.4277035034002667,850.9638962043279,0.00414488678557644,0.0001066929120349774,1.1683183313337062
20.0,1089.2576924530215,0.004674417336154256,0.00012142428434442044,1.52328268726734,863.347160427919,0.004945909742526509,0.00011800477130618738,1.2348115546179035
21.0,1097.7943187812064,0.00555447403072368,0.00013365827243564938,1.6239820812863195,876.101842768084,0.005874993345086559,0.00012989682812384492,1.3047855212387036
22.0,1106.6320023112619,0.006561134334595068,0.000146490397665476,1.727010578474539,889.3258903551719,0.0069391333764764074,0.00014237066598262783,1.3759991671012597
23.0,1115.3701384076633,0.00769026583440277,0.0001599222358723028,1.83140045867872,902.6123824316217,0.008136520739384022,0.00015542782943642072,1.4478730548353616
24.0,1124.2710538155256,0.008941582781850132,0.0001739553190807778,1.9360143505936167,916.2591265005149,0.009469114613272996,0.0001690698134206932,1.5195015611718772
25.0,1133.5412590616952,0.010312675636786336,0.00018859112575407737,2.0327558628081315,930.4632409630333,0.0109318432546299,0.00018329805305166327,1.5825556600618929
26.0,1142.760964063543,0.011810557368726892,0.0002038310711337956,2.1244129662016595,944.7865701754154,0.01252841141139957,0.0001981139135496842,1.6394860485421272
27.0,1152.2700380439335,0.013457422890751912,0.00021967649949139768,2.211313366178483,959.5595976729356,0.014280028865579495,0.00021351868197449844,1.6903289797779588
28.0,1161.83105473073,0.015257427389798395,0.00023612867591072732,2.288893527226313,974.5379281061689,0.01619102712936959,0.00022951355860942064,1.7302450024765896
29.0,1171.4433601902035,0.017226108595677254,0.00025318877954448154,2.364723169352173,989.7146258005818,0.018279443031308597,0.0002460996497684782,1.7665442404575031
30.0,1181.382611576952,0.01937861074746368,0.00027085789787151076,2.4338875458317375,1005.3596702255144,0.020563190908892255,0.00026327796162795675,1.7941831875931968
31.0,1190.9878463584068,0.02170798541359448,0.0002891370207408109,2.503387116417004,1020.8081508341996,0.02303685369966232,0.00028104939389867405,1.8205405668422552
32.0,1200.9945846809765,0.02423355747331796,0.00030802703707275464,2.5646638367846504,1036.7912365082111,0.025720773377817332,0.00029941473610850446,1.8375092417493928
33.0,1210.8834115500003,0.02693440348994387,0.0003275287319452747,2.619396452903389,1052.781819094108,0.028594225287055623,0.00031837466433279007,1.8470024170547257
34.0,1220.679975032628,0.029848780320773358,0.000347642783283068,2.6722205992055788,1068.7973298532631,0.031695669797699944,0.0003379297375580905,1.853821601087884
35.0,1231.0817613391027,0.0329546680635127,0.00036836976154027416,2.712388841999854,1085.5282862469444,0.035004127826126635,0.00035808039702528617,1.847327338432664
36.0,1241.2632495844969,0.03625042450761639,0.00038971012994007073,2.747763580498667,1102.143005217153,0.03851857733483599,0.0003788269661981788,1.8354051525118371
37.0,1251.5908125311823,0.039766924849618746,0.0004116642446892904,2.772099509049302,1119.003676298828,0.04226799387367154,0.0004001696506990127,1.811551336047256
38.0,1262.0079614412866,0.04350618168014842,0.000434232357314417,2.787591782638843,1136.0499945592471,0.046252582564960405,0.0004221085404101429,1.7776774602492196
39.0,1272.4719217100603,0.04746961918341945,0.00045741461735172487,2.794698520343453,1153.2348590078918,0.050474848734137955,0.000444643611958368,1.73413885258716
40.0,1283.0120604451936,0.05166113256388272,0.00048121107875669463,2.792422208113824,1170.5831826276199,0.05494049084729362,0.0004677747349667785,1.679880407229034
41.0,1293.6308769370419,0.056084985534201326,0.000505621700901551,2.7801410908548823,1188.0929370793729,0.0596553923682682,0.0004915016728910087,1.6142610302698877
42.0,1304.334820787295,0.0607463973293521,0.000530646356752723,2.7586694974365455,1205.7657510549852,0.06462565837101956,0.0005158240911028128,1.538228716618198
43.0,1315.1183302751715,0.06565065855514436,0.0005562848392480262,2.7287815290358095,1223.5911684798275,0.06985728178630221,0.0005407415631846369,1.452729486259999
44.0,1326.0129862973856,0.07080090510127857,0.000582536870022371,2.6896467968694937,1241.595875754092,0.0753541007796504,0.0005662535796515891,1.35710487121616
45.0,1337.0652271869264,0.0761974495976025,0.0006094021050101497,2.640130383688727,1259.821416605909,0.0811171302060879,0.0005923595535109708,1.250391876907794
46.0,1348.2284567750069,0.08183928700175867,0.0006368801452319518,2.579631208081806,1278.2165355414347,0.08714579473802131,0.0006190588311178639,1.1321184000133915
47.0,1359.4924982134123,0.08773187982969971,0.0006649705458019855,2.5078263424516476,1296.7673377614888,0.09344489671969484,0.0006463507012413683,1.001918707377865
48.0,1370.8432800539063,0.09387543592271377,0.0006936728258606253,2.424443852116801,1315.4562692201048,0.10001371130764981,0.0006742344051157509,0.8594351138796285
49.0,1382.2815876847008,0.10026941984498848,0.0007229864782941326,2.3292861194861785,1334.2806327457345,0.1068507703254172,0.0007027091462893325,0.7043842527508262
50.0,1393.8750616194188,0.10692443825888855,0.0007529109832971419,2.222294470361751,1353.304586367602,0.11396574763778024,0.000731774104407706,0.5366217017131044
51.0,1405.6919764448496,0.11384994301005366,0.0007834458149143293,2.103592401786049,1372.5929941668564,0.12136767422886476,0.0007614284419308881,0.3562085287546939
52.0,1417.6768614960636,0.1210463108944728,0.0008145904550664073,1.9738299457009367,1392.087262587049,0.12905855394985105,0.0007916713184339037,0.16382560991720976
53.0,1429.7525947992567,0.1285083069274492,0.0008463444039988316,1.833578866145288,1411.7072188139243,0.13703529080613408,0.0008225019013372869,-0.03990112798493911
54.0,1441.894052145877,0.1362314386309703,0.0008787071915400528,1.682551795051566,1431.424688017876,0.14529553125061323,0.0008539193774806572,-0.255204889845372
55.0,1454.0909651816055,0.14421269889933439,0.0009116783881362272,1.5200917597109587,1451.2263514761112,0.15383840704918647,0.0008859229645138144,-0.48268848497668193
56.0,1466.4524003974525,0.15244418203228854,0.0009452576156207002,1.3450088211521232,1471.2182262246715,0.1626575389732066,0.0009185119220474424,-0.7234884996153954
57.0,1479.089352104518,0.16092513084289245,0.0009794445564083427,1.156545947645738,1491.5082599510697,0.17175124688537385,0.0009516855612512719,-0.9783118557170053
58.0,1491.9721569108708,0.16965880364238617,0.0010142389662598623,0.9547336027161424,1512.0637436102168,0.18112125374728924,0.000985443258060118,-1.247078790983424
59.0,1505.0265799001284,0.17864920142720153,0.0010496406821759309,0.7398897530705156,1532.8073969985307,0.190770025147865,0.0010197844615310204,-1.529422040386566
60.0,1518.2452397629459,0.18789289673623247,0.0010856496318495895,0.5127483778787252,1553.7287939077817,0.2006925981614552,0.0010547087037765348,-1.824558327044496
61.0,1531.6446946831675,0.19738619842079347,0.001122265842472953,0.27397637639953065,1574.8415703911587,0.2108841431167902,0.001090215609286071,-2.1317798671377433
62.0,1545.2258404337747,0.20712436081667768,0.0011594894484118067,0.02361569531117934,1596.1441899568572,0.22134036376407845,0.001126304903121282,-2.4510374799004855
63.0,1558.998655394756,0.21710311750367245,0.0011973206988685331,-0.23846279815384933,1617.6443215184788,0.2320578400421816,0.001162976419128681,-2.782461477436924
64.0,1572.9582593306136,0.22731745931259675,0.0012357599639002497,-0.5123807888171408,1639.3347758225655,0.24303240908936355,0.0012002301065175268,-3.126174725058425
65.0,1587.1220550829785,0.23776460571802024,0.0012748077408902187,-0.798319370130408,1661.2306471483116,0.25426213663783614,0.0012380660369038063,-3.4823594979719115
66.0,1601.523174473273,0.24843566553299887,0.00131446465784947,-1.0965302534720545,1683.3628000501992,0.26573877297111714,0.001276484408200237,-3.851260092771191
67.0,1616.1536743623847,0.25932404645381746,0.0013547314795814532,-1.4067082699774422,1705.721187926686,0.2774555482528197,0.0013154855513655423,-4.2325295356371795
68.0,1630.9916271475388,0.2704207598049898,0.0013956091096862236,-1.72840344955993,1728.2818210056244,0.2894030914921164,0.0013550699330250751,-4.6256674551584815
69.0,1646.0076748175095,0.28171904578591234,0.001437098593284035,-2.061195523371641,1751.0132795570996,0.30157426053227887,0.0013952381587866523,-5.030203182766328
70.0,1661.1873140205298,0.2932128878626286,0.0014792011181548551,-2.4048573490712726,1773.8989989519253,0.3139626564450857,0.0014359909749819219,-5.445859178057923
71.0,1676.5180517397666,0.3048987230153757,0.0015219180153380443,-2.759380523880022,1796.9243975631127,0.32656435366000564,0.0014773292698978123,-5.872583467862791
72.0,1692.0994392749424,0.3167731440056449,0.0015652507598248363,-3.125460779868339,1820.1868274475607,0.3393756618708552,0.0015192540750428296,-6.311055519461592
73.0,1708.0256100192908,0.32883148306273224,0.001609200968664138,-3.5037525996109435,1843.7781953889237,0.35239165008865087,0.0015617665638754377,-6.761920378361721
74.0,1724.2866986381491,0.3410631304241382,0.0016537703996398407,-3.893840779042901,1867.686409816512,0.36560144530622407,0.0016048680510627829,-7.224753405196184
75.0,1740.8654097108804,0.35345673424716134,0.0016989609487987522,-4.294975835758337,1891.8919494235613,0.37899343241298333,0.0016485599906009831,-7.698795684020993
76.0,1757.7044339940153,0.36599912541297186,0.0017447746468815931,-4.7064129654327695,1916.335392114465,0.3925541548517773,0.0016928439728175952,-8.183287155198256
77.0,1774.690408872818,0.3786817486587461,0.0017912136561496483,-5.126891239332857,1940.901713558444,0.40627467330295214,0.0017377217217578887,-8.6769283423015
78.0,1791.8259535004784,0.3914949744148736,0.0018382802662410304,-5.556246377567252,1965.5919841688676,0.4201449499762889,0.0017831950915780503,-9.179510595919828
79.0,1809.1731125653776,0.4044299169742961,0.0018859768861746928,-5.9946112382206715,1990.466700129188,0.43415569093408474,0.0018292660591647104,-9.691122406281645
80.0,1826.7716445789151,0.41747769172003274,0.0019343060443257568,-6.442267251992983,2015.5640716482344,0.44829760332218654,0.00187593672449952,-10.212000837848311
81.0,1844.6606199658409,0.4306288182370606,0.0019832703786809955,-6.899227600834779,2040.92167026684,0.4625607788137653,0.0019232093014981092,-10.742117774802944
82.0,1862.854074842836,0.4438729151690612,0.0020328726319611217,-7.365175286603812,2066.5522303516304,0.47693432945523706,0.001971086113596944,-11.28112719036468
83.0,1881.3282157994631,0.457197519824534,0.0020831156456292575,-7.839896483218646,2092.4307060922415,0.4914052662899326,0.0020195695882219192,-11.82878929816576
84.0,1900.0815339686587,0.4705909137081273,0.002134002353384907,-8.322880242793381,2118.554336287611,0.5059613445641385,0.0020686622507244505,-12.384567191416368
85.0,1919.1050917878372,0.4840406369163812,0.0021855357744178638,-8.813987048814194,2144.9129310729595,0.5205895781261112,0.0021183667180503622,-12.948295396014048
86.0,1938.3947992571816,0.4975367279913154,0.0022377190071052326,-9.312666511549837,2171.5011005773367,0.535279471938644,0.002168685692838009,-13.51939683204408
87.0,1957.921387236496,0.5110673294862665,0.002290555222304968,-9.818433224067602,2198.28808548617,0.5500186056153737,0.0022196219570919324,-14.097356468201776
88.0,1977.6678628181764,0.5246215968558575,0.0023440476573468767,-10.330762327053687,2225.2553550846014,0.5647955643465127,0.00227117836652098,-14.681619088070928
89.0,1997.6469467867769,0.538188687232444,0.002398199610358616,-10.849203265205066,2252.4140922544566,0.5795989350225252,0.002323357845196483,-15.271703780292407
90.0,2017.8639320171164,0.5517533024761561,0.0024530144336862326,-11.373454072404979,2279.7680518442853,0.5944128492870877,0.0023761633792901303,-15.867278223677756
91.0,2038.3306995134008,0.5653039677720948,0.0025084955294042547,-11.902999330401208,2307.3276795295146,0.6092252004041285,0.0024295980128612006,-16.467796620302497
92.0,2059.048339431161,0.5788274110726125,0.00256464634314974,-12.437658278545236,2335.093041351809,0.6240218375038307,0.0024836648419662615,-17.07304772861075
93.0,2080.0319586673622,0.5923104695896028,0.002621470360780684,-12.976962423924679,2363.0783227467673,0.6387886572766334,0.0025383670115554343,-17.682532550083696
94.0,2101.2743800302205,0.6057422109966089,0.0026789711039110734,-13.520740436567118,2391.2754248481315,0.6535137869109365,0.002593707711238937,-18.296049249931738
95.0,2122.7907124468447,0.619108733633344,0.0027371521262225906,-14.068523883122737,2419.6985346797383,0.6681823843001369,0.0026496901718030567,-18.913098890745964
96.0,2144.573780956416,0.6323976235626615,0.0027960170108318264,-14.619918646085578,2448.339555136018,0.6827810951020343,0.0027063176627643254,-19.533256851696983
97.0,2166.623840193705,0.6455957261101899,0.0028555693678388346,-15.174530642005692,2477.1978184559657,0.6972958242808202,0.0027635934901015175,-20.15609854673386
98.0,2188.9485744588615,0.6586891459059953,0.002915812832877714,-15.731965823208983,2506.2800862865897,0.711711736151077,0.0028215209949250647,-20.781199426300752
99.0,2211.525956022764,0.6716654754287964,0.0029767510660259414,-16.29175589601905,2535.5634079852102,0.7260154829241908,0.0028801035525740384,-21.40806069556587
100.0,2234.3711003223443,0.684514537876762,0.003038387751794189,-16.8534326059875,2565.061975815039,0.7401959475813755,0.002939344572703774,-22.03618359966967
101.0,2257.4768391879606,0.6972231873559739,0.0031007265988299447,-17.416527739623856,2594.767698176117,0.7542390440642941,0.002999247499107284,-22.665069425483743
102.0,2280.8434342599926,0.709770851899729,0.0031637713412588984,-17.980795976633594,2624.679913028752,0.7681232602964914,0.0030598158111657305,-23.294442353889032
103.0,2304.45629193998,0.7221592468962588,0.003227525740067611,-18.545472056622323,2654.7831028547166,0.7818493716132405,0.003121053025322216,-23.923506626531488
104.0,2328.3156767800006,0.7343603766600107,0.0032919935853424967,-19.110236466354205,2685.0766080598355,0.7953884423349483,0.003182962697404641,-24.551912233143327
105.0,2352.414426407132,0.7463685329029349,0.003357178699027576,-19.674546889949447,2715.55234191464,0.8087338242405762,0.0032455484254656337,-25.17908636181442
106.0,2376.7453798361894,0.7581705813497869,0.0034230849377877726,-20.237786777600927,2746.2022188861856,0.8218714431851096,0.0033088138527187223,-25.80438196779374
107.0,2401.301377420082,0.7697608184507196,0.0034897161968060865,-20.799562481284365,2777.018154610177,0.8347946558143513,0.0033727626714080065,-26.42737490929497
108.0,2426.067832438471,0.7811186863389262,0.0035570764138472166,-21.359331838931404,2807.984637503893,0.8474819645248307,0.003437398626937788,-27.04749253177508
109.0,2451.052444427052,0.7922384862361647,0.003625169573603212,-21.916478459599563,2839.1084421220007,0.8599267308716616,0.003502725522282743,-27.664087953219347
110.0,2476.2406289946134,0.8030996650523123,0.0036939997122643954,-22.470608859128046,2870.374059002197,0.8721074621705086,0.00356874722263148,-28.276737199921207
111.0,2501.6253278264035,0.813696532751511,0.003763570922308496,-23.02125527625824,2901.7735897427574,0.8840174861767818,0.003635467660238328,-28.88494290927906
112.0,2527.207298663914,0.8240234175498784,0.0038338873575771855,-23.56772695275055,2933.3072921457,0.8956499782175528,0.003702890839573739,-29.48798826968492
113.0,2552.979968422562,0.8340597972972491,0.003904953237886556,-24.10970455742922,2964.968178235963,0.9069832206444701,0.0037710208420065174,-30.085528785083287
114.0,2578.936764739921,0.8437925805425598,0.003976772854293537,-24.64657168766728,2996.7492607997324,0.9180029265915088,0.003839861831148029,-30.67692289006385
115.0,2605.0711158622894,0.8532235348635857,0.004049350573713356,-25.177860571876423,3028.6435533055187,0.9287096683077438,0.003909418057553652,-31.26167765250773
116.0,2631.3838788788694,0.862339573440624,0.0041226908436893155,-25.703103503929327,3060.651498173117,0.939089163734229,0.003979693863576437,-31.839300208169806
117.0,2657.86848290392,0.8711201833776746,0.004196798196134371,-26.22175856103211,3092.7661099904785,0.9491197048285325,0.004050693687209086,-32.409223478713585
118.0,2684.5109289594902,0.8795671390688723,0.004271677251647745,-26.733283888544833,3124.972975430772,0.958801870934708,0.004122422066492998,-32.97088045669545
119.0,2711.3120749103664,0.8876673604087902,0.004347332722678347,-27.237286268242634,3157.2725382209587,0.9681213869972982,0.00419488364279253,-33.52385277398979
120.0,2738.2653503003207,0.8954151977996853,0.004423769416584183,-27.733223985495528,3189.657814010638,0.9770714085724684,0.004268083163967515,-34.067573569131774
121.0,2765.3641845935185,0.9027975754032871,0.004500992237638368,-28.22055539739203,3222.121818644728,0.985637665083866,0.0043420254864965134,-34.601476055601886
122.0,2792.5945787208675,0.9098088477888776,0.0045790061883861964,-28.698887500787087,3254.6501397394627,0.9938133164749469,0.004416715576960103,-35.125142090031495
123.0,2819.95739003408,0.9164433715255157,0.004657816370661504,-29.16767879925516,3287.2432216641782,1.001591524805626,0.0044921585131869135,-35.638005039309114
124.0,2847.446047166125,0.922688076770062,0.004737427985286451,-29.626387870973783,3319.8940804273284,1.0089580258448985,0.004568359484092679,-36.13949834861173
125.0,2875.0465499514594,0.9285447522513568,0.004817846331035998,-30.074621936518906,3352.588303619837,1.0159134140597827,0.004645323788784881,-36.629204109341295
126.0,2902.7597544070663,0.9340003317979173,0.004899076802705802,-30.51191400905548,3385.3263354166193,1.0224434291479383,0.0047230568347737525,-37.10663020944882
127.0,2930.571659272764,0.9390566076630816,0.004981124888068624,-30.937722894939768,3418.0937631345087,1.0285486693678771,0.004801564135074442,-37.57121033416171
128.0,2958.4756910151286,0.943700517043353,0.005063996163948648,-31.351656044730028,3450.8836022507617,1.034214878062502,0.004880851304434422,-38.02252681710998
129.0,2986.4727037932767,0.9479338553943496,0.005147696290995548,-31.753246703080038,3483.6962963802384,1.0394426569803683,0.0049609240542543885,-38.460087790324906
130.0,3014.548694387125,0.9517435629401056,0.005232231007431216,-32.14195390903528,3516.517432211749,1.044217752790394,0.005041788186487812,-38.883327184629415
131.0,3042.6896967967814,0.9551313877322526,0.005317606122937908,-32.51738419575639,3549.332671826649,1.0485407243805709,0.005123449587667994,-39.29182718997178
132.0,3070.904181018532,0.9580988781136227,0.005403827508378043,-32.87906528717204,3582.150264619624,1.0524119480292091,0.005205914218779383,-39.68509423373237
133.0,3099.170940895945,0.9606326766519987,0.005490901087702734,-33.226598117872165,3614.948822003911,1.0558168986421583,0.005289188107302583,-40.062708719090296
134.0,3127.4910547011928,0.9627491403802912,0.005578832827304519,-33.559435133430405,3647.7292402722833,1.0587707657645367,0.0053732773366989535,-40.42410256486183
135.0,3155.850743433945,0.9644274855324042,0.005667628724220047,-33.8773259911628,3680.477558886673,1.0612515983221622,0.005458188034731531,-40.769004906289595
136.0,3184.251084286804,0.9656766425786307,0.005757294793995911,-34.17964900823572,3713.1946739309033,1.0632671596624552,0.005543926361453448,-41.0967735431672
137.0,3212.6782973227278,0.9664906860038952,0.005847837056774276,-34.466005429202646,3745.8666247720994,1.064810357338127,0.005630498495388653,-41.406989207378864
138.0,3241.126030617768,0.9668785475836909,0.005939261523134292,-34.736070858402755,3778.486879184197,1.0658889563884388,0.005717910619467894,-41.69930699528718
139.0,3269.580503665557,0.966834302854083,0.006031574178959186,-34.989446692247014,3811.0414767301554,1.066495865814402,0.005806168905966084,-41.973307799994565
140.0,3298.0502208956286,0.9663594560297624,0.006124780969260619,-35.22573440190035,3843.538742255133,1.0666314235018424,0.005895279500389341,-42.22857259398747
141.0,3326.513973350488,0.9654703682173416,0.006218887781688138,-35.44460981585393,3875.957287535731,1.0663108244395199,0.005985248505018596,-42.464756711657394
142.0,3354.9654089265487,0.9641536871735422,0.00631390042901371,-35.645600268379305,3908.2905814906794,1.0655195504818868,0.0060760819614211,-42.68136699769114
143.0,3383.4056041728995,0.9624183456126861,0.006409824631370836,-35.828456015896535,3940.539521947144,1.0642653686608947,0.00616778583268767,-42.87813322336303
144.0,3411.8133510477765,0.9602732760080654,0.006506665998142789,-35.99277881821407,3972.682722362853,1.0625560459913708,0.006260365985300349,-43.05463666768684
145.0,3440.1897271848025,0.9577125537405377,0.00660443000911037,-36.13809622068286,4004.7210820563264,1.060384492623299,0.00635382817023034,-43.21038439947148
146.0,3468.506097611963,0.9547525386948067,0.006703121996131704,-36.26423297026294,4036.625787888549,1.0577659034414155,0.006448178004552688,-43.34518069327884
147.0,3496.756113378703,0.9514021617014032,0.006802747123578521,-36.37064246246085,4068.3903128517554,1.0547080445101147,0.006543420951788514,-43.45845847624311
148.0,3524.925998333525,0.9476629243755396,0.006903310369841039,-36.45707529122141,4100.00070280804,1.0512112529148168,0.0066395623032852475,-43.54994787783612
149.0,3553.001977654628,0.9435437556539183,0.007004816508572573,-36.52313354619515,4131.443004980661,1.0472832933008391,0.006736607159316556,-43.61923052700081
150.0,3580.9702780306266,0.9390535832783584,0.00710727008981424,-36.56841937794265,4162.7032680954435,1.0429319293586194,0.006834560410029583,-43.66588811721532
151.0,3608.80950632572,0.9342011258956275,0.007210675421931707,-36.592678966302074,4193.759960378843,1.03816480225874,0.006933426717178308,-43.68964835257204
152.0,3636.527212015383,0.9289942696934238,0.007315036553491661,-36.59564016115512,4224.62065007101,1.0329890662907664,0.0070332104957745835,-43.69022852196605
153.0,3664.108468399932,0.9234481197693225,0.007420357256262739,-36.57702627067732,4255.27046848638,1.0274191812299964,0.007133915896823758,-43.66734335361946
154.0,3691.553207687181,0.9175777793355449,0.0075266410085074575,-36.53670922301036,4285.709405688492,1.0214696052076555,0.007235546790334067,-43.62085619874064
155.0,3718.853936101991,0.9113834928406768,0.007633890978881648,-36.47433814659687,4315.930025565226,1.0151399378315835,0.007338106748900066,-43.5504076117025
156.0,3746.01801908896,0.9048877875410437,0.007742110011431483,-36.38978506898511,4345.939750999152,1.0084520617560087,0.007441599032359514,-43.4558610486904
157.0,3773.0231113532463,0.8980909032178401,0.007851300611343657,-36.282773497052496,4375.71629387823,1.001405572396502,0.007546026573176323,-43.336931447770255
158.0,3799.876583794005,0.8910227904458803,0.007961464931836356,-36.153101265199936,4405.267082001644,0.9940297761959828,0.007651391962941678,-43.193408076929515
159.0,3826.5635251720814,0.8836836836069478,0.008072604762457566,-36.000566249490525,4434.577260722627,0.9863242636347501,0.007757697440252174,-43.025080248065514
160.0,3853.076455617396,0.8760960991569382,0.008184721517343226,-35.82504064875181,4463.63940643396,0.9783109074937318,0.007864944878529923,-42.83181159794179
161.0,3879.3930416705616,0.8682751220379428,0.008297816226017229,-35.626248131630035,4492.431241590853,0.9700041492621171,0.007973135776360375,-42.613317235101135
162.0,3905.5058097614574,0.8602358338414163,0.008411889524825305,-35.4041352516298,4520.9453481741075,0.9614184272955127,0.008082271248446838,-42.36953515477014
163.0,3931.4072895707286,0.8520081693211665,0.008526941649484131,-35.158351460092526,4549.174311039689,0.9525830333233852,0.008192352017658593,-42.10010625170912
164.0,3957.075157375181,0.8435923461032935,0.008642972429580457,-34.888917655186525,4577.095861255763,0.9434975421529315,0.008303378409008688,-41.80504286908104
165.0,3982.5093778283544,0.8350108629500687,0.008759981283489418,-34.595557627826466,4604.710017878554,0.9341838099263788,0.008415350344046207,-41.4840602442579
166.0,4007.695062221723,0.8262862145202186,0.008877967215692404,-34.27821804360966,4632.001946212536,0.9246636888742088,0.008528267337628886,-41.13709649065256
167.0,4032.6247535308216,0.8174408911812345,0.008996928814312244,-33.93677130620399,4658.964242859258,0.9149590271199584,0.008642128494900233,-40.764015461011
168.0,4057.290998043308,0.80849737882102,0.009116864250983821,-33.57131268873636,4685.589507351784,0.9050916684839232,0.008756932510597854,-40.36490387871491
169.0,4081.6863453203,0.7994781586605769,0.00923777128153045,-33.18171463013903,4711.870342126058,0.8950834522875069,0.00887267766915865,-39.9396256340514
170.0,4105.803348140988,0.7903982787172755,0.009359647247813874,-32.767923866504205,4737.799352479079,0.884948784807791,0.008989361845993653,-39.4881189155012
171.0,4129.6271340807,0.7812876386696984,0.009482489081170564,-32.32988714491117,4763.36171816395,0.8747169241333472,0.009106982510349785,-39.010321923509146
172.0,4153.16511882439,0.7721687046224096,0.009606293306731257,-31.86762550424359,4788.564906723675,0.8644096949196841,0.009225536729052134,-38.50624715125473
173.0,4176.395007612291,0.7630639372728812,0.009731056049025027,-31.381085705485063,4813.386674960168,0.8540489165466076,0.009345021171531251,-37.975832814911
174.0,4199.309365224454,0.7539957917296238,0.009856773038710263,-30.87028879601068,4837.8196389451,0.8436564029265574,0.009465432115990272,-37.41909141790868
175.0,4221.908187500131,0.7450015740328493,0.009983439619970131,-30.335404390361784,4861.86384556822,0.8332688190153168,0.009586765456235321,-36.836184031693136
176.0,4244.1767195617695,0.7360960809017344,0.010111050759115257,-29.77637611588857,4885.504616049201,0.8229004190630179,0.009709016709728348,-36.2270475021562
177.0,4266.108050964305,0.7273155146902847,0.010239601053748316,-29.19320934169504,4908.7352168898315,0.8125872571013208,0.009832181026209513,-35.59168746097554
178.0,4287.687948577958,0.7186809964320607,0.010369084742919232,-28.585980578172904,4931.5416170227545,0.8023504044364356,0.00995625319731976,-34.930182442761
179.0,4308.917038048592,0.7102136406928693,0.010499495717684416,-27.95469204130855,4953.924644052228,0.7922109259777581,0.010081227666655153,-34.242536688577886
180.0,4329.788518566714,0.7019494121028816,0.010630827532230228,-27.299494500381837,4975.877699061198,0.7822047367598104,0.010207098540386716,-33.528902993666975
181.0,4350.288162681286,0.6939168401405991,0.01076307341524157,-26.620538708133115,4997.386756464026,0.7723603167161023,0.010333859598155332,-32.789434137638544
182.0,4370.416601159825,0.6861444473206337,0.010896226281900215,-25.917901114412004,5018.452648906027,0.7627061388569311,0.010461504304608708,-32.02420859815313
183.0,4390.167037744041,0.6786533206846607,0.01103027874575758,-25.19173243031165,5039.068782058708,0.7532632407505079,0.010590025820838437,-31.233379115091967
184.0,4409.5252489548275,0.6714793966968664,0.011165223130752668,-24.442257625274426,5059.221134464139,0.7440675094087756,0.010719417015982035,-30.417172687701967
185.0,4428.491868948116,0.6646586043917925,0.011301051483331546,-23.669404506660264,5078.910542429666,0.7351548244258528,0.010849670478947668,-29.57551915420577
186.0,4447.052675920664,0.6582120085265519,0.011437755584044909,-22.873546551826205,5098.122986471625,0.7265462011210989,0.010980778529649496,-28.70879402392424
187.0,4465.208305321014,0.6521688373229637,0.011575326959460668,-22.054760070128303,5116.859304563007,0.7182708182724085,0.011112733230564824,-27.817075639321647
188.0,4482.951964613385,0.6465679679989115,0.011713756893200044,-21.213344184437275,5135.112906932451,0.7103675036390216,0.011245526397460511,-26.900665157564124
189.0,4500.269433098405,0.641439355758377,0.011853036436817012,-20.34944941059429,5152.8697759182105,0.702866162943364,0.011379149609969663,-25.959715130016463
190.0,4517.161346792102,0.63681591902255,0.01199315641994116,-19.46337478835853,5170.1307508781465,0.6957996650943168,0.011513594221467508,-24.99452663322824
191.0,4533.620913212169,0.6327283394601809,0.012134107460054456,-18.555419311308277,5186.889243004527,0.6891986422101036,0.011648851368600744,-24.005400698869973
192.0,4549.633911225004,0.6292102617138835,0.012275879971258714,-17.62565907320763,5203.1312351968445,0.6830966893375193,0.011784911979830504,-22.99241546013039
193.0,4565.193547604409,0.6262938362763223,0.012418464172570635,-16.674392965863678,5218.850138643305,0.6775259073214412,0.011921766783527831,-21.95587184959888
194.0,4580.307885252208,0.6240134335580053,0.012561850094786524,-15.7020683924341,5234.054221061021,0.6725206168663356,0.012059406314670366,-20.896219312592287
195.0,4594.962701330452,0.6224034152790403,0.012706027588247248,-14.708909846693196,5248.729464844414,0.6681151299221737,0.012197820922421932,-19.813684386433152
196.0,4609.158628910025,0.6214981343753191,0.01285098632649152,-13.695364610794524,5262.87670872646,0.6643437495851063,0.012337000773691329,-18.70871639821688
197.0,4622.896300182039,0.6213334205783044,0.01299671581178688,-12.6617313344762,5276.496790999048,0.6612422556722064,0.012476935858517155,-17.581616044013344
198.0,4636.176346384806,0.6219436089921369,0.013143205378814936,-11.608382882257832,5289.590549445161,0.658844933293877,0.012617615993664356,-16.432758236051136
199.0,4648.97711269554,0.623363025688282,0.013290444196798208,-10.535617763098347,5302.136536231939,0.6571860584441872,0.012759030824663314,-15.262443532353313
200.0,4661.314084990528,0.6256259876364002,0.01343842127140696,-9.443957261044451,5314.150444668362,0.6562998979277759,0.012901169827647763,-14.071195267353902
201.0,4673.172854337977,0.6287687396124442,0.013587125445081123,-8.333616952979988,5325.618113443648,0.6562228890969063,0.013044022309620396,-12.859234865664856
202.0,4684.5457177523485,0.632824122527158,0.013736545396830571,-7.205149773697021,5336.532246627097,0.6569890366744118,0.013187577408200927,-11.627136295273772
203.0,4695.409934135676,0.6378261621620219,0.013886669640841504,-6.058728660502363,5346.8705503398605,0.6586337729888243,0.01333182409019852,-10.375097323907744
204.0,4705.772474728582,0.6438081321614809,0.01403748652419494,-4.894823595660364,5356.640443436545,0.661191778131221,0.013476751149296431,-9.103612765342294
205.0,4715.603167993458,0.6508040396725656,0.014188984223883644,-3.713830185443399,5365.81220236738,0.6646984655922648,0.013622347203036069,-7.8131030583669085
206.0,4724.9089831665515,0.658846396817603,0.014341150743142132,-2.516069656691727,5374.393244705986,0.669187753732508,0.01376860068912398,-6.503914263249314
207.0,4733.674603519004,0.6679699348563636,0.014493973906345428,-1.3018705652279003,5382.3687023829325,0.674695779942276,0.013915499860303212,-5.176399770043668
208.0,4741.892139833451,0.6782078900056423,0.014647441354298848,-0.07178421458256662,5389.731135132,0.6812571864590788,0.014063032779615608,-3.8311357171999214
209.0,4749.590843892185,0.6895927462784325,0.01480154053844301,1.1737050530842297,5396.5102439453485,0.6889058632046784,0.014211187314572105,-2.468631282358686
210.0,4756.755396722075,0.7021592068375747,0.014956258714295135,2.4340907201807807,5402.691159283066,0.6976779191366361,0.014359951130558976,-1.0894178190175114
211.0,4763.392763853753,0.7159412226777929,0.015111582935220705,3.708875296131145,5408.281296294928,0.7076087109282233,0.014509311684562164,0.30598234606158525
212.0,4769.517338736069,0.730970506987879,0.015267500045306286,4.997548035670172,5413.295498195679,0.7187313573284021,0.014659256217982898,1.7170336313007108
213.0,4775.128657806921,0.7472817350372714,0.015423996672538739,6.2996072272028965,5417.733751295249,0.7310819390460748,0.014809771749755746,3.1432094888269524
214.0,4780.2336856708125,0.7649088300524521,0.015581059221618588,7.614545339368874,5421.603470134642,0.7446957846239917,0.014960845069081043,4.583977551205369
215.0,4784.831958528872,0.7838782777629805,0.01573867386705684,8.941826739205618,5424.904640873563,0.7596007849820863,0.015112462728427796,6.038777349777622
216.0,4788.908155961352,0.8042321543588645,0.015896826546215895,10.280908494685953,5427.622393030175,0.7758404213718878,0.015264611036472552,7.507041117380176
217.0,4792.46181446203,0.8259969275010816,0.016055502952913425,11.631225521109611,5429.75671297275,0.7934425663838031,0.015417276051573009,8.988178934921708
218.0,4795.4924708701965,0.8491990559491912,0.016214688531290697,12.99232429442833,5431.3075873093285,0.812435083571139,0.015570443575502496,10.481712444898024
219.0,4797.992234150468,0.8738798463645101,0.01637436847010134,14.363573148528136,5432.267574625887,0.8328606842493302,0.01572409914757925,11.986985148867396
220.0,4799.953213869072,0.9000657400221507,0.016534527697872357,15.744503982197408,5432.629233922134,0.8547472142036124,0.01587822803965411,13.503504114613975
221.0,4801.3823770148665,0.9277831696354402,0.01669515087861639,17.13442598767816,5432.399981393465,0.8781225105086451,0.01603281525162738,15.030553704895851
222.0,4802.264406361642,0.9570734161910474,0.016856222408456994,18.532945637848776,5431.564948755996,0.9030292583583696,0.016187845507864323,16.56771556482514
223.0,4802.606270674738,0.9879554673432775,0.017017726413129812,19.93929813726124,5430.131553418014,0.9294878494545376,0.01634330325446834,18.11420007310216
224.0,4802.414939755683,1.020463159321788,0.017179646746503196,21.353015976111383,5428.107213491885,0.9575335239081496,0.016499172657553882,19.66951489618156
225.0,4801.689956176296,1.0546154636978653,0.017341966990360308,22.773334664548862,5425.4919194981085,0.9871866569989148,0.016655437602765548,21.232870722775928
226.0,4800.423435350841,1.090453629314232,0.017504670455078992,24.199787002903182,5422.278234410399,1.0184899010976947,0.01681208169567912,22.803775534272887
227.0,4798.6223506456845,1.1280040407231444,0.01766774018179163,25.631683099243112,5418.473578741442,1.051471044096672,0.016969088263668372,24.381514622481728
228.0,4796.286248373193,1.167285646737091,0.017831158945764966,27.068407505329155,5414.077945516336,1.0861504379515654,0.017126440358973004,25.965447725768943
229.0,4793.422104521845,1.2083322456911931,0.017994909260945987,28.509344934914427,5409.098756985784,1.1225632839349713,0.01728412076292885,27.55493474753705
230.0,4790.022039719286,1.2511702006147163,0.018158973386274976,29.953880265404447,5403.528579576009,1.1607373477982583,0.017442111991946018,29.149335758056775
231.0,4786.093032630821,1.295811011114344,0.018323333333091364,31.401324255867014,5397.374837277903,1.2006855316446714,0.017600396304575147,30.74793671264316
232.0,4781.642063239602,1.3422884553698975,0.01848797087392036,32.85106211539852,5390.644954921833,1.2424430159143376,0.01775895570994702,32.350098020181385
233.0,4776.661256109759,1.3906288769884096,0.018652867552903823,34.30240493732632,5383.331501439351,1.2860375462271099,0.017917771977847972,33.955105977481615
234.0,4771.150165383583,1.440851185269979,0.018818004697613026,35.75466398376185,5375.434474862953,1.3314894336366832,0.018076826650176972,35.562247053977174
235.0,4765.123203061019,1.4929817121852216,0.01898336343179576,37.20729925349752,5366.9687306121,1.3788264115958364,0.018236101053336996,37.17095645975872
236.0,4758.565068810386,1.5470467843116913,0.019148924690296637,38.659548065225806,5357.919411314387,1.4280762078802036,0.018395576312796046,38.78044672892281
237.0,4751.49760501614,1.6030504380809767,0.01931466923450859,40.11072219211913,5348.308801867576,1.479244259822313,0.018555233368185695,40.390004854273165
238.0,4743.912941505892,1.661018990187891,0.019480577669494605,41.5602078622377,5338.129474184563,1.5323582847073496,0.01871505299007793,41.99899228784188
239.0,4735.818065515533,1.7209638961570788,0.01964663046222508,43.00731719176985,5327.388857180007,1.5874311383260091,0.018875015797882252,43.60669637423499
240.0,4727.21253648721,1.782918892421992,0.01981280796097784,44.451213901612846,5316.086951593157,1.6444979570394436,0.019035102278917717,45.212256067310726
241.0,4718.095914254301,1.846895426561052,0.01997909041555184,45.891433301812285,5304.223758200807,1.703571588001167,0.019195292808312083,46.81518191470852
242.0,4708.482615563613,1.9129049426953184,0.020145457998686625,47.32713945629884,5291.814134370362,1.7646648745402864,0.019355567670120304,48.414613222667846
243.0,4698.372200484204,1.980966310194896,0.020311890828370215,48.75764516700879,5278.858080502148,1.8277980848533524,0.01951590707935108,50.009838040223805
244.0,4687.764228907035,2.051090967344119,0.020478368990417373,50.182411973330794,5265.355596564892,1.89298405565492,0.019676291204282964,51.60029315872194
245.0,4676.673117035304,2.12329777841596,0.020644872562247046,51.60067873388565,5251.321538623864,1.960243049237332,0.019836700190001944,53.18519269365988
246.0,4665.105852115613,2.197583320653833,0.02081138163682373,53.011833043179834,5236.76333361156,2.029573040437944,0.019997114182124628,54.76389950139675
247.0,4653.05456386322,2.2739738831143486,0.020977876347048292,54.4151883800906,5221.67355079379,2.101001715467423,0.0201575133509992,56.33570232768896
248.0,4640.541094334158,2.352480896964644,0.021144336890561968,55.809984106713536,5206.074471683604,2.174541902192799,0.02031787791634453,57.89981580658355
249.0,4627.557570890613,2.4331009358892883,0.02131074355431487,57.19568260107879,5189.958663049084,2.250191570530317,0.02047818817168453,59.4556775931762
250.0,4614.118404418406,2.515860286605621,0.021477076739565885,58.57152355470462,5173.3409751734725,2.3279784029470374,0.02063842450924413,61.002502661203074
251.0,4600.215647897657,2.6007408806246595,0.021643316986370172,59.9366757439978,5156.21392620932,2.4078858093359634,0.020798567444361052,62.53943258840164
252.0,4585.85592464068,2.687762651057792,0.02180944499820582,61.290543780450314,5138.5847076813125,2.4899355331926114,0.02095859764007047,64.0658348485158
253.0,4571.0383562929,2.776923461723057,0.02197544166572029,62.63238707342642,5120.4530353053315,2.574127331325952,0.021118495930845468,65.58092923233981
254.0,4555.776918753076,2.8682360344946654,0.022141288090255062,63.961390905764645,5101.833479207494,2.6604758180683565,0.021278243346144903,67.08386140942619
255.0,4540.055871854247,2.9616908079976594,0.02230696560692457,65.27696356573135,5082.710893643336,2.74897332395888,0.021437821133548782,68.57400006007056
256.0,4523.889185956361,3.057300508161211,0.02247245580646647,66.57836492733972,5063.099843626707,2.839634466285806,0.021597210780701048,70.05056545566212
257.0,4507.283399995316,3.1550630069238284,0.022637740556602476,67.86507786558626,5043.007463012793,2.932459007781793,0.02175639403679524,71.5130008739531
258.0,4490.252477994839,3.254968751044971,0.02280280202221768,69.13613970254897,5022.448311041417,3.027439285426142,0.02191535293291053,72.96030404519169
259.0,4472.802952189776,3.357030475971572,0.02296762268464997,70.39207357597388,5001.429515488881,3.1245899243027333,0.02207406980149067,74.39295852074565
260.0,4454.956207914305,3.4612386362060894,0.023132185359769776,71.63072856056148,4979.973057581613,3.2239032679602952,0.02223252729464481,75.80877379442897
261.0,4436.71134170292,3.567591119180832,0.02329647321465453,72.85292521149196,4958.078630119233,3.325379092279776,0.022390708401073368,77.20853084607084
262.0,4418.089731259969,3.676085817383908,0.0234604697833474,74.05725571649795,4935.7682074626255,3.429017177594184,0.02254859646210468,78.59078229363568
263.0,4399.097893593116,3.786720628838772,0.02362415898078694,75.24379806815305,4913.048903682216,3.534817309162906,0.022706175185933358,79.95556656556357
264.0,4379.742341615981,3.8994860292355065,0.023787525115861085,76.41114472085452,4889.927829171556,3.642771849298661,0.022863428661002643,81.30143655780952
265.0,4360.022155718071,4.014365072414912,0.02395055290262633,77.5601167629529,4866.404662224227,3.7528657378481474,0.023020341367583772,82.6291738060344
266.0,4339.943840403944,4.1313482475548176,0.02411322747012677,78.68856406850655,4842.48650567595,3.8650913493758425,0.023176898187968937,83.93658863742559
267.0,4319.5213242507,4.250418622956674,0.024275534370904257,79.79582230428771,4818.187886860945,3.979433636948976,0.023333084415380456,85.222977177775
268.0,4298.753674833677,4.3715667032344125,0.02443745958783491,80.88271292656817,4793.5084725324,4.095884989325687,0.02348888576121816,86.48912134834117
269.0,4277.6399554223835,4.494783001452976,0.024598989539803565,81.94708616768517,4768.447925549145,4.21443780309376,0.0236442883611628,87.7328318524975
270.0,4256.186653344998,4.620043182917378,0.024760111085544975,82.98976371288961,4743.013333226928,4.335069626460752,0.023799278779456787,88.9548908526675
271.0,4234.415108371419,4.7473377790630495,0.024920811526305663,84.0085960167275,4717.226635704333,4.4577728731463,0.02395384401201728,90.15310928679816
272.0,4212.316942662617,4.876649902894058,0.025081078607216784,85.0044049797552,4691.080055871316,4.582532537823136,0.024107971488260906,91.32826954517223
273.0,4189.920915991256,5.007940392771353,0.02524090051693128,85.97578409981398,4664.602954565394,4.709311339908921,0.024261649071208206,92.4789256217839
274.0,4167.218642324282,5.141207239701893,0.025400265886647087,86.92355547856411,4637.787547126475,4.838109150859792,0.02441486505696239,93.6058601209779
275.0,4144.22401672593,5.276418732672652,0.02555916378752372,87.84556997262801,4610.64833026895,4.968896139509504,0.024567608172589742,94.70688440870175
276.0,4120.958358773093,5.413558029236756,0.02571758372698709,88.74264987004236,4583.207225463268,5.101657342661418,0.02471986757288204,95.78278128906963
277.0,4097.420699283984,5.552600870945101,0.025875515644358606,89.61338904126825,4555.46386562822,5.236370380526656,0.024871632836435457,96.83210515548691
278.0,4073.617493861345,5.693523012176988,0.02603294990527478,90.45712427540832,4527.4253086354765,5.373012885561875,0.02502289396051326,97.85415332698368
279.0,4049.56262304591,5.836285363917368,0.026189877295379357,91.27467811127993,4499.106037422393,5.511547646254247,0.025173641355170372,98.84970887940547
280.0,4025.2699641294353,5.980856279282412,0.026346289013336056,92.06464465826782,4470.520531762777,5.6519448926552736,0.025323865836687096,99.81732646638436
281.0,4000.7385346258575,6.1272189823411685,0.02650217666348211,92.82710376735491,4441.668411694513,5.794189725211175,0.025473558620622755,100.75704649048768
282.0,3975.9822058507657,6.275326998482373,0.026657532247610423,93.56139252187955,4412.564151054599,5.938237545138853,0.02562271131398823,101.66816659409248
283.0,3951.014846404613,6.4251561533302635,0.0268123481568224,94.26684806831737,4383.222220917378,6.084066053351229,0.025771315907465096,102.54998449028304
284.0,3925.8354656595534,6.576674859803858,0.02696661716285009,94.9428076119608,4353.6422330362775,6.231645537526359,0.025919364767078512,103.40179795864373
285.0,3900.4579273497584,6.729844118572581,0.027120332409507616,95.58935124754544,4323.838653389243,6.380938872573152,0.026066850625974105,104.22364767599488
286.0,3874.888664710316,6.884632375207799,0.027273487404003288,96.20655911974454,4293.818517273385,6.5319163777932365,0.02621376657603818,105.01557437699392
287.0,3849.148965716352,7.040985807227746,0.0274260760085064,96.79376858358211,4263.603714500818,6.684526103936342,0.02636010605974545,105.7768760146492
288.0,3823.237831517224,7.198880322989963,0.027578092431862704,97.34957419978608,4233.193847790952,6.83874583210332,0.02650586286213216,106.50610775576936
289.0,3797.1616900185095,7.358269563674401,0.02772953122185527,97.8755419051812,4202.595946312262,6.994531075739886,0.02665103110329308,107.20479615144544
290.0,3770.941824407208,7.519114617113504,0.02788038725778323,98.3695234926447,4171.831894169352,7.151844794477364,0.02679560523116964,107.87075361708943
291.0,3744.584659918258,7.681391446565181,0.028030655743697012,98.83234212142345,4140.908717133681,7.310664822916268,0.02693958001497181,108.50476394282639
292.0,3718.0891923434415,7.844964609174829,0.02818033220217482,99.26333530198727,4109.826011119363,7.470857589098893,0.027082950539119854,109.1061252784147
293.0,3691.469273230643,8.009906675445313,0.028329412468996566,99.66258339601667,4078.5982273522745,7.632497533989733,0.027225712198056324,109.67487863329193
294.0,3664.738753320517,8.176141668826924,0.028477892688690654,100.02868110615069,4047.239815779776,7.795510551075744,0.0273678606919122,110.20957936637151
295.0,3637.8966259707354,8.343519349614445,0.02862576931080365,100.3624516458437,4015.7503684714497,7.959748270273565,0.027509392022870637,110.7110113559389
296.0,3610.9567406683273,8.512112349343642,0.02877303908730843,100.66323255888224,3984.1443331115634,8.125285192335948,0.02765030249265777,111.17847281919715
297.0,3583.918089725793,8.681770470154765,0.028919699070766653,100.92961854896176,3952.4212996790834,8.291972988224977,0.027790588700760708,111.61051914186277
298.0,3556.8019501145195,8.852492102674624,0.02906574661384813,101.16243281424975,3920.603142268951,8.45981191700367,0.02793024754399324,112.00793421273664
299.0,3529.614741780183,9.024201375869945,0.02921117936966816,101.36175570166156,3888.6968773993385,8.628727975698581,0.028069276216858948,112.37075907797714
300.0,3502.362884393978,9.196822440901217,0.029355995293408262,101.52692470115012,3856.709520758852,8.798647183162679,0.028207672213190035,112.69829193537616
301.0,3475.060189822077,9.370428709432062,0.029500192644861277,101.658013201393,3824.655480566734,8.969644552604825,0.028345433328696212,112.99056869677376
302.0,3447.7203260476313,9.54479916583352,0.029643769992210973,101.75506692318416,3792.549024171088,9.141499606436659,0.02848255766474312,113.24760484166974
303.0,3420.349496568372,9.720010622637576,0.02978672621662056,101.818124639191,3760.3969547827214,9.314289429100352,0.0286190436329326,113.46941071667923
304.0,3392.961332998229,9.89599134886978,0.0299290605180252,101.84722507649833,3728.213503198349,9.48794256119794,0.02875488996088576,113.65599663126827
305.0,3365.569466687088,10.072669637353048,0.030070772422003567,101.8416640754873,3696.012899436479,9.662387566803009,0.02889009569910104,113.80663001656563
306.0,3338.1726719750095,10.250048088497271,0.030211861787521343,101.80148025372326,3663.794516011528,9.837627317258,0.02902466022868755,113.9213210891748
307.0,3310.792007883503,10.427980760067017,0.030352328815307604,101.72671216470836,3631.5800096485304,10.013516140949424,0.0291585832697376,114.00008000983986
308.0,3283.4336762903813,10.606470301453784,0.030492174057333503,101.61739829160285,3599.3761794847896,10.190056957587583,0.029291864890805753,114.04291687707264
309.0,3256.1038785433248,10.785445103417896,0.030631398426836046,101.47357704089684,3567.1898237133614,10.367178427955775,0.02942450551894618,114.04984172072108
310.0,3228.801387010664,10.964759298324244,0.030770003209083723,101.29528673603797,3535.0203111666,10.544734954153345,0.02955650595049966,114.0208644954862
311.0,3201.5546867227567,11.14448989437418,0.030907990072554088,101.08107994097128,3502.896722992886,10.722803813834865,0.029687867362309824,113.95450940434444
312.0,3174.3551201001787,11.324491074797896,0.031045361080615383,100.83248046384873,3470.8109974224053,10.90123945940988,0.029818591323459365,113.85227190213294
313.0,3147.2237419780504,11.50476561555944,0.031182118703432814,100.54878350538924,3438.7847848310166,11.080044935755332,0.029948679807248475,113.71341884378016
314.0,3120.166749369652,11.685167751523728,0.031318265830240784,100.23002699249793,3406.8248775449733,11.259074746390173,0.03007813520356245,113.53795981779082
315.0,3093.1829096762835,11.86562602712538,0.03145380578145236,99.87624873675053,3374.9306380931353,11.438257704151944,0.03020696033109645,113.32590430459244
316.0,3066.293273943907,12.046217580015915,0.03158874232104175,99.4874864279024,3343.123712506815,11.617671214852038,0.030335158449879523,113.07726166990284
317.0,3039.504034965128,12.226722440177067,0.03172307966830303,99.06452046242866,3311.410888465449,11.797095576397307,0.030462733273200836,112.7927839931271
318.0,3012.828812182363,12.4071435145489,0.03185682250971827,98.6066454319793,3279.8063802435595,11.976533963426863,0.030589688979669728,112.47173755566781
319.0,2986.2663664903066,12.587409453112803,0.03198997601023033,98.11389862200717,3248.3095435567407,12.155915293404181,0.030716030224710086,112.11413133940788
320.0,2959.822885142308,12.76752321597104,0.03212254582417194,97.58706000535223,3216.9271605109057,12.335242793706191,0.030841762151738776,111.72071702014952
321.0,2933.5268383104967,12.947339222895575,0.03225453810504314,97.02616656581496,3185.688296204259,12.514371151182187,0.030966890402223456,111.2915032910443
322.0,2907.362123798744,13.12678620387201,0.032385959515221725,96.43051229182792,3154.5774434807145,12.693229362708388,0.031091421125697804,110.82575585612221
323.0,2881.357207117976,13.305792915614724,0.032516817233919665,95.80087667525747,3123.623663043936,12.87174645171436,0.031215360988059503,110.32422592895446
324.0,2855.50340951432,13.48428814156365,0.03264711896499708,95.13803903514513,3092.8188715221418,13.049851468191676,0.031338717179748364,109.78766455625863
325.0,2829.8217630122444,13.66227497536361,0.03277687294307498,94.44129284152032,3062.1846965455134,13.227547772185892,0.03146149742225397,109.21533694157964
326.0,2804.311011865016,13.839682253814944,0.03290608793877914,93.71141704944317,3031.7204782282497,13.40476446676052,0.03158370997378236,108.60799377920512
327.0,2778.9847542207253,14.016364556808089,0.03303477326246806,92.94770475293457,3001.440410863224,13.581356397945765,0.03170536363343319,107.96489990797323
328.0,2753.8491570000006,14.192250774241224,0.03316293876686847,92.15093451920099,2971.3512578251475,13.7572527216711,0.03182646774430813,107.28680564538097
329.0,2728.9103841894525,14.367344105911291,0.033290594847872904,91.32262754783602,2941.459779886039,13.932456903672064,0.03194703219480999,106.57520394667497
330.0,2704.182025150748,14.541499210874669,0.03341775244436252,90.46133349003068,2911.7801635427177,14.106823868867599,0.03206706741898289,105.82861622395812
331.0,2679.662809545088,14.714719341303004,0.03354442303617238,89.56783028819926,2882.3117359559465,14.280357135233375,0.03218658439501813,105.04779218571694
332.0,2655.366320726492,14.88693349179854,0.033670618640542375,88.64215283045094,2853.06867835449,14.45298596313551,0.032305594642263125,104.23273849120316
333.0,2631.2912823506244,15.057996399193668,0.03379635180709074,87.68582145036436,2824.050312650754,14.62456535514943,0.0324241102167673,103.3849472501238
334.0,2607.451271803545,15.227911392834576,0.03392163561107281,86.69812774669441,2795.270814872296,14.795098906363682,0.032542143705128534,102.50368184227102
335.0,2583.859863547063,15.396533260323908,0.03404648364501878,85.67984875346704,2766.7443585059045,14.964441670143636,0.0326597082167283,101.58969108754644
336.0,2560.515772482283,15.563865381259328,0.03417091000895964,84.63101843001638,2738.470257855832,15.132597291892008,0.032776817374558134,100.64298073593456
337.0,2537.4251390824784,15.729836876430833,0.03429492929899382,83.55315616131875,2710.455253167359,15.299495158268963,0.03289348530439841,99.66504196777944
338.0,2514.5941011428185,15.894376891004095,0.03441855659422726,82.44555257827723,2682.706082363318,15.465064680399028,0.03300972662236554,98.65513721401759
339.0,2492.036222248046,16.057414594177075,0.03454180744237185,81.30972656343508,2655.236909494776,15.62923529355218,0.03312555642112186,97.61475716184596
340.0,2469.757635206344,16.218953462315028,0.03466469784391247,80.14571107157148,2628.0544681542674,15.792010740304002,0.033240990254644505,96.5439065752768
341.0,2447.7570421999394,16.378774144548984,0.03478724423478528,78.95353879563181,2601.1580616023207,15.95317193616008,0.03335604412150344,95.44258996103177
342.0,2426.0405716516734,16.536880163375066,0.03490946346795991,77.73324216276983,2574.554419606692,16.1127226701819,0.03347073444702819,94.31081156455245
343.0,2404.61435005532,16.693200780204844,0.035031372793708694,76.48633900060376,2548.2502702423603,16.270592470564427,0.0335850780641511,93.1500610362269
344.0,2383.4770738193733,16.847590994901882,0.0351529898387858,75.21211835846262,2522.2449117022447,16.426636604200436,0.03369909219314339,91.95959925261012
345.0,2362.63486617389,17.000054395801993,0.03527433258469916,73.9113546790488,2496.5450691685223,16.58085892672906,0.03381279442042507,90.74017248806184
346.0,2342.093849037607,17.150446025192547,0.03539541934501546,72.58407929006793,2471.157466642095,16.73311474804386,0.03392620267638495,89.49178390635258
347.0,2321.8527148947514,17.29876951278851,0.03551626874197106,71.23106607115147,2446.0813987799247,16.88340796579796,0.034039335212485915,88.21517922756259
348.0,2301.9175837308535,17.44480565766308,0.03563689968229959,69.85234578084687,2421.323587789908,17.031519647364153,0.0341522105775564,86.9103610550475
349.0,2282.302003274816,17.588706695687993,0.03575733133270682,68.45017739392587,2396.898183630892,17.17760229730484,0.03426484759370334,85.57956021272015
350.0,2263.00466419544,17.730327747409124,0.03587758309491721,67.02384825358509,2372.8044791664074,17.321511305277475,0.034377265331763815,84.22203589722204
351.0,2244.0392120095107,17.86967284343959,0.035997674580406175,65.57486377778304,2349.056690772332,17.463250590668068,0.034489483086412843,82.839269856367
352.0,2225.412257052488,18.006673048312972,0.03611762558495819,64.10394570770758,2325.6618744926777,17.602749584105766,0.03460152035106112,81.43197805398908
353.0,2207.1230799632467,18.141259768313265,0.036237456063454174,62.61106251479177,2302.619725253257,17.739937677691174,0.03471339679294757,80.00012766049778
354.0,2189.17839038042,18.27343870928869,0.03635718610441282,61.09841087523314,2279.9373667732143,17.874818563629326,0.03482513222795131,78.54591405520866
355.0,2171.5923271915685,18.403067025436997,0.036476835905241776,59.56521582302109,2257.62935177324,18.007247383044355,0.034936746596074285,77.06856097931426
356.0,2154.3567453768924,18.53015045258907,0.03659642574750289,58.01218775845169,2235.687948779798,18.137227859292302,0.035048259936903255,75.56877754433437
357.0,2137.4783579992086,18.65462045695609,0.036715975972887914,56.440036776603854,2214.1202840774167,18.264689446736863,0.035159692365743365,74.04727256051859
358.0,2120.963879734693,18.776408517868376,0.03683550695968296,54.84947266602584,2192.9334852038814,18.38956161351652,0.03527106405020529,72.50475453544969
359.0,2104.81259874498,18.89537184349146,0.03695503910013647,53.2404620725558,2172.1272527892074,18.511699557288217,0.03538239518765644,70.94118883777088
360.0,2089.0238052395057,19.011516220535388,0.037074592778394456,51.61445700340095,2151.7012890875967,18.63110705496381,0.03549370598320782,69.35802620116056
361.0,2073.604220026365,19.12477316293236,0.03719418834967041,49.970383517163846,2131.6627265008824,18.74771361141398,0.03560501662889576,67.75419141424275
362.0,2058.553137999766,19.235074194509032,0.03731384612009032,48.31006441884293,2112.011271041793,18.86144874216619,0.0357163472835088,66.13150601546013
363.0,2043.884713365033,19.342350848141113,0.0374335863279294,46.63405938316676,2092.7614875382033,18.97224197258403,0.03582771805377306,64.49052841626806
364.0,2029.5833896967545,19.446608948396317,0.03755342912579063,44.94300205726865,2073.898229674127,19.080097120534152,0.03593914897644732,62.83189100365678
365.0,2015.670755235249,19.54778004365636,0.03767339456402437,43.23767434397442,2055.443495272797,19.184943728531245,0.036050660001633886,61.15637442327365
366.0,2002.1386878624537,19.645795688733607,0.03779350257543753,41.51885783473772,2037.3895712630356,19.28671134637672,0.03616227097735066,59.46475901218016
367.0,1988.993925314936,19.740661727475715,0.03791377296120114,39.787185242731006,2019.743603886698,19.38540381378445,0.03627400163527751,57.75767623175162
368.0,1976.2357802276529,19.832235441348868,0.0380342253782119,38.04351182060973,2002.5053137408777,19.480876408983978,0.03638587157793555,56.03598008523696
369.0,1963.8635685614504,19.920671249533097,0.038154879327613946,36.288543943408015,1985.6744242078605,19.573281548834828,0.03649790026700944,54.300375700437655
370.0,1951.8914663634596,20.005677872967784,0.0382757541446102,34.522913392606554,1969.2655182219753,19.662325952889866,0.03661010701294139,52.551493613545915
371.0,1940.3039397081727,20.08748401894533,0.03839686898984126,32.74747449086643,1953.2634682210671,19.74823632800576,0.03672251096608004,50.79018690363684
372.0,1929.115171524904,20.16579841112943,0.03851824284153532,30.962858401897346,1937.6828629882093,19.83071939837696,0.03683513110859274,49.01708549228346
373.0,1918.3170631546948,20.240775474132754,0.03863989448941975,29.169844549014705,1922.5160092265935,19.90992759012793,0.0369479862481289,47.232967561848845
374.0,1907.916376093904,20.312346781032943,0.038761842529496,27.36921204934193,1907.770073324682,19.98579047884268,0.03706109501234538,45.43861098941336
375.0,1897.9050185698177,20.380443902912223,0.03888410536021305,25.56151686467512,1893.4373679567825,20.058237639116708,0.03717447584482781,43.63457049735393
376.0,1888.2897589032807,20.444998407884245,0.03900670117928993,23.747611787539604,1879.525065473821,20.12719864359529,0.037288147001666376,41.821697639106176
377.0,1879.0773687556768,20.506016143618204,0.03912964798200149,21.928126458380767,1866.0403411814243,20.192677345507803,0.03740212654949462,40.000620816052304
378.0,1870.2523380125056,20.563428669351424,0.03925296356010029,20.10376450145408,1852.9680882572625,20.254603310689653,0.03751643236417933,38.17204241310065
379.0,1861.8288731573448,20.617167538405702,0.039376665501695565,18.27530352687932,1840.3229161611944,20.3129061001069,0.037631082130471685,36.33673880042294
380.0,1853.806327081646,20.66723858070076,0.03950077119176506,16.4434465658669,1828.1045804833243,20.36758955237713,0.03774609334230968,34.495411768357826
381.0,1846.1766273365888,20.713647618260158,0.039625297813385335,14.608822073128868,1816.3054112358905,20.41865749928184,0.03786148330385167,32.64868852949459
382.0,1838.946561077082,20.756177613710477,0.03975026234933959,12.772206779980054,1804.932597838728,20.46589091427132,0.0379772691309092,30.79734457144337
383.0,1832.115489897292,20.795057220808918,0.039875681584432256,10.934377130112171,1793.985903997348,20.50951646299711,0.038093467753102336,28.942155092275843
384.0,1825.6753497113848,20.83014366492039,0.040001572107738206,9.096183566063802,1783.4576676269437,20.549389383793248,0.03821009591597757,27.08396928666029
385.0,1819.6255073306963,20.861442726539007,0.04012795031535115,7.25832768187144,1773.347657473194,20.585513471201324,0.038327170183644,25.223487498177537
386.0,1813.972760337828,20.88903445679001,0.04025483241285949,5.421733643934568,1763.6630730299871,20.61796679147532,0.03844470694116579,23.361632639851408
387.0,1808.7164802591813,20.91285032592689,0.04038223441823296,3.587102493549722,1754.4036877552032,20.646678831081097,0.03856272239738951,21.49910449635024
388.0,1803.8411840881545,20.93297035634732,0.040510172164107947,1.7552835681711887,1745.5544206364511,20.671727629714344,0.038681232587199466,19.636751144917735
389.0,1799.353675911764,20.949325987590736,0.040638661299713,-0.07294834514687952,1737.1224778591277,20.693042645299684,0.03880025337344863,17.77534610848922
390.0,1795.2533333883823,20.961922925853298,0.040767717294128925,-1.8968187220946529,1729.1076393241735,20.71062760350699,0.03891980045021359,15.915662643026396
391.0,1791.5395359814988,20.970766859498756,0.04089735543540846,-3.71555329674788,1721.509686920102,20.72448621326317,0.03903988934201562,14.058473741560967
392.0,1788.1968081488696,20.975789174567957,0.04102759083283576,-5.5283780570018335,1714.313547748342,20.73454788226268,0.03916053540612963,12.20455213845222
393.0,1785.2393893411052,20.977069804303014,0.041158438416651205,-7.334593523299243,1707.5338641556475,20.740890566492407,0.039281753832428885,10.35459603035825
394.0,1782.6518071053895,20.974540094156705,0.04128991293733862,-9.133500460143523,1701.1555668690107,20.74344363524188,0.03940355964280905,8.509303364430227
395.0,1780.4334471024772,20.968131367820114,0.041422028964159315,-10.924251303899132,1695.178445040948,20.742136437131727,0.039525967689883514,6.669520410228564
396.0,1778.5836963324898,20.957997776756454,0.04155480088268634,-12.706154719746417,1689.602289500475,20.73712114964847,0.03964899265470653,4.835937202494292
397.0,1777.0945147226837,20.943996314713743,0.04168824289143847,-14.47845274555808,1684.4194643627359,20.728252793658275,0.039772649043615646,3.0093103970090596
398.0,1775.9727201287524,20.926206801276507,0.0418223689975373,-16.240439639676804,1679.6371920486777,20.715609216960047,0.03989695118411968,1.190344422564662
399.0,1775.2102748975983,20.904560463391952,0.04195719301112557,-17.991372734676467,1675.247839862571,20.6991196758133,0.04002191321956633,-0.6202193730399881
400.0,1774.8065708956362,20.879211351925527,0.042092728539030885,-19.73052888658018,1671.2512050313312,20.67893625149564,0.04014754910307032,-2.4216591724472782
401.0,1774.7611213002092,20.8500158654948,0.04222898897696916,-21.457193993163884,1667.6471577491584,20.654913252215444,0.040273872589997685,-4.213257696624594
402.0,1775.0664927053142,20.817051261949793,0.0423659875008788,-23.170653846614183,1664.4284270246726,20.62712535882389,0.04040089722958948,-5.994279525813047
403.0,1775.7228013933402,20.780394279014047,0.042503737056931126,-24.870225552410865,1661.5952432140948,20.59564661123045,0.04052863635527246,-7.764016050521824
404.0,1776.7301648705384,20.739973057040004,0.04264225035072097,-26.555178857315575,1659.1478383063616,20.560402453085715,0.04065710307415287,-9.521711310339686
405.0,1778.0738452167127,20.695789988586103,0.042781539835193845,-28.22482825366573,1657.0715892646979,20.52139258136292,0.040786310255249605,-11.26665409840138
406.0,1779.7539625507222,20.647996000994887,0.04292161769762128,-29.878555256985127,1655.3667314803065,20.47876522894084,0.04091627051677683,-12.998200239159708
407.0,1781.7706384083983,20.59651913796251,0.04306249584541574,-31.51554097774856,1654.0335021349103,20.432445746178768,0.04104699621226173,-14.715505160300738
408.0,1784.116567484114,20.54128740913448,0.04320418589134457,-33.13511524603558,1653.0647119235252,20.38235945051833,0.04117849941605109,-16.41787301753786
409.0,1786.7770177353584,20.482525923211167,0.04334669913755157,-34.73660803654162,1652.4457451369958,20.32872875959544,0.041310791907619736,-18.10460811975316
410.0,1789.766972250538,20.420162619030208,0.04349004655904225,-36.31927517692082,1652.1917015047327,20.27147892232991,0.041443885155326085,-19.774940637461537
411.0,1793.0568458741386,20.35419968218917,0.043634238786198806,-37.8826697569799,1652.2731127920067,20.21060943555579,0.041577790299183806,-21.428398012116958
412.0,1796.6616255474983,20.28471354416357,0.043779286086877936,-39.42604785218155,1652.7050831103156,20.146194043147503,0.04171251813319511,-23.064210679720343
413.0,1800.5740153033646,20.211706314428056,0.043925198347973926,-40.948962783036656,1653.480433879266,20.078232168149793,0.041848079087126726,-24.68190633030933
414.0,1804.7867214713128,20.13525434659641,0.04407198505657893,-42.450745121815295,1654.59198899735,20.006797478926813,0.041984483207858525,-26.2807899147602
415.0,1809.2850244887752,20.055433954063417,0.04421965528058624,-43.93087410115112,1656.025146616676,19.931963604813607,0.04212174014015197,-27.86031505347777
416.0,1814.0839208188756,19.97217284215357,0.04436821764949907,-45.38882903799927,1657.7950210231656,19.85365556827476,0.042259859107588185,-29.419935460434306
417.0,1819.1612679686768,19.885621524797685,0.044517680334850776,-46.82386647397092,1659.879587616182,19.772021201591294,0.04239884889308929,-30.95888208358116
418.0,1824.5246398144648,19.79578190619515,0.04466805103082812,-48.23554015057961,1662.286538194524,19.68705972853348,0.042538717819608246,-32.47668308016958
419.0,1830.1593283240857,19.702655847004976,0.04481933693501947,-49.62318101534808,1665.001282639185,19.598770330562683,0.04267947373090904,-33.9726438229299
420.0,1836.072913832155,19.606245163543807,0.044971544729431545,-50.9862686298484,1668.031519149021,19.507152146040298,0.0428211239725786,-35.446218308183326
421.0,1842.2506951104117,19.50670019400152,0.04512468056190799,-52.32420830963417,1671.3626642719553,19.412352836454367,0.0429636753734028,-36.89678629584554
422.0,1848.685402937248,19.403948380152453,0.045278750028151085,-53.63633111460054,1674.9875664361011,19.314297168141856,0.04310713422730644,-38.32365329985914
423.0,1855.3846286117396,19.297991400603337,0.04543375815422224,-54.92211668978055,1678.9139344264568,19.212984145547566,0.04325150627573437,-39.72627342906393
424.0,1862.3336823600025,19.1889794535482,0.04558970938001245,-56.18104468856631,1683.1271957553265,19.108561293989847,0.04339679669096268,-41.104100810494806
425.0,1869.5253068862737,19.076914122026444,0.04574660754341675,-57.412594762880865,1687.620210179179,19.001027524929327,0.04354301006007439,-42.45658957963344
426.0,1876.9596775141447,18.96187122371476,0.04590445586550521,-58.61654368731384,1692.3932698076662,18.89045598577112,0.04369015036989412,-43.783491004628
427.0,1884.6146889167103,18.84400081022863,0.04606325693679841,-59.792445364691936,1697.424385803855,18.776994059176296,0.043838220992988834,-45.08433349195237
428.0,1892.50538203846,18.723378599436955,0.04622301270464671,-60.939927950146895,1702.7287152787444,18.660714795385996,0.04398722467473497,-46.35871971056828
429.0,1900.6022323500904,18.60000597480065,0.046383724461872625,-62.058693841151616,1708.2768495214864,18.541616911568926,0.04413716352161359,-47.606326582061484
430.0,1908.9054334452385,18.473958551736057,0.0465453928367569,-63.148222533531786,1714.0690975745326,18.419773358193112,0.04428803899081429,-48.8266081367599
431.0,1917.415183719516,18.34546046049685,0.04670801778427501,-64.20829059599829,1720.1057728942587,18.295405601915355,0.044439851881059,-50.019315488379256
432.0,1926.1168297350723,18.21443864456012,0.046871598578886085,-65.23852595914714,1726.3723367004523,18.168437923974167,0.044592602324945406,-51.184051123143526
433.0,1935.0180080212735,18.080968561065372,0.04703613380873216,-66.2384079054818,1732.876539765392,18.038943120634677,0.04474628978267469,-52.320268889934994
434.0,1944.0966466562247,17.945199896759817,0.04720162137134624,-67.20771276046419,1739.5964239873288,17.907068219138885,0.0449009130372623,-53.42771969148068
435.0,1953.360392085472,17.807059433461067,0.04736805847085832,-68.14591961455102,1746.5397492047832,17.772737343172384,0.045056470191224746,-54.50585720653138
436.0,1962.8020390203671,17.666696748570587,0.047535441616845295,-69.05273029779353,1753.6994230941664,17.636097413380625,0.04521295866488796,-55.55435786461213
437.0,1972.41438712144,17.52411279708671,0.04770376662460929,-69.92777223594204,1761.0683578560875,17.497146729383676,0.04537037519610925,-56.57282370228435
438.0,1982.1902409642703,17.379457045168007,0.04787302861705663,-70.77067272410001,1768.6394701878037,17.356032103340098,0.04552871584158585,-57.56085663696524
439.0,1992.129838338728,17.232730335705707,0.04804322202807314,-71.58105891691838,1776.4131095926164,17.21275172551857,0.045687975979649534,-58.518058457293975
440.0,2002.2185651305765,17.084007738443685,0.04821434060732415,-72.35878066934437,1784.3747732751435,17.067378014415727,0.045848150314479,-59.4442536640592
441.0,2012.449240288321,16.93343854962181,0.04838637742668215,-73.10353910940226,1792.517391125196,16.920057616396086,0.04600923288193421,-60.3391180431644
442.0,2022.807259023044,16.781023441144093,0.04855932488784948,-73.81510947904998,1800.8264689378905,16.77078855485519,0.04617121705658672,-61.2024015066748
443.0,2033.2928777443508,16.6269115942973,0.04873317473136098,-74.49311827408052,1809.3023733729156,16.619717363931855,0.04633409556013472,-62.0337052329138
444.0,2043.8915005301587,16.471177848986027,0.048907918046974634,-75.1374146521069,1817.9306184505103,16.466916237735337,0.04649786047120757,-62.83285307464744
445.0,2054.5959640346614,16.313822703510326,0.04908354528513241,-75.74777328909134,1826.7041504882477,16.31238303011356,0.0466625032362539,-63.59959441581649
446.0,2065.399108982668,16.15506944838925,0.04926004626958092,-76.32396865345686,1835.6159196265737,16.156338388465638,0.04682801468159977,-64.33367844585369
447.0,2076.2937800025697,15.994918465196209,0.04943741021092948,-76.86607213077946,1844.658879695124,15.998780052564735,0.04699438502646024,-65.03515128458324
448.0,2087.2876821493305,15.833518643959358,0.04961562572130588,-77.37393203002797,1853.8408447708748,15.839854271944295,0.04716160389706607,-65.70383598866931
449.0,2098.3662389663923,15.67094453258062,0.04979468082965976,-77.84747070840967,1863.1473472767875,15.67963295530134,0.04732966034145949,-66.33962967667014
450.0,2109.522305691765,15.507196336801403,0.0499745629977681,-78.28668456228662,1872.5713512258565,15.51811367044496,0.04749854284501586,-66.94250352016158
451.0,2120.756214693433,15.342496396473477,0.050155259137069565,-78.69149222466251,1882.1132554014416,15.355516322800913,0.04766823934681716,-67.51234893919158
452.0,2132.068483823279,15.176841511356328,0.050336755625684494,-79.06172487674637,1891.7734748687844,15.191836087946635,0.04783873725624075,-68.04896190733135
453.0,2143.437394243757,15.010376331951235,0.050519038326130486,-79.3972844856483,1901.530145723331,15.027216195665284,0.04801002347027009,-68.55220719628497
454.0,2154.863514678302,14.843171166868224,0.0507020926028879,-79.6979984551407,1911.383691674824,14.861725535036465,0.048182084390690494,-69.02187502908295
455.0,2166.332559444764,14.67529626650019,0.05088590334059295,-79.96376818401396,1921.319682120043,14.695432938085387,0.048354905941938205,-69.45782963862607
456.0,2177.8376732908373,14.5068218232378,0.05107045496191679,-80.19442049051537,1931.331117016872,14.528407179971236,0.04852847358867112,-69.85986069230533
457.0,2189.372002829888,14.337817971727455,0.05125573144550884,-80.38985617089321,1941.4109983577148,14.360716979217235,0.0487027723534356,-70.22783185071968
458.0,2200.921267979447,14.168429072675396,0.05144171634373478,-80.5498271405259,1951.5449016442767,14.19250528148542,0.04887778683416256,-70.56145790896976
459.0,2212.471190104167,13.998725146188203,0.05162839280010806,-80.67445641017562,1961.7184040652032,14.023840692886496,0.049053501221387776,-70.86082477306695
460.0,2224.037205214721,13.8287761556648,0.05181574356641325,-80.76386666031456,1971.9467977277625,13.854791763839833,0.0492298993151977,-71.12601803440451
461.0,2235.59018026954,13.658652008230224,0.052003751019326715,-80.81736311454037,1982.2008059902353,13.685426989474047,0.049406964541704394,-71.35630584330697
462.0,2247.1529815397225,13.488571122218811,0.052192397176359526,-80.8372219902547,1992.5031518551027,13.515963377075748,0.049584679968874334,-71.55392735983065
463.0,2258.696477525648,13.318603293686508,0.052381663711382975,-80.82200497559917,2002.8245609113312,13.346469312566276,0.049763028321968245,-71.71740723080953
464.0,2270.243535689915,13.148818263982596,0.0525715319692632,-80.77250190193008,2013.1877580902135,13.17701312803679,0.04994199199811886,-71.84749826242684
465.0,2281.765025393472,12.979360003863016,0.05276198297980648,-80.68875939611048,2023.56347062144,13.00773738582388,0.050121553080245046,-71.94421007259044
466.0,2293.2763862993675,12.810298147140132,0.0529529974708761,-80.5715665430722,2033.966996453704,12.838710312120705,0.0503016933501623,-72.00829475356467
467.0,2304.7633447322446,12.641776558386235,0.053144555880632965,-80.42022637337793,2044.3839206278449,12.670074364640932,0.05048239430083846,-72.03901835958808
468.0,2316.2116269533235,12.473864766670445,0.05333663836883213,-80.23552719608689,2054.799828562196,12.501897666315251,0.05066363714772441,-72.03713223978019
469.0,2327.6218157472367,12.306632249846023,0.053529224827350376,-80.01751408657825,2065.215162646443,12.33424828953748,0.05084540283933238,-72.002644525992
470.0,2338.9796369199908,12.14014843537796,0.05372229488951108,-79.76623171461245,2075.615508743236,12.167194256950296,0.051027672066627054,-71.93556296087979
471.0,2350.270815911176,11.974556984714935,0.05391582793871808,-79.4809815024855,2085.986452800696,12.000877825774632,0.05121042527173442,-71.83515205605711
472.0,2361.4959344189524,11.81000151069796,0.05410980311597048,-79.16329295845595,2096.3284374743625,11.835441205175155,0.05139364265553864,-71.70290442550552
473.0,2372.6407169361983,11.646477011507269,0.05430419932660863,-78.81172382505011,2106.6270486570393,11.670877990163495,0.05157730418451732,-71.53734093384945
474.0,2383.705744101112,11.484052722162165,0.0544989952459637,-78.42854558792683,2116.882728819916,11.507256013053954,0.051761389596479794,-71.3406962051765
475.0,2394.684167608165,11.322946399055247,0.05469416932432233,-78.012315119432,2127.088491910986,11.344791627953136,0.05194587840561846,-71.11149026653439
476.0,2405.5765668819695,11.163227187013009,0.05488969979094627,-77.56381735277459,2137.2447800134623,11.18355257777564,0.0521307499066098,-70.85047122203615
477.0,2416.368664011003,11.004889903906916,0.05508556465735293,-77.0838367711053,2147.3371782613076,11.023532278809892,0.05231598317796842,-70.55838674185554
478.0,2427.0684654937822,10.84815217580911,0.055281741719905256,-76.5724145668294,2157.3735565646607,10.864946955828367,0.052501557084698176,-70.2352412214449
479.0,2437.676548842484,10.693083020661883,0.05547820856174951,-76.0306314401958,2167.3543561903734,10.707864225711363,0.05268745028027624,-69.88207858001759
480.0,2448.17120589594,10.539825700002597,0.055674942554108965,-75.45793338793385,2177.25773304981,10.552425949126068,0.0528736412079757,-69.49830804906807
481.0,2458.567869643071,10.388300586205414,0.055871920857186536,-74.85510303828502,2187.0989844952383,10.398551097722333,0.05306010810177608,-69.08467550727667
482.0,2468.8374023985502,10.238799431786584,0.056069120420593394,-74.22247684208689,2196.8488374668486,10.24653002339191,0.053246828986776205,-68.64148067145773
483.0,2478.987807689876,10.09131681919977,0.05626651798336517,-73.56046505265321,2206.515160349885,10.096355908017719,0.053433781679171934,-68.16909707629573
484.0,2489.004803494525,9.945995863200094,0.05646409007401888,-72.8694774378609,2216.083536180821,9.948170465791817,0.05362094378624085,-67.6678977862807
485.0,2498.874107333561,9.802905361716462,0.0566618130101625,-72.14984899246983,2225.5395477092634,9.802041094041682,0.05380829270585548,-67.13818110787032
486.0,2508.603721367754,9.66211408076304,0.05685966289830027,-71.40206278469357,2234.891062461945,9.658035158095746,0.0539958056261567,-66.58039343589692
487.0,2518.1793623428102,9.523690755876821,0.057057615633539935,-70.62645281850014,2244.123662655695,9.516219992675069,0.054183459525098336,-65.9948321157
488.0,2527.5941750372576,9.387852660587283,0.057255646899647135,-69.8235754476895,2253.2303586132466,9.376811470317248,0.0543712311703015,-65.38201685703153
489.0,2536.8561606585486,9.25451990689263,0.057453732169101615,-68.99398652221264,2262.219017127739,9.239728301807048,0.05455909711887997,-64.74246688019981
490.0,2545.95103513547,9.123909714796,0.05765184670375211,-68.13816710176316,2271.075219724289,9.105186305667145,0.054747033717824176,-64.07662662948381
491.0,2554.8793709097095,8.99609071283095,0.05784996555583891,-67.25674630365333,2279.79940442178,8.973252708638329,0.05493501710471877,-63.3850886208304
492.0,2563.6417402712054,8.871057223127648,0.05804806356949162,-66.3501298829504,2288.392009039761,8.84392043070064,0.05512302320889871,-62.66822202181141
493.0,2572.238715388491,8.748952113506087,0.05824611538296858,-65.4190202149292,2296.853471201932,8.717330937121641,0.05531102775331138,-61.92669263389718
494.0,2580.663439982255,8.629918232077966,0.058444095431524005,-64.46374774177647,2305.176799984679,8.59362567301367,0.05549900625697204,-61.160794338982576
495.0,2588.909057691928,8.514024125371177,0.05864197795106728,-63.48508808964225,2313.3550042606967,8.472871781413845,0.05568693403817659,-60.3712662162617
496.0,2596.9761404339324,8.401264039975818,0.058839736982732864,-62.48344494893813,2321.388521036556,8.355062104885857,0.055874786218592536,-59.558475422351535
497.0,2604.8504033497975,8.291780774715962,0.05903734637828717,-61.45944434148935,2329.262930382587,8.24033803764772,0.056062537728155365,-58.723011458271934
498.0,2612.5324181961964,8.185642831823444,0.05923477980663052,-60.41371176946993,2336.9786688073127,8.128766676701817,0.05625016331103119,-57.86546331821184
499.0,2620.015328272792,8.082918702138095,0.059432010761152655,-59.346797931656766,2344.5287441724604,8.020415106991578,0.05643763753240585,-56.98634520561781
500.0,2627.292276740143,7.983751150323128,0.059629012568322606,-58.259178723503645,2351.9061640009086,7.915424686573553,0.05662493478648311,-56.08609653310632
501.0,2634.356431893131,7.888134071253664,0.05982575839722142,-57.15154587740377,2359.1039277641844,7.8137883654484845,0.05681202930540325,-55.165373731281115
502.0,2641.208491407222,7.796208741273464,0.06002222127018683,-56.02456463047427,2366.122432187941,7.715648324231923,0.05699889516925744,-54.22481142250218
503.0,2647.8417496194916,7.707967570432847,0.060218374074759246,-54.878744641016105,2372.95463746892,7.620998338892798,0.05718550631738109,-53.26488983105799
504.0,2654.2569288329823,7.623625816598418,0.06041418957650493,-53.71496646853879,2379.6009315604247,7.5300550323351425,0.057371836560517496,-52.28646009433218
505.0,2660.462179225842,7.54310160271225,0.06060964043311343,-52.53381302393018,2386.0691300866993,7.442737891615129,0.057557859594241374,-51.29007571283201
506.0,2666.443365347773,7.466535903096486,0.06080469920954512,-51.33594098898776,2392.344762847607,7.359189254203698,0.05774354901342932,-50.276363969582384
507.0,2672.208636107576,7.394010267940555,0.06099933839416327,-50.1220065352614,2398.435643817335,7.279492032432047,0.05792887832770908,-49.245951648834755
508.0,2677.751282896901,7.325591395208096,0.06119353041604417,-48.89273961022696,2404.334729282143,7.203714285357022,0.05811382097808997,-48.199539322110496
509.0,2683.0645961552095,7.2613311324505725,0.061387247663193326,-47.648795373277075,2410.0349744220102,7.131909220533431,0.058298350354501594,-47.13775278406419
510.0,2688.16415027502,7.201288763679062,0.061580462501677154,-46.39090276604527,2415.551618235123,7.0641374808446855,0.05848243981425713,-46.06129162268273
511.0,2693.028376645125,7.14551615449145,0.06177314729567724,-45.119641665538445,2420.862756602716,7.0004522895891075,0.05866606270144896,-44.97070637229495
512.0,2697.6728469898094,7.094065182256502,0.061965274428295115,-43.835740022105895,2425.983625652091,6.940906880623283,0.0588491923671114,-43.86669565141887
513.0,2702.0834180456663,7.04700259465345,0.06215681632318696,-42.53992529670898,2430.899746459212,6.8855693568611285,0.05903180219022909,-42.749957599910545
514.0,2706.2608014854577,7.004380298114957,0.06234774546671001,-41.2327758985035,2435.6114950000815,6.834492978676559,0.05921386559927944,-41.62104131642561
515.0,2710.2057070342626,6.966242788025332,0.06253803443070695,-39.91501832374608,2440.119245295912,6.787723594061564,0.059395356094438266,-40.48064399720416
516.0,2713.9188422814846,6.932649435622701,0.06272765589577008,-38.5874528774931,2444.423369255379,6.745321925488481,0.059576247270289755,-39.3295366576467
517.0,2717.3934841390646,6.903637348101993,0.06291658267485405,-37.25065654509288,2448.5168081640727,6.707326429973276,0.059756512838916906,-38.168267003681294
518.0,2720.622906997833,6.879265940572894,0.06310478773716369,-35.90542869899915,2452.3925008727574,6.673797870993963,0.0599361266532981,-36.99760513844885
519.0,2723.615239232896,6.859572367816293,0.06329224423221805,-34.552493970850826,2456.058240335102,6.644774750207782,0.060115062730914055,-35.81824643425091
520.0,2726.356321257289,6.844601239544192,0.06347892551396146,-33.19250225784819,2459.4995316937825,6.620303022672009,0.06029329527743848,-34.63081153878935
521.0,2728.8542754296072,6.8344046222589,0.0636648051648031,-31.826251579917606,2462.724162220412,6.60043609866428,0.06047079871039684,-33.436069232188956
522.0,2731.102364111311,6.829019756060873,0.06384985701971914,-30.454390952634377,2465.7250594047,6.585212560451801,0.06064754768292164,-32.234639299772034
523.0,2733.0938461794285,6.828483913207105,0.06403405518976138,-29.077643244933196,2468.495147498278,6.574671020811317,0.06082351710696152,-31.027215389613517
524.0,2734.844261894324,6.83281954326656,0.06421737408542555,-27.69680518657545,2471.0496324125925,6.56883526814638,0.06099868217638539,-29.81456501984515
525.0,2736.339434270938,6.842056560024324,0.06439978843969321,-26.31252452536764,2473.374003119008,6.567736553353576,0.06117301838980308,-28.597306735702237
526.0,2737.5948957108535,6.856217486631642,0.06458127333023132,-24.92552288564764,2475.4834583082143,6.571398734934892,0.06134650157258625,-27.376132967828976
527.0,2738.6038893887526,6.875332314152836,0.06476180420121515,-23.53652149300784,2477.3709078022703,6.579853137507245,0.061519107898552125,-26.15173575681093
528.0,2739.367082500745,6.899431075057061,0.06494135688421976,-22.14631546626446,2479.0366858265406,6.5931311252570906,0.06169081391075684,-24.924881044943078
529.0,2739.8851377715255,6.928528988354337,0.06511990761836312,-20.75547669214967,2480.481122538264,6.611249247039641,0.06186159654158225,-23.69611155070972
530.0,2740.166141672936,6.9626413181261535,0.06529743306981543,-19.36494810226312,2481.7119722641633,6.634224094872918,0.062031433132220926,-22.46634104551244
531.0,2740.1958909029686,7.0017982320495165,0.06547391034988323,-17.97537513070499,2482.7146999959473,6.662087162425568,0.0622003014507819,-21.236185811067543
532.0,2739.9898907298825,7.046000233110734,0.06564931703246939,-16.587699991469673,2483.5044797482497,6.694840276694737,0.06236817970979838,-20.00655891655208
533.0,2739.541356445776,7.095262731513619,0.06582363117027923,-15.202493136509764,2484.0741960232135,6.732500169878708,0.06253504658252203,-18.778001676407545
534.0,2738.843498336086,7.149601189776023,0.06599683130995308,-13.8206961005549,2484.416728788109,6.775083624438186,0.0627008812181685,-17.551426494886005
535.0,2737.9118066629217,7.2090385528664305,0.06616889650608587,-12.442952959585377,2484.547238463804,6.8226149031980245,0.0628656632560811,-16.327448324238038
536.0,2736.732053159963,7.273575536577948,0.06633980633391454,-11.070204609045303,2484.4511674217993,6.875096037686693,0.06302937283858848,-15.10697894262755
537.0,2735.31971779538,7.343212914341201,0.06650954090101868,-9.703020222705517,2484.1436667462485,6.932529114915073,0.06319199062289413,-13.890558412683644
538.0,2733.667990295307,7.417958947323422,0.06667808085758241,-8.342191531256406,2483.6175977534995,6.99492370744178,0.06335349779155117,-12.678949359769764
539.0,2731.784911884553,7.4977996727614045,0.06684540740565065,-6.988509982556209,2482.880673725899,7.062267161672811,0.06351387606194192,-11.472914131896
540.0,2729.6562335389126,7.582736047431286,0.0670115023069005,-5.642618185560199,2481.9183181542535,7.134561741298401,0.06367310769429205,-10.273066243300237
541.0,2727.304842804521,7.672776520999727,0.0671763478894669,-4.3052327719366605,2480.753091544497,7.211817200611716,0.0638311754987414,-9.080093235704375
542.0,2724.723908676392,7.767907324306493,0.0673399270534834,-2.977144407345483,2479.377836280805,7.294021072759406,0.06398806284114035,-7.894756689222011
543.0,2721.9065950431427,7.868122184430008,0.06750222327541973,-1.6590172374262204,2477.7853900523023,7.381168384775549,0.0641437536476428,-6.717691667964818
544.0,2718.8683457938446,7.973414897981225,0.06766322061140409,-0.35155975146112683,2475.9908709394367,7.473254230844409,0.064298232408284,-5.549577583313862
545.0,2715.6097431345515,8.083749619325406,0.06782290369935377,0.9445717744121233,2473.994535707779,7.57024406049154,0.06445148417936203,-4.391041636731118
546.0,2712.1239360172744,8.199127717334205,0.06798125776031529,2.2287138384772045,2471.789208212177,7.672140535305739,0.0646034945850183,-3.2427182580727822
547.0,2708.418925279543,8.319513493459283,0.06813826859860923,3.500188273015828,2469.382564509649,7.7789092469829635,0.06475424981761566,-2.1052565455947034
548.0,2704.4952786916565,8.444826754932897,0.0682939226011925,4.758346802187852,2466.774847878333,7.890471290497766,0.06490373663731701,-0.9792757076472297
549.0,2700.353559413145,8.575210236901107,0.06844820673629343,6.00250194600732,2463.9662972442466,8.00697068620789,0.06505194237091864,0.13456584173213287
550.0,2695.994326106168,8.710435335900506,0.06860110855111333,7.231997577161464,2460.95714726386,8.128180113302868,0.06519885490973246,1.235641040074457
551.0,2691.432911958199,8.850645428719973,0.0687526161690645,8.446145050962869,2457.762405871254,8.254244607639887,0.06534446270697947,2.3232867953112235
552.0,2686.654621313085,8.995688769423445,0.06890271828626482,9.644269327573003,2454.367046545412,8.385015595744406,0.06548875477441686,3.39683957375802
553.0,2681.674389993341,9.145562744662543,0.06905140416764662,10.825696251657742,2450.785672931333,8.520494013091524,0.06563172067855183,4.455633214901956
554.0,2676.4997214772625,9.300264825675034,0.06919866364262742,11.989766626797952,2447.0254564282727,8.660680877076903,0.06577335053638683,5.499016517822746
555.0,2671.1232586812694,9.459718286120964,0.06934448710036815,13.135799060569399,2443.078707939612,8.805503004827697,0.065913635010725,6.526316086722224
556.0,2665.545069143605,9.623920770390669,0.06948886548500575,14.263119664652995,2438.9451630245862,8.95496158148589,0.06605256530541503,7.53686603148395
557.0,2659.7875018570226,9.792795727866276,0.06963179029048644,15.371128896578012,2434.64683869976,9.108983594445826,0.06619013316016685,8.530074809864555
558.0,2653.8357605970555,9.966340981155039,0.06977325355561506,16.45912326579253,2430.16860673712,9.267570401564125,0.06632633084554805,9.505246934010215
559.0,2647.697330851299,10.144480160273726,0.06991324785878561,17.52662959579055,2425.517620564449,9.430649165321382,0.06646115115763093,10.461917233026757
560.0,2641.3722665416312,10.327211270802305,0.07005176631316089,18.57302616450876,2420.6936019601694,9.598221420953811,0.06659458741305169,11.39947199381563
561.0,2634.8754751931374,10.514383844483785,0.07018880256173905,19.59769125748896,2415.7111261966247,9.770140227031703,0.06672663344392839,12.317297514670814
562.0,2628.192147944779,10.70607035780104,0.07032435077289953,20.600226004445588,2410.555052027073,9.946481584015633,0.06685728359322093,13.21500294227548
563.0,2621.337186456691,10.902120531982396,0.07045840563611462,21.579860097213132,2405.239948571457,10.1270987342421,0.06698653271022957,14.091825990072447
564.0,2614.318061256549,11.102532751489681,0.07059096235800039,22.536120327148694,2399.7729536435686,10.311993580392416,0.06711437614640102,14.947301476082979
565.0,2607.119955128288,11.307231214439936,0.07072201665907071,23.468533436919937,2394.1389171230494,10.501093835896004,0.0672408097518093,15.78096417510376
566.0,2599.757761644035,11.516214500492792,0.07085156477062142,24.37662610622687,2388.3523994732195,10.694401592800167,0.06736582987174197,16.592348804829744
567.0,2592.23894348346,11.729258437674535,0.07097960343232121,25.259776370448296,2382.4205300490494,10.891696188577319,0.06748943334396848,17.380841444893548
568.0,2584.5561041441097,11.946436087680423,0.07110612989044127,26.117585023741952,2376.3355787989226,11.09305419141137,0.06761161749662356,18.146050940349763
569.0,2576.7167013926123,12.167672045594735,0.07123114189644228,26.94957847056492,2370.1046697101488,11.298403699902629,0.06773238014643342,18.887511753570724
570.0,2568.72076225352,12.39281672407699,0.07135463770647694,27.755282994656348,2363.727495795028,11.50759862723982,0.06785171959783572,19.604758233595383
571.0,2560.5757397386496,12.621869204501824,0.07147661608114264,28.534150460972302,2357.211175820328,11.720641552326653,0.06796963464234242,20.29725031842109
572.0,2552.2890845148854,12.854680103528455,0.07159707628616216,29.285929718600528,2350.5628259781465,11.937386586338876,0.06808612455881727,20.96474493826585
573.0,2543.860816561263,13.091248707636876,0.0717160180935947,30.0100723181154,2343.7821315489246,12.157836507249115,0.06820118911427672,21.60670173326164
574.0,2535.290953516017,13.331500123092644,0.07183344178355187,30.70632676495403,2336.86877525724,12.381919909781226,0.06831482856519722,22.222877307159447
575.0,2526.6017957138706,13.57528527636432,0.07194934814667939,31.37436708724965,2329.8447223205676,12.60949120581834,0.06842704365958158,22.812953795482677
576.0,2517.7784993606906,13.822603764993149,0.07206373848709414,32.01379282117597,2322.69479363803,12.840553475264239,0.0685378356394917,23.376538851182644
577.0,2508.8433600032404,14.073306723889424,0.07217661462585155,32.62420327980197,2315.4409492767354,13.074961332332448,0.06864720624411497,23.913239913796087
578.0,2499.7889573353527,14.327319676089884,0.07228797890496855,33.205197538461256,2308.0754332968645,13.312643776297524,0.06875515771339871,24.422664195109007
579.0,2490.622725249664,14.584642532950827,0.0723978341918174,33.75659727065603,2300.6053438245003,13.553604191683169,0.06886169279206977,24.90464151534748
580.0,2481.352095079906,14.845052460273921,0.07250618388397713,34.27800103247504,2293.037776316991,13.7976232143842,0.06896681473413092,25.35877858787526
581.0,2471.9844955370795,15.10854957939934,0.07261303191441648,34.76900709858127,2285.379823523956,14.04470443275713,0.06907052730770688,25.784681855454423
582.0,2462.5199242896074,15.374985549713475,0.07271838275691274,35.22928773125141,2277.6311470938463,14.294702970126451,0.069172834800154,26.182031759551787
583.0,2452.9583762391944,15.64428641911846,0.07282224143163298,35.65858916598069,2269.7914058775177,14.547548335254069,0.06927374202335952,26.55058272620515
584.0,2443.3147001431007,15.916452623935546,0.07292461351101054,36.05650874665804,2261.875112579308,14.803244422243848,0.0693732543193623,26.889940301455137
585.0,2433.588885132147,16.191187571237457,0.07302550512549388,36.4227920453475,2253.8819203046633,15.061498092876468,0.0694713775658847,27.199858271379245
586.0,2423.7809173284895,16.468566190156853,0.07312492296940176,36.757109997651504,2245.81147920812,15.322387727921688,0.06956811818200158,27.480015797704286
587.0,2413.8982081125346,16.748440663593332,0.07322287430664319,37.05935602270162,2237.6708647907203,15.5857689588506,0.06966348313371168,27.730314538043693
588.0,2403.955594040087,17.030663278389063,0.07331936697619344,37.32927459174753,2229.474577847721,15.851497518017828,0.0697574799393074,27.950507214731054
589.0,2393.93819500986,17.315160708440114,0.07341440939753052,37.5666840648973,2221.207402666436,16.119503521780885,0.0698501166747399,28.140420451803955
590.0,2383.8682693372025,17.601859730744103,0.07350801057543682,37.7713281104872,2212.891262129824,16.389717186557256,0.06994140197839772,28.299806194616522
591.0,2373.745786877401,17.890612941388635,0.07360018010456609,37.943098542116275,2204.525790868916,16.661994544823763,0.07003134505568902,28.428564547117364
592.0,2363.570714006631,18.181347321988312,0.07369092817358852,38.081663887823794,2196.110620271907,16.93626601156593,0.07011995568324493,28.526372341271014
593.0,2353.350441908364,18.47391567205313,0.0737802655685685,38.18698936146965,2187.652806797484,17.212387816660236,0.07020724421240232,28.593203108684044
594.0,2343.084929815977,18.768245175308014,0.07386820367588462,38.25896543226767,2179.1519752428994,17.490290571209023,0.07029322157226929,28.62895565038625
595.0,2332.78899001454,19.064188831944023,0.07395475448429392,38.29748209552663,2170.622603769561,17.769830699808583,0.07037789927198057,28.63352830782241
596.0,2322.4625743996744,19.36167402482115,0.07403993058640448,38.30242886009126,2162.064310483812,18.050939006770296,0.07046128940240033,28.606818950547247
597.0,2312.105631147581,19.66055395160305,0.07412374517918478,38.27362045249211,2153.476710126837,18.33347210827533,0.07054340463690625,28.548650680633273
598.0,2301.7255330452526,19.960681907341705,0.07420621206351725,38.21109393882858,2144.866842422522,18.61728671498068,0.0706242582312574,28.45906895481592
599.0,2291.329649131327,20.262059850506542,0.07428734564315109,38.1146630118563,2136.241743733573,18.902388198071264,0.07070386402289598,28.33789587184773
600.0,2280.9179163486683,20.564466984439274,0.0743671609223288,37.98436368034191,2127.601018726886,19.188559170739268,0.07078223642896463,28.185175862125
601.0,2270.505118819765,20.867831633783634,0.07444567350262633,37.82023016577609,2118.9591312882094,19.475731407085576,0.07085939044356711,28.00094753193766
602.0,2260.0763004016226,21.17200977285287,0.0745228995786432,37.622365450619505,2110.3008519718487,19.763764497851874,0.07093534163391406,27.785302053777453
603.0,2249.661065600525,21.476932211410787,0.07459885593272089,37.39064785748752,2101.6555240328007,20.0525929088936,0.07101010613552336,27.53810190403081
604.0,2239.2444452136288,21.782455566401207,0.07467355992853358,37.12517798089708,2093.007917441146,20.34207691049421,0.07108370064632141,27.259431847759377
605.0,2228.8337515487565,22.08843654413654,0.07474702950366634,36.825981542897566,2084.365084100944,20.632076859585695,0.07115614241975356,26.949301794629815
606.0,2218.443721804907,22.39480622243129,0.07481928316108134,36.49315794999673,2075.7415012270244,20.922527481915544,0.07122744925680259,26.607795356144155
607.0,2208.0668047656595,22.701495765676047,0.07489033995948402,36.12665743285979,2067.1293580319048,21.21336358715556,0.0712976394969256,26.234846985648648
608.0,2197.7177310083257,23.008287856354706,0.07496021950274724,35.72665245431989,2058.5431259257152,21.504371500455367,0.07136673200805857,25.830613386658776
609.0,2187.4037996235784,23.315113827523096,0.07502894192815789,35.29331484966455,2049.9898452239518,21.79548619495875,0.07143474617545822,25.39525065346496
610.0,2177.1100216482205,23.621830810716865,0.07509652789382787,34.826667250725265,2041.4542685658084,22.086568439750472,0.0715017018897092,24.928765695545735
611.0,2166.865975362888,23.92822173431416,0.07516299856502844,34.326805927784534,2032.9657161949972,22.3774047982594,0.07156761953366055,24.43123907980206
612.0,2156.656666246149,24.234292455856256,0.07522837559960271,33.79382649778149,2024.508935894654,22.668004760620754,0.07163251996844008,23.902750739093456
613.0,2146.4893822949048,24.539900342793874,0.07529268113265176,33.227898199834684,2016.0909582863817,22.958229324465336,0.07169642451873319,23.343454248094137
614.0,2136.386265852609,24.8449028377002,0.0753559377601336,32.629263887577665,2007.7336686351375,23.24793956017682,0.07175935495697498,22.753576815963747
615.0,2126.324886995322,25.149157456428185,0.07541816852200686,31.998165738310178,1999.4143802101337,23.536996609094334,0.07182133348706761,22.13334499583518
616.0,2116.3348122817415,25.452596069720684,0.0754793968844586,31.33499381297728,1991.16240300812,23.825335965169227,0.07188238272717366,21.483133245130976
617.0,2106.4084647548293,25.755150617766276,0.07553964672157173,30.63991463195403,1982.9699037268504,24.11289318956856,0.07194252569192987,20.80309250168492
618.0,2096.5531226050707,26.056753108209,0.07559894229649462,29.91331686968221,1974.8439043990236,24.39960390873364,0.07200178577414211,20.09359587871486
619.0,2086.7686343371447,26.357112763602796,0.07565730824198305,29.15543993110616,1966.7839975286608,24.685180961884395,0.07206018672583335,19.354867241592682
620.0,2077.0622756927214,26.65631028734611,0.0757147695407048,28.36659679645658,1958.7972029829,24.96970866700479,0.07211775263902644,18.58720405295963
621.0,2067.4487498765675,26.954203593530114,0.07577135150510356,27.54702544885105,1950.897968186622,25.253048550743056,0.07217450792606056,17.79082880065466
622.0,2057.920474384409,27.25050208826372,0.07582707975703154,26.697111719737617,1943.078454918588,25.534913629789532,0.07223047729964843,16.966111843481457
623.0,2048.477294634461,27.54528665196874,0.07588198020718248,25.817166433654616,1935.3382529112284,25.815388393225632,0.07228568575270292,16.113348556286244
624.0,2039.1339125487775,27.838341085590702,0.07593607903452504,24.90742540383039,1927.6918084004976,26.09426024878942,0.07234015853813273,15.232759325869239
625.0,2029.8901733828527,28.129597809304183,0.07598940266564352,23.96819799512104,1920.1387109244429,26.371465221636488,0.07239392114851273,14.324638114226916
626.0,2020.7533510054095,28.41884072615061,0.07604197775413087,22.99986712027684,1912.6859785726456,26.6467908180342,0.072446999295774,13.389352455114931
627.0,2011.715863074084,28.706002353654533,0.07609383116020288,22.002666386035592,1905.3257731324795,26.920173157035247,0.07249941889108164,12.427120600429072
628.0,2002.799841359746,28.990940970882136,0.07614498993032835,20.97697722406844,1898.0799703851137,27.191474117594183,0.07255120602469724,11.438308651428848
629.0,1993.9902768124928,29.273589182972344,0.07619548127741993,19.923328888251287,1890.933305144514,27.460629903157283,0.07260238694636403,10.423430556276305
630.0,1985.3018749266323,29.55387963512213,0.07624533256110615,18.842101318262376,1883.9002265969384,27.727576755707528,0.07265298804574749,9.382850973889532
631.0,1976.7344858455472,29.83152215952931,0.07629457126854314,17.733673704531743,1876.9803283819815,27.992028102767566,0.07270303583337907,8.316933839136153
632.0,1968.2879612613815,30.106598040826327,0.07634322499569,16.598573053528167,1870.1732054702743,28.25406882289455,0.0727525569220364,7.2261909283515955
633.0,1959.9770113067968,30.37889146193641,0.07639132142898142,15.437102768866952,1863.4933110352208,28.513486691597972,0.07280157800849121,6.110910440664817
634.0,1951.7940629863815,30.64826091893053,0.0764388883276574,14.249788351284224,1856.932814866476,28.77014379625907,0.07285012585588893,4.971602698176751
635.0,1943.7464021013748,30.914713501841405,0.07648595350672559,13.0371248340278,1850.4987452789255,29.024050817007783,0.07289822727673363,3.8087475815409184
636.0,1935.841316712916,31.178033474431036,0.07653254482032688,11.799584210847764,1844.198132562468,29.27499560655412,0.07294590911625869,2.6228019581288535
637.0,1928.0786689454048,31.438227972455014,0.07657869014608841,10.53768229113114,1838.0305807742368,29.522988888516803,0.0729931982367593,1.414266537324498
638.0,1920.4583234798683,31.69508129986806,0.07662441736982899,9.251934130126141,1831.9956962232116,29.767818553693928,0.07304012150226624,0.1836413008924898
639.0,1912.987576036557,31.94860062703157,0.07666975437122844,7.94283174456173,1826.1005159464528,30.009495358336228,0.0730867057641638,-1.0685967812739088
640.0,1905.6662967958653,32.198570286864964,0.0767147290099834,6.6108871980954,1820.344651126064,30.24780722036484,0.07313297784728909,-2.341950665592754
641.0,1898.5017872092233,32.44499747300195,0.07675936911278686,5.256617745976562,1814.7351438985045,30.48276491759473,0.0731789645368434,-3.635918090033848
642.0,1891.486495047716,32.68766653589335,0.07680370246104191,3.8806052635614896,1809.264182403973,30.714156383905216,0.07322469256603228,-4.94993214552382
643.0,1884.6425845920207,32.926584680917976,0.07684775677911301,2.483436821575173,1803.9536709793915,30.9419924074194,0.07327018860424675,-6.283420700620447
644.0,1877.9476532075676,33.16161054794534,0.07689155972342483,1.0657121168779615,1798.7809467388226,31.16613521013605,0.07331547924608803,-7.635798970698354
645.0,1871.4238716146976,33.39252849189449,0.07693513887208185,-0.37198475249449114,1793.7679198509943,31.386372728558463,0.07336059100092411,-9.006497742877352
646.0,1865.071128793379,33.61934571378304,0.07697852171519283,-1.82907042750354,1788.9142184533869,31.602715744814027,0.07340555028315547,-10.394948516178884
647.0,1858.8818887309008,33.841920840237705,0.07702173564573936,-3.304880572769289,1784.2120454111669,31.815026466236326,0.07345038340303987,-11.8005017861874
648.0,1852.8634755105115,34.06011248750831,0.07706480795106507,-4.798959578384616,1779.668463418796,32.0231670894513,0.07349511655815123,-13.222716746879364
649.0,1847.0157882897931,34.27392782546919,0.07710776580481694,-6.310496001088273,1775.2831099929645,32.22714836445171,0.07353977582530931,-14.66079673182617
650.0,1841.353586372378,34.483225440594765,0.07715063625936845,-7.838976254514832,1771.0704825602552,32.426832457646526,0.07358438715301356,-16.114242904488496
651.0,1835.8619076465905,34.688012546158944,0.07719344623871456,-9.383666869430323,1767.015388755488,32.62222976871386,0.0736289763543699,-17.58233916272348
652.0,1830.548032623922,34.88822236633574,0.0772362225316768,-10.943918371509891,1763.1250060059297,32.813275134513624,0.07367356910035786,-19.06446394927367
653.0,1825.4192338087707,35.08378817902556,0.07727899178544893,-12.519158526588832,1759.4065353926264,32.99990305225375,0.07371819091346336,-20.560075564464118
654.0,1820.4753588167691,35.27464323360118,0.07732178049944742,-14.108741517919828,1755.8597529459887,33.182047990734524,0.07376286716165016,-22.068558699344486
655.0,1815.7236870660604,35.460646464361865,0.07736461501927862,-15.712022223256183,1752.491866357273,33.359570103881026,0.07380762305247981,-23.589298712882183
656.0,1811.1492163633857,35.64187962149941,0.07740752153095487,-17.328207641053602,1749.2878015851347,33.532552361788184,0.07385248362751302,-25.12153305828562
657.0,1806.7666613400731,35.81820156704028,0.07745052605511217,-18.95680258431704,1746.2622013121322,33.70085484674308,0.07389747375675251,-26.664796976983386
658.0,1802.575883332752,35.989545405815605,0.07749365444134966,-20.59694112153392,1743.41485484581,33.86441188427593,0.0739426181332393,-28.218254939700238
659.0,1798.5767470648707,36.155769915420926,0.07753693236243435,-22.248055120276007,1740.7455548202392,34.02308347320173,0.07398794126755771,-29.781369190211446
660.0,1794.7691206273403,36.31688239369446,0.07758038530848564,-23.90942853788664,1738.2540971961537,34.17687813318159,0.07403346748235226,-31.353454036191767
661.0,1791.152875459599,36.472741521686125,0.0776240385811643,-25.580345979811202,1735.9402812607736,34.32565576777554,0.07407922090688882,-32.93382440771624
662.0,1787.7353146821144,36.623280211153855,0.07766791728734398,-27.26016697404816,1733.81133797819,34.46935051202376,0.07412522547114038,-34.52187013188962
663.0,1784.5088880298265,36.76850560156368,0.07771204633294324,-28.94810311121413,1731.85964493961,34.60797072953252,0.07417150490006302,-36.116833073097546
664.0,1781.4809052399708,36.90827620659563,0.07775645041623265,-30.643440885248744,1730.092439766778,34.7413761590668,0.07421808270738812,-37.7180299739043
665.0,1778.6512509914567,37.042599045182016,0.07780115402083965,-32.34554168323823,1728.5095350655808,34.869575045676335,0.07426498218914807,-39.324852445076125
666.0,1776.0123848988878,37.17140678804442,0.07784618140857825,-34.05369320786199,1727.1033184328223,34.99250128732127,0.0743122264170572,-40.936618388233455
667.0,1773.5716265618007,37.29470632176172,0.0778915566116751,-35.7671094664743,1725.8810375165992,35.11016299902968,0.07435983823132396,-42.55257198514412
668.0,1771.3362988676015,37.412355895344966,0.0779373034247362,-37.485079326823936,1724.849943328682,35.22241965956303,0.07440784023323302,-44.17203225365969
669.0,1769.2914429496439,37.52428796784898,0.07798344539623785,-39.20696650540449,1723.9950052102504,35.32920495911888,0.07445625477727871,-45.794393036287616
670.0,1767.4518166535493,37.63058348900152,0.07803000581958681,-40.931986704936726,1723.3309093040273,35.43060108005234,0.07450510396289328,-47.41890013790002
671.0,1765.8098961060873,37.731174762344864,0.07807700772363614,-42.659430452509255,1722.8500601270644,35.52654156011041,0.07455440962565528,-49.04487416410535
672.0,1764.365589143075,37.825919725915455,0.07812447386288825,-44.38866308685964,1722.5522940006244,35.61688557320542,0.07460419332820131,-50.671710508764605
673.0,1763.1188069924533,37.91489908345896,0.07817242670707919,-46.11882761129827,1722.4374507332968,35.70171506072425,0.07465447635054007,-52.298582207154574
674.0,1762.0694643141246,37.99804488415156,0.07822088843041917,-47.84936466481807,1722.5053736589289,35.78096331134471,0.07470527968003188,-53.92495990732069
675.0,1761.2249075965567,38.07528908686942,0.07826988090031238,-49.579418240330746,1722.7633380294071,35.85456352540052,0.07475662400086182,-55.55001758856055
676.0,1760.5776301588317,38.146637840987445,0.07831942566563668,-51.30828137160865,1723.2037660110009,35.922523095776086,0.07480852968307657,-57.17307824861683
677.0,1760.1275572605095,38.21209720020633,0.07836954394466186,-53.03532183538656,1723.8265117866897,35.98484932183018,0.074861016771265,-58.793539606034045
678.0,1759.8671894663453,38.27152455291188,0.0784202566125494,-54.75961071913795,1724.6240049115872,36.04140083985202,0.07491410497281965,-60.410502668193885
679.0,1759.8113161183292,38.324925753585376,0.07847158418843422,-56.48044239057389,1725.610963774014,36.092184754568926,0.07496781364577726,-62.02329170107721
680.0,1759.95244531072,38.372306553236164,0.07852354682236048,-58.19711163181737,1726.779825557983,36.137208069676376,0.07502216178650449,-63.631231363705794
681.0,1760.2830890224095,38.413524029873216,0.07857616428164382,-59.90869077328686,1728.1230313615551,36.17632911840704,0.07507716801680385,-65.23342384229778
682.0,1760.803191553411,38.44865800353386,0.07862945593733536,-61.61454966232312,1729.640454617979,36.20962897865724,0.07513285057110262,-66.82926881917103
683.0,1761.5201296152177,38.47756533282654,0.07868344075019992,-63.31383566250841,1731.33940116949,36.236965769627325,0.07518922728314391,-68.41794347234385
684.0,1762.4338557242058,38.50032561354595,0.07873813725666842,-65.0059936217581,1733.219752643092,36.258420350534216,0.07524631557262931,-69.99892244391343
685.0,1763.529469948243,38.51701832580931,0.07879356355476445,-66.69032015462696,1735.2665381786364,36.27407346784505,0.07530413243181326,-71.5715321226544
686.0,1764.8143617571056,38.52757426474028,0.07884973728985313,-68.36574077488093,1737.4870762599508,36.283857186058015,0.07536269441189573,-73.1347277768889
687.0,1766.2884967222708,38.53214695571632,0.07890667564052238,-70.03244411539947,1739.8812613947632,36.2879263030463,0.07542201760951767,-74.6887277746932
688.0,1767.9518449689124,38.530592667633485,0.07896439530443376,-71.6897276892297,1742.4489925464015,36.28613836341889,0.07548211765319766,-76.23285934526339
689.0,1769.8043812778556,38.52306467875717,0.07902291248443388,-73.33614643900883,1745.1901732151985,36.278647924466846,0.07554300968999432,-77.76570712865524
690.0,1771.8386568367764,38.509641857089946,0.0790822428747723,-74.97099838923289,1748.0972831690679,36.265535136625765,0.07560470837224341,-79.28659882837884
691.0,1774.0546560408995,38.49018009129768,0.0791424016475286,-76.59432462828899,1751.1702352236623,36.246657174495965,0.07566722784446997,-80.79560519376393
692.0,1776.4523682409651,38.464757989707664,0.07920340343947516,-78.2054236202625,1754.4089469700584,36.222093935933486,0.07573058173069337,-82.29205433210834
693.0,1779.0317878387284,38.433379744334566,0.07926526233919724,-79.8035940216559,1757.81334085039,36.191850906168234,0.07579478312196063,-83.77527452574654
694.0,1781.7854860287716,38.39612369597576,0.07932799187473409,-81.38739182790624,1761.3759158803782,36.156007722989955,0.07585984456435449,-85.24385137892583
695.0,1784.7208959371835,38.35291948184918,0.07939160500154215,-82.95685885986286,1765.1040327694532,36.11449532447608,0.0759257780472911,-86.69785630465185
696.0,1787.8157426031748,38.303696600800215,0.07945611409113601,-84.51055140496268,1768.9753438846892,36.067244514286806,0.0759925949924527,-88.13587516624112
697.0,1791.092326559233,38.24868154557097,0.0795215309202143,-86.04851153848976,1773.0120768142883,36.01448309402146,0.07606030624317005,-89.55797959896752
698.0,1794.5283836997087,38.187729249595485,0.07958786666045647,-87.56929576453062,1777.1918942206298,35.95606731009915,0.07612892205443526,-90.9627556514151
699.0,1798.1387971985137,38.120917353397246,0.07965513186893361,-89.0729463370382,1781.5296057436767,35.892076120240326,0.07619845208349436,-92.3502751069489
700.0,1801.9087424146371,38.04832335251985,0.07972333647917564,-90.55876273563985,1786.0103128935607,35.82258834147961,0.07626890538105953,-93.71986695994116
701.0,1805.8382665368329,37.96995003973498,0.07979248979312542,-92.0260443894412,1790.6340181823086,35.74760743359201,0.07634029038337281,-95.07085965294254
702.0,1809.9200320540604,37.88579896873985,0.07986260047366205,-93.47409038167716,1795.393457079924,35.66713298628143,0.07641261490480833,-96.40257932058815
703.0,1814.161573360708,37.796019838156845,0.07993367653797549,-94.9029425415544,1800.29626611559,35.58131207984487,0.07648588613129552,-97.71509434307447
704.0,1818.563002237652,37.700539345502136,0.08000572535187037,-96.31041417686339,1805.3426588534116,35.49006879807814,0.07656011061463967,-99.00624456629332
705.0,1823.1021511676113,37.59950688695852,0.08007875362461034,-97.69728989980607,1810.5105692026536,35.39354992812176,0.07663529426736158,-100.27684112813144
706.0,1827.8014284940505,37.49292313868782,0.08015276740486546,-99.06212576245974,1815.8225065732083,35.29175354184403,0.07671144235861267,-101.52546659441732
707.0,1832.63867821552,37.38093718973394,0.08022777207735483,-100.40496341253883,1821.256415668176,35.184826128812865,0.07678855951076699,-102.75218911517636
708.0,1837.6140351258564,37.26340083997031,0.08030377236024774,-101.7258444039888,1826.81253162398,35.07261689430954,0.07686664969675268,-103.95707673572905
709.0,1842.735068092249,37.14061143415715,0.08038077230362844,-103.02258167257256,1832.4985232899917,34.955420593450484,0.07694571623843038,-105.13796887279165
710.0,1847.9870666234967,37.01249474251797,0.08045877528849436,-104.29595936173392,1838.2997797999465,34.833160411825524,0.07702576180549647,-106.29567614086504
711.0,1853.3701825813057,36.87912494443295,0.08053778402675715,-105.5452757931728,1844.2165522879675,34.70590794925112,0.0771067884153772,-107.42952332334444
712.0,1858.8920017810997,36.740576060683146,0.0806178005619643,-106.76908628264113,1850.2565254955637,34.57373465207195,0.07718879743383741,-108.53809218885972
713.0,1864.5304021830511,36.59684766927139,0.08069882627076505,-107.96743162584312,1856.3976759702816,34.43663752903686,0.07727178957633142,-109.62144997772982
714.0,1870.2929806279144,36.44808775532834,0.08078086186509377,-109.13960957424923,1862.64769881046,34.29476200125756,0.07735576491007337,-110.67892087833908
715.0,1876.1799110114907,36.29429557657696,0.08086390739514676,-110.285660486106,1869.0068658498433,34.148104767723545,0.07744072285689924,-111.7105716787188
716.0,1882.1765158523856,36.135470229888966,0.08094796225295128,-111.40488163742596,1875.4605972365923,33.99666237190641,0.07752666219673161,-112.71572607811636
717.0,1888.2829796037624,35.97168493441663,0.0810330251765707,-112.4958272031148,1882.0091747572865,33.84050548493731,0.07761358107168771,-113.69296466870944
718.0,1894.4994918568143,35.803012747797965,0.08111909425495331,-113.55853674326802,1888.6528850535008,33.67970462185538,0.07770147699084286,-114.64235342249702
719.0,1900.8188188882416,35.629600849446625,0.08120616693325702,-114.59230667942008,1895.3845911831368,33.51440442493845,0.07779034683548379,-115.56321516814909
720.0,1907.2411602527852,35.45144768991157,0.08129424001880577,-115.59791878105258,1902.2045892273925,33.3446008131013,0.0778801868650095,-116.4563580781218
721.0,1913.7592919696492,35.268774408337805,0.08138330968734565,-116.57392597201788,1909.1057514920883,33.170512399392635,0.07797099272315217,-117.32036147569364
722.0,1920.373423105416,35.0815791314811,0.08147337148986333,-117.52036648733596,1916.0883831058056,32.99213479004358,0.07806275944477935,-118.15528999237917
723.0,1927.0837673023236,34.89008267483464,0.08156442035970128,-118.4372781849442,1923.1527935635515,32.809686285626114,0.0781554814630157,-118.96120788030096
724.0,1933.8831143032887,34.69435712531103,0.08165645061999241,-119.32395569260783,1930.2918682672105,32.62323646376438,0.07824915261670842,-119.73743615972532
725.0,1940.7716865250652,34.49447440852482,0.0817494559914241,-120.17969322502076,1937.5059251140096,32.43285474644436,0.07834376615824516,-120.48329543679182
726.0,1947.742282228406,34.29050628915373,0.08184342960015235,-121.0052702360786,1944.7878576817563,32.23861040040017,0.07843931476155169,-121.19959155641779
727.0,1954.7951320878888,34.08259865488631,0.08193836398595222,-121.79923722612884,1952.13799181334,32.0406468210844,0.07853579053034845,-121.88490141018178
728.0,1961.9304707102451,33.87074866644375,0.08203425111052375,-122.56237273465445,1959.5566571492404,31.83895868271092,0.07863318500659054,-122.5400299296422
729.0,1969.1262514520783,33.655176175706615,0.08213108236580449,-123.29248347779541,1967.0219019587769,31.633763356400028,0.07873148917894368,-123.16281022449483
730.0,1976.3975730907696,33.435803741895924,0.08222884858242392,-123.9910898464399,1974.5489198238176,31.42498092637636,0.07883069349142596,-123.7547890813003
731.0,1983.737252892416,33.21285090037681,0.08232754003813497,-124.65748320906413,1982.13062271864,31.212828458787126,0.0789307878520547,-124.31528426696008
732.0,1991.1306831838024,32.98631417900947,0.08242714646621449,-125.29021156500208,1989.7524975928927,30.997300018065918,0.07903176164148742,-124.8428701826223
733.0,1998.5855446269193,32.75641280011756,0.08252765706381161,-125.89005086794992,1997.422319656052,30.77861236891179,0.07913360372163497,-125.33834918782065
734.0,2006.0946643437248,32.523068697008746,0.08262906050021497,-126.45554799941056,2005.1330105110048,30.556684992819005,0.07923630244421803,-125.80029457455242
735.0,2013.643444145326,32.28657506661994,0.08273134492500561,-126.9882205976584,2012.8700663908728,30.33180864072932,0.07933984565922966,-126.23025039687457
736.0,2021.2470021654424,32.04700210270416,0.08283449797608924,-127.4866143615301,2020.6486997988757,30.104051066224407,0.0794442207232976,-126.62678877532385
737.0,2028.8833175939924,31.804345564126596,0.08293850678752633,-127.95076004477085,2028.4469842470353,29.8734055938256,0.07954941450786263,-126.98996689188986
738.0,2036.5600857190689,31.55882391024909,0.08304335799723618,-128.38068777039243,2036.2727093019728,29.64008825438035,0.07965541340724713,-127.31984130499691
739.0,2044.270147719284,31.31050688487525,0.08314903775443598,-128.77568418027332,2044.1188103797376,29.40416636900791,0.07976220334647141,-127.61572509972478
740.0,2052.006347262423,31.059538368298018,0.08325553172703283,-129.1350352550304,2051.978225345615,29.16578140114554,0.07986976978903318,-127.87693070829796
741.0,2059.7615304080105,30.806062095419172,0.08336282510863506,-129.46025480417006,2059.843894416534,28.925074674665364,0.07997809774431601,-128.10499840085063
742.0,2067.53597386463,30.550147373949954,0.08347090262550645,-129.75062744124725,2067.7161884169204,28.68211309207059,0.08008717177494495,-128.29923926119568
743.0,2075.329956551256,30.29193765319955,0.08357974854320972,-130.00543707449,2075.5954803372965,28.43703770327828,0.08019697600383542,-128.4589636780554
744.0,2083.1289028128263,30.031576242435623,0.08368934667317662,-130.22470972761934,2083.4672885458945,28.18998942397248,0.08030749412116392,-128.584224166484
745.0,2090.9330957417033,29.76920631282592,0.08379968037898745,-130.4084706908718,2091.3319901049967,27.941109037537117,0.08041870939105027,-128.6750725194883
746.0,2098.735392051673,29.50489661595496,0.08391073258252708,-130.55748734232995,2099.1825356387058,27.690462913562488,0.08053060465810585,-128.73230262995216
747.0,2106.536078707277,29.238790052924823,0.08402248576998361,-130.67029779439292,2107.0193059550165,27.438191576934383,0.08064316235381636,-128.7544791376976
748.0,2114.32801615601,28.970955109521263,0.08413492199775381,-130.74766789076844,2114.8352552698298,27.1843611429872,0.08075636450281681,-128.74239442706272
749.0,2122.111494965134,28.70153442546424,0.08424802289817913,-130.78961985349326,2122.630767834711,26.929111886739935,0.08087019272898428,-128.69609727450407
750.0,2129.8793790607783,28.430670513223916,0.08436176968519489,-130.79617510536335,2130.398801166207,26.672583961696468,0.08098462826142294,-128.61563567160536
751.0,2137.624525449164,28.15843133836145,0.08447614315993261,-130.766609401152,2138.1323224978423,26.41484253044206,0.08109965194038297,-128.5003085026711
752.0,2145.3397584469653,27.88495847335361,0.08459112371637084,-130.70093242129252,2145.8243332231623,26.15602456926871,0.08121524422320121,-128.3501347763847
753.0,2153.032752043938,27.61031894875881,0.08470669134683155,-130.6006366595714,2153.482701023345,25.896192068501783,0.08133138519006447,-128.16661287666375
754.0,2160.696325022611,27.33465396136664,0.0848228256476247,-130.46424242305125,2161.100438234023,25.635481190355048,0.08144805454988854,-127.94826901734464
755.0,2168.323297609198,27.058178876861746,0.08493950582471745,-130.2924976661856,2168.6705584843608,25.37410227157164,0.08156523164619528,-127.69585707685702
756.0,2175.906491424876,26.780960382045087,0.08505671069948748,-130.08540663998835,2176.1860766364484,25.11211697562098,0.08168289546303699,-127.40938724795006
757.0,2183.46101448818,26.503213621636,0.08517441871463094,-129.84297271666543,2183.6622937758934,24.849735429475054,0.0818010246310439,-127.08886886287736
758.0,2190.972262714818,26.224930783613583,0.08529260794019417,-129.56668404961647,2191.084798700032,24.586944808922578,0.08191959743355813,-126.735796053949
759.0,2198.440489970153,25.94640108664858,0.08541125607982127,-129.25505655358967,2198.4540379591176,24.32402932597203,0.0820385918129472,-126.348690734234
760.0,2205.858522968389,25.667690798558915,0.08553034047724657,-128.9088337405229,2205.7630307446534,24.061050247276935,0.08215798537712382,-125.92830243394576
761.0,2213.226617921472,25.388940373350096,0.08564983812300764,-128.52801537047824,2213.012225527992,23.79814303114441,0.0822777554062478,-125.47463695191892
762.0,2220.537603785019,25.110215887296484,0.085769725661423,-128.11260027807953,2220.194643296605,23.535368763582866,0.08239787885965418,-124.9876991825857
763.0,2227.791738902819,24.83165760908648,0.08588997939799675,-127.66332919933436,2227.3107341896825,23.27286272841224,0.08251833238316826,-124.46823594333485
764.0,2234.974425897221,24.55333143601077,0.08601057530697978,-127.17871342372456,2234.346092380473,23.01068584341536,0.08263909231653875,-123.9147646271361
765.0,2242.085925008032,24.27545174771396,0.0861314890394524,-126.66023463197295,2241.3011694080574,22.74904751405116,0.08276013470135311,-123.32877304083844
766.0,2249.126497326276,23.998084275478423,0.08625269593172703,-126.10714504386874,2248.176417405012,22.48800850269829,0.08288143528923576,-122.70951955352459
767.0,2256.081548023992,23.721220389068904,0.08637417101408415,-125.51943875178536,2254.9574323221655,22.227555215457738,0.08300296955034288,-122.05700443055512
768.0,2262.958768031487,23.445148517633577,0.0864958890200865,-124.89710887949757,2261.6520956019767,21.967971123009995,0.08312471268239742,-121.37122699290936
769.0,2269.7361355070466,23.17000845212292,0.08661782439615197,-124.24163324650604,2268.238575645535,21.70939106298829,0.08324663961995131,-120.65367128203081
770.0,2276.428770905836,22.89586563226981,0.08673995131164851,-123.55300302265148,2274.7321828799963,21.451875526910996,0.08336872504413577,-119.9043347149592
771.0,2283.0220817393283,22.62285971711436,0.08686224366944595,-122.831208393326,2281.118514517784,21.19555923065688,0.0834909433928363,-119.12321375005682
772.0,2289.5089042330756,22.351204588564627,0.08698467511684603,-122.076238555088,2287.3905962154195,20.940651117974284,0.08361326887122057,-118.31030388313502
773.0,2295.8969315782383,22.080965504489328,0.08710721905708536,-121.28956738178871,2293.5563103273753,20.687211513520094,0.08373567546280741,-117.4670853140887
774.0,2302.171572076295,21.81228195286378,0.08722984866108846,-120.47118208101564,2299.601254054392,20.435374976949984,0.083858136940768,-116.59355160384412
775.0,2308.3330907809054,21.545293371942368,0.08735253687983463,-119.6210688611604,2305.5258810902014,20.185276023033055,0.08398062687981454,-115.68969534192657
776.0,2314.3891810329724,21.28013915396921,0.08747525645709726,-118.74069859896592,2311.338073162682,19.937049125302355,0.08410311866844367,-114.75699381450356
777.0,2320.3326792899466,21.01688436542028,0.08759797994251559,-117.82931266238512,2317.030854870456,19.690754436234798,0.08422558552149774,-113.7946948277339
778.0,2326.1638500515114,20.755668317785926,0.08772067970521324,-116.88837991920497,2322.604678617018,19.446526357969113,0.08434800049325662,-112.80427371687774
779.0,2331.8829573792864,20.496556004375,0.0878433279476688,-115.91713972586724,2328.059996139978,19.20442497904316,0.0844703364907734,-111.78497633559672
780.0,2337.4828364117607,20.23976095466169,0.08796589672001583,-114.91780177211491,2333.389830036568,18.96465892867159,0.08459256628762997,-110.7390189010744
781.0,2342.9711782756863,19.98527382064155,0.08808835793464073,-113.88960340076883,2338.602058686576,18.72721396303035,0.08471466253798778,-109.6656453142598
782.0,2348.3333881912195,19.73323379824017,0.08821068338111338,-112.8332666183634,2343.6822743699086,18.492224386591428,0.08483659779096579,-108.56558417096313
783.0,2353.577155425863,19.483780064231127,0.08833284474137172,-111.7480267560447,2348.638353233754,18.2598244889644,0.0849583445052774,-107.4380774232064
784.0,2358.687883041818,19.23697749668157,0.08845481360518238,-110.63534664620953,2353.45588505386,18.030074265263266,0.08507987506414395,-106.28459455630588
785.0,2363.66582949286,18.992890962427104,0.0885765614858158,-109.49445961438656,2358.13531484596,17.803033703499967,0.0852011617904288,-105.10437558118936
786.0,2368.496395066159,18.75165960456947,0.08869805983583953,-108.32534082188914,2362.662229322641,17.578837071998244,0.08532217696190021,-103.89740237747407
787.0,2373.1872634739607,18.513348279488223,0.08881928006322044,-107.129450103913,2367.0444985004965,17.357544356319057,0.08544289282681093,-102.66514153198088
788.0,2377.7312599408465,18.27809612788308,0.08894019354732323,-105.90527496298316,2371.275133803146,17.139289830213908,0.08556328161939075,-101.40608733258652
789.0,2382.1137793910166,18.04604229532744,0.08906077165517567,-104.65501608829832,2375.3397162644983,16.924207776087066,0.08568331557561763,-100.12244728796227
790.0,2386.3499280356086,17.817251652839946,0.08918098575772113,-103.37790184514893,2379.253538132117,16.712358205472995,0.08580296694899363,-98.81345661737448
791.0,2390.425096406266,17.59193765148246,0.08930080724596855,-102.07687379530763,2383.002175916842,16.503949713537764,0.08592220802623987,-97.48206377144592
792.0,2394.346957642484,17.370239475957916,0.08942020754730755,-100.75115835246721,2386.5934886960495,16.299116632577746,0.08604101114317049,-96.12750208795053
793.0,2398.108325576449,17.15229633223204,0.08953915814158496,-99.40220946864787,2390.0204762142075,16.097993319539526,0.0861593487003555,-94.75123247856521
794.0,2401.709439620918,16.93817316816215,0.08965763057719643,-98.03073730082288,2393.283563786118,15.90063987654433,0.08627719317881581,-93.35397209582563
795.0,2405.1431079073445,16.72808352814675,0.08977559648699338,-96.63819388820973,2396.3757454500173,15.707265005430719,0.08639451715555906,-91.93718001073272
796.0,2408.416992177256,16.52201813976431,0.08989302760401088,-95.2238018199228,2399.3048688734084,15.517854594283808,0.08651129331895789,-90.50008588070611
797.0,2411.5313225746127,16.320042051942057,0.09000989577709066,-93.78901125338479,2402.071350159283,15.332468855492005,0.08662749448404662,-89.04414696828077
798.0,2414.4788974918542,16.122220355618406,0.09012617298614337,-92.33378574796659,2404.668173705362,15.151168046294757,0.08674309360748182,-87.56933397501619
799.0,2417.267368470076,15.928618187911937,0.0902418313572808,-90.8588307793267,2407.10317711672,14.974012472834396,0.08685806380239375,-86.07635955608835
800.0,2419.889526651251,15.73930073629296,0.09035684317761565,-89.36336524409347,2409.369337669664,14.801062494208008,0.08697237835292893,-84.56444982520857
801.0,2422.345574817592,15.554259172501405,0.09047118090976873,-87.84957774532499,2411.467037072184,14.632304590230488,0.08708601072852054,-83.03579651279762
802.0,2424.64308864706,15.37348557996482,0.09058481720606391,-86.31668171822801,2413.4040008603083,14.467726690629892,0.08719893459786854,-81.48959970939296
803.0,2426.767341785768,15.197269452231511,0.09069772492239321,-84.76537465631584,2415.165645348456,14.307614271451545,0.08731112384260717,-79.92653947450414
804.0,2428.7258886904606,15.025528932362416,0.09080987713170381,-83.19709602298664,2416.7596677695224,14.151881460353028,0.08742255257061461,-78.34803787586142
805.0,2430.50399440466,14.8585536521112,0.09092124713715062,-81.61105592354947,2418.171476057957,14.000813875652497,0.08753319512900158,-76.75328766158967
806.0,2432.0943478430668,14.69633618454734,0.0910318084848756,-80.00943496297593,2419.393902140076,13.854400078817571,0.0876430261167433,-75.14445211808949
807.0,2433.4970616809337,14.539017749205007,0.09114153497634844,-78.39069874369297,2420.427201828308,13.712777279477798,0.08775202039688419,-73.51997956794139
808.0,2434.712243899312,14.386739649197752,0.09125040068040584,-76.75776906430853,2421.2716263703182,13.576082772400657,0.08786015310845126,-71.88277456872385
809.0,2435.7325693365806,14.239568991819306,0.0913583799448302,-75.1098527482093,2421.9199940033864,13.444379657951535,0.08796739967791643,-70.23202674168529
810.0,2436.558136297101,14.097572976130472,0.091465447407542,-73.44764150302163,2422.3725465649336,13.31773112953762,0.08807373583027603,-68.56841063126042
811.0,2437.189038115562,13.960818897022056,0.09157157800747184,-71.77271766727907,2422.629521057787,13.196200477525778,0.08817913759981598,-66.89349145177515
812.0,2437.640219778544,13.829225582248863,0.09167674699495679,-70.08569713793959,2422.7060062717364,13.079702526129504,0.08828358134039982,-65.20786801498217
813.0,2437.904336100795,13.702934813954604,0.09178092994182467,-68.38749220538786,2422.594800958934,12.968375054784795,0.08838704373544494,-63.512435565063846
814.0,2437.988893410429,13.581939915142511,0.09188410275107713,-66.67894015175223,2422.3035555173897,12.862207384469887,0.08848950180749286,-61.80801437693148
815.0,2437.901392788716,13.466234320631555,0.09198624166620675,-64.96087755059413,2421.839915228297,12.76118894850872,0.08859093292740744,-60.09542405587906
816.0,2437.641901666361,13.355960147977807,0.09208732328024387,-63.234140283441555,2421.20409184914,12.665457863337888,0.08869131482329332,-58.37548355406336
817.0,2437.2030537761257,13.251111067343476,0.09218732454432446,-61.499192139143695,2420.388863562515,12.5750037982195,0.08879062558892464,-56.64863976978805
818.0,2436.58490581189,13.151755155842949,0.0922862227760864,-59.75619911456344,2419.3944316308257,12.489890829429546,0.08888884369198982,-54.91504184810803
819.0,2435.780080692444,13.05788633433326,0.09238399566771266,-58.005549416594384,2418.2135636552207,12.410108876889092,0.0889859479819646,-53.175061182741935
820.0,2434.7811958815487,12.9697215051736,0.09248062129361392,-56.24763062945119,2416.839021890408,12.335870841763168,0.08908191769761069,-51.42906858324097
821.0,2433.580863363031,12.887180571408312,0.09257607811802088,-54.48275544925016,2415.263563214153,12.267092625481746,0.08917673247435919,-49.677360009432405
822.0,2432.1791179711404,12.810406424933385,0.09267034500212495,-52.71116170236611,2413.4873674518262,12.203913117742994,0.0892703723512275,-47.920156589622955
823.0,2430.568560674906,12.739393532578214,0.092763401211134,-50.933309498060005,2411.5031806547636,12.146322782430648,0.08936281777762192,-46.15790177305795
824.0,2428.7566436181864,12.674210790150108,0.09285522642105969,-49.150178381355694,2409.31860013426,12.094386511493019,0.08945404961985198,-44.39155848261446
825.0,2426.750813412624,12.614852958906024,0.09294580072533534,-47.362895934631034,2406.941217748468,12.04809506124834,0.08954404916744625,-42.62223771619406
826.0,2424.5510827846815,12.561389235971482,0.093035104641216,-45.57258922994125,2404.3711915434646,12.007513622636347,0.08963279813922627,-40.85104999883384
827.0,2422.1648872769542,12.513740407181192,0.09312311911608105,-43.78038484856044,2401.6161024487574,11.972558973890871,0.08972027868925325,-39.07910540202152
828.0,2419.592228551669,12.471975984368939,0.0932098255335586,-41.98726033371938,2398.6760975752236,11.943296617661009,0.08980647341257034,-37.307364996193584
829.0,2416.847959448328,12.436091358069016,0.09329520571952016,-40.19441562805071,2395.56617526749,11.919717933543298,0.08989136535078547,-35.53701228792772
830.0,2413.932070592138,12.406156367656653,0.09337924194800777,-38.40282739268549,2392.286471707501,11.90188874805242,0.0899749379975586,-33.76900753877393
831.0,2410.8445471062046,12.382092453899997,0.09346191694703744,-36.612803326517366,2388.837117622268,11.889726487003188,0.09005717530393681,-32.0036420842411
832.0,2407.577940274892,12.363969795951345,0.09354321390427907,-34.82479930516646,2385.210809943309,11.8832973123315,0.09013806168353779,-30.241355472471174
833.0,2404.124795909333,12.351858747242636,0.09362311647275577,-33.03897370054739,2381.4002401687703,11.882667557819508,0.09021758201772499,-28.482289783506072
834.0,2400.4925110645268,12.345755554800723,0.09370160877639262,-31.25563310260416,2377.41295107775,11.887829448240566,0.09029572166060695,-26.72673535071005
835.0,2396.6661923057763,12.345656645482704,0.09377867541558017,-29.47515805665444,2373.2341949945894,11.898775385424337,0.09037246644402344,-24.975056497790572
836.0,2392.63836912818,12.351632912124384,0.09385430147260863,-27.69770595034421,2368.856647206891,11.915572234235368,0.09044780268237967,-23.227394425418776
837.0,2388.416422325962,12.363681149092473,0.09392847251715516,-25.92380530274112,2364.2878343340817,11.938212757955691,0.09052171717751038,-21.48426149997817
838.0,2384.0077273114,12.381798338253862,0.09400117461162588,-24.15413293500056,2359.5352776462846,11.966689904085017,0.0905941972233772,-19.74631842387595
839.0,2379.3973690836647,12.40590736784772,0.0940723943165124,-22.389736842138884,2354.5842080338325,12.000922523044432,0.09066523061076127,-18.014597106951182
840.0,2374.614997400623,12.436005601771535,0.09414211869571987,-20.6314419463634,2349.464421180485,12.040903937294676,0.09073480563190944,-16.289906419430032
841.0,2369.6531149454645,12.47201631476226,0.0942103353217813,-18.88029581951433,2344.168565732205,12.086553376350436,0.09080291108505228,-14.573277913983093
842.0,2364.5190757974974,12.513937261491199,0.09427703228108532,-17.1371230035468,2338.7041417708333,12.13786454570941,0.09086953627892191,-12.865520145813107
843.0,2359.212800400015,12.561692111551745,0.09434219817900916,-15.402896449603771,2333.071215785538,12.194757061675208,0.09093467103716361,-11.167590111324028
844.0,2353.7564889793775,12.615204734856384,0.09440582214496569,-13.678514689126313,2327.2921340961875,12.257150736590855,0.09099830570265555,-9.480370418817776
845.0,2348.1277664102654,12.674547770437176,0.09446789383744628,-11.964430438010355,2321.34466772355,12.325114147477047,0.09106043114181529,-7.804297892228
846.0,2342.341394085284,12.739719777634114,0.09452840344888147,-10.261296884793866,2315.243724264484,12.398641787059749,0.09112103874872361,-6.140009858874588
847.0,2336.382414778917,12.810793804695715,0.09458734171048526,-8.569514583048091,2308.974492762068,12.477802632211649,0.09118012044923005,-4.487891041412601
848.0,2330.25815111483,12.887694539766551,0.09464469989692088,-6.889625175733667,2302.544442179643,12.562517294782168,0.09123766870488208,-2.8484672817363625
849.0,2323.961063829537,12.970495446291336,0.0947004698308888,-5.222119765589008,2295.9461796717155,12.652855156845908,0.09129367651678132,-1.222213910905963
850.0,2317.483608487237,13.059195913800556,0.09475464388751409,-3.5675057921353113,2289.1723073064954,12.748811521334463,0.0913481374292461,0.3903773743196075
851.0,2310.840505807828,13.153870095955236,0.09480721499863384,-1.9262718553054068,2282.2376711155043,12.850457199675327,0.09140104553338392,1.9888353559594707
852.0,2304.0241273691568,13.2542963036689,0.09485817665689336,-0.29887871115061104,2275.134682944739,12.957570154001761,0.09145239547048344,3.5727233024679435
853.0,2297.041681580929,13.36047618107201,0.09490752291957238,1.3142168233541391,2267.8705702968414,13.070152423732264,0.09150218243515347,5.141610061560599
854.0,2289.892943383309,13.472263019041362,0.09495524841236774,2.9125578492052924,2260.445127325169,13.188057689209042,0.09155040217843172,6.695064371998944
855.0,2282.599967660642,13.589584606497452,0.09500134833277497,4.495687363431889,2252.8804282566275,13.3112141228527,0.09159705101051357,8.232654842176096
856.0,2275.1476624522143,13.712368947592163,0.09504581845330969,6.063185378900184,2245.161400611664,13.439550106209733,0.0916421258033412,9.75398707045705
857.0,2267.558072467729,13.840395695294983,0.09508865512448032,7.614587190509543,2237.3101087289965,13.572845663401177,0.0916856239929641,11.258621911921615
858.0,2259.830952298641,13.973741852900911,0.09512985527746176,9.149353639838145,2229.3263269861905,13.711178162495546,0.09172754358162681,12.746045743568832
859.0,2251.966051482783,14.112261789908311,0.09516941642646058,10.666722526185803,2221.2098248734405,13.85440233125452,0.0917678831395732,14.215521875930348
860.0,2243.963114518957,14.25603294333238,0.09520733667079219,12.165931435133336,2212.9603670171778,14.002595958317004,0.09180664180658833,15.66631338221255
861.0,2235.829309232676,14.404984400395124,0.09524361469665196,13.6461434330992,2204.5851415546194,14.155688475762608,0.091843819293264,17.097608793448234
862.0,2227.5569417419806,14.559045465637736,0.09527824977854141,15.106521328911603,2196.0764751081574,14.313609526100404,0.09187941588194416,18.508596360676407
863.0,2219.1605982265287,14.718368511441236,0.09531124178030533,16.54630193539463,2187.448974562704,14.476511812668964,0.09191343242731542,19.898538317148887
864.0,2210.632574845381,14.882808993428712,0.09534259115590873,17.96457319696217,2178.694956991384,14.644251114921037,0.0919458703567622,21.266548006557684
865.0,2201.9725911589235,15.052371151307767,0.09537229894972843,19.360719868756075,2169.814163084974,14.816831989151448,0.0919767316702703,22.612035562819745
866.0,2193.195218501839,15.226985158098854,0.09540036679660947,20.734423494795447,2160.8211855319655,14.99418491761404,0.09200601894012081,23.93470788888628
867.0,2184.2853099063327,15.406581403283145,0.09542679692140604,22.085736669659333,2151.700898948391,15.17624059156128,0.09203373531010177,25.234642919098768
868.0,2175.249998580733,15.591016208855685,0.09545159213825066,23.414340181677908,2142.46045836255,15.362855627192264,0.0920598844944744,26.511546763067212
869.0,2166.096412887919,15.78022039579728,0.0954747558493294,24.720285826215253,2133.1070141990267,15.55396113202268,0.09208447077647616,27.765496519653446
870.0,2156.8168196764427,15.974199283453371,0.09549629204337516,26.003327832452253,2123.632855614867,15.749562704164903,0.09210749900656649,28.99627170446832
871.0,2147.4183377157574,16.172735554815763,0.09551620529372218,27.263442826263883,2114.0451239392905,15.949443297514163,0.0921289746002621,30.203874213476915
872.0,2137.9080810326645,16.37576067324048,0.09553450075593935,28.50045839112766,2104.3509560140633,16.153534638374037,0.09214890353557646,31.388156884648648
873.0,2128.278302250608,16.583132031059847,0.09555118416515554,29.71383019610633,2094.5426275361383,16.3616943739793,0.09216729235017428,32.548600626695055
874.0,2118.543534383665,16.794855799124523,0.0955662618329188,30.90316195893292,2084.6346948544165,16.57392892195198,0.09218414813808289,33.6848343829235
875.0,2108.7034491310787,17.01078979174348,0.0955797406437616,32.067834007151916,2074.626853266481,16.790096335158434,0.09219947854612943,34.796263693160334
876.0,2098.7651419769086,17.230792032555012,0.09559162805132781,33.20744895788398,2064.52622211989,17.01005486750066,0.09221329176996072,35.88251637431056
877.0,2088.7282755416195,17.45472075330905,0.09560193207419693,34.321311712163805,2054.3324881648527,17.233662972622,0.09222559654977526,36.9429225155038
878.0,2078.614793038411,17.682508676068828,0.09561066129133743,35.40909798543521,2044.0676190111249,17.46085358603523,0.0922364021657004,37.97718300940975
879.0,2068.4094915298183,17.914088728324504,0.09561782483720106,36.47018573512901,2033.71643638466,17.691559840165745,0.09224571843282495,38.984700980649
880.0,2058.126877141876,18.149319758024,0.09562343239652232,37.504175124421685,2023.2934713413435,17.925640779314868,0.09225355569594552,39.96510175039637
881.0,2047.759166677592,18.388135099028652,0.09562749419877312,38.51059136761936,2012.7909658795872,18.163029925051013,0.09225992482397952,40.91793568262108
882.0,2037.3208577869975,18.630542569481257,0.09563002101233267,39.48903327672348,2002.2234431090596,18.40373527451608,0.09226483720409888,41.84282673151969
883.0,2026.804158937488,18.876327336081275,0.09563102413839276,40.43895039066437,1991.583137219341,18.647542164641983,0.0922683047356044,42.739249571627504
884.0,2016.2087028899584,19.125571896804896,0.09563051540452787,41.36001437275,1980.869706954004,18.894533254814775,0.09227033982346797,43.60690099615496
885.0,2005.5415467771768,19.378136094506964,0.0956285071580585,42.251673289797296,1970.0902356866152,19.144568540423432,0.09227095537166904,44.44525419701637
886.0,1994.8023154848563,19.633879965464672,0.09562501225915336,43.11359729351962,1959.2443747991692,19.39750820135309,0.09227016477626819,45.25400444712312
887.0,1983.9906300866232,19.89281230433517,0.09562004407367916,43.945678601141005,1948.3317721141725,19.65336116689496,0.09226798191822656,46.0330690819124
888.0,1973.1209646323043,20.15479352801416,0.09561361646591118,44.747882909264554,1937.3669286798545,19.911987979559647,0.09226442115607883,46.78243891413685
889.0,1962.178076137228,20.41960995692268,0.0956057437909273,45.520323658523566,1926.3346287562265,20.173175076321428,0.09225949731828739,47.502252499444445
890.0,1951.1838598281824,20.687270946716456,0.09559644088692189,46.262816314009,1915.256795057692,20.436931920287407,0.09225322569550468,48.19235041774
891.0,1940.130494087716,20.957637468387485,0.09558572306727832,46.97547261504233,1904.1256336939116,20.70311958076144,0.09224562203258709,48.852869523897795
892.0,1929.025010654916,21.23057067279711,0.09557360611253408,47.65818057274009,1892.9482043671069,20.97159929774193,0.09223670252049053,49.48372294627015
893.0,1917.8670096765811,21.50600617162038,0.09556010626214109,48.310975869955534,1881.7241354197488,21.242306762833216,0.09222648378795006,50.08497148757666
894.0,1906.6709448624167,21.78365690069075,0.09554524020617287,48.933744710063,1870.467908986304,21.514954982559615,0.0922149828930924,50.65652647463912
895.0,1895.4215534904097,22.0636073852875,0.09552902507683551,49.52629808363886,1859.164290995212,21.789628543624417,0.09220221731484204,51.19822402601479
896.0,1884.1407116682592,22.345570902290003,0.09551147843989899,50.08866888605196,1847.8351864270144,22.066040775037926,0.09218820494423129,51.71012217054028
897.0,1872.8205792925116,22.62948374528865,0.09549261828602412,50.62066620044953,1836.4727842702928,22.34412801320432,0.09217296407559417,52.19205513127136
898.0,1861.4681702635169,22.915208087576747,0.09547246302198048,51.12217241620707,1825.0841277335771,22.62375246489161,0.0921565133976356,52.64393044488562
899.0,1850.090495900364,23.202531979063103,0.09545103146183367,51.59314321382439,1813.6762576573808,22.904702204124447,0.09213887198445667,53.06572894753037
900.0,1838.6871367079063,23.491466477105007,0.09542834281797981,52.03338469978888,1802.2487842785115,23.186988302999247,0.09212005928641336,53.457281910635
901.0,1827.257680489434,23.781725472162456,0.09540441669210899,52.442847778174645,1790.8013052515603,23.47032546113635,0.09210009512089112,53.8185632917972
902.0,1815.8166080980236,24.073319392776877,0.09537927306620966,52.82147132518942,1779.3482311320026,23.754728122085904,0.09207899966310595,54.149526545294826
903.0,1804.363551227454,24.366110060793172,0.09535293229331591,53.16904185388368,1767.8891034309027,24.04006291709741,0.09205679343663904,54.44997065270922
904.0,1792.8981395928267,24.65995944138864,0.09532541508842292,53.48556766737227,1756.4234618822377,24.326196611325322,0.09203349730412531,54.71991639873714
905.0,1781.4274294056231,24.954729639445684,0.09529674251910912,53.7709074293136,1744.9582729162419,24.61299610019429,0.09200913245764167,54.95923494259503
906.0,1769.9510467991836,25.25043146283985,0.09526693599625292,54.024918719476325,1733.4930730833607,24.90047697268142,0.09198372040917939,55.16779637450348
907.0,1758.4834730065004,25.546778717618395,0.09523601726465585,54.24753230638759,1722.0422542307197,25.188357806491428,0.09195728298101517,55.345543989245265
908.0,1747.0169027369748,25.84370818862281,0.09520400839354273,54.438826420577286,1710.5979218777354,25.47658014867761,0.09192984229595476,55.49256856031086
909.0,1735.5583860565307,26.14123106850076,0.09517093176705149,54.5988038944209,1699.1670370952554,25.76515994465439,0.09190142076756158,55.60888548063319
910.0,1724.1075434664858,26.439135819625783,0.09513681007466934,54.72754072011393,1687.7491315836091,26.053890400119787,0.09187204109032816,55.69458332144392
911.0,1712.6714227343386,26.737285303951094,0.09510166630152937,54.82511175776781,1676.3511645027063,26.342639110914053,0.0918417262297085,55.749749541240995
912.0,1701.257070674368,27.035616778768244,0.09506552371871267,54.891590727646154,1664.9800942520667,26.631348058785484,0.09181049941215624,55.77447047888506
913.0,1689.8641049287107,27.33406760888007,0.09502840587340461,54.92705020304644,1653.635450251412,26.919959323572687,0.0917783841150212,55.768831347330064
914.0,1678.4921424493211,27.632426695188983,0.09499033657900736,54.93148732033144,1642.3167614222123,27.208266511804588,0.09174540405640653,55.73284194449128
915.0,1667.1407996299731,27.93063160422029,0.094951339905166,54.9050466236277,1631.0235563193119,27.496211886237752,0.09171158318494536,55.66665949876809
916.0,1655.8245491389732,28.228619996552144,0.09491144016770392,54.84787149267344,1619.77021996328,27.783737794302937,0.09167694566949713,55.5704400977033
917.0,1644.5355783002403,28.526106771667063,0.09487066191840915,54.759955571330586,1608.5488522211188,28.070563812975607,0.09164151588870764,55.444190117293374
918.0,1633.273502626673,28.823104047754608,0.09482902993481171,54.64158846478355,1597.3589813392107,28.356706728600248,0.09160531842056749,55.28821191997189
919.0,1622.0527943027191,29.119401172407755,0.0947865692098055,54.49276146836912,1586.2149924254063,28.641960547611134,0.09156837803183494,55.10250958421056
920.0,1610.8730689155627,29.414936135280826,0.09474330494115644,54.31361326610785,1575.1164141796291,28.9262679092173,0.09153071966736029,54.88723460380768
921.0,1599.7265139373485,29.70949842915904,0.09469926252093276,54.104281361879,1564.0553473753948,29.209422946502208,0.0914923684393488,54.64253731980632
922.0,1588.6276022578543,30.00302617898553,0.09465446752478417,53.86512492876898,1553.046178391634,29.491368415483613,0.09145334961649475,54.3687897705718
923.0,1577.5833789147907,30.29545756981363,0.09460894570118497,53.596353391056304,1542.095865941964,29.77204712310194,0.09141368861310002,54.06621427449127
924.0,1566.5786045241332,30.586656558205757,0.09456272296045619,53.29832355836961,1531.1890845037994,30.051327638658364,0.09137341097799373,53.73518056483256
925.0,1555.635182212408,30.87641286708204,0.09451582536373117,52.9713167759725,1520.3476512492036,30.32900428870588,0.09133254238342227,53.37598294071545
926.0,1544.7453025941038,31.16473911452981,0.09446827911187086,52.61576177669973,1509.5636710206215,30.605094285904663,0.09129110861390989,52.989063119720385
927.0,1533.9160140021163,31.4514251075431,0.09442011053410208,52.23186326550108,1498.8441065594025,30.879392022810908,0.09124913555487336,52.57463882309062
928.0,1523.154365915398,31.736483537750583,0.09437134607675399,51.81997333962782,1488.195921931252,31.151914767657622,0.09120664918135793,52.13307519656356
929.0,1512.4599807359773,32.01970427507626,0.09432201229171065,51.38036864140626,1477.6186543007823,31.42245695807195,0.09116367554652077,51.66466196377517
930.0,1501.8324822655088,32.300951496391875,0.0942721358248431,50.91325036211425,1467.1118424053016,31.690887329788,0.0911202407701196,51.16961343075423
931.0,1491.271495830524,32.58016368013025,0.09422174340437613,50.41889281344557,1456.675026677012,31.957148911324385,0.09107637102696582,50.64821705799108
932.0,1480.7915051070459,32.8572050338687,0.09417086182907167,49.8974948655342,1446.3226060642733,32.221110451636044,0.0910320925352235,50.100684899053526
933.0,1470.3847104922284,33.13201405590206,0.09411951795643327,49.349402803047056,1436.0466963995952,32.48271498175948,0.09098743154475693,49.52737645725847
934.0,1460.0581709771943,33.404306395784346,0.09406773869075488,48.77473891379846,1425.8542722685315,32.74168267543115,0.09094241432535383,48.92842727485304
935.0,1449.8115192164746,33.67409483338608,0.09401555097118322,48.17384719641867,1415.7448820748887,32.99803082822552,0.09089706715498672,48.30419464123781
936.0,1439.644389996981,33.94116928890928,0.09396298175965549,47.54699623350913,1405.718076505184,33.25155386765526,0.09085141630798092,47.6549604666651
937.0,1429.5638487054173,34.20554251843166,0.0939100580288188,46.894602049810885,1395.7808369912725,33.50226904880511,0.09080548804319,46.981154140939104
938.0,1419.5695347433027,34.46707869092466,0.0938568067499402,46.2169309863356,1385.932719120331,33.750045031444074,0.09075930859218807,46.28305540806776
939.0,1409.6685183412844,34.725641949794465,0.0938032548807785,45.51439684298068,1376.1807094438868,33.994750441665126,0.09071290414744977,45.56109150938805
940.0,1399.853015620403,34.98102212392539,0.09374942935344632,44.787338037074875,1366.516940533577,34.23617958303205,0.09066630085054447,44.81561434261159
941.0,1390.1375304534945,35.23330613975218,0.09369535706228256,44.03601761286337,1356.9558328368475,34.474423848759756,0.0906195247803643,44.04690047179986
942.0,1380.5142844719076,35.48228374781796,0.09364106485175912,43.260846101916634,1347.4895246777755,34.709277448385144,0.09057260194140809,43.25537398825348
943.0,1370.9903589229696,35.72781893488684,0.09358657950440528,42.46223296642723,1338.1250141084952,34.940608819997315,0.0905255582521032,42.4414579542804
944.0,1361.5654097233864,35.9699242020726,0.09353192772877565,41.64066089339925,1328.8618739564167,35.168434908488685,0.09047841953319079,41.60564869784759
945.0,1352.2465242617739,36.20846342548464,0.09347713614753188,40.796462955197995,1319.7071086204744,35.39262402632827,0.09043121149623917,40.748292973584455
946.0,1343.025936447763,36.44337470142517,0.09342223128550083,39.930119754972665,1310.6528691138672,35.61311869889098,0.09038395973215363,39.86988510865078
947.0,1333.9181685608835,36.67444749060821,0.0933672395579565,39.04211087140586,1301.7135949065303,35.82971280881375,0.09033668969991925,38.9709184479234
948.0,1324.9154612444372,36.901768313941886,0.0933121872588953,38.13284058729373,1292.8814439125615,36.042497291919645,0.090289426715352,38.0518110830055
949.0,1316.0174869995687,37.125200762821756,0.093257100549454,37.20263790194401,1284.1560059778596,36.251340147657935,0.09024219594000353,37.112905865046095
950.0,1307.2387786262605,37.34460834449587,0.09320200544654017,36.25212796139038,1275.551731314707,36.45610928462076,0.09019502237028304,36.15484183536809
951.0,1298.5716047112537,37.55985394225521,0.09314692781147192,35.28156275801254,1267.0608039423123,36.656672210146446,0.09014793082660058,35.17788083499407
952.0,1290.0157345673977,37.7709467732472,0.09309189333891424,34.291487409780686,1258.6829004968126,36.85304367606379,0.09010094594280608,34.18256151278807
953.0,1281.5783868649785,37.97774685363166,0.09303692754583706,33.28222247484006,1250.425144979508,37.04508945624416,0.09005409215565978,33.16919391193286
954.0,1273.2519275114691,38.18018837887738,0.0929820557607902,32.254310428189086,1242.2798086716004,37.23274949781207,0.09000739369461595,32.13831003749249
955.0,1265.0510114816796,38.37813115188876,0.09292730311327747,31.208144258234775,1234.26145195845,37.4158893494468,0.08996087457170852,31.090292453343928
956.0,1256.968012792796,38.57150914520385,0.09287269452332182,30.144190331617327,1226.3623542988923,37.594448723760046,0.08991455857162635,30.02559714737041
957.0,1249.0101663298265,38.760256212748274,0.0928182546913053,29.062914124268204,1218.5896560451436,37.76836720923375,0.0898684692420587,28.94467926288031
958.0,1241.1698545164795,38.94438036865914,0.09276400808793055,27.965003086716877,1210.9356451083368,37.93765854923227,0.08982262988416033,27.848215964266856
959.0,1233.454320785755,39.12374093216524,0.09270997894445807,26.851069525114685,1203.4074704239843,38.10218778707504,0.08977706354328574,26.736809318376647
960.0,1225.8708129467857,39.29841994055504,0.09265619124313813,25.72165061650069,1196.012285313908,38.26204267920114,0.0897317929999112,25.61098631011169
961.0,1218.4117265494697,39.4682021601834,0.09260266870784521,24.577282707799807,1188.7423908461913,38.41701370637656,0.08968684076075262,24.47127314175484
962.0,1211.0843183484485,39.63316935008549,0.09254943479496684,23.41864989855222,1181.6049492947052,38.56718833751241,0.08964222905012918,23.31834381601737
963.0,1203.8884213132235,39.79325455662629,0.09249651268450307,22.246361206358927,1174.599699145009,38.71250532452265,0.08959797980152896,22.152797301793
964.0,1196.823873037226,39.94831639273871,0.09244392527138656,21.060802016058968,1167.7263834994349,38.85282898177369,0.08955411464938413,20.975008983633487
965.0,1189.8905157946483,40.09843616774092,0.09239169515701692,19.862505513654863,1160.9847501301597,38.98824631611685,0.08951065492105198,19.785502095961927
966.0,1183.088196595344,40.24339789869813,0.09233984464104146,18.652004135953305,1154.3745515305739,39.118547038468506,0.08946762162903132,18.58479917299008
967.0,1176.4241955881216,40.383208290891766,0.09228839571332585,17.429829587446584,1147.9029733152483,39.243743544500646,0.08942503546335713,17.373422065864773
968.0,1169.890941061238,40.51779959983373,0.09223737004612247,16.196438573930543,1141.562349217308,39.36377377687944,0.08938291678418445,16.151817676538514
969.0,1163.4957228929143,40.64710391086535,0.09218678898651649,14.952361386873172,1135.3598745360132,39.478575505091456,0.08934128561463738,14.92050654237784
970.0,1157.23840754844,40.770978851824275,0.09213667354898157,13.698053354020747,1129.2953211310971,39.588012038340175,0.08930016163375928,13.679934286995527
971.0,1151.1114381264272,40.88957900679864,0.09208704440820183,12.434117707768808,1123.3610374664115,39.692243639532336,0.08925956416971738,12.43069448883339
972.0,1145.1221194542818,41.00268736091856,0.09203792189203594,11.161157036278215,1117.5642337029215,39.791058970303816,0.08921951219314163,11.173380132475122
973.0,1139.270333080702,41.1103095647624,0.09198932597470832,9.879624734853955,1111.9046966888327,39.88446935566241,0.08918002431068225,9.908435060206186
974.0,1133.563394018006,41.21252536381004,0.09194127627011431,8.59012215860741,1106.3896466996507,39.972560213679365,0.08914111875867113,8.636451124840638
975.0,1127.9863373815983,41.30911717746036,0.09189379202535565,7.293324357879881,1101.0040240754315,40.055119634746994,0.08910281339700793,7.358093925292019
976.0,1122.546488530618,41.400238647155554,0.09184689211437289,5.989608679935392,1095.7550593592655,40.13230692994452,0.08906512570313725,6.073731408395489
977.0,1117.2511780550612,41.485671798029216,0.09180059503177788,4.679723339973095,1090.6499882822447,40.20390979292909,0.08902807276621881,4.784102440030872
978.0,1112.092885111913,41.56556987067593,0.09175491888681193,3.364044605881767,1085.6811950974395,40.270087131949374,0.0889916712814196,3.4895739899682234
979.0,1107.0715225113147,41.63986304994691,0.09170988139742545,2.0432007997346635,1080.8484976638706,40.33077479888641,0.0889559375443259,2.190765133433529
980.0,1102.1944367507915,41.70840702884215,0.09166549988446496,0.7176860439489249,1076.1591474784866,40.38583415339143,0.08892088744545862,0.8881607973179371
981.0,1097.4541229975473,41.77142870648351,0.09162179126606433,-0.611976294334119,1071.6055446561284,40.43549776110556,0.08888653646499224,-0.41772479541383056
982.0,1092.850510171077,41.828709066616874,0.09157877205205833,-1.9452558673194,1067.1875230097085,40.479552272408874,0.08885289966749804,-1.7263703897883
983.0,1088.3835326236049,41.880400293240825,0.09153645833855165,-3.2816227536200913,1062.9049217280815,40.51815553829626,0.08881999169684333,-3.037255105902682
984.0,1084.0605585198127,41.92635721625723,0.09149486580254897,-4.6205704645453975,1058.7650137530695,40.551168056275486,0.08878782677115411,-4.349881445253952
985.0,1079.874104814351,41.96658300973149,0.09145400969678678,-5.961619636367177,1054.7602207540967,40.578598668874605,0.08875641867798355,-5.663778983071172
986.0,1075.8241223295875,42.00108062220584,0.0914139048445102,-7.3043031514004495,1050.890398202886,40.6004559942025,0.08872578076943273,-6.97848948948672
987.0,1071.917995781307,42.02985277409088,0.09137456563448328,-8.648166115474924,1047.1628353959027,40.616748423587126,0.08869592595750812,-8.293566907124152
988.0,1068.1482587523024,42.052753388126526,0.09133600601599233,-9.992747264223464,1043.5699704244892,40.62733555228277,0.08866686670948201,-9.608558757529064
989.0,1064.5148787660503,42.06993328793805,0.09129823949399282,-11.337585625457184,1040.111675244858,40.63237387827176,0.08863861504340317,-10.923012803713217
990.0,1061.0178289578932,42.0811716441307,0.09126127912436355,-12.682161068923234,1036.7878273453712,40.6316482486039,0.08861118252372571,-12.236417600108307
991.0,1057.6570880949075,42.08654452350692,0.0912251375091766,-14.026117133077491,1033.598309762269,40.625240408857714,0.08858458025696289,-13.548425319562147
992.0,1054.4400689443603,42.08612775282948,0.09118982679213661,-15.368785586645858,1030.5504394437576,40.61323186714655,0.08855881888752215,-14.858376315151029
993.0,1051.3519048891617,42.079774066167296,0.0911553586541447,-16.709646962036825,1027.6292538608627,40.59548104170616,0.08853390859367508,-16.16575965387148
994.0,1048.4074483942184,42.06763308734807,0.09112174430884708,-18.048033396757443,1024.8495094689479,40.572143243587895,0.08850985908352729,-17.469915958363615
995.0,1045.591844217067,42.049705626961455,0.0910889944984548,-19.38350002609111,1022.1962549132988,40.54322497390111,0.08848667959126832,-18.770408799924606
996.0,1042.9125278701883,42.025992247467805,0.09105711948953747,-20.71537925699846,1019.6768294861696,40.50873248915956,0.08846437887341292,-20.066578972773907
997.0,1040.3695122283686,41.996418977886165,0.09102612906904527,-22.0431521603093,1017.291149728681,40.46859751620567,0.08844296520528135,-21.35791588663788
998.0,1037.9628158850069,41.96106016258173,0.09099603254043415,-23.36622559467194,1015.0391377814695,40.42290010123234,0.0884224463775964,-22.64383469112045
999.0,1035.6850348054777,41.91998989263188,0.09096683871992832,-24.68385789730006,1012.913293032231,40.37172004138196,0.08840282969323393,-23.92360196689969
1000.0,1033.5436273789353,41.873133437285865,0.09093855593296067,-25.99553027554338,1010.9209771615476,40.314988316436974,0.088384121964161,-25.19670711777651
1001.0,1031.5237864692936,41.820489738089854,0.09091119201075555,-27.300572973723416,1009.0473004607622,40.2527089533748,0.08836632950853338,-26.462491234077703
1002.0,1029.6404792741143,41.76205605921412,0.0908847542871367,-28.5983066452594,1007.3072045036448,40.184881787524326,0.08834945814802848,-27.720296553499296
1003.0,1027.8789791036647,41.697829051041495,0.09085924959547959,-29.88804949486899,1005.6859511001716,40.11150541577744,0.08833351320533676,-28.96946551568531
1004.0,1026.2468500183936,41.62780510397309,0.09083468426588896,-31.169193925083864,1004.1910926546605,40.032578180417005,0.0883184995018899,-30.209414713270817
1005.0,1024.7293767138656,41.551980347396565,0.09081106412261392,-32.441132226129604,1002.8079020443334,39.948098168306096,0.08830442135583702,-31.439560582377275
1006.0,1023.341562955677,41.47049921576774,0.09078839448166394,-33.70347939974305,1001.5513710478637,39.85821177718847,0.08829128258023361,-32.65954222707148
1007.0,1022.0687047572624,41.38350588079282,0.090766680148708,-34.95599884892974,1000.4067835168426,39.763065148087406,0.08827908648152152,-33.86914710979034
1008.0,1020.9183888079956,41.29114425072918,0.09074592541716416,-36.1985280676944,999.3817137976058,39.66280416482077,0.08826783585820969,-35.06823674176384
1009.0,1019.8907790450043,41.1935579698016,0.09072613406664931,-37.43068148026127,998.4763132968579,39.557574453629535,0.08825753299992227,-36.25644952295241
1010.0,1018.9711882721238,41.0909647012396,0.09070730936164156,-38.65222183183819,997.675882094568,39.44759566642468,0.08824817968666393,-37.43357213355165
1011.0,1018.1746482269376,40.98335899292268,0.09068945405046526,-39.86283731140638,996.995439005089,39.332864346640065,0.08823977718841594,-38.599316657546176
1012.0,1017.48648274059,40.8709579781737,0.09067257036458432,-41.062364375596125,996.4202947312377,39.21359963023071,0.08823232626504306,-39.753543407371495
1013.0,1016.9068777973504,40.753681391144845,0.090656660018185,-42.2504163046378,995.9506219183296,39.08972326126159,0.08822582716649227,-40.89588948067296
1014.0,1016.4508814888936,40.63152298436106,0.09064172420811965,-43.426457459448656,995.60145510316,38.961231009651215,0.08822027963335563,-42.025843018221046
1015.0,1016.0964055130428,40.5043276783727,0.09062776361416672,-44.59017467287487,995.3506922077098,38.82796982102221,0.08821568289774678,-43.14311459600216
1016.0,1015.8585086229768,40.37216297955954,0.09061477839961823,-45.7411800895814,995.2133779835901,38.69000923470057,0.08821203568450654,-44.24734006597594
1017.0,1015.7373981184236,40.23479899603772,0.09060276821224313,-46.879085423648895,995.1897054987779,38.54712139981559,0.0882093362127798,-45.33815481455816
1018.0,1015.7184297848688,40.0922284227362,0.0905917321855648,-48.00342764938438,995.2650160726852,38.39930106056655,0.08820758219790398,-46.4151194543344
1019.0,1015.8092495803338,39.944517975086654,0.09058166894054928,-49.11381754288174,995.4469409591309,38.24661699010066,0.08820677085370156,-47.4778683665403
1020.0,1016.0100801662838,39.791585539348205,0.09057257658758652,-50.2095682393303,995.735687873792,38.088989141022886,0.0882068988950599,-48.52573825930504
1021.0,1016.313720835992,39.633794441597566,0.0905644527288654,-51.29006662563615,996.1240409194753,37.92678291456896,0.08820796254089758,-49.5581395612224
1022.0,1016.7204041399564,39.471136330310976,0.09055729446113399,-52.35469903233817,996.6122172088029,37.75999204336741,0.0882099575175042,-50.57448211423025
1023.0,1017.215510756726,39.303825445633215,0.0905510983787404,-53.402702642352125,997.1855817326797,37.58883286088605,0.08821287906215475,-51.574026583330685
1024.0,1017.814139512748,39.13200148675655,0.09054586057710602,-54.433536884582765,997.8592173781644,37.41344716898597,0.0882167219271411,-52.55625585119044
1025.0,1018.494252145381,38.95587818045514,0.09054157665648416,-55.44643770937816,998.6110696898686,37.23405080662796,0.08822148038407843,-53.52042929459425
1026.0,1019.2709567177092,38.77552043224691,0.09053824172612204,-56.44086326640168,999.4562302835353,37.05071080120405,0.08822714822860168,-54.46602846332639
1027.0,1020.1296523758164,38.59099289520803,0.09053585040869312,-57.416939582909,1000.3800816024363,36.8634939375187,0.08823371878531713,-55.393202759466334
1028.0,1021.070599357188,38.40235997192169,0.09053439684508617,-58.374643422903,1001.382866925246,36.67246675990163,0.08824118491309652,-56.30195229757118
1029.0,1022.1089188951584,38.2096858165656,0.09053387469949242,-59.314099399261806,1002.4796902703096,36.47769557445656,0.08824953901065413,-57.192425017838765
1030.0,1023.2225946693462,38.012960053634714,0.090534277164828,-60.23543138530088,1003.6485178462162,36.27917216794226,0.08825877302244102,-58.06476809871209
1031.0,1024.4267562082596,37.81232063081031,0.0905355969684144,-61.13883677730395,1004.904461454849,36.07703666079723,0.08826887844478112,-58.919202220458814
1032.0,1025.7068236352663,37.607756687446894,0.0905378263779311,-62.02428934001399,1006.232923238092,35.87128037577909,0.08827984633226364,-59.755724411716606
1033.0,1027.077934367131,37.39933140770989,0.09054095720765337,-62.89191060412932,1007.6490223773612,35.661968691251886,0.08829166730440131,-60.5744794480484
1034.0,1028.5255162070673,37.1871077398348,0.09054498082491697,-63.741152728250526,1009.138168187894,35.44916676059193,0.0883043315524992,-61.37494271495333
1035.0,1030.057285690257,36.971296966023566,0.09054988815678115,-64.57139274787393,1010.7080584657192,35.23308808222755,0.08831782884670349,-62.15651445792771
1036.0,1031.6586778750384,36.75196157145309,0.09055566969695544,-65.38208112387447,1012.34410928048,35.013797368788026,0.08833214854329528,-62.91866833201891
1037.0,1033.3225596357156,36.52923809792578,0.09056231551294132,-66.17259315748856,1014.0391682700372,34.79143340089133,0.08834727959218289,-63.66080281788224
1038.0,1035.0640862541804,36.30326286363256,0.0905698152532161,-66.94237753982078,1015.8083712340128,34.56613474704106,0.088363210544419,-64.38238977236384
1039.0,1036.8687028587933,36.07417196653735,0.09057815815472221,-67.69088205135937,1017.637143574688,34.338039767141524,0.08837992956000444,-65.08290012909465
1040.0,1038.7292860659547,35.84195272087304,0.09058733305041933,-68.41747926200986,1019.518341940665,34.10713804912094,0.08839742441573893,-65.76172959960422
1041.0,1040.6535722205508,35.60681507826807,0.09059732837692065,-69.1221350666725,1021.4596824694332,33.8736418301818,0.08841568251314147,-66.41886720997942
1042.0,1042.634443885184,35.368597363450355,0.09060813218236467,-69.80481440179544,1023.4540272787324,33.63739173262508,0.08843469088658513,-67.05430101850047
1043.0,1044.664786431108,35.12743482960036,0.09061973213421086,-70.46525837995758,1025.494241059596,33.39852531931993,0.08845443621134637,-67.66779525130697
1044.0,1046.7597729797546,34.88331396126969,0.09063211552721992,-71.10409852801128,1027.5954760199377,33.15703139673532,0.08847490481182067,-68.26000454162508
1045.0,1048.9048658422485,34.636146761916685,0.09064526929139309,-71.72062826812453,1029.743173326047,32.91282430258481,0.08849608266968355,-68.83024541189415
1046.0,1051.1003865127739,34.3861421755478,0.09065918000002576,-72.31562567750173,1031.9376330978334,32.66611532757342,0.08851795543215582,-69.37931903457269
1047.0,1053.3466588606575,34.133137539416126,0.09067383387777225,-72.88838213541327,1034.179157602662,32.416744168197745,0.08854050842026105,-69.90653988025315
1048.0,1055.6440090237616,33.87734142335595,0.09068921680862332,-73.43893081589958,1036.4680511503464,32.16492176617788,0.08856372663699195,-70.41196421145179
1049.0,1057.9853369525094,33.61903650016673,0.0907053143439688,-73.96656100584426,1038.7971916386116,31.91093317893511,0.0885875947755462,-70.89490440176729
1050.0,1060.370973005617,33.35835669958053,0.090722111710656,-74.47278943368518,1041.1668871500742,31.65491473364856,0.08861209722754858,-71.35690026567794
1051.0,1062.7938171890085,33.09551036527975,0.09073959381892176,-74.95690056577207,1043.5700321424163,31.397076194640658,0.08863721809113939,-71.79725821173257
1052.0,1065.2541838831398,32.830558314889736,0.09075774527035389,-75.41816705325154,1046.0070030271793,31.137475854298128,0.08866294117908248,-72.21526825776438
1053.0,1067.752385261479,32.563858639813645,0.09077655036582963,-75.85660060489155,1048.4781907382323,30.87646830213581,0.0886892500268439,-72.61095833755921
1054.0,1070.288735146656,32.2955464235173,0.09079599311333912,-76.27221182514609,1050.9839876381075,30.614185132870972,0.08871612790054748,-72.9843552842593
1055.0,1072.8486922103264,32.025682313357,0.0908160572357683,-76.66575304014061,1053.5099307180278,30.350683518318707,0.08874355780488721,-73.33622765743536
1056.0,1075.4400016257791,31.75432680896352,0.09083672617865712,-77.03648978400835,1056.063843250458,30.08602049583878,0.08877152249100524,-73.66585723051021
1057.0,1078.05555321899,31.481614550681304,0.0908579831178564,-77.38368646079648,1058.6386929398736,29.820327256833085,0.08880000446426854,-73.97252465375213
1058.0,1080.6956664225563,31.20760575755188,0.0908798109671756,-77.70883484183658,1061.2348768761965,29.553660584782513,0.08882898599203014,-74.2577379527331
1059.0,1083.3532334791923,30.932360515853368,0.09090219238589392,-78.01045421329857,1063.845364737587,29.286077143835158,0.08885844911125064,-74.5200326769707
1060.0,1086.0360043971987,30.656013067685304,0.09092510978625366,-78.28854837949837,1066.4779837450187,29.01770776743488,0.08888837563610227,-74.75942890432451
1061.0,1088.7368734548024,30.378623249088143,0.09094854534094551,-78.54460565647966,1069.1257051655475,28.748608896479748,0.08891874716555898,-74.97743123566643
1062.0,1091.4561641567695,30.100325062212285,0.09097248099044147,-78.77639902084039,1071.7889292676928,28.47891115152478,0.08894954509083437,-75.17182894479645
1063.0,1094.186772440162,29.821103830010966,0.09099689845039496,-78.98615728942586,1074.4606285258335,28.20859648750371,0.08898075060288599,-75.34486715922522
1064.0,1096.929023281374,29.54116761898719,0.09102177921895437,-79.17239392888509,1077.1412042257718,27.937869616499487,0.08901234469983128,-75.49507567082017
1065.0,1099.6758139023136,29.260575826946944,0.0910471045840264,-79.33510689608835,1079.823629669351,27.66678659551607,0.08904430819431274,-75.62246877731293
1066.0,1102.434898727846,28.979387755298887,0.09107285563059528,-79.47577863377923,1082.515735130288,27.395403398791295,0.0890766217209171,-75.72854527904124
1067.0,1105.1917475411135,28.69773689787836,0.09109901324796675,-79.59291905648509,1085.2030660078467,27.12385020662896,0.08910926574352246,-75.81183146594901
1068.0,1107.9615438415904,28.4157566627909,0.09112555813709294,-79.68726539216038,1087.9008811832591,26.852257127245,0.08914222056271921,-75.87308096031948
1069.0,1110.7223295987385,28.13350609427853,0.09115247081784701,-79.75881083896434,1090.5872977717768,26.580679918631212,0.08917546632318665,-75.9123033746414
1070.0,1113.489288659877,27.85111844511432,0.09117973163637752,-79.80754739757229,1093.277574529012,26.30924856094177,0.08920898302114363,-75.92950714500867
1071.0,1116.247891502633,27.56865261500616,0.09120732077249523,-79.83346586887431,1095.957256601962,26.038018694883647,0.08924275051183203,-75.92469952990595
1072.0,1119.0058935905968,27.286316006530555,0.09123521824708652,-79.83729868711238,1098.6341738833755,25.767194477631588,0.08927674851702759,-75.89862944443148
1073.0,1121.7487651748172,27.004167396565023,0.091263403929652,-79.81829141333456,1101.2938708121317,25.49683145423632,0.08931095663266969,-75.85055895483505
1074.0,1124.4842612972643,26.722339792252885,0.09129185754591389,-79.77717407444534,1103.9441763757902,25.2270594135596,0.0893453543365607,-75.78123461865005
1075.0,1127.2052799404223,26.44096615297148,0.09132055868549663,-79.71393265750582,1106.5780622595103,24.958008110207324,0.08937992099613526,-75.6906589800727
1076.0,1129.9195753279096,26.160105112312944,0.09134948680969303,-79.62780910953934,1109.2033561462647,24.689732986469725,0.08941463587631066,-75.57809057084364
1077.0,1132.6126160715587,25.8798152670813,0.09137862125944494,-79.52027267787244,1111.805599863812,24.42228946127232,0.08944947814755001,-75.44501525166126
1078.0,1135.292155169882,25.600303749802517,0.0914079412633313,-79.39130573569244,1114.3926193833815,24.155881502634507,0.08948442689392543,-75.29143203880741
1079.0,1137.9436598021352,25.321629100229025,0.09143742594581364,-79.2401466182026,1116.9499546143063,23.890564499117065,0.08951946112143598,-75.1165959413663
1080.0,1140.5823096741835,25.04384983786808,0.09146705433550048,-79.06826096430697,1119.4928577508388,23.62639383228804,0.08955455976633828,-74.92198930396737
1081.0,1143.1935701091622,24.76717303451781,0.09149680537369356,-78.87414187348148,1122.0068663641543,23.36357344919101,0.08958970170375066,-74.70612196470857
1082.0,1145.7777620401755,24.491582902293075,0.09152665792303384,-78.65925258848847,1124.4923733968124,23.102084450297568,0.0896248657563515,-74.47047393891678
1083.0,1148.3352051995566,24.21721221668264,0.09155659077625189,-78.42356948821741,1126.9497703542063,22.84205651248592,0.08966003070317417,-74.21503841302646
1084.0,1150.8662180072195,23.944193755094492,0.0915865826652148,-78.16706776120836,1129.3794471955498,22.583619327502095,0.08969517528868978,-73.9398074191339
1085.0,1153.363689107408,23.672586018908632,0.09161661227005784,-77.8904642446416,1131.7743638737154,22.326828323923397,0.08973027823196304,-73.64551467500797
1086.0,1155.8279339549165,23.402447522538957,0.09164665822851203,-77.59224608869992,1134.134906924998,22.071738956125607,0.08976531823599748,-73.33066424946495
1087.0,1158.259266349369,23.13383679899613,0.09167669914536929,-77.27461344173597,1136.4614610073984,21.818406709745943,0.08980027399720546,-72.99747324853753
1088.0,1160.6505699684144,22.86696097245792,0.09170671360218972,-76.93679394052702,1138.7469804382852,21.567035674148208,0.08983512421510945,-72.6451863067207
1089.0,1163.0021549507167,22.60187862982636,0.09173668016706672,-76.57875689139803,1140.9918457822985,21.31768141386957,0.08986984760208881,-72.273789769074
1090.0,1165.3143294273768,22.33857410979803,0.09176657740464025,-76.20121327674524,1143.1964353881351,21.0703252575754,0.08990442289336366,-71.88401169871166
1091.0,1167.587399402948,22.07725464244172,0.09179638388620659,-75.80487292706506,1145.3611252753594,20.825171437516303,0.08993882885705921,-71.4765790497853
1092.0,1169.8142402857163,21.8179789372522,0.09182607819999009,-75.38895885849473,1147.478860670893,20.582275677456288,0.08997304430442234,-71.05073200596372
1093.0,1171.9951534684328,21.560880039221637,0.09185563896147779,-74.95492145606836,1149.55001259636,20.34176804861349,0.09000704810008443,-70.60793816461388
1094.0,1174.130437858194,21.306016767394528,0.09188504482398674,-74.50198147224357,1151.574949404953,20.103704408079583,0.09004081917254142,-70.1474355362365
1095.0,1176.2203897566894,21.05352228742769,0.09191427448922403,-74.03158704627609,1153.5540366690216,19.86821497123924,0.09007433652461665,-69.67068956473383
1096.0,1178.2578743905294,20.80345555013349,0.09194330671799056,-73.5429567038459,1155.4802087180608,19.63535575016812,0.09010757924404623,-69.17693612791176
1097.0,1180.2506108431385,20.555949864024928,0.09197212034092077,-73.03679354251112,1157.361253578562,19.40525712602781,0.09014052651409027,-68.66689572379211
1098.0,1182.191458535696,20.310990050338237,0.09200069426925776,-72.51379957254083,1159.1900994631717,19.17790100393367,0.09017315762416217,-68.14128781228573
1099.0,1184.0732738106208,20.068783866063516,0.0920290075057572,-71.97393289332726,1160.959671362621,18.95349223582601,0.09020545198057021,-67.60008799242593
1100.0,1185.911194866594,19.829316308434326,0.09205703915543709,-71.41789337542595,1162.685175989382,18.7320129247956,0.09023738911709119,-67.04401368521044
1101.0,1187.6832017792594,19.59257325168656,0.09208476843650736,-70.84489382593226,1164.3446656919352,18.51344551818799,0.09026894870570742,-66.4722913147223
1102.0,1189.4043607020028,19.35876664532536,0.09211217469111271,-70.2563731504257,1165.9532943187803,18.297996375239222,0.09030011056714221,-65.88635751572272
1103.0,1191.0600077926265,19.127960759773416,0.09213923739609103,-69.65154038272688,1167.496489499756,18.085723643004822,0.0903308546813952,-65.28541511926073
1104.0,1192.6651889703382,18.900219978039736,0.09216593617366813,-69.03168348430908,1168.989388527261,17.876685591332752,0.09036116119820077,-64.67074593784079
1105.0,1194.2052330081378,18.675534517618207,0.09219225080204622,-68.39690088489881,1170.417411457646,17.670866334575926,0.09039101044736261,-64.04244230671996
1106.0,1195.6803215314424,18.45404328636775,0.09221816122586386,-67.74743860075975,1171.7808311187966,17.46839868728213,0.09042038294894755,-63.40074420286604
1107.0,1197.0980605679108,18.235811037346252,0.09224364756650343,-67.0836902504515,1173.0873446688345,17.269341318833458,0.09044925942331171,-62.74603926136798
1108.0,1198.4437670496827,18.02090265762018,0.09226869013230382,-66.40604850409524,1174.3223601071063,17.073753042057454,0.09047762080102015,-62.07871422533015
1109.0,1199.7324671717295,17.80945745703679,0.09229326942853117,-65.71483081664388,1175.500994641128,16.881767101796836,0.09050544823250951,-61.399080679747726
1110.0,1200.9494694999946,17.601466322946028,0.09231736616713214,-65.01042801215121,1176.6086478031232,16.693368329424914,0.09053272309752211,-60.70752363635776
1111.0,1202.1023633370003,17.39706885939592,0.092340961276332,-64.29323001801347,1177.652999823798,16.50869028183068,0.09055942701437107,-60.00442726843904
1112.0,1203.1838768883147,17.196181974758453,0.0923640359099953,-63.563477316176645,1178.6268698067227,16.327643828830553,0.09058554184895869,-59.29002636255384
1113.0,1204.2015905852695,16.99901987133494,0.0923865714566454,-62.82178094632084,1179.5379290586689,16.15043714255588,0.0906110497234416,-58.56492632224287
1114.0,1205.148223609791,16.805648349374778,0.09240854954831094,-62.06830540644093,1180.378987621757,15.97713000125019,0.09063593302471239,-57.829286069092426
1115.0,1206.023918875197,16.61598481205182,0.09242995206901015,-61.303511507406256,1181.1502792612243,15.80763379402042,0.09066017441251155,-57.0835608977568
1116.0,1206.8288146102775,16.430243971394514,0.09245076116298707,-60.52785925889673,1181.8520330561303,15.642157226538439,0.09068375682727897,-56.32820536233312
1117.0,1207.563044297976,16.24834358511645,0.09247095924264387,-59.74158503923763,1182.4844733442856,15.480612057639496,0.09070666349769622,-55.563450446610496
1118.0,1208.226736618454,16.070424445916174,0.09249052899608104,-58.94507303363366,1183.0478196711852,15.323133088386546,0.0907288779478292,-54.78967500269524
1119.0,1208.812587046299,15.896553252177524,0.0925094533944248,-58.1388552552539,1183.5348583926886,15.16978103253184,0.0907503840040473,-54.0074057724625
1120.0,1209.3207145028787,15.726648329102115,0.09252771569871805,-57.32309158214522,1183.9457993324504,15.020468237407407,0.09077116580150515,-53.21679742481304
1121.0,1209.7586613125595,15.56092533428032,0.09254529946650863,-56.49831261401692,1184.2882757428192,14.875404389250864,0.0907912077903124,-52.41837541277742
1122.0,1210.119108112494,15.399302994144623,0.09256218855812592,-55.664825426291664,1184.5550592189043,14.734502249410568,0.09081049474138687,-51.61244172786336
1123.0,1210.402158868165,15.241848809372032,0.09257836714259915,-54.82301072648004,1184.7463447180066,14.59782335949676,0.09082901175194653,-50.799372056702985
1124.0,1210.61534084234,15.088704775679552,0.09259381970317249,-53.97324859331838,1184.8697505320868,14.465503761922946,0.0908467442505948,-49.97954152044065
1125.0,1210.7438911670943,14.939790254019329,0.09260853104258508,-53.115918499667,1184.9106048629264,14.337456869844017,0.09086367800216477,-49.15332469785804
1126.0,1210.7878985720265,14.795173392200253,0.09262248628795908,-52.25154790265385,1184.8690875531324,14.213744888518164,0.09087979911217085,-48.32124421572188
1127.0,1210.7623033650248,14.654922561892876,0.09263567089537494,-51.380515133025696,1184.760230069362,14.09443025204936,0.09089509403094433,-47.483673638316816
1128.0,1210.6597556654394,14.519106362536983,0.09264807065410627,-50.50334655272458,1184.5767737376443,13.979575627029968,0.09090954955742776,-46.64113462518086
1129.0,1210.4729004427395,14.38771934164143,0.09265967169058509,-49.620345161129606,1184.311454783904,13.869169632573117,0.09092315284269677,-45.79392553748434
1130.0,1210.216662558479,14.260756281980875,0.09267046047204433,-48.73203631999755,1183.9792893775416,13.763201127239554,0.09093589139315869,-44.94256716308537
1131.0,1209.8762483088833,14.138286488681755,0.09268042380984648,-47.83887064353286,1183.5655751754084,13.66173349585143,0.09094775307343694,-44.08750560669282
1132.0,1209.4591438738623,14.020379509189835,0.09268954886260282,-46.94114973910369,1183.0778897720188,13.564830369185472,0.09095872610904544,-43.229038030653776
1133.0,1208.965401915988,13.907030853121965,0.09269782313901251,-46.03932336559316,1182.5163772995743,13.47248134354821,0.09096879908878071,-42.367609813354434
1134.0,1208.3876415829875,13.79823627900482,0.09270523450038942,-45.13376660734065,1181.8737484313783,13.384676267236216,0.0909779609668053,-41.50359172318973
1135.0,1207.7333335632811,13.693991797390872,0.0927117711630752,-44.224854182186256,1181.1575654382216,13.301405243371628,0.0909862010646142,-40.63735422661452
1136.0,1207.0025150421095,13.594367957354748,0.09271742170055695,-43.31288618258904,1180.3679571453029,13.222732916116223,0.09099350907270813,-39.76919322924744
1137.0,1206.1877897102795,13.499361282358088,0.09272217504543337,-42.398385234323165,1179.4976189417712,13.148649906252366,0.09099987505211513,-38.899627234531366
1138.0,1205.2966128253208,13.408968556496289,0.09272602049120268,-41.48165082020179,1178.5540978427075,13.07914709714418,0.09100528943573313,-38.028951667400285
1139.0,1204.3290061726,13.323186827115688,0.0927289476938802,-40.563056438866376,1177.537507451134,13.014215637067695,0.09100974302950528,-37.157536032990485
1140.0,1203.270129728183,13.242087690804848,0.09273094667347344,-39.64304962959467,1176.4330996218835,12.95392122491374,0.09101322701345091,-36.285823941349165
1141.0,1202.1422801247638,13.165594445246258,0.09273200781536824,-38.72207771362442,1175.2632629286727,12.89818126174998,0.09101573294260883,-35.41425884863746
1142.0,1200.930607164216,13.093779225455048,0.09273212187156096,-37.800513535484576,1174.0132391779875,12.84706198676884,0.09101725274782749,-34.54320979831955
1143.0,1199.6425406353499,13.026640155368815,0.09273127996186149,-36.878729771329674,1172.6905502283748,12.800555628585531,0.09101777873652392,-33.67304572933373
1144.0,1198.270648578963,12.964175633315422,0.09272947357499992,-35.95717323726326,1171.2878562572828,12.758654690413152,0.09101730359335124,-32.80420978423073
1145.0,1196.8223507055409,12.906384333845814,0.09272669456963785,-35.03621634713477,1169.8126691808131,12.721351951602056,0.09101582038076493,-31.93707076676384
1146.0,1195.29763336147,12.853265209433896,0.09272293517540499,-34.116305704319196,1168.2650676222938,12.688640469045584,0.09101332253961965,-31.072071733440048
1147.0,1193.6964778964036,12.804817492043288,0.09271818799385909,-33.19773927595015,1166.645125282318,12.660513578452276,0.09100980388968491,-30.209507167502508
1148.0,1192.0114323301812,12.761040694560887,0.09271244599946486,-32.280889268127105,1164.945482608685,12.636964895484388,0.09100525863018284,-29.3497458538648
1149.0,1190.249896420718,12.721860328594776,0.09270570254055363,-31.366202150568096,1163.1736318676672,12.617914033260575,0.09099968134030387,-28.493230903468376
1150.0,1188.4118366303048,12.687276472646667,0.09269795134027331,-30.45397583070228,1161.32963211406,12.603355170232994,0.09099306697971225,-27.64025692705703
1151.0,1186.4972062717507,12.657364283865244,0.09268918649757475,-29.5445851886777,1159.4135171223224,12.593357915038547,0.09098541088908851,-26.791192132264527
1152.0,1184.5059208620623,12.632052680597,0.09267940248818209,-28.638490081715467,1157.4252340873732,12.5878470489343,0.09097670879065421,-25.946476014866928
1153.0,1182.4453111523771,12.611345661508524,0.09266859416561345,-27.736004538139092,1155.3721333168367,12.586822784445127,0.09096695678874557,-25.106398865161925
1154.0,1180.3004179644408,12.5952475120048,0.09265675676228036,-26.837516972263955,1153.2392752919588,12.590285618094311,0.09095615137046448,-24.2713254200261
1155.0,1178.0859906587016,12.583614237733254,0.09264388589046217,-25.9434159251591,1151.0414291413829,12.59808776361366,0.09094428940620422,-23.441620603241397
1156.0,1175.7944886988414,12.576599265977812,0.09262997754346716,-25.054164372334444,1148.7710742117365,12.610378853044429,0.09093136815035921,-22.617723832722657
1157.0,1173.4332234193205,12.57405917788918,0.09261502809673523,-24.17000261383207,1146.4355418415971,12.627011668675207,0.09091738524197623,-21.799851910124897
1158.0,1171.0020729910175,12.576073693124464,0.0925990343089663,-23.29146828275796,1144.0347303338951,12.648062127390192,0.09090233870542928,-20.988519028866055
1159.0,1168.5009107880783,12.582499968827133,0.09258199332329256,-22.41887638468779,1141.568533329848,12.673383579358903,0.09088622695113513,-20.184016812999086
1160.0,1165.9296054048311,12.59341830051084,0.09256390266842512,-21.552542172003253,1139.036839833267,12.703052508630982,0.09086904877624424,-19.386637190989173
1161.0,1163.2880206731647,12.60876070429051,0.09254476025983657,-20.69285545112501,1136.4395342355958,12.73699711507968,0.0908508033653648,-18.59674670236229
1162.0,1160.583444030758,12.628459483506793,0.09252456440088808,-19.840057755633214,1133.7839246920455,12.775145880740215,0.09083149029123011,-17.81456367021583
1163.0,1157.8083014890703,12.652521511724908,0.09250331378395928,-18.994539503799004,1131.0624580977103,12.81750185252418,0.09081110951536675,-17.040455358114425
1164.0,1154.9698710540167,12.680953948606351,0.09248100749155216,-18.15669145499012,1128.2824335165324,12.864068357808588,0.09078966138873619,-16.274789425834115
1165.0,1152.067997695995,12.713615672157196,0.09245764499731912,-17.326756165960695,1125.4437171597708,12.914700436403434,0.09076714665229854,-15.517785384964904
1166.0,1149.0950933719582,12.75058869537384,0.09243322616704296,-16.505125148035532,1122.5387424166108,12.969476256918764,0.09074356643752926,-14.769811755381705
1167.0,1146.0584220997112,12.791732464242408,0.09240775125954728,-15.692041756148184,1119.5747949370648,13.028251414487505,0.09071892226686086,-14.031088953543392
1168.0,1142.95781493238,12.837055274147756,0.09238122092748537,-14.887898345767187,1116.5517276150579,13.09103034690028,0.09069321605400851,-13.30198644865398
1169.0,1139.8005266859896,12.886565701648191,0.09235363621798355,-14.09293916166427,1113.476817324609,13.15781776610824,0.09066645010414588,-12.582725650639995
1170.0,1136.5789509178483,12.940049752631715,0.09232499857327599,-13.30748321105526,1110.3424799067495,13.228395806110035,0.09063862711407139,-11.873602782474984
1171.0,1133.3003333589188,12.99766512888502,0.09229530983104672,-12.531924286081644,1107.1559836103245,13.302918289254139,0.09060975017208435,-11.174988901819072
1172.0,1129.964486896875,13.059272675006044,0.09226457222466734,-11.766433852122695,1103.917164083324,13.381242172887479,0.09057982275775661,-10.4870327884639
1173.0,1126.571219962755,13.1248077942385,0.09223278838325645,-11.011406770964951,1100.6258527676287,13.463298964928915,0.0905488487415252,-9.810106666609892
1174.0,1123.1203365701456,13.19428044668184,0.09219996133153857,-10.26712704701927,1097.281876946049,13.549094721821108,0.09051683238408711,-9.144471950166473
1175.0,1119.6116363573008,13.267626580385018,0.09216609448944536,-9.533804990865095,1093.8850597920325,13.63856147936927,0.0904837783355359,-8.490316405355134
1176.0,1116.0523429826007,13.344708129334887,0.09213119167150918,-8.811725807853524,1090.4426487723968,13.731557250477683,0.09044969163429312,-7.847902738347552
1177.0,1112.4422474724824,13.42553586184251,0.0920952570860076,-8.101130765896425,1086.9544590021972,13.828088873287424,0.09041457770579446,-7.2174497620662414
1178.0,1108.7737082732167,13.510120811308273,0.0920582953338158,-7.402298928496637,1083.412873303059,13.928163441696192,0.090378442360882,-6.599214128203535
1179.0,1105.061364707144,13.598325706879004,0.09202031140698584,-6.715480320546642,1079.8325556655611,14.031639735773647,0.09034129179392988,-5.993423491986693
1180.0,1101.297566929952,13.690087821510343,0.0919813106870531,-6.040940519142903,1076.2058812122295,14.138451069585434,0.09030313258069805,-5.4003211019370045
1181.0,1097.4820893940748,13.785344685912667,0.09194129894300816,-5.378916103947299,1072.5326496661896,14.248531004904452,0.09026397167585566,-4.820121249155002
1182.0,1093.622130914771,13.884108369396248,0.09190028232896925,-4.729622105738096,1068.8200854220129,14.361887631824938,0.09022381641020795,-4.253016714774934
1183.0,1089.7174580394053,13.986242626601408,0.09185826738151931,-4.093304767622863,1065.0679809192732,14.478380715265383,0.09018267448759212,-3.6992315300615783
1184.0,1085.7678334712152,14.091760028641822,0.09181526101670393,-3.470185109214943,1061.2761250700719,14.598018825888344,0.09014055398143934,-3.158964539451949
1185.0,1081.7730161465493,14.200450542621796,0.09177127052671104,-2.860499801897728,1057.4443033395064,14.72058791939817,0.09009746333102182,-2.632430274666769
1186.0,1077.7327613158063,14.31240151308062,0.09172630357619965,-2.264478902797582,1053.5722978293147,14.846171317769704,0.09005341133735446,-2.119836687513609
1187.0,1073.6542489782823,14.42747767429987,0.0916803681982996,-1.6823421593050552,1049.66731571489,14.974629721343966,0.09000840715877231,-1.6213814532220887
1188.0,1069.5372272698608,14.545618281036852,0.0916334727902354,-1.114257428668612,1045.7291326346017,15.105898339354043,0.08996246030613926,-1.13721038883635
1189.0,1065.3814409049608,14.666762821644973,0.09158562610862109,-0.5604008656321185,1041.7575211328542,15.23991260284202,0.08991558063773158,-0.6674776396369073
1190.0,1061.1792029213932,14.790851014596896,0.09153683726445984,-0.020927226665931303,1037.7448224055247,15.376608160982844,0.08986777835383336,-0.21231598214274727
1191.0,1056.9525365300003,14.917748521406327,0.09148711571774176,0.5040003993820933,1033.713088149683,15.515846593811068,0.08981906399093585,0.22813344647904812
1192.0,1052.6863200639425,15.04746979346177,0.09143647127179633,1.0142105744319132,1029.647225512459,15.65763825886382,0.08976944841569814,0.6537211328115012
1193.0,1048.3877138852192,15.17995521774838,0.091384914067246,1.5095532081265135,1025.5544239966796,15.801919436716148,0.08971894281851675,1.0643188854062047
1194.0,1044.0638754412596,15.314996829478693,0.09133245457570967,1.9898549717064844,1021.4418705161172,15.948478043429654,0.08966755870684918,1.459775249930706
1195.0,1039.7071026743915,15.452609725643432,0.09127910359321728,2.4549935659232807,1017.301892803195,16.097325043925537,0.08961530789825897,1.83998977836298
1196.0,1035.3171191849879,15.59273492694605,0.09122487223329219,2.904853135795752,1013.1342445699688,16.248397313745812,0.08956220251313257,2.2048684450367335
1197.0,1030.9010743460783,15.735313657157052,0.09116977191985266,3.3393093992269978,1008.9461056202128,16.401631918238863,0.0895082549672247,2.5543087765535444
1198.0,1026.46611506971,15.88013877186956,0.09111381437980678,3.7582593461937512,1004.744653612912,16.556817541150593,0.08945347796390399,2.888229552273084
1199.0,1022.0045292248136,16.027300455184882,0.09105701163542014,4.1614949430627375,1000.52220747697,16.714040181150253,0.08939788448617732,3.206444509935045
1200.0,1017.5160308078496,16.17659194727442,0.09099937599651216,4.54904482346579,996.278512578427,16.873088879237162,0.08934148778855282,3.509004037843444
1201.0,1013.007766454651,16.32802928128224,0.09094092005243634,4.920636463179424,992.0207297881491,17.033976389266183,0.08928430138869244,3.7956573472788326
1202.0,1008.4794780341376,16.481479131892122,0.09088165666391043,5.276355805919525,987.7485457502036,17.196569827689544,0.08922633905892131,4.066512088268598
1203.0,1003.9309119495535,16.63680810698827,0.09082159895465541,5.615987613626594,983.4616345006141,17.360737163755594,0.08916761481755706,4.321374712525883
1204.0,999.3692412215808,16.79410583651655,0.09076076030296705,5.939538410982723,979.167096986878,17.52656937445999,0.0891081429201751,4.560273423061624
1205.0,994.786780561408,16.953090699628234,0.09069915433315577,6.24686505726666,974.857176136877,17.693786171557605,0.08904793785075238,4.7830867473548135
1206.0,990.1906998955981,17.1138526547906,0.0906367949069152,6.537971870275442,970.5389703795475,17.86247883154618,0.08898701431274637,4.989840662588209
1207.0,985.5807394390137,17.276110399771543,0.09057369611458686,6.812787766278518,966.2121487136243,18.032367355528766,0.088925387220079,5.180485736914736
1208.0,980.9640665185711,17.44002848510266,0.09050987226648771,7.071166251034754,961.8838075272506,18.20361758255953,0.08886307168818934,5.35489712178434
1209.0,976.3404189953537,17.605325906913315,0.09044533788411331,7.31318254537936,957.5536140160291,18.375949782365424,0.08880008302497065,5.513171678837737
1210.0,971.7021053863635,17.77201893675023,0.09038010769140813,7.538687876349415,953.2138063008307,18.549381485058316,0.08873643672178212,5.655182272335249
1211.0,967.0562900359763,17.939975415290213,0.09031419660604971,7.747829454408538,948.8714785954414,18.72378177474534,0.0886721484444814,5.781097747680684
1212.0,962.4101365348959,18.1091375975109,0.09024761973077555,7.940530482205453,944.5337246218896,18.899094134602134,0.08860723402450892,5.890862941474594
1213.0,957.7559511376986,18.279447863789628,0.09018039234477794,8.116712998927893,940.1927810245616,19.07526215787944,0.08854170945004512,5.984421527158007
1214.0,953.1008962803013,18.450848714445527,0.09011252989517805,8.276372158222507,935.8557408844648,19.252229542357924,0.08847559085725724,6.06179029421683
1215.0,948.452133994216,18.623134197220132,0.09004404798857514,8.419576223183416,931.5296971305208,19.429791517746775,0.08840889452162777,6.123059144449326
1216.0,943.7945409687113,18.79632131922164,0.08997496238276259,8.546243711403429,927.1994575990317,19.60796625755109,0.08834163684945658,6.168168238290424
1217.0,939.1427071135299,18.970278623793266,0.0899052889785024,8.656440525111806,922.8795435939725,19.786623455868696,0.08827383436942952,6.197205126216432
1218.0,934.4963655663155,19.14494903535355,0.08983504381148505,8.750157097361274,918.5696198922851,19.96570717216412,0.08820550372438246,6.210181896192761
1219.0,929.8552494999321,19.320201286678913,0.0897642430444526,8.82730838928678,914.2693515493582,20.145087258490353,0.08813666166323202,6.207035172186918
1220.0,925.2116638768758,19.495978480154168,0.08969290295939654,8.888105305437541,909.9709756518921,20.32470792068383,0.08806732503299147,6.18799753074831
1221.0,920.5876273029849,19.672149514973757,0.0896210399500126,8.932311857128642,905.6964431703663,20.504439145515697,0.0879975107710526,6.152854665600931
1222.0,915.960588625194,19.84873193181939,0.08954867051424406,8.960136563400336,901.4231355558408,20.684299545324972,0.08792723589756078,6.101836789837093
1223.0,911.3525672325763,20.025520489484485,0.08947581124707692,8.971638182475209,897.1730050403331,20.864084934604136,0.08785651750805297,6.035024368602357
1224.0,906.7484412994448,20.202532859996165,0.0894024788334289,8.96679999528039,892.9308628795329,21.04381402508788,0.08778537276619555,5.9524224038387965
1225.0,902.1628030313024,20.37963820518265,0.08932869004128748,8.9459012235168,888.7112345986222,21.223357002293003,0.08771381889678051,5.854331853568676
1226.0,897.5879603046859,20.556780021236882,0.08925446171494975,8.908922762726808,884.5063616322427,21.40265837006021,0.0876418731788315,5.740755366169897
1227.0,893.0310785079782,20.73382756574665,0.08917981076846668,8.855918601419148,880.3233431656506,21.581588377568362,0.08756955293892413,5.611768700702215
1228.0,888.4918955782672,20.9107987022195,0.08910475417925681,8.787164390204566,876.1618511721209,21.760165863849274,0.08749687554468083,5.4676692972376415
1229.0,883.9775787875917,21.087562760075308,0.08902930898188034,8.702637459920366,872.0289871999214,21.93826111777612,0.0874238583984382,5.308456296173385
1230.0,879.480439776189,21.264063379144662,0.08895349226191908,8.602462525792161,867.9169974064295,22.11581872256372,0.08735051893102899,5.134276243575705
1231.0,875.0002196856,21.44016993664597,0.08887732115004932,8.486688840570698,863.8255576922323,22.29270898275346,0.08727687459576326,4.945200245492561
1232.0,870.5440892395143,21.615900391669136,0.08880081281618886,8.355587332676883,859.7617737830514,22.46895076871103,0.08720294286249622,4.741521107268335
1233.0,866.1192204729848,21.790975578133896,0.08872398446384401,8.20905634280024,855.7327529600915,22.644265809604825,0.08712874121190153,4.523159071305905
1234.0,861.7105017598982,21.96548775028563,0.08864685332446437,8.047364464018964,851.7233190886675,22.818747238928104,0.0870542871297665,4.290404658344263
1235.0,857.3325363418462,22.139306308651335,0.08856943665195129,7.870481995841947,847.7480111482154,22.99226532048757,0.08697959810144713,4.043250122652184
1236.0,852.9776439525405,22.312374928031247,0.08849175171724273,7.678600934753523,843.799084857797,23.16476457643381,0.08690469160640933,3.7819094437185554
1237.0,848.6530026444161,22.484488700981128,0.08841381580294086,7.471837846686461,839.883654503707,23.336040930788823,0.08682958511282425,3.506521199865123
1238.0,844.3583638125715,22.655739832828058,0.08833564619797568,7.250382440959314,836.0014079642938,23.50618740451335,0.08675429607220941,3.217297143317568
1239.0,840.0934806191805,22.82592336766468,0.08825726019234673,7.014349010646636,832.1520351350963,23.67499984155916,0.08667884191415619,2.914373641703411
1240.0,835.8581080672742,22.994982883394574,0.08817867507186535,6.763925007395756,828.3352280031567,23.842422603978797,0.0866032400410687,2.597960253990461
1241.0,831.6594314245165,23.162936202278736,0.08809990811284743,6.499296766166736,824.5581090711033,24.008474282542988,0.08652750782286553,2.2682654563421885
1242.0,827.4972095961034,23.329652534497964,0.08802097657688622,6.220649513899761,820.8203747301,24.17302484038043,0.08645166259176894,1.925496651894244
1243.0,823.3637751981558,23.495001039251232,0.08794189770551984,5.928093095099379,817.1142953330002,24.33594417416008,0.08637572163699891,1.5697858974413128
1244.0,819.2663196819564,23.65899938587969,0.08786268871492461,5.621736264837964,813.4470003180313,24.49725067530556,0.08629970219950515,1.2012641975364613
1245.0,815.2046083568849,23.821442330501217,0.08778336679047843,5.3018946924729455,809.8181932308357,24.65673980672672,0.08622362146657937,0.8202695092972989
1246.0,811.1858371648829,23.98242169470504,0.08770394908131723,4.968697269398314,806.2350084976727,24.814504081617816,0.08614749656646803,0.4269530512391779
1247.0,807.2023477040179,24.141732091741257,0.0876244526948393,4.622331255317737,802.6897264473412,24.970338789757015,0.08607134456294582,0.021524450622452347
1248.0,803.2613407042105,24.299390905282287,0.0875448946909902,4.262975434203286,799.1894867848531,25.124261976384535,0.08599518244968017,-0.39581509952267135
1249.0,799.3551627014114,24.45519258268832,0.08746529207661446,3.8908075541486182,795.7265752631437,25.276068735591178,0.08591902714466966,-0.8248653994850363
1250.0,795.4984478645098,24.60915433034121,0.08738566179961009,3.5060340526614655,792.3155655070825,25.42577690578185,0.0858428954844975,-1.2653975165310143
1251.0,791.67613280458,24.76129240792014,0.08730602074295095,3.1088896905806966,788.9413260569736,25.57340409185035,0.08576680421846346,-1.7171573949162515
1252.0,787.8954946578036,24.91139672356682,0.08722638571870461,2.6996364296563597,785.6110351604776,25.718744443776004,0.08569077000271628,-2.17987671218154
1253.0,784.1638265572988,25.05947907807585,0.08714677346178094,2.2785348672638395,782.3318795274333,25.861814717674108,0.0856148093941316,-2.653291708512919
1254.0,780.4735678253187,25.205551158455975,0.08706720062369014,1.8458297714755592,779.0961922797918,26.00263154174953,0.08553893884420685,-3.1371544056924967
1255.0,776.8320174521788,25.349475965465608,0.08698768376607229,1.4017946649483584,775.9111664254336,26.141062843993907,0.08546317469273443,-3.6311880222136903
1256.0,773.2390491237458,25.491190658710728,0.08690823935420633,0.9466724122778014,772.7765698801171,26.27705069745148,0.08538753316146572,-4.1351463849417325
1257.0,769.6945396501583,25.630632267784573,0.08682888375032705,0.4807146047785224,769.6921738902403,26.41053703153284,0.08531203034759015,-4.648774543360877
1258.0,766.1983690444314,25.767886253968367,0.08674963320682762,0.004177266930448012,766.6577531050851,26.54161219389595,0.08523668221711025,-5.1718130621693295
1259.0,762.7429922508323,25.902666520464887,0.08667050385940936,-0.482689528059586,763.6656572984443,26.669994960865974,0.08516150459816865,-5.704008404772919
1260.0,759.3505809746547,26.03513252573428,0.08659151172009356,-0.9796327286255608,760.7379531912828,26.795849650963333,0.08508651317424755,-6.245104002723076
1261.0,755.9987402580026,26.165072159833723,0.0865126726701462,-1.486408917068233,757.8521410200694,26.918969001441535,0.08501172347728754,-6.794852867028774
1262.0,752.7022204104362,26.29242172386306,0.08643400245289404,-2.002767208025619,755.0228664596528,27.039294147936708,0.08493715088070508,-7.353000485729389
1263.0,749.4609186345746,26.417191641452877,0.08635551666656553,-2.528463494229852,752.2499222408088,27.156840336165263,0.08486281059244105,-7.9192990687712
1264.0,746.2673074529841,26.53939217031717,0.08627723075693314,-3.063232201752044,749.5256765688166,27.271622633691766,0.08478871764781919,-8.493479302389868
1265.0,743.1287198346813,26.658810546867286,0.08619916001004693,-3.606808557683739,746.8573582414251,27.38343307476348,0.08471488690249852,-9.075272615948236
1266.0,740.0376358688218,26.77545668241653,0.08612131954484496,-4.158891430674654,744.2373433138125,27.492286356740983,0.08464133302531308,-9.664374021650028
1267.0,737.0088245893866,26.88934030793232,0.0860437243058444,-4.719210168036267,741.6802969143888,27.598196985081536,0.08456807049119362,-10.260508950839634
1268.0,734.0347739456832,27.000396685865407,0.08596638905575238,-5.287472578907785,739.1786032062905,27.7011049854046,0.08449511357401784,-10.863381236385363
1269.0,731.1154042737182,27.108560889057998,0.08588932836813859,-5.863387200595607,736.732078849663,27.800950182641184,0.0844224763395253,-11.472695378258038
1270.0,728.2506400145057,27.213842079727694,0.08581255662017126,-6.446707849639464,734.3405447108288,27.897746480263972,0.08435017263830173,-12.088201093858755
1271.0,725.4404097806241,27.31610065451942,0.08573608798538879,-7.037070178752616,732.0038259196923,27.99135900558996,0.08427821609880241,-12.709529874244028
1272.0,722.6920747708325,27.41534537415463,0.085659936426543,-7.634318504565501,729.7291802752289,28.08180123968499,0.08420662012045319,-13.336521811178295
1273.0,719.9981437813258,27.51151050864497,0.0855841156885926,-8.238000659834409,727.5090132476688,28.1690121628372,0.08413539786690448,-13.968720448676095
1274.0,717.3578154809205,27.60460440010244,0.08550863929174403,-8.84796224118678,725.3424202447062,28.253004817631087,0.0840645622593363,-14.605967030106171
1275.0,714.778464137861,27.69463517512804,0.08543352052468504,-9.463826604035727,723.2366723294546,28.33379202160424,0.08399412596996148,-15.247880492490632
1276.0,712.2578116331109,27.78146217378602,0.08535877243795142,-10.085366259238821,721.1893882250441,28.411237796493623,0.08392410141566493,-15.89422886257492
1277.0,709.7958128716332,27.865167363186007,0.08528440783747954,-10.712280001459124,719.2004197173961,28.48542878209342,0.08385450075182893,-16.544706384626977
1278.0,707.392427325048,27.94560963262976,0.08521043927835939,-11.34419288776465,717.2696231895866,28.55622853168124,0.0837853358663687,-17.198933498502452
1279.0,705.0476190760904,28.022721923877647,0.0851368790587422,-11.980953349977518,715.3968596582545,28.623574642567423,0.08371661837391964,-17.85675395148756
1280.0,702.762099694712,28.096659794506536,0.0850637392140278,-12.622187471747564,713.5827376419124,28.68762731973916,0.08364835961031142,-18.517789074894864
1281.0,700.5358426056241,28.167132862838997,0.08499103151130409,-13.267670383912662,711.8271275209862,28.74810082107883,0.08358057062729483,-19.181809178974675
1282.0,698.3688259573538,28.23429620652581,0.08491876744395407,-13.917029108106284,710.1299043996648,28.805154856239028,0.08351326218744115,-19.848436396102816
1283.0,696.2610326526416,28.298081807678997,0.08484695822662451,-14.57003966816573,708.4909481294113,28.858726032070454,0.08344644475940506,-20.51744179179869
1284.0,694.2124503751576,28.358347116637315,0.0847756147904216,-15.226329933312295,706.9101433291162,28.908676416685275,0.08338012851341678,-21.188448207544965
1285.0,692.2238144475232,28.41517218284392,0.08470474777838184,-15.885676729155112,705.3881222368946,28.95509067063496,0.08331432331705678,-21.861227371461094
1286.0,690.2943793454936,28.468488234310616,0.08463436754126162,-16.547782963993388,703.9240362183854,28.997904626677133,0.08324903873134613,-22.535477024305404
1287.0,688.4248900535745,28.51837480871584,0.08456448413362355,-17.21235188895695,702.5185271168278,29.037202421178204,0.08318428400714174,-23.21089517934581
1288.0,686.6146107367078,28.564688333093137,0.0844951073102386,-17.879012790983012,701.1707559195524,29.072845074108685,0.08312006808184925,-23.887105815097332
1289.0,684.8635532534354,28.607507822162255,0.08442624652274787,-18.54746953615484,699.8806312662854,29.104916187682797,0.08305639957639872,-24.563807418452058
1290.0,683.1732199953525,28.646837741751995,0.08435791091671224,-19.217500545903214,698.6495522840798,29.13342481009166,0.08299328679261206,-25.240772960702294
1291.0,681.5421468777917,28.68260800635189,0.08429010932890162,-19.888735922581844,697.4759515737989,29.158305433366802,0.08293073771081409,-25.917627022968546
1292.0,679.9703603472833,28.71489682729152,0.08422285028493587,-20.56095455945581,696.3597522136839,29.179640841872743,0.08286875998779879,-26.594142906070672
1293.0,678.4578917053793,28.743707860027037,0.08415614199724492,-21.23371269907688,695.3008820795848,29.197439259908005,0.08280736095511822,-27.269871188816623
1294.0,677.0055199342171,28.768895918556215,0.08408999236327981,-21.90693817711504,694.300016667205,29.211560066435844,0.08274654761762831,-27.944733971777584
1295.0,675.6110575087088,28.7905383909736,0.08402440896408096,-22.58018756308307,693.3548649012334,29.222085210955836,0.08268632665239481,-28.618282017986253
1296.0,674.2760358959807,28.80863810362949,0.08395939906309455,-23.25324040405844,692.4668546319592,29.22902207798045,0.08262670440785147,-29.29028899666246
1297.0,672.9990200213957,28.82312331942681,0.08389496960529537,-23.925802066341955,691.6344470986816,29.232303485649943,0.08256768690327011,-29.96045432490533
1298.0,671.7808080921465,28.834070586754287,0.08383112721655987,-24.597577994610084,690.8583367508811,29.232010534984255,0.08250927982848627,-30.62847742690853
1299.0,670.6199745628475,28.84133332052966,0.08376787820335857,-25.26834797106262,690.1369942115456,29.228001191245266,0.0824514885439471,-31.29413199320011
1300.0,669.5165842838777,28.8450617854038,0.08370522855261374,-25.9377432405701,689.4703804233807,29.220430267460447,0.0823943180809302,-31.95704310591116
1301.0,668.4707147767256,28.84510816257248,0.08364318393182886,-26.60561511373884,688.8584761686548,29.20915442987644,0.08233777314204214,-32.61705956883726
1302.0,667.481737291239,28.84169310828948,0.0835817496894986,-27.27150658773168,688.3005848640835,29.19439857175873,0.08228185810199673,-33.27373670897743
1303.0,666.5490356836387,28.83466490988599,0.08352093085562727,-27.9353292439362,687.7960296973433,29.176015154763803,0.08222657700851285,-33.927002093868325
1304.0,665.671998406714,28.82402013349249,0.08346073214251595,-28.596623178898167,687.3441383688438,29.154004918658288,0.08217193358348139,-34.576411735904806
1305.0,664.8522469779268,28.80990362339037,0.08340115794570162,-29.25522553175476,686.9464715579225,29.128516880989764,0.08211793122429342,-35.22181862003413
1306.0,664.0869504256668,28.792237083985224,0.0833422123450607,-29.910750475718594,686.6001373671487,29.099476919378887,0.08206457300533448,-35.86285269552774
1307.0,663.3769964346176,28.771016213436862,0.08328389910606025,-30.562960611695612,686.3059624656679,29.066884905467795,0.08201186167963329,-36.499292269913646
1308.0,662.7217914594319,28.746310703413663,0.08322622168111539,-31.21161837750132,686.06329220076,29.0308147049922,0.08195979968062192,-37.130915418532936
1309.0,662.1207463525459,28.718041388473317,0.0831691832111343,-31.856411740707337,685.8714762234113,28.99119132747928,0.08190838912408703,-37.757425677752686
1310.0,661.572533485964,28.68627738009502,0.0831127865270619,-32.49695417513001,685.7291256077149,28.948088060596206,0.08185763181012556,-38.37845202184596
1311.0,661.0780580473519,28.651013216327517,0.08305703415158948,-33.13315605498207,685.6370841444093,28.901503620113637,0.08180752922527033,-38.99392025755989
1312.0,660.6360009851818,28.61224314557984,0.08300192830089503,-33.76463036365304,685.5939712832825,28.851436434011035,0.08175808254465133,-39.6034587333372
1313.0,660.2457903035436,28.569961127041985,0.08294747088643353,-34.39106408819406,685.599153425038,28.797884643210757,0.08170929263420995,-40.20676973426597
1314.0,659.9068581813472,28.524235114739316,0.082893663516783,-35.012366763476635,685.6520010373292,28.740920385944865,0.08166116005297398,-40.80377802672748
1315.0,659.6186409261576,28.475132774712584,0.08284050749952734,-35.6280761815177,685.7518886051963,28.680615515246284,0.08161368505537059,-41.394036568233446
1316.0,659.3805789277127,28.422572918825058,0.08278800384316198,-36.23810120404995,685.8981945809393,28.616893033065757,0.0815668675935675,-41.9774693205318
1317.0,659.1921166111918,28.366771206718127,0.0827361532589239,-36.84220175575848,686.0903013334936,28.54997279253596,0.08152070731974134,-42.55385124340128
1318.0,659.052702390284,28.307571595356684,0.08268495616274851,-37.44006308575484,686.3275950973485,28.479702947823835,0.08147520358847211,-43.12288255670581
1319.0,658.9617886201005,28.245189175248033,0.08263441267711838,-38.03144431277858,686.6094659210503,28.40630279065508,0.08143035545903518,-43.6843372861984
1320.0,658.9180887149241,28.179541620238066,0.08258452263290933,-38.61617840362648,686.934564780289,28.329694200414128,0.08138616169768972,-44.238063242574185
1321.0,658.9218056059425,28.110694889968077,0.08253528557125478,-39.19394930131381,687.303032030713,28.24994734690315,0.08134262077998662,-44.78375915027706
1322.0,658.9724031887105,28.03871466443337,0.08248670074533514,-39.76458903799985,687.7142688502255,28.16713212520109,0.08129973089300302,-45.32127176109137
1323.0,659.0678634405282,27.963592062164647,0.08243876712213112,-40.32785486364848,688.1661943509621,28.08124387414361,0.08125748993753942,-45.850372983489386
1324.0,659.2084005478148,27.885392209035185,0.08239148338416409,-40.88350350895796,688.6589597010321,27.99235194542691,0.08121589553030384,-46.37083414626845
1325.0,659.3927466830363,27.80403138967265,0.08234484793121398,-41.431291165052826,689.1912338956089,27.900376855314224,0.08117494500607271,-46.88242597897021
1326.0,659.620380461594,27.7196484670059,0.08229885888195683,-41.97104774694862,689.7624322077792,27.805461704475142,0.08113463541976931,-47.384992876092625
1327.0,659.8907840583148,27.63223346690018,0.0822535140755986,-42.502602590287154,690.3719732988213,27.7076007629113,0.08109496354853683,-47.87837859459198
1328.0,660.2027003235756,27.54177614742152,0.08220881107345972,-43.02563586484976,691.0185363279593,27.60678803950889,0.08105592589375944,-48.36227766818222
1329.0,660.5548755690364,27.448414568210755,0.08216474716056124,-43.53997568937106,691.7008037315953,27.50316585169861,0.08101751868308125,-48.83653252295376
1330.0,660.9475451878758,27.352137958950564,0.08212131934716461,-44.045523829130154,692.4189468369323,27.396727694206216,0.080979737872376,-49.30105917578854
1331.0,661.3794622642607,27.25300957245613,0.08207852437030298,-44.54203282683135,693.1716544647501,27.2875410924242,0.08094257914770342,-49.75562436608323
1332.0,661.8486403572335,27.151018120357534,0.08203635869532054,-45.02932883479903,693.9568757065421,27.175599038372617,0.08090603792726905,-50.20006838880466
1333.0,662.3560676238903,27.046226342894503,0.0819948185173947,-45.50723731346548,694.7755340409152,27.06096856076977,0.0808701093633631,-50.634230793856474
1334.0,662.8997640863233,26.938771011806836,0.08195389976303473,-45.975508730166325,695.6255845937541,26.943790728195722,0.08083478834426785,-51.05787608577107
1335.0,663.4784957528726,26.828565799313434,0.08191359809170101,-46.43396710875493,696.5057282527256,26.823983518341706,0.08080006949628121,-51.4708422742382
1336.0,664.0925173981582,26.715746982213293,0.08187390889738326,-46.88258429603032,697.4161544406215,26.701687522378528,0.08076594718569363,-51.87311514146424
1337.0,664.7398583317361,26.60030202755423,0.08183482731021331,-47.32110852746965,698.3548268774158,26.576894530889845,0.08073241552078976,-52.2644568088534
1338.0,665.4207793507024,26.48236672991728,0.08179634819816518,-47.74943582831009,699.3219405263859,26.449744671417985,0.08069946835393428,-52.644777139055
1339.0,666.13331567057,26.36185379727037,0.08175846616881094,-48.167312863436266,700.3154645186537,26.320154994575887,0.08066709928370312,-53.013836586832966
1340.0,666.8762482048705,26.23897283894179,0.08172117557117287,-48.57470833912296,701.3341134266269,26.18833946227564,0.08063530165710465,-53.37161760180714
1341.0,667.6498463380675,26.113561817641926,0.08168447049761086,-48.9714415700896,702.3780900309534,26.054140400002005,0.08060406857182817,-53.71795319652229
1342.0,668.4521536866225,25.985904171621595,0.08164834478588662,-49.357256747911215,703.4453710758526,25.91784561921896,0.08057339287866118,-54.05260121588963
1343.0,669.2827022085348,25.8558374163577,0.08161279202130067,-49.73219434378524,704.5354213731738,25.779297019300262,0.08054326718397103,-54.37561574099978
1344.0,670.1395407958104,25.723570266879985,0.08157780553893747,-50.09599682611645,705.6462223896585,25.63870771009733,0.0805136838522862,-54.68675280776908
1345.0,671.0229493802537,25.589014090129407,0.08154337842609624,-50.44855434749215,706.777986347818,25.495993464535143,0.08048463500905649,-54.985916094991566
1346.0,671.9309818520289,25.452302893436936,0.08150950352483528,-50.78975616399775,707.9286991398948,25.35129270732476,0.08045611254351574,-55.27300834474564
1347.0,672.8631801615016,25.31342191105117,0.0814761734347045,-51.1194906219024,709.0978344254353,25.20459510172065,0.08042810811172707,-55.54793135018574
1348.0,673.8176029038343,25.17243045876336,0.0814433805155892,-51.43757086121267,710.283382211961,25.055964404371668,0.08040061313972977,-55.81051166021597
1349.0,674.7945394167654,25.029461938100887,0.0814111168907957,-51.7438833701094,711.4855629491801,24.905538469736157,0.08037361882691949,-56.06064913506086
1350.0,675.7920526910698,24.88457527359031,0.08137937445029342,-52.03853653976549,712.702370436248,24.753380687562547,0.08034711614957779,-56.29846550223048
1351.0,676.8096874103891,24.737754989559058,0.08134814485409217,-52.32141146931293,713.933295252714,24.599479342389408,0.08032109586453029,-56.5238564030397
1352.0,677.8462232011082,24.58913428243712,0.08131741953593542,-52.59237435828976,715.1771241877854,24.443968533511047,0.08029554851310845,-56.73670750740287
1353.0,678.9026640486236,24.43869767384964,0.08128718970709325,-52.8514355092864,716.4348834726973,24.286832980819423,0.08027046442520906,-56.937049796491614
1354.0,679.9703589034335,24.286726643724393,0.08125744636037414,-53.098529949048206,717.6979439911763,24.128354375626397,0.0802458337235629,-57.124838944644026
1355.0,681.0599721578487,24.13305679988757,0.08122818027437062,-53.3335174182776,718.9769917548476,23.968368550454663,0.08022164632822928,-57.29995531037648
1356.0,682.1643418036599,23.977895001278576,0.08119938201788966,-53.55640521235882,720.2648860599713,23.80708260244292,0.08019789196127279,-57.46242677832918
1357.0,683.2837357301643,23.821299378185145,0.08117104195459472,-53.76712532148844,721.5619157849059,23.64455491376648,0.08017456015163939,-57.61220590062872
1358.0,684.4184232794429,23.66317933705981,0.08114315024785682,-53.965534421740486,722.8683709451776,23.48069515663428,0.0801516402402413,-57.74916988919529
1359.0,685.5612468000886,23.503741266414032,0.08111569686579459,-54.15171100057391,724.1771142473475,23.315709999358504,0.08012912138522195,-57.87341774250248
1360.0,686.712478250245,23.34304284074352,0.08108867158651134,-54.32543536425084,725.4884376925206,23.14965741045025,0.08010699256741374,-57.9847502542574
1361.0,687.8723907485764,23.18106730903092,0.08106206400354032,-54.48670961473415,726.8026341281002,22.98252094728728,0.08008524259600044,-58.083189991568815
1362.0,689.0486868245441,23.01787206680945,0.08103586353143569,-54.63553479200911,728.1274254991488,22.81435832833747,0.08006386011431715,-58.16875843854858
1363.0,690.2267849163776,22.853588661278486,0.08101005941160178,-54.77176230036277,729.4482493477232,22.645301438428724,0.08004283360588886,-58.24132742387828
1364.0,691.4143893706263,22.688199945967167,0.08098464071825033,-54.89546531964096,730.77282881405,22.47533348356147,0.08002215140058862,-58.3009905333615
1365.0,692.6117769384439,22.521837219969548,0.08095959636449523,-55.006641665447965,732.1014591346686,22.304586130287014,0.08000180168093449,-58.34776597142566
1366.0,693.8043683220022,22.354557382714518,0.08093491510864058,-55.10521378382639,733.4195791909251,22.133116660615148,0.0799817724885729,-58.38159655711054
1367.0,695.0072981721888,22.186417222796557,0.08091058556059029,-55.19117731341674,734.7423415089373,21.960982260976724,0.07996205173088175,-58.402498287542734
1368.0,696.2134165327461,22.017399139850507,0.08088659618840138,-55.26452679758832,736.062613706173,21.78816574422449,0.0799426271877143,-58.4104860513868
1369.0,697.4155737867575,21.84770828398624,0.08086293532488428,-55.325255680556026,737.3732634405219,21.61487268918787,0.07992348651818942,-58.40557362628713
1370.0,698.6289056031388,21.677401143746128,0.08083959117438717,-55.373430587486034,738.6894433594903,21.441160028744708,0.07990461726766114,-58.387847960303326
1371.0,699.8314060305406,21.506385551618816,0.08081655181962073,-55.409042754584576,739.9891641969094,21.266936055443093,0.07988600687472712,-58.3573206033322
1372.0,701.0382108960644,21.334940674111923,0.08079380522855209,-55.432082310186935,741.2875781745275,21.092480411676217,0.07986764267830526,-58.31400198953349
1373.0,702.2421708999459,21.162974182322,0.08077133926133961,-55.442612556342645,742.577552099622,20.917701260348174,0.07984951192475094,-58.25797572025422
1374.0,703.4435649138484,20.99061652558679,0.08074914167739497,-55.44069568389337,743.8593806662528,20.742729558615984,0.07983160177509455,-58.18932428044794
1375.0,704.6352431784119,20.817923803142957,0.08072720014235125,-55.42631848805089,745.1259296557748,20.567621929630665,0.07981389931218852,-58.10805475559555
1376.0,705.8249122529388,20.645026336831627,0.08070550223515617,-55.39946665148112,746.3849208894802,20.39250923531994,0.07979639154797534,-58.014173116132966
1377.0,707.0128498645987,20.471831542819807,0.08068403545506345,-55.360273311392746,747.6366470807249,20.217299448180373,0.07977906543065301,-57.90783278588383
1378.0,708.1919048095218,20.29854392187741,0.0806627872286874,-55.30872192611368,748.8739717388962,20.04219764161868,0.07976190785190035,-57.7890375099796
1379.0,709.3623535556414,20.125145080645066,0.08064174491698671,-55.2448691266873,750.0971857750662,19.86718601127748,0.07974490565403097,-57.657864207798575
1380.0,710.5170434458947,19.951765154955073,0.0806208958222529,-55.16862186795614,751.2991507079241,19.692395298407572,0.07972804563714819,-57.51424012539093
1381.0,711.6711060043693,19.77831139814801,0.0806002271949586,-55.080183131669045,752.4950119725634,19.51773337822943,0.07971131456615958,-57.35838853992495
1382.0,712.8099583912364,19.604988171437014,0.08057972624060798,-54.97945766105335,753.6702003779545,19.34340525033572,0.07969469917778804,-57.19023449559566
1383.0,713.9338734125397,19.43177696525217,0.08055938012649494,-54.86649766491972,754.8250021191631,19.16939306006747,0.07967818618749174,-57.00985050906281
1384.0,715.0431227296589,19.258733539124524,0.0805391759883673,-54.74142853774531,755.9597019891252,18.99575323842319,0.07966176229628101,-56.8173822908631
1385.0,716.1454051212453,19.08598792756943,0.08051910093699424,-54.60437458024948,757.0820116427756,18.822616507960674,0.07964541419744021,-56.6129744673106
1386.0,717.2335613459279,18.9135958789712,0.08049914206459993,-54.45553328746415,758.1847844618189,18.650039321693527,0.07962912858310965,-56.39684486988648
1387.0,718.3004307580676,18.74161314497856,0.08047928645121255,-54.2948782197772,759.2608721724271,18.47807815249182,0.0796128921507779,-56.16898740759613
1388.0,719.3537079253322,18.570095486397786,0.0804595211708937,-54.12267899298538,760.3179814646348,18.306789498973764,0.0795966916096502,-55.929692058329415
1389.0,720.3862291466061,18.399098679083085,0.08043983329780435,-53.938981299788765,761.3489605119449,18.136229891387988,0.07958051368684846,-55.679024891655466
1390.0,721.4056857737305,18.22875280332344,0.08042020991217859,-53.74390405028527,762.3615122946553,17.966530180985593,0.07956434513351235,-55.41712521061012
1391.0,722.4049107330718,18.059039399210324,0.0804006381061133,-53.537639378921845,763.3484811229008,17.79767269536645,0.07954817273071106,-55.14420555993157
1392.0,723.3841635006457,17.890088606510584,0.08038110498927643,-53.32015551789645,764.3101376131546,17.62978837832396,0.07953198329526595,-54.86025460073858
1393.0,724.3511300282738,17.721882036503875,0.08036159769439434,-53.09164250604049,765.2541786156712,17.462859661647794,0.07951576368534678,-54.565482820679286
1394.0,725.2912092704881,17.554475628318823,0.08034210338266445,-52.85214077962206,766.1660137426002,17.296943321418652,0.07949950080598246,-54.259951125991336
1395.0,726.2046548653941,17.387999654739758,0.0803226092490129,-52.60183831511394,767.0459070499918,17.132170483767055,0.07948318161441113,-53.94386798551612
1396.0,727.0991467156892,17.222361593978448,0.08030310252716874,-52.34069922087411,767.90154861991,16.9684494965905,0.07946679312523809,-53.617218023614555
1397.0,727.9749342210414,17.057766119944922,0.08028357049464727,-52.06898373128418,768.7331977938662,16.80598591976314,0.07945032241549244,-53.28028201552917
1398.0,728.8174078622618,16.89419512345196,0.0802640004775633,-51.7866539487709,769.5262547580307,16.644762546272602,0.07943375662950454,-52.93304263061728
1399.0,729.6416692387147,16.731704851912387,0.08024437985532534,-51.49404240578317,770.295830581676,16.48483654184309,0.07941708298365507,-52.57585299552676
1400.0,730.4331042036464,16.57035163148627,0.08022469606521654,-51.19125780763171,771.0273203535512,16.326265167001917,0.07940028877099924,-52.208842438221545
1401.0,731.206795293826,16.410192619911886,0.0802049366068125,-50.87848099818893,771.7358265412989,16.16910580733096,0.07938336136571902,-51.8322106049759
1402.0,731.9480519343898,16.25128805373692,0.08018508904633485,-50.55573858232636,772.4067219835146,16.013416053127177,0.0793662882274979,-51.445995534336966
1403.0,732.6644517648873,16.093624728668395,0.08016514102083848,-50.22335217765877,773.047658430896,15.859179347129784,0.07934905690571988,-51.05052845964471
1404.0,733.3561414916408,15.93733810832684,0.08014508024235145,-49.881419621994525,773.6588564711835,15.70652781566074,0.07933165504360731,-50.64591686748759
1405.0,734.0158368311422,15.782489479155211,0.0801248945018665,-49.53003783660877,774.2331054739325,15.555519423421131,0.07931407038220224,-50.23226736208812
1406.0,734.6436791549582,15.629140239282432,0.08010457167328852,-49.16937712286806,774.7706202369113,15.40621226223606,0.07929629076428757,-49.80975996302351
1407.0,735.239807084834,15.47720333682154,0.08008409971727902,-48.79968117570124,775.2716125828293,15.25851598922798,0.07927830413819585,-49.378648119776045
1408.0,735.8117847891824,15.326888976127256,0.08006346668503272,-48.42096996340018,775.7437196575983,15.112637532943324,0.07926009856153644,-48.93896159259641
1409.0,736.3448885291582,15.17811035495543,0.08004266072198529,-48.03348544277786,776.1722904783376,14.968486830374978,0.07924166220484313,-48.490952168706805
1410.0,736.8541050582634,15.03100365409442,0.08002167007148307,-47.637394439625275,776.5723843350862,14.826196816450688,0.07922298335517171,-48.03479654378516
1411.0,737.3247047689424,14.885556624898529,0.08000048307838152,-47.23278866349424,776.929343939686,14.685752011417648,0.07920405041961177,-47.57059633775698
1412.0,737.7642400936256,14.741905728273656,0.07997908819265326,-46.81998185679813,777.2507938293132,14.547285659673422,0.07918485192879833,-47.09867524488661
1413.0,738.1654037034458,14.600039005570627,0.07995747397288391,-46.398989825685206,777.5294985678813,14.41078260049876,0.07916537654029966,-46.61905906562205
1414.0,738.5357418598458,14.46001893392143,0.07993562908980947,-45.97027329074674,777.7730761005475,14.276302123227673,0.07914561304203363,-46.132218558255374
1415.0,738.8679409648178,14.321833863986434,0.07991354232980721,-45.533846500954695,777.9742843070691,14.14382940482278,0.07912555035562782,-45.638178053793226
1416.0,739.1695409137585,14.185620875135667,0.07989120259841131,-45.09002008493156,778.1407343579926,14.01349836487924,0.07910517753979121,-45.13725830813927
1417.0,739.4332216469426,14.051368646032392,0.0798685989237443,-44.63895536644988,778.2651772696876,13.885294536025476,0.07908448379359447,-44.629630818486554
1418.0,739.6665165036211,13.919140309652107,0.07984572046004651,-44.18096151521913,778.3552172622238,13.759277918753934,0.07906345845983523,-44.11561497497641
1419.0,739.8620987747571,13.788999174207987,0.07982255649114987,-43.71604986290268,778.4035983161142,13.635508702152991,0.07904209102833777,-43.59523237756706
1420.0,740.0200667081679,13.660934443991188,0.07979909643394163,-43.24460247192044,778.4104891816797,13.513972984548555,0.07902037113923667,-43.06887540566681
1421.0,740.1405151133632,13.535009790632007,0.07977532984188336,-42.766777884950216,778.3760549883272,13.394731344561304,0.07899828858630256,-42.53671296844482
1422.0,740.2235353173533,13.411289073765515,0.07975124640856236,-42.2826597096882,778.3004572050087,13.277844561563487,0.07897583332029467,-41.998839090379775
1423.0,740.276643471481,13.289687778105497,0.0797268359711918,-41.792553770842176,778.1912819519068,13.16322505253901,0.07895299545225491,-41.4555700640198
1424.0,740.2850671078234,13.170418718447944,0.07970208851414166,-41.296542427320496,778.0338265618842,13.051082576868264,0.07892976525682206,-40.90699876791619
1425.0,740.2563151989722,13.05339777554782,0.07967699417253353,-40.794930291665416,777.8356696454966,12.941329971981553,0.07890613317560849,-40.35344038678012
1426.0,740.1904647162546,12.938689600938313,0.0796515432357975,-40.2879471146692,777.5969576546214,12.834028857950264,0.07888208982052776,-39.79513529679985
1427.0,740.0801605899607,12.826284770133825,0.07962572615128671,-39.77567352069912,777.3104048482537,12.729166790457356,0.07885762597717749,-39.232174801644845
1428.0,739.9329007214062,12.71624835325102,0.0795995335278409,-39.25833816072964,776.9835783102835,12.626805831181423,0.07883273260816681,-38.66479828615515
1429.0,739.7487508946476,12.60857135152438,0.07957295613940761,-38.736317731553406,776.6166128670669,12.52693398407094,0.07880740085649478,-38.09339323618698
1430.0,739.5277730904376,12.503319267735517,0.07954598492866265,-38.20961701065664,776.209639407349,12.429613765528163,0.07878162204892597,-37.51797527410064
1431.0,739.2625971009975,12.400557826038089,0.0795186110105879,-37.6786117108128,775.7553565031168,12.334907923984408,0.07875538769932261,-36.938931013944426
1432.0,738.9607055471932,12.300278691684946,0.07949082567610631,-37.14337994829805,775.2613154329393,12.242805159373688,0.07872868951202484,-36.35634953023765
1433.0,738.6147204454508,12.202473757661984,0.07946262039565381,-36.604222247309565,774.7202067551211,12.15329440950917,0.07870151938517422,-35.7705423629344
1434.0,738.2321165782413,12.107135147720564,0.07943398682271027,-36.06129014251013,774.1395736844854,12.066364852854432,0.078673869413989,-35.18167212049083
1435.0,737.8055080642279,12.014403786315263,0.0794049167973865,-35.514883333244974,773.5120986688567,11.982154478196488,0.07864573189409593,-34.59004963458244
1436.0,737.3423617321516,11.924197983924085,0.07937540234991443,-34.965152569881624,772.8453167693082,11.900578669697731,0.07861709932476704,-33.99583684692179
1437.0,736.835283694541,11.836510573790504,0.07934543570408979,-34.41239680830605,772.131902240243,11.821627343366377,0.07858796441210422,-33.39934396421009
1438.0,736.2843043750723,11.75148319805679,0.07931500928071974,-33.85669181302555,771.37195356312,11.745439232914872,0.0785583200722343,-32.80065806167298
1439.0,735.69687848716,11.669109176283197,0.07928411570094263,-33.29841016242406,770.572993431386,11.672004758001147,0.07852815943437352,-32.2001630887264
1440.0,735.0730283140931,11.589307791377452,0.07925274778953059,-32.73762700159492,769.7351120369228,11.601240309877088,0.07849747584387609,-31.59794562219732
1441.0,734.4053436917894,11.512147142426608,0.07922089857809342,-32.17464004781897,768.85096705906,11.533211103936564,0.07846626286518704,-30.994314872167585
1442.0,733.693838694224,11.437621296410788,0.07918856130820658,-31.609598194112863,767.9206403562039,11.467908331142576,0.07843451428471916,-30.389431285865427
1443.0,732.9385232703446,11.365724573823304,0.07915572943445325,-31.042724380889847,766.944209608878,11.405323443358208,0.07840222411364499,-29.78352941964712
1444.0,732.1468315837659,11.296525834186795,0.07912239662732323,-30.47431561719771,765.9291766654615,11.345522438571116,0.07836938659055012,-29.17691796053341
1445.0,731.311336953791,11.230019910957225,0.07908855677608474,-29.904445868023146,764.868182489161,11.288497295503534,0.07833599618405712,-28.569682613790217
1446.0,730.4320369002957,11.166201896830527,0.0790542039914357,-29.333337493187017,763.7612922087437,11.23424025862273,0.0783020475952345,-27.962057542077645
1447.0,729.5163531402502,11.105067145441192,0.0790193326081115,-28.761361268786786,762.6159951208012,11.182743839541327,0.07826753575996186,-27.354425387124103
1448.0,728.5568465359053,11.04661127295492,0.07898393718730429,-28.18851642417244,761.4249196435632,11.134000818309802,0.0782324558511102,-26.74679730691151
1449.0,727.5535021469007,10.990904443057364,0.07894801251899651,-27.61524778200966,760.1881183745155,11.088078528103177,0.07819680328063375,-26.13963011592556
1450.0,726.5137292340576,10.93786851782595,0.07891155362410202,-27.041628661321052,758.9130680995787,11.044896005789235,0.07816057370147643,-25.533009188361667
1451.0,725.4374936093925,10.88757492026488,0.07887455575644059,-26.467957080428803,757.5998016391934,11.004521716395944,0.07812376300930955,-24.927241660082522
1452.0,724.3172847776397,10.839949683218236,0.0788370144046226,-25.894464384542275,756.2408734674012,10.966878188430863,0.07808636734418153,-24.322556052942694
1453.0,723.1530055149117,10.79506840267646,0.07879892529370494,-25.321383810880977,754.836250823101,10.932037380166927,0.07804838309194036,-23.719179843392755
1454.0,721.9519828378274,10.752932660962504,0.07876028438672784,-24.748948596950292,753.3933251932589,10.899997240281946,0.07800980688553445,-23.11734057195841
1455.0,720.7141113187784,10.71347002756912,0.0787210878860407,-24.177317718629794,751.9120556329513,10.870681708385993,0.07797063560610774,-22.517191581382146
1456.0,719.4392814542565,10.67675691039377,0.07868133223447468,-23.606650195241052,750.3923971383443,10.844163565945443,0.07793086638393763,-21.91888632172205
1457.0,718.1273796851954,10.6427957058481,0.07864101411634225,-23.03725367808236,748.8343006715806,10.820441586080943,0.0778904965991995,-21.322726938895048
1458.0,716.7708600692728,10.611440515861588,0.07860013045824171,-22.46928733790212,747.2302848375195,10.799366250258863,0.0778495238825378,-20.728867162136527
1459.0,715.3770293563714,10.582842849291263,0.07855867842972052,-21.90291045333076,745.5877209635355,10.781085449388474,0.07780794611549134,-20.13746089239586
1460.0,713.9457619646357,10.557005921189724,0.07851665544370763,-21.33843099924525,743.9065480798196,10.765598782776959,0.07776576143068877,-19.548810790642023
1461.0,712.4769283595562,10.533784652975829,0.07847405915681875,-20.775934250538228,742.186701302625,10.752757557986952,0.07772296821191385,-18.962996881551312
1462.0,710.9703950847639,10.513257090005249,0.07843088746944962,-20.215728504325863,740.4281118691433,10.742636208093876,0.0776795650939558,-18.38032227561106
1463.0,709.4260247947129,10.495427267505473,0.07838713852573129,-19.657973683528954,738.6307071742028,10.735235157307716,0.07763555096231918,-17.80094177257388
1464.0,707.8436762891708,10.480225210407403,0.07834281071328182,-19.10282992486113,736.7944108087131,10.730480820491563,0.07759092495272844,-17.225010449296295
1465.0,706.2232045494425,10.467729783570723,0.07829790266279707,-18.550457599691267,734.9191425997933,10.728448453074256,0.07754568645046413,-16.65268368042866
1466.0,704.5718891264975,10.457871557377729,0.07825241324748888,-18.00124018528174,733.0122470027612,10.729065016331827,0.07749983508954805,-16.08434000945808
1467.0,702.882149129668,10.450581374227909,0.07820634158237112,-17.45519001735689,731.0662080936614,10.732257743570248,0.07745337075176817,-15.519986901058532
1468.0,701.1612566685905,10.446013198420564,0.07815968702335435,-16.912616862061135,729.0883630150108,10.738176989696868,0.0774062935655073,-14.95992931280764
1469.0,699.4016234945569,10.443949847395372,0.07811244916622803,-16.37368223521633,727.0711886209392,10.746601962150484,0.07735860390445985,-14.404324014179627
1470.0,697.6030860949505,10.444545825903166,0.07806462784549045,-15.838473705922972,725.0145865754051,10.757683554762576,0.07731030238618322,-13.853253889858948
1471.0,695.780334088435,10.447658773514624,0.07801622313303325,-15.307302050485136,722.9333117511669,10.771275794957335,0.07726138987050674,-13.307025093354529
1472.0,693.9183401695736,10.453369448054215,0.07796723533670886,-14.78025557111656,720.8124021781852,10.787455826878071,0.07721186745781233,-12.765721365371943
1473.0,692.0169302575547,10.461536023387117,0.077917664998737,-14.257571532970639,718.6517491961504,10.80607820886778,0.07716173648715288,-12.229575470486315
1474.0,690.0907835444552,10.472314072624227,0.077867512894046,-13.739413332937112,716.4660975065609,10.827294896369047,0.07711099853429834,-11.698746365558623
1475.0,688.1248624429744,10.485488015173065,0.07781678002847414,-13.22601908572862,714.2404751242966,10.85088668867126,0.07705965540963451,-11.17346778541874
1476.0,686.1338394385767,10.501213950222366,0.0777654676368479,-12.717404508720447,711.9896202336278,10.877006062093002,0.07700770915593917,-10.65375112727838
1477.0,684.1100986887363,10.519351103565766,0.0777135771810313,-12.213882925077105,709.7059827913531,10.90550861650508,0.07695516204611699,-10.139905453407822
1478.0,682.0534494757304,10.539833243347626,0.07766111034780451,-11.715545297594517,707.389437983519,10.936324490777414,0.0769020165807636,-9.632017524505018
1479.0,679.9711262591801,10.562817245189049,0.07760806904671033,-11.222542524111608,705.0472862819187,10.969606927607838,0.07684827548569094,-9.130234094611124
1480.0,677.8555036785511,10.588088822177216,0.07755445540779829,-10.735078026996373,702.6719684505819,11.005138003216125,0.07679394170934516,-8.634754500077577
1481.0,675.7138100080709,10.61580535778888,0.0775002717793251,-10.253296345455007,700.2707790047115,11.04307145997406,0.07673901842017698,-8.14571925133332
1482.0,673.5384138102821,10.645753068653734,0.07744552072538281,-9.777350007966179,697.8361528682872,11.083189868877504,0.07668350900393553,-7.663276904754611
1483.0,671.3365373922044,10.6780155537563,0.07739020502345076,-9.307362407523737,695.3753788343017,11.125573178458994,0.07662741706088201,-7.1875469373205565
1484.0,669.1154001605813,10.712528090992132,0.07733432766190637,-8.843487245137894,692.8957429241046,11.170153011056952,0.07657074640295956,-6.718679189504865
1485.0,666.8599336274459,10.749300485139573,0.07727789183752691,-8.385863976131647,690.3822433970818,11.216935510502676,0.07651350105094971,-6.2568093109406835
1486.0,664.5847799187416,10.788194214710774,0.07722090095289118,-7.934617826231302,687.8495892634013,11.265778488689005,0.0764556852315275,-5.802058775857518
1487.0,662.2748650297417,10.829293846718276,0.07716335861377693,-7.489911805795469,685.2827735435637,11.316762840056912,0.07639730337431043,-5.354586896635045
1488.0,659.9448256850126,10.872535616313431,0.07710526862653033,-7.051865013420852,682.696500132494,11.369821120956592,0.07633836010887704,-4.914509126712305
1489.0,657.5944392954244,10.917855990840804,0.07704663499539041,-6.620612077878923,680.0906137606681,11.424886113426997,0.07627886026174029,-4.481956501806641
1490.0,655.2123381923344,10.965265950289936,0.07698746191979981,-6.1962682596756045,677.4538142323994,11.481965105375503,0.07621880885330741,-4.057040740734938
1491.0,652.809437263332,11.014628133638748,0.07692775379171178,-5.778951007739536,674.7970840656528,11.540917036651924,0.07615821109483456,-3.639875801343059
1492.0,650.3840207662502,11.0660282531202,0.07686751519282772,-5.368779973557008,672.1187753100949,11.601823913048658,0.07609707238531442,-3.230577893861857
1493.0,647.9365990904377,11.119403673369032,0.07680675089186642,-4.965884453315657,669.4194663123545,11.664619385183784,0.07603539830839633,-2.8292729222524278
1494.0,645.4669374780303,11.174617691490498,0.07674546584179266,-4.570377402126664,666.6989904412285,11.729163028309124,0.07597319462926824,-2.436070497610596
1495.0,642.9762845910121,11.231756667545367,0.0766836651770566,-4.182375503669893,663.958664658611,11.79553747253768,0.07591046729155101,-2.051084006975649
1496.0,640.4651440687653,11.290758603423468,0.07662135421076051,-3.8019813549008585,661.1990610808357,11.86367698146269,0.0758472224141247,-1.674412797182663
1497.0,637.9347602613954,11.35148742264496,0.07655853843189037,-3.4292611933927124,658.4214927157091,11.933441731707676,0.07578346628802368,-1.3061199013320055
1498.0,635.3848897886104,11.414030100584329,0.0764952235024896,-3.064311764523697,655.6257850250006,12.004914942902404,0.07571920537327524,-0.9462989050871105
1499.0,632.816772944465,11.478250959586514,0.07643141525479678,-2.7072157630508378,652.8132473326948,12.07795717255444,0.0756544462957119,-0.5950293873417593
1500.0,630.2309052576418,11.54416308252998,0.07636711968841689,-2.358064129473485,649.9844443886667,12.152577729370996,0.07558919584381932,-0.25239921566100654
1501.0,627.6277808988743,11.611705559211199,0.0763023429674564,-2.0169518474366575,647.1399307367168,12.228712389449075,0.07552346096555373,0.08150131256114622
1502.0,625.0093799367677,11.68081806850262,0.07623709141763316,-1.6839653136779664,644.2817108455499,12.306299388329304,0.07545724876514374,0.40659706703045073
1503.0,622.3747098762875,11.75151485491856,0.07617137152336027,-1.3592098455765182,641.4088077782533,12.385351987201407,0.0753905664998701,0.722795612048857
1504.0,619.7250050659695,11.823661772939278,0.07610518992482222,-1.0427470493891524,638.5224716450276,12.465735046958228,0.07532342157684646,1.0300481839523614
1505.0,617.0614982619646,11.897347700205763,0.07603855341504703,-0.7346691132248162,635.6239511699438,12.547536441167676,0.07525582154980245,1.328275399131474
1506.0,614.3839350278843,11.97236454861816,0.07597146893687982,-0.43506167439214144,632.7130080933441,12.630547066952111,0.07518777411577848,1.6174043876910924
1507.0,611.6928023105463,12.048801527907436,0.07590394358001452,-0.14401125647392837,629.7901457499854,12.714855108345018,0.07511928711188416,1.8973613573954968
1508.0,608.9893285114167,12.126599440110484,0.07583598457794513,0.13837986562383356,626.8566091427136,12.800400330555147,0.07505036851198678,2.168056729650249
1509.0,606.2739978887624,12.20562495850348,0.07576759930488566,0.41213479635535816,623.9128993466866,12.887048358693065,0.07498102642337598,2.4295262712272665
1510.0,603.5472934656285,12.285893473483444,0.0756987952726706,0.677045451130042,620.959516419251,12.974813523450083,0.0749112690834183,2.6815745269116436
1511.0,600.8096971035206,12.367346237380486,0.07562958012758815,0.9331999619668044,617.9969594753604,13.063636005712244,0.07484110485615347,2.9243022262174656
1512.0,598.0639180818722,12.44999892673062,0.07555996164720707,1.180536969646215,615.0279552686068,13.153530398639216,0.07477054222889301,3.157660576610306
1513.0,595.3089504929158,12.533718786986595,0.07548994773713553,1.4190684677671443,612.0515155874923,13.244362852185697,0.0746995898087591,3.3816741086426068
1514.0,592.5467588326303,12.61844747819666,0.07541954642773649,1.6486569461713607,609.069622847612,13.336073918595291,0.0746282563191903,3.596217820464792
1515.0,589.778563901951,12.704275353633673,0.07534876587079957,1.869386802772277,606.0835159939361,13.428752830849412,0.07455655059641116,3.8013885907476905
1516.0,587.0041000486501,12.79107003736685,0.07527761433617304,2.081118637241495,603.0929477436073,13.522266080063511,0.07448448158587148,3.9970594734693674
1517.0,584.2245865848696,12.878773553316153,0.07520610020830777,2.283860663609331,600.0991560042346,13.616554544370771,0.07441205833860602,4.183251111621978
1518.0,581.4412421949806,12.967328036756472,0.07513423198281025,2.477620138735469,597.1033782823657,13.711559200260533,0.07433929000761012,4.35998316679424
1519.0,578.6537993438649,13.056750012791571,0.0750620182628771,2.662403358173364,594.1053660922402,13.807295400891404,0.07426618584410707,4.527274316152665
1520.0,575.863475695712,13.146907540785,0.0749894677557063,2.838067085419647,591.1063563749191,13.903630020366483,0.07419275519379796,4.684993682812131
1521.0,573.0707456879487,13.237817343277692,0.07491658926886224,3.0046899660721254,588.1068430724199,14.000578582500353,0.0741190074930743,4.833232251119158
1522.0,570.2760834455064,13.329496233862043,0.07484339170655542,3.162275390857736,585.1073200420664,14.09815668854786,0.07404495226515084,4.972005730808419
1523.0,567.4799628602425,13.42173826152711,0.07476988406591693,3.310677209561418,582.1082811358758,14.196157161409278,0.07397059911620006,5.1011802720632975
1524.0,564.6836005054896,13.51456040650214,0.07469607543313722,3.449971146364689,579.1109631149703,14.294595741339283,0.07389595773135985,5.220843881988636
1525.0,561.8874700455706,13.607905441052996,0.07462197497964349,3.580157664057628,576.1158600588524,14.393413946614228,0.07382103787078158,5.331009289958972
1526.0,559.0927879853749,13.701790491273597,0.07454759195816822,3.701236246160255,573.1242091146535,14.492627635200096,0.0737458493655779,5.4316882308778975
1527.0,556.2992852447068,13.796158464849563,0.07447293569875359,3.8132796794420862,570.1357620710679,14.592178432398196,0.0736704021137112,5.522965728836837
1528.0,553.5081785776233,13.890878045810863,0.07439801560477134,3.916211202830683,567.1517567772073,14.691933725485695,0.07359470607589924,5.604777247163796
1529.0,550.7206849813753,13.985966539778223,0.0743228411488437,4.010175924740376,564.1734315509859,14.791909508855616,0.0735187712714308,5.6772801068927
1530.0,547.9365361050178,14.08136701818264,0.07424742186870736,4.095020838772012,561.2005395871199,14.892047528135876,0.07344260777392443,5.740333503603996
1531.0,545.1569496677788,14.177022596485028,0.07417176736309046,4.1708148088494585,558.23432037483,14.992289558314331,0.07336622570710574,5.794018493701847
1532.0,542.3816581967587,14.272950712387862,0.07409588728750238,4.237625719733782,555.2745284348312,15.092651681861886,0.0732896352404988,5.838415146068496
1533.0,539.6126232793225,14.36894598652835,0.07401979135000922,4.29544619494547,552.3231475709761,15.192927149343152,0.0732128465851078,5.873528261125825
1534.0,536.849578629617,14.465100201694902,0.07394348930697389,4.344342165597976,549.3799339359886,15.293206358556525,0.07313586998906489,5.899435940807161
1535.0,534.0930015046732,14.561356596508915,0.07386699095874007,4.384304305625126,546.4453874467569,15.393431148145787,0.073058715733223,5.916141024921502
1536.0,531.3441127796892,14.657584143623543,0.07379030614536303,4.415322317920249,543.52075185878,15.49346907573492,0.07298139412679899,5.9236453784277465
1537.0,528.6019056824314,14.753726111426555,0.07371344474222322,4.437459220879489,540.6050434997156,15.593261979573256,0.07290391550289892,5.922024179111172
1538.0,525.8690885471024,14.849874342243904,0.07363641665568663,4.450777068344129,537.7009940223764,15.692900256687716,0.07282629021409331,5.911351638656593
1539.0,523.1453993719042,14.945823546030928,0.07355923181874652,4.455336953448949,534.808364961406,15.792177156528979,0.07274852862797308,5.891701007625062
1540.0,520.4313200660227,15.041665563105555,0.07348190018662974,4.451273296376121,531.9276619793657,15.891183043666103,0.0726706411226731,5.86321886433327
1541.0,517.727333685495,15.1372693743527,0.0734044317324099,4.438496714998739,529.0593921016879,15.989785407958802,0.07259263808240014,5.8258279866195135
1542.0,515.0354101731468,15.232652513469343,0.07332683644263968,4.417214014452881,526.205549455691,16.088000276776732,0.07251452989298278,5.779747342534865
1543.0,512.3545494172947,15.3276839276995,0.07324912431294234,4.387408208074392,523.365158328342,16.185695075715277,0.07243632693738158,5.72497211239535
1544.0,509.6867239997332,15.4224553901059,0.07317130534364899,4.349209940763712,520.5402159132916,16.282960040854483,0.07235803959124384,5.6616451132584364
1545.0,507.03093658223565,15.516761509827756,0.07309338953544883,4.3026746447269115,517.7297496964047,16.379588229010604,0.07227967821847228,5.589833955771361
1546.0,504.3891626523507,15.610619711391504,0.07301538688503234,4.247856829620741,514.9357602005656,16.475595497047063,0.07220125316678846,5.5096053354191
1547.0,501.7618935777279,15.704047379016234,0.07293730738075853,4.184810089586601,512.1587640389894,16.57099764618675,0.07212277476331994,5.421025040656526
1548.0,499.1481366694648,15.796987567945791,0.07285916099834804,4.113661394175871,509.3977939775261,16.66573613335733,0.07204425331021448,5.324232244926731
1549.0,496.54987225446905,15.889308999306811,0.07278095769662295,4.0344625291531715,506.6548560059468,16.75967806606914,0.07196569908030269,5.219290948552032
1550.0,493.96685389135814,15.981028905499688,0.07270270741326573,3.9472643881894496,503.9297295527277,16.852839047832365,0.07188712231277933,5.106264271509009
1551.0,491.39958983083903,16.07208963172839,0.07262442006057804,3.8521894705339657,501.2229403109758,16.945160385928826,0.07180853320888818,4.985286280265628
1552.0,488.84863042051313,16.1624312858226,0.07254610552135157,3.7492779397538474,498.5350217421308,17.03658355990082,0.07172994192771952,4.856406031857956
1553.0,486.315280816566,16.252067645331493,0.0724677736447006,3.6387158667538895,495.8672536862839,17.1271243100629,0.07165135858197182,4.719817833705184
1554.0,483.798619639899,16.34093812839616,0.07238943424197966,3.5204656163424617,493.2186896502812,17.216724002217113,0.07157279323380099,4.575492303141978
1555.0,481.29995604175355,16.428907788788667,0.07231109708277973,3.3947115582856675,490.59061387195067,17.305249622750317,0.07149425589075041,4.423622079520857
1556.0,478.8198584179999,16.51606444499813,0.07223277189089423,3.2614886601890647,487.98357003292085,17.39279090778485,0.07141575650165542,4.264250418134246
1557.0,476.3588972974823,16.602347257833244,0.07215446834040135,3.1209796322513235,485.3981041454117,17.479288920851847,0.0713373049526659,4.097568336000089
1558.0,473.917645394288,16.68762100908078,0.07207619605176108,2.9732178043413815,482.83476460286255,17.56461033162675,0.07125891106328872,3.9236174899623615
1559.0,471.49667765898175,16.7719732307146,0.07199796458799698,2.8183842714329383,480.2941022294328,17.64884454522143,0.0711805845825192,3.742587323139684
1560.0,469.09582849380155,16.855268499124627,0.07191978345092735,2.656436487847253,477.7759274933604,17.731857996502388,0.07110233518502562,3.5544436601727307
1561.0,466.71567747193023,16.937519847920477,0.07184166207742868,2.4877025473526064,475.2807962242958,17.813665562989517,0.07102417246737332,3.3595229883182034
1562.0,464.3575493857395,17.018665912764114,0.07176360983577844,2.312138360535797,472.810009659496,17.894207709789917,0.07094610594433133,3.1577896358044355
1563.0,462.02054295396766,17.098719493766136,0.07168563602209847,2.1299219355284804,470.3626431488398,17.973499052101136,0.07086814504528736,2.949430053530816
1564.0,459.7067307132265,17.177618983925353,0.07160774985678056,1.9411562570060548,467.94074604405535,18.0514797837635,0.07079029911064923,2.734555695028385
1565.0,457.4152163831969,17.255302648131078,0.0715299604810315,1.746017866496022,465.5433990615153,18.12808995638084,0.07071257738837587,2.513351597717988
1566.0,455.1473347562768,17.331708618720224,0.07145227695346375,1.5445340254609072,463.1719141693629,18.203269475001655,0.07063498903055633,2.2858535469306127
1567.0,452.9021947309896,17.4069234580988,0.07137470824675203,1.3368798631773569,460.8253776182746,18.277106660870235,0.07055754309006719,2.052245224711052
1568.0,450.6811363647832,17.480810736907294,0.07129726324436268,1.123081256865829,458.50510699149055,18.349466829727003,0.07048024851730542,1.8125610908588037
1569.0,448.4847595756768,17.55330816377205,0.07121995073730757,0.9033862636050088,456.2116799035665,18.42028942170032,0.07040311415695762,1.567057815739887
1570.0,446.31218134807654,17.624501864614526,0.07114277942103389,0.6778937174749665,453.94419120317326,18.48966228076136,0.07032614874491058,1.315842878313088
1571.0,444.16549278286095,17.694180677510605,0.07106575789232278,0.44665724136147616,451.7047100200455,18.557375949734208,0.0702493609051803,1.0589785788025723
1572.0,442.0430736211762,17.762504700156796,0.07098889464626605,0.20982640074797415,449.4915942855212,18.623592217917928,0.07017275914692812,0.7966231933429185
1573.0,439.9462777977609,17.82933673436288,0.07091219807330262,-0.03244984947268625,447.3061762824956,18.68817556574003,0.0700963518615425,0.5289344216281988
1574.0,437.8757193029832,17.89461369965288,0.07083567645635078,-0.2800082927138523,445.1490485039786,18.751064578523085,0.07002014731982929,0.25608426001754564
1575.0,435.83127221905136,17.95842091293124,0.07075933796795973,-0.5327085766524156,443.0200636857188,18.81234622632143,0.06994415366922575,-0.021778123617636487
1576.0,433.8128135902746,18.02069495071368,0.07068319066756798,-0.7903811987818816,440.9190776727809,18.871958726327048,0.06986837893113451,-0.30447437465920385
1577.0,431.8217091273549,18.081372212451875,0.07060724249879588,-1.052894345377124,438.8474351200583,18.92984010637397,0.06979283099829704,-0.5918637899369785
1578.0,429.8578419005033,18.140537483938935,0.07053150128680326,-1.3200721632706107,436.8049981815272,18.98607676852784,0.06971751763224136,-0.8837615887527717
1579.0,427.92184087667835,18.198052516279805,0.07045597473575164,-1.5917838835097142,434.7923750435443,19.04053206824481,0.06964244646084489,-1.1800280358037463
1580.0,426.01285244558846,18.253927439970766,0.07038067042627588,-1.8678843778430287,432.80869144683857,19.093217728643776,0.06956762497591279,-1.4805089969533864
1581.0,424.1322546247724,18.308172194547307,0.07030559581306131,-2.1482364269022822,430.8553048875206,19.144145270351036,0.06949306053087154,-1.7850582067170793
1582.0,422.2799429132687,18.36079652532426,0.07023075822246673,-2.4327032748345685,428.93209046662986,19.193326008441367,0.06941876033851563,-2.093529822217267
1583.0,420.4558159892613,18.411661413219925,0.07015616485020089,-2.7211560404950723,427.0389265836148,19.24062248246697,0.0693447314688157,-2.405785833718733
1584.0,418.6597757364327,18.46085048918797,0.0700818227591002,-3.0134514151071703,425.1756949584888,19.286119871097988,0.06927098084683521,-2.721673761651161
1585.0,416.8917272690322,18.50822433021364,0.07000773887694775,-3.30945392990081,423.3422806526773,19.32968028833105,0.06919751525069545,-3.0410489236301643
1586.0,415.15306462566457,18.553866157433085,0.06993391999432574,-3.609043366935272,421.54005775857195,19.371388481824628,0.0691243413095817,-3.363781844683091
1587.0,413.44295661653024,18.597710415819463,0.06986037276262082,-3.912055314662808,419.7681752425324,19.41118041280454,0.06905146550190669,-3.68969881223638
1588.0,411.76131818447107,18.639691338482248,0.06978710369200045,-4.2183442911724764,418.0265283016993,19.44899182058617,0.06897889415345361,-4.018644998803956
1589.0,410.108810424452,18.679891511063143,0.06971411914950548,-4.527767383995143,416.31575837925715,19.484906787196504,0.06890663343563908,-4.350468101257831
1590.0,408.4853549314863,18.718244735214785,0.06964142535719714,-4.840173089670319,414.6357675081642,19.5188606010822,0.06883468936383669,-4.685007179881738
1591.0,406.8908766520828,18.754758876695668,0.06956902839038767,-5.155416152463042,412.98646115843655,19.55086260543693,0.068763067795789,-5.022107496596141
1592.0,405.3260467341028,18.78936729605227,0.06949693417589495,-5.473338975436212,411.36849108288015,19.580847629118924,0.06869177443004608,-5.361601925560164
1593.0,403.7900540348843,18.8220774134116,0.06942514849042751,-5.793808744088776,409.78102682113774,19.608824551681728,0.06862081480454092,-5.703348076360918
1594.0,402.28357647287345,18.852896422867552,0.06935367695896577,-6.116663181231848,408.2247270472952,19.634802018001643,0.06855019429516307,-6.047174048462392
1595.0,400.806552532376,18.881757006969103,0.06928252505328183,-6.441755098876336,406.6995110706678,19.658714153009548,0.06847991811447383,-6.392922982687544
1596.0,399.35818127165135,18.908740185321093,0.06921169809047452,-6.768930094928213,405.20455883999256,19.68064341053799,0.06840999131043972,-6.740430757529796
1597.0,397.9398936693432,18.9337781787706,0.06914120123158403,-7.09804139160184,403.7412822860253,19.700523437756136,0.06834041876524685,-7.089540827204304
1598.0,396.5508956188746,18.956877258214185,0.06907103948033293,-7.428934960405725,402.3088683121738,19.71836192422812,0.06827120519424375,-7.440089346293472
1599.0,395.1903964362618,18.978043459499215,0.06900121768183524,-7.761456932158918,400.906507298624,19.734166317067537,0.0682023551448544,-7.791912579444857
1600.0,393.86058020113046,18.997208298429257,0.06893174052145483,-8.095461006993798,399.536364439744,19.747869536198223,0.06813387299564033,-8.144854311077223
1601.0,392.5591875980029,19.014450937043044,0.0688626125237343,-8.430807678026381,398.19615952070126,19.75955236768696,0.06806576295543283,-8.498766991041446
1602.0,391.2869748411444,19.029698999798903,0.0687938380513149,-8.767354510725253,396.8866196554509,19.76914496057609,0.06799802906245989,-8.853507780532931
1603.0,390.0439689174912,19.04287918792399,0.06872542130404295,-9.10495097013565,395.60774070967545,19.776576761104906,0.06793067518365488,-9.208927612287216
1604.0,388.8302002227911,19.054140811689052,0.06865736631805305,-9.44345401721544,394.3595219947469,19.781999818450863,0.06786370501394628,-9.564884864440218
1605.0,387.64570255334206,19.063335804922087,0.06858967696496752,-9.782750375563632,393.1419662562205,19.78526879950754,0.06779712207565808,-9.921267627068223
1606.0,386.48977026089096,19.070538708661434,0.06852235695116138,-10.122652516217983,391.9543368255555,19.786460972803646,0.06773092971797838,-10.277889686818304
1607.0,385.3631867458338,19.07567525288352,0.06845540981709305,-10.462972922887662,390.79738611019854,19.785504790497857,0.06766513111649293,-10.634564791995276
1608.0,384.26525310346926,19.07874520635467,0.0683888389367064,-10.803694925774431,389.67038423677366,19.782402738499105,0.06759972927278504,-10.991277486258406
1609.0,383.1960166136792,19.079748092576963,0.06832264751690827,-11.144504697313248,388.57334753775183,19.77715705268202,0.06753472701411269,-11.347715104258812
1610.0,382.1555278887972,19.078757472842703,0.06825683859710581,-11.48538550204568,387.506295696348,19.769844002212,0.0674701269931434,-11.703862021430767
1611.0,381.1438408548245,19.07584666238721,0.06819141504883887,-11.82602341050614,386.46925172480394,19.760539605969463,0.06740593168778128,-12.059405367816952
1612.0,380.16101273101094,19.070865879639392,0.06812637957545521,-12.166401549206935,385.46224194106094,19.749096782072847,0.06734214340103765,-12.414329278013415
1613.0,379.2063611728197,19.06388794709733,0.06806173471183706,-12.506280098150532,384.4845531088384,19.735591049027136,0.06727876426094812,-12.768394888662728
1614.0,378.27994991842314,19.054985440783184,0.06799748282427469,-12.845493406940143,383.5362180812541,19.720097675452383,0.0672157962206384,-13.121437454566248
1615.0,377.38184592863416,19.044156406804472,0.06793362611032645,-13.183949976957011,382.617272937882,19.702617396919095,0.06715324105837231,-13.473366330883785
1616.0,376.5121193604231,19.031324361518745,0.06787016659876345,-13.521558160118085,381.7277569553924,19.6830764163873,0.06709110037768501,-13.824090671934387
1617.0,375.6701007040292,19.016486858803365,0.06780710614961562,-13.858077574220188,380.8669697417701,19.661474971750994,0.06702937560761571,-14.173370846604152
1618.0,374.855866423824,18.99971549041989,0.06774444645424431,-14.193416219394312,380.034956874264,19.63788733647737,0.06696806800296375,-14.521115554884712
1619.0,374.0687532578116,18.980933035969883,0.06768218903550584,-14.527481893646442,379.2310241959428,19.612238969837414,0.06690717864463777,-14.867233243518616
1620.0,373.3088438560257,18.96028488096893,0.06762033524795351,-14.860033608506045,378.45522345110817,19.584677935254746,0.06684670844004091,-15.211483521772866
1621.0,372.57622391271127,18.93754474948576,0.06755888627811953,-15.191127272808847,377.7076094144491,19.55498063321918,0.06678665812353402,-15.553922845366856
1622.0,371.87023929742503,18.912931823425566,0.06749784314485575,-15.520447124062672,376.9874970190606,19.523368920844412,0.06672702825695949,-15.89423594800376
1623.0,371.1909816901923,18.886367908357037,0.06743720669972612,-15.847974262985533,376.2949469884624,19.48976727796882,0.06666781923021496,-16.232404376094205
1624.0,370.5378028756043,18.85784885197213,0.06737697762744088,-16.173466652137552,375.62928012749313,19.45417422588855,0.06660903126186958,-16.568186487593834
1625.0,369.9108003761156,18.82744454512791,0.06731715644643439,-16.496904800225888,374.9905629523364,19.41666232867212,0.06655066439992288,-16.90156313653391
1626.0,369.31007457942263,18.79522463947977,0.06725774350937422,-16.818120328029508,374.378864814556,19.377303911065543,0.06649271852249665,-17.23236623919159
1627.0,368.7342430300287,18.761035698202516,0.06719873900382818,-17.13694451899554,373.7927721892422,19.335948209484627,0.06643519333868465,-17.560427324951668
1628.0,368.1841545652476,18.725021181828865,0.06714014295291863,-17.453208302991673,373.2331028075197,19.292741358123656,0.06637808838939133,-17.88557752034396
1629.0,367.65917510027066,18.687175748646677,0.06708195521608187,-17.76696509073402,372.6991914380416,19.247680689621863,0.06632140304827404,-18.20787038377588
1630.0,367.1586732577684,18.647419539704423,0.06702417548984452,-18.07789648986252,372.1903755129396,19.20068902033701,0.06626513652270719,-18.526987621931877
1631.0,366.6827631618685,18.605895314413942,0.06696680330869505,-18.386055124243207,371.7067379180748,19.15191178621495,0.06620928785484097,-18.84298190941932
1632.0,366.2308187265002,18.562522751217216,0.0669098380459405,-18.6911960669122,371.24762127758066,19.10127134372208,0.06615385592264636,-19.155608322075086
1633.0,365.8022164482899,18.517369866868755,0.06685327891469363,-18.99329680925572,370.8123707428858,19.048838389391896,0.06609883944109389,-19.464844306527517
1634.0,365.3978210339869,18.47043016778548,0.0667971249688434,-19.292185828363458,370.4018196162036,18.99460911143761,0.06604423696331661,-19.770518247950367
1635.0,365.0162711822491,18.421622651990486,0.066741375104129,-19.58783970611468,370.01457512831706,18.938505191957145,0.0659900468818789,-20.07260658956852
1636.0,364.65695088020686,18.37108894515269,0.06668602805923568,-19.880011696959247,369.6499897310923,18.88067094323226,0.06593626743006886,-20.37086240087697
1637.0,364.32073219452496,18.318896168691214,0.06663108241694062,-20.168751697953237,369.3089038844415,18.821176176090862,0.06588289668324485,-20.6653353481328
1638.0,364.0062610519,18.26488837496891,0.06657653660532731,-20.453811966488207,368.98993183268465,18.759867635356592,0.06582993256024924,-20.955777412559087
1639.0,363.7136713694021,18.20920653409148,0.06652238889902856,-20.735167090796743,368.69317573072743,18.696888986902174,0.06577737282485666,-21.242162861342717
1640.0,363.4423565042145,18.151917118759084,0.06646863742052483,-21.01279112567792,368.4179970896199,18.63230940275332,0.06572521508727786,-21.524465383869927
1641.0,363.19171204307247,18.093012106711726,0.06641528014153454,-21.286434728475086,368.1637595618062,18.566123563784487,0.06567345680575788,-21.802435228231523
1642.0,362.96187859129657,18.032483266757943,0.06636231488437945,-21.55607084683472,367.93057172597594,18.49832594599588,0.06562209528815198,-22.07604488952611
1643.0,362.7522560563386,17.970396444883065,0.0663097393234731,-21.82167185520827,367.7178013664432,18.428985106867845,0.06557112769362589,-22.34526624692316
1644.0,362.56298927100335,17.90681728343139,0.06625755098680662,-22.083060975128102,367.5255610922327,18.35816940478719,0.06552055103435739,-22.609921984516543
1645.0,362.3927394411082,17.84166265686375,0.06620574725752952,-22.3401351132742,367.3524797806461,18.285798435046487,0.0654703621773312,-22.86990842998488
1646.0,362.2416554378614,17.774923525104462,0.06615432537556624,-22.59293913281989,367.19867386560344,18.211865883430704,0.06542055784617444,-23.125269826546635
1647.0,362.1091452445919,17.70681350346198,0.06610328243926047,-22.84129442405297,367.0635187804052,18.136588096375046,0.06537113462301994,-23.37582690420585
1648.0,361.9946187430818,17.63717459759943,0.06605261540711761,-23.08509602681509,366.94639174017993,18.059809816170475,0.0653220889504684,-23.621474002831135
1649.0,361.8982304993805,17.56607147461933,0.06600232109958425,-23.324312619232845,366.8474145239098,17.981598452280867,0.06527341713358968,-23.86217906154073
1650.0,361.8186512089735,17.49349433219126,0.06595239620087537,-23.55883793975072,366.76522491592,17.901946950700818,0.0652251153419714,-24.097835041403627
1651.0,361.7560419142632,17.419581519563778,0.06590283726084287,-23.788637088673788,366.69995505091055,17.820996155994322,0.06517717961181001,-24.328407537421224
1652.0,361.71057706671616,17.344321708718955,0.06585364069695515,-24.01366546989504,366.65176686601,17.73873620507214,0.06512960584811316,-24.55385765022157
1653.0,361.68020718713046,17.267703162843905,0.06580480279626322,-24.233801261818734,366.61860236443266,17.65515657348796,0.06508238982688666,-24.77407052841822
1654.0,361.6665985659442,17.189713972455134,0.06575631971748762,-24.448921945990108,366.6021191815548,17.570246570983453,0.06503552719744442,-24.988930588202408
1655.0,361.66770486013144,17.11049062589015,0.06570818749310697,-24.65905286474534,366.6002621788528,17.484143912197027,0.06498901348471744,-25.198470071724486
1656.0,361.6829668848322,17.030020878850323,0.06566040203152597,-24.86414436168308,366.6124632327517,17.39683758642116,0.06494284409164164,-25.40264618830824
1657.0,361.7133125590968,16.948366608526168,0.06561295911934016,-25.06399748947887,366.63964117777056,17.30839071193944,0.06489701430164059,-25.601266823018783
1658.0,361.7574426757772,16.86544096677145,0.06556585442358753,-25.25863541905541,366.6804875740054,17.218717689409594,0.06485151928109305,-25.79436194659671
1659.0,361.8155450209259,16.78137980135961,0.06551908349409664,-25.4480062975745,366.73518082431593,17.12795562332603,0.06480635408189654,-25.981886474223575
1660.0,361.8863229772155,16.696244525778635,0.06547264176589591,-25.632057524288314,366.8024147757338,17.03616719201795,0.0647615136440879,-26.163794542156136
1661.0,361.9699668067968,16.609947839593044,0.06542652456166437,-25.81073574323732,366.8823700005144,16.94326636821156,0.064716992798502,-26.340039501216047
1662.0,362.06518225319223,16.52262514987888,0.0653807270942529,-25.983912552797342,366.973742396429,16.849389840662433,0.06467278626950099,-26.510499627137087
1663.0,362.1729046576495,16.434263157690292,0.06533524446924067,-26.151681633092306,367.07745730172576,16.754525600816287,0.0646288886777314,-26.67527524878593
1664.0,362.2918418894605,16.34492271260106,0.06529007168754092,-26.313913038736857,367.1922124242625,16.658735797541688,0.06458529454293045,-26.83424304172041
1665.0,362.4214456257822,16.254590249786926,0.0652452036481114,-26.47047604345789,367.31744912034594,16.562008174400372,0.0645419982868308,-26.987278873633596
1666.0,362.56116845559734,16.163252077667146,0.06520063515063451,-26.621461985073033,367.45260949791265,16.464330357473557,0.06449899423603198,-27.134480650161567
1667.0,362.71120665301027,16.07111723260091,0.06515636089832152,-26.76681284280733,367.5978791892428,16.365912710239833,0.06445627662499129,-27.27579689303553
1668.0,362.8710144447784,15.978023215104445,0.06511237550073627,-26.906395515983228,367.75270161810175,16.26659406997035,0.06441383959902981,-27.411101019613145
1669.0,363.0393039472357,15.884030262154463,0.06506867347661549,-27.04022467007416,367.9157779364554,16.166436020206955,0.06437167721733043,-27.540414189779007
1670.0,363.2162736076646,15.789272784511011,0.06502524925684267,-27.16823988210193,368.0872954658142,16.06557432825614,0.06432978345608455,-27.66368245219391
1671.0,363.4013796349362,15.693662237077872,0.06498209718735486,-27.2904542039046,368.2666991280093,15.963921815717018,0.06428815221156647,-27.78092530841961
1672.0,363.59407876971056,15.597332824328534,0.06493921153213783,-27.40680559175229,368.45343421568856,15.861614064071082,0.06424677730329169,-27.892087143395926
1673.0,363.79382821912407,15.500270087243155,0.0648965864762536,-27.517379753832433,368.6469463274424,15.758638001779268,0.06420565247720242,-27.99726007379159
1674.0,364.0008284260669,15.402533758301987,0.06485421612890313,-27.62203873007097,368.84742413765673,15.655054759431504,0.06416477140888295,-28.096312528695044
1675.0,364.21379449798553,15.3041834825032,0.06481209452649914,-27.720866590835797,369.0535708260088,15.550925390916756,0.06412412770677967,-28.18933494919123
1676.0,364.43292748054733,15.205278821915362,0.06477021563579435,-27.813872300968736,369.26557535193615,15.446310878123615,0.06408371491547257,-28.276342653270447
1677.0,364.65768578588455,15.10587926025998,0.06472857335699515,-27.90098971817924,369.4828838837752,15.341272135666744,0.06404352651892614,-28.35727583510228
1678.0,364.8882707957844,15.005895640516796,0.06468716152692422,-27.9822261587932,369.7056854029296,15.235721448631796,0.06400355594378447,-28.43214813166784
1679.0,365.1226554546276,14.9054615870721,0.06464597392220559,-28.05758811334241,369.9319402978497,15.129793894858972,0.0639637965626834,-28.500972339235688
1680.0,365.3610412125453,14.804636376367837,0.06460500426241413,-28.12700696250029,370.16183730828345,15.023550215722771,0.06392424169752389,-28.563686130186834
1681.0,365.6043722884249,14.703330658079029,0.06456424621330584,-28.19056182737142,370.39630778941074,14.916902537435517,0.06388488462281984,-28.620374904196343
1682.0,365.8498785929402,14.601677877324867,0.06452369338997503,-28.248256719107896,370.6325686360272,14.80998579337969,0.06384571856896841,-28.671048938744352
1683.0,366.0985040121872,14.499662861870934,0.0644833393600507,-28.299946255869845,370.8715505673401,14.702786311426603,0.06380673672555649,-28.715569106973824
1684.0,366.3497064961788,14.397270393862664,0.06444317764693759,-28.34578136464027,371.11269821662006,14.595290385781292,0.0637679322447058,-28.75409258040508
1685.0,366.6029436629288,14.294633781570344,0.06440320173294063,-28.38568929784165,371.3554557364234,14.487632848833776,0.0637292982442983,-28.78655284645425
1686.0,366.85767273292817,14.191737730127938,0.06436340506248955,-28.41967076881148,371.59926673417766,14.379799941999009,0.0636908278112986,-28.8129568448132
1687.0,367.11335046414257,14.088566913293528,0.06432378104528473,-28.44787423709925,371.8435742082476,14.271777887573027,0.06365251400499157,-28.83345925365276
1688.0,367.3701759226308,13.985254545213904,0.06428432305942,-28.47022449307447,372.0885633195703,14.163701460587768,0.06361434986019665,-28.847991075139273
1689.0,367.62760474875944,13.881710967673191,0.06424502445455262,-28.486719794380495,372.333675658827,14.055482576144412,0.06357632839052266,-28.856556772798825
1690.0,367.88434909420874,13.778143639370832,0.06420587855498645,-28.49743186869892,372.57760918433615,13.947330278770343,0.0635384425915354,-28.859234275193845
1691.0,368.14060606486385,13.674462872658848,0.06416687866274905,-28.502357349826447,372.8205466657578,13.839156479229567,0.0635006854439144,-28.856026412914034
1692.0,368.39657198945577,13.570727539308493,0.06412801806063569,-28.501492064574116,373.062669953464,13.7310216603567,0.06346304991657456,-28.846935206391127
1693.0,368.65021385411205,13.46692222474639,0.06408929001522345,-28.49497960348084,373.30193141373695,13.62291203135438,0.06342552896975605,-28.832110437529604
1694.0,368.903211923174,13.363180083295251,0.06405068777988486,-28.48266562381625,373.5399965501416,13.514962383089191,0.063388115558109,-28.811403953627615
1695.0,369.1527884955824,13.2594857088844,0.06401220459769956,-28.464692121924216,373.7740727603789,13.40715895885124,0.06335080263367643,-28.784963940640132
1696.0,369.4006218679265,13.15574942325764,0.06397383370437262,-28.44105173683521,374.005823299712,13.299413742604807,0.06331358314888073,-28.7527892277113
1697.0,369.6454179280759,13.052178698173694,0.06393556833112804,-28.411810605701156,374.23393887488606,13.191935881225287,0.06327645005948179,-28.714952143530315
1698.0,369.8858814403271,12.94868389205452,0.0638974017075033,-28.37688551851324,374.4571089294784,13.084637421177568,0.06323939632743758,-28.671375671970218
1699.0,370.12294449672333,12.845323955646611,0.06385932706416568,-28.336489624636855,374.67625009533873,12.97757901420102,0.06320241492378,-28.622279159543968
1700.0,370.3560522893953,12.742232153140662,0.06382133763565183,-28.290538170603508,374.8907919649764,12.870895638446376,0.06316549883141696,-28.567584054117216
1701.0,370.5846439211252,12.639244972050257,0.06378342666304421,-28.239166836077374,375.10016283768806,12.764425064248202,0.06312864104786686,-28.507432009063518
1702.0,370.8081379307311,12.536571647687552,0.06374558739667235,-28.18235535877412,375.3037900516196,12.658376046254055,0.06309183458801465,-28.441807810908035
1703.0,371.0266895038857,12.43427321479688,0.06370781309869232,-28.12030392260072,375.50184238769,12.552808707406427,0.06305507248674867,-28.370916466578688
1704.0,371.2397095637392,12.332187905761293,0.06367009704566681,-28.052989118244525,375.69374422445327,12.447560381257269,0.06301834780159254,-28.294739397641536
1705.0,371.44735039470777,12.230599706594836,0.06363243253110534,-27.98046108441324,375.87966116168366,12.342914167944839,0.06298165361529673,-28.213331582453392
1706.0,371.6482770923848,12.129346959345895,0.06359481286794517,-27.902843515340194,376.05827147006863,12.238707536575117,0.06294498303836843,-28.12682156457631
1707.0,371.84263885985933,12.028490918014688,0.0635572313909896,-27.820036534551985,376.22973738730593,12.1350008811109,0.06290832921155759,-28.035114327450863
1708.0,372.0298404600766,11.92816718590308,0.06351968145933558,-27.732236687433357,376.393476570254,12.031928957686771,0.0628716853083294,-27.938411287861967
1709.0,372.2107706795341,11.828288585917509,0.0634821564586971,-27.639416965023692,376.55039055844526,11.929403754870886,0.0628350445372306,-27.83669032063153
1710.0,372.38334527791847,11.728990865853236,0.0634446498037778,-27.54162394660507,376.6984077235799,11.82756019890168,0.06279840014430339,-27.73000290209653
1711.0,372.5484496292207,11.630187001603316,0.06340715494056368,-27.438977808541146,376.8384259105543,11.726310456843176,0.06276174541541407,-27.618474119831728
1712.0,372.70473883857113,11.531938618848235,0.0633696653485426,-27.33152376636897,376.96911255428154,11.625715358214826,0.06272507367851012,-27.502154115617863
1713.0,372.8523518804316,11.434307430179592,0.06333217454298282,-27.219306367653413,377.09061881795583,11.5258358320493,0.06268837830592947,-27.381092379164496
1714.0,372.9914258926297,11.337280955676407,0.0632946760770937,-27.102295218088084,377.2030938872601,11.426658627397131,0.06265165271659186,-27.25526347507058
1715.0,373.12135330639137,11.240921093937615,0.06325716354422857,-26.980756408860135,377.3059421006895,11.328244884281649,0.0626148903782265,-27.124938471039247
1716.0,373.24226748238016,11.145289842554432,0.06321963058000517,-26.854658258727703,377.3993085860112,11.230655854088178,0.06257808480951575,-26.990090680794903
1717.0,373.3528141724969,11.050375018528662,0.06318207086446782,-26.72404274187179,377.48185072263055,11.133878619893723,0.06254122958227688,-26.85076709276351
1718.0,373.45312282769714,10.9561645456409,0.06314447812413487,-26.589099781976504,377.5537094501308,11.037900383741125,0.06250431832352306,-26.707162664969303
1719.0,373.5440637314799,10.862720741762171,0.06310684613412938,-26.44972156202668,377.615766402653,10.942782753851516,0.062467344717607176,-26.55917463563594
1720.0,373.6235337940308,10.770031755600636,0.06306916872021828,-26.30617108687393,377.66592970411153,10.848513181266764,0.06243030250826629,-26.407071086542626
1721.0,373.69314203742647,10.678234420902008,0.06303143976087748,-26.158413642984865,377.7058194546584,10.755227813940843,0.06239318550069021,-26.25082240354788
1722.0,373.75152405105985,10.587242842570353,0.06299365318932743,-26.00656251094991,377.7340821875674,10.662840082746817,0.06235598756355449,-26.090546989858968
1723.0,373.79805613804814,10.497194101255603,0.06295580299554641,-25.850804693693565,377.75010501730566,10.57148640594612,0.06231870263102729,-25.926436994986727
1724.0,373.83434095716393,10.408002555849459,0.06291788322830498,-25.691029510889194,377.75550128333776,10.481080491561855,0.062281324704792494,-25.758386909888475
1725.0,373.8582648150803,10.319731264446148,0.06287988799716292,-25.5274971626189,377.74816784445915,10.391684758212847,0.06224384785602922,-25.58666213133876
1726.0,373.8699403195544,10.23236913721975,0.06284181147447554,-25.3601701901938,377.7282277342832,10.3032874878603,0.06220626622739759,-25.411230423442692
1727.0,373.87022068287126,10.146053790252227,0.06280364789737795,-25.189159189712253,377.696544467209,10.21602567950142,0.06216857403499466,-25.23220763186884
1728.0,373.85772835573147,10.060625847773828,0.06276539156976783,-25.014574257793672,377.6517506750456,10.129739351271835,0.06213076557030711,-25.049709130238668
1729.0,373.832569176838,9.976297496875112,0.06272703686430604,-24.836525004507543,377.5939622595529,10.04464009501623,0.06209283520217322,-24.86384983369195
1730.0,373.7948466777753,9.892983939107353,0.06268857822437136,-24.65497199948228,377.52329270048256,9.96064252774419,0.06205477737869478,-24.674595645612094
1731.0,373.7439192233713,9.810674811050621,0.0626500101660361,-24.470098202710936,377.43911019930783,9.877735712050638,0.06201658662916642,-24.48213488902816
1732.0,373.6798856575942,9.729434187301276,0.0626113272800263,-24.28193756050535,377.3415233286824,9.795983158952913,0.06197825756598104,-24.28650690314492
1733.0,373.60209960981206,9.649326299888301,0.06257252423368409,-24.09059786963796,377.2298953424519,9.715448547153873,0.06193978488653501,-24.08782490803979
1734.0,373.51065514162633,9.570266974117745,0.0625335957729189,-23.89611222413228,377.1043298264146,9.636047158730689,0.061901163375115274,-23.886127451987814
1735.0,373.40490105409214,9.492320765362164,0.06249453672413855,-23.69866187972135,376.9641850096353,9.557843015766172,0.06186238790476251,-23.6816012764335
1736.0,373.28641220559933,9.415552394764482,0.06245534199615639,-23.49835341743939,376.81104508656966,9.480900315892312,0.0618234534391057,-23.474358480075026
1737.0,373.1537896450099,9.33995246837299,0.0624160065821613,-23.29521875786323,376.6435203545855,9.40520915126285,0.06178435503425248,-23.2644365335774
1738.0,373.00711760068725,9.265511763209629,0.06237652556157408,-23.08951230949864,376.46170420749297,9.33075979445712,0.06174508784056552,-23.052095428409757
1739.0,372.8464777899224,9.192295513265776,0.062336894101937726,-22.881190998767483,376.2656874495804,9.257616984309532,0.06170564710446381,-22.837297707262955
1740.0,372.6719493990501,9.120294844917472,0.06229710746080208,-22.670434269150785,376.05555828042475,9.185771361156723,0.06166602817021802,-22.620228463602857
1741.0,372.4836090642464,9.049501062774569,0.062257160987545135,-22.45727267841558,375.8314022804535,9.115213752516928,0.0616262264816775,-22.400923939287477
1742.0,372.2807880180308,8.979979935455644,0.062217050125200346,-22.241959330973216,375.5925595622616,9.046009458693524,0.06158623758399797,-22.179642957295982
1743.0,372.0635577416221,8.911648847278121,0.062176770412249456,-22.02437562480397,375.33911042781233,8.978075404292204,0.061546057125334286,-21.956272669005152
1744.0,371.83124427802915,8.844648217893033,0.06213631748437102,-21.804699818015404,375.0703896863852,8.911551557681321,0.06150568085848364,-21.730997121080833
1745.0,371.5853995561794,8.778895803316262,0.0620956870761798,-21.583035626449373,374.7879579835532,8.846355231847289,0.061465104642518247,-21.50392585340019
1746.0,371.3238586956954,8.714458115410821,0.062054875022890026,-21.359486522379694,374.4896591107808,8.782552503699494,0.061424324444338825,-21.27516819804729
1747.0,371.0474255081015,8.651253289769432,0.06201387726196545,-21.134007182770336,374.1763055114062,8.720061081774185,0.06138333634021306,-21.044684727852456
1748.0,370.7569011437733,8.589422505041846,0.06197268983473329,-20.906923489116025,373.8487069323004,8.659021725381681,0.06134213651727553,-20.812807256498107
1749.0,370.4501127400145,8.52888428365643,0.061931308887908015,-20.678115424289988,373.50469907656975,8.599352545146377,0.06130072127493645,-20.57942173561644
1750.0,370.12934176067006,8.469631627487741,0.06188973067510212,-20.447834206490764,373.1465719476959,8.541046138491359,0.061259087026277005,-20.34478538897167
1751.0,369.79314628241974,8.411732560708018,0.06184795155825289,-20.216108187149807,372.7728932250828,8.484169906283014,0.0612172302993584,-20.108931394676752
1752.0,369.44228410976666,8.35518318810027,0.06180596800900364,-19.983114735344145,372.3844346378569,8.428718432890905,0.061175147738484495,-19.87203712207712
1753.0,369.0767609853448,8.299980356157953,0.06176377661003176,-19.74888266787344,371.9812169247688,8.37468682516721,0.06113283610541288,-19.634130209761828
1754.0,368.6958371036592,8.246121113147638,0.061721374056262254,-19.51351496481128,371.5625152670577,8.322070398342678,0.06109029228044965,-19.39531249721245
1755.0,368.2995127772991,8.193676993865612,0.06167875715607742,-19.277188785025487,371.12834495846414,8.27093896059246,0.06104751326354083,-19.15576004049773
1756.0,367.8885284346177,8.142571170302013,0.06163592283242285,-19.039858347684905,370.679461406527,8.221213963507724,0.061004496175259416,-18.915425993944663
1757.0,367.46213611389527,8.09287558673951,0.06159286812379584,-18.801774932282466,370.21513163017704,8.17296563699997,0.06096123825767904,-18.674560610316732
1758.0,367.0203279692536,8.044513826748313,0.061549590185230145,-18.562966909604448,369.735362768884,8.12611585609984,0.0609177368752401,-18.433191271929605
1759.0,366.5630934381023,7.997602818218538,0.06150608628916337,-18.323536891200675,369.2401592531365,8.080779845791248,0.060873989515502096,-18.191419640259777
1760.0,366.0911620803013,7.952073988333674,0.061462353826221554,-18.083513177805816,368.7302656464344,8.03688733578463,0.06082999378981276,-17.94927310449697
1761.0,365.6037750789099,7.907940684930619,0.06141839030589308,-17.843072625232004,368.2049381486638,7.99444998167459,0.060785747433869754,-17.706927647560775
1762.0,365.1009137527944,7.865216465312195,0.061374193357170426,-17.60224352569545,367.6641731111264,7.953479653547821,0.06074124830824876,-17.464410727544916
1763.0,364.58329956587966,7.8239002401258,0.06132976072907671,-17.361277040610073,367.1087070480119,7.913973579654888,0.06069649439881906,-17.22197271062231
1764.0,364.05016563305327,7.7839911305564335,0.06128509029109157,-17.120127231288716,366.5377881443264,7.875929203394035,0.060651483817059926,-16.979566901851943
1765.0,363.50297090799535,7.74550332543263,0.061240180033535034,-16.878896775107666,365.9528904455559,7.839359040205482,0.06060621480033337,-16.737295261443336
1766.0,362.9409431874549,7.708436368143566,0.061195028067790175,-16.63783698058045,365.35325686359374,7.804260964274396,0.06056068571200074,-16.49540841992488
1767.0,362.3640504674848,7.672782585219533,0.06114963262650551,-16.396902101334483,364.7388705344536,7.770625636894734,0.06051489504151888,-16.25385999220947
1768.0,361.77300096126675,7.638556799875136,0.0611039920636684,-16.156269335531714,364.1104548374095,7.738466219793235,0.06046884140440585,-16.012826577098682
1769.0,361.16775744854993,7.605751761961611,0.06105810485461784,-15.9159674231649,363.4679877456022,7.707773804859927,0.060422523542149165,-15.772336354656838
1770.0,360.5482801318001,7.5743678613330205,0.06101196959596184,-15.676173794775918,362.8114446832177,7.678547127289922,0.06037594032201893,-15.532566235001312
1771.0,359.91452665891853,7.544405699372498,0.06096558500537841,-15.436991735550624,362.1407985491169,7.65078513688264,0.060329090736765054,-15.293619022463073
1772.0,359.2664521475164,7.515851232079238,0.06091894992141752,-15.198376116307069,361.4560197419156,7.624472140899182,0.06028197390431434,-15.0554491466339
1773.0,358.60475204571804,7.488705483168117,0.06087206330311798,-14.960504825381738,360.757819021506,7.599607516929762,0.060234589067284974,-14.8182340943046
1774.0,357.92863365431776,7.462969686978713,0.06082492422963924,-14.723481648871308,360.04541903186174,7.576190855568008,0.060186935592512446,-14.582077289750808
1775.0,357.2395303305303,7.438637859645674,0.06077753189975734,-14.487336284757331,359.32026850538614,7.55421453134415,0.06013901297044303,-14.347008108893368
1776.0,356.53590167277247,7.41571165523093,0.0607298856313233,-14.252247207406503,358.58084244825767,7.533678558617661,0.06009082081448551,-14.113204743825055
1777.0,355.81917623208614,7.394178080015946,0.06068198486063996,-14.018170263914412,357.8285848524041,7.514568305627637,0.06004235886028281,-13.880622799170732
1778.0,355.08929453440584,7.374031776806997,0.0606338291417734,-13.78528438883588,357.0634517183264,7.496876778554035,0.05999362696491539,-13.649441006823142
1779.0,354.3454519491252,7.355267595751216,0.0605854181458015,-13.553620200242388,356.2846539242448,7.480597192087637,0.059944625106041,-13.419689821993876
1780.0,353.5890700637864,7.337880593415038,0.0605367516600243,-13.323357147152603,355.4936286014111,7.465722968260486,0.05989535338099431,-13.19154857062446
1781.0,352.8193397094899,7.321858603424968,0.06048782958710344,-13.094452105286829,354.68958216020167,7.452240306836974,0.05984581200581358,-12.96497404510744
1782.0,352.0369351724748,7.307204520422435,0.06043865194412577,-12.867159374694028,353.8732045024575,7.440150469017444,0.05979600131418853,-12.740220501864828
1783.0,351.24178572631075,7.293906585480448,0.06038921886169083,-12.641362141177712,353.04444055453126,7.429440062602269,0.059745921756431605,-12.517171122709264
1784.0,350.4345613399529,7.281945813185814,0.06033953058288589,-12.417241040601878,352.2039759763057,7.420088468820398,0.059695573898330974,-12.296006579067816
1785.0,349.6144442113284,7.2713257036869905,0.06028958746228508,-12.1949027539936,351.35100869586574,7.412097554122681,0.0596449584200265,-12.076833626983875
1786.0,348.78284298170263,7.262027671155225,0.060239389964851925,-11.974305736483675,350.4869631250884,7.405447098387843,0.05959407611478723,-11.859610835937476
1787.0,347.9396786003003,7.254040755664686,0.060188938664855925,-11.75570593058957,349.6117760256324,7.4001245065471535,0.059542927887795735,-11.64459430198704
1788.0,347.0841271995065,7.247361621589059,0.06013823424476165,-11.538988226782196,348.724639385665,7.396124806725491,0.05949151475490569,-11.431669108173107
1789.0,346.2175914755032,7.241972270865855,0.060087277494080354,-11.324409310418448,347.8269718021887,7.393428363250367,0.0594398378413555,-11.221092171264779
1790.0,345.3399865539712,7.237862326281651,0.06003606930819064,-11.111854838438703,346.91870434860346,7.39202315968248,0.05938789838044858,-11.01274941824714
1791.0,344.4504828661711,7.235029029627194,0.05998461068718524,-10.901508002423643,345.9990234528212,7.3919047967169345,0.05933569771225693,-10.806824349143056
1792.0,343.5504775302652,7.233440098022901,0.05993290273468146,-10.693403838922388,345.06934228079894,7.393039348256176,0.059283237282281874,-10.603352347080357
1793.0,342.6398802175256,7.233093148720687,0.05988094665660607,-10.487652091108682,344.12958660513414,7.395422785960695,0.059230518640089165,-10.402443539660515
1794.0,341.7178560287534,7.233963698576175,0.05982874376000558,-10.284288652727245,343.1789376840442,7.399028978472086,0.05917754343796332,-10.20413424258999
1795.0,340.7857968757855,7.236057160350071,0.05977629545181417,-10.083349862347076,342.21880364560513,7.403861687467435,0.05912431342951735,-10.008461253590571
1796.0,339.84286451272567,7.239341985332406,0.05972360323767603,-9.884872513908832,341.2483625218784,7.409887710039195,0.059070830468353694,-9.815461862575296
1797.0,338.8904475874126,7.243809087849513,0.05967066872071676,-9.6890424340705,340.2690193034302,7.417096302960695,0.05901709650667056,-9.625322428593698
1798.0,337.9277046724964,7.249434701147571,0.059617493600348015,-9.495897358328522,339.27994897360605,7.425462038331488,0.058963113593897915,-9.43808125552336
1799.0,336.95602131669915,7.256217516710149,0.05956407967102113,-9.30532694093606,338.28255356312235,7.434981942660294,0.05890888387528252,-9.253628601529261
1800.0,335.97455307564155,7.264126683305581,0.05951042882107054,-9.117592749123055,337.2760051843458,7.445623495681734,0.05885440959055695,-9.072226672795583
1801.0,334.9846799321228,7.273154089082624,0.05945654303150343,-8.932653728403306,336.26169772697693,7.457377041011663,0.05879969307255562,-8.893834135788262
1802.0,333.98628426957094,7.28328550416968,0.059402424374764014,-8.750586506538982,335.23951665068824,7.470227314882971,0.05874473674580279,-8.718523563091896
1803.0,332.97924447471854,7.294499719352366,0.05934807501360283,-8.571469670233938,334.209340775971,7.484152198247767,0.058689543125203594,-8.54636856710939
1804.0,331.9641804437027,7.306783113811327,0.059293497199851206,-8.395352624844008,333.1717905221513,7.49913715551728,0.05863411481464014,-8.377413611696538
1805.0,330.94171078727453,7.32011479561035,0.05923869327325288,-8.22227788800373,332.1274851163919,7.515160374843581,0.05857845450562489,-8.21169630515867
1806.0,329.9117100358843,7.334481455528482,0.05918366566027101,-8.05230338301815,331.0762998025767,7.5322076217509695,0.05852256497592741,-8.049269692986057
1807.0,328.87405151471046,7.349862507435794,0.059128416872917984,-7.885472733564723,330.01810872012334,7.550257379316945,0.058466449088228,-7.890172551873955
1808.0,327.8293502186076,7.366237513666372,0.05907294950756423,-7.721837556605559,328.9535277826757,7.569288273356522,0.05841010978874677,-7.734451681928843
1809.0,326.7774771819254,7.3835936103394655,0.059017266243762245,-7.561457470004208,327.8824290516049,7.5892864975609955,0.05835355010589268,-7.582161913556117
1810.0,325.71904518840427,7.401910647579853,0.05896136984306104,-7.404377814843744,326.80542644950214,7.610230953542416,0.05829677314890452,-7.433343829027546
1811.0,324.6539231409833,7.421168614740589,0.058905263147800285,-7.250637090894655,325.7223901334724,7.632100675887086,0.05823978210647181,-7.288031197178442
1812.0,323.5827217717563,7.441340208878714,0.05884894907992255,-7.100266963478033,324.6339322084437,7.654867400468717,0.05818258024537981,-7.146250979481626
1813.0,322.5053080119156,7.462420544937338,0.05879243063975388,-6.9533145551219215,323.53992110030924,7.678525274474816,0.05812517090912401,-7.008045620897786
1814.0,321.42229070192326,7.484382582382129,0.05873571090477154,-6.809820166855268,322.44096726911715,7.703046282894366,0.058067557516516266,-6.873450770348537
1815.0,320.33427779677805,7.507206835298862,0.058678793028365664,-6.6698172842887375,321.3376804171577,7.728409958473466,0.05800974356028951,-6.7424952859631535
1816.0,319.241133571493,7.530873940700013,0.05862168023857172,-6.533340011778725,320.22992669704047,7.754595949886995,0.057951732605677694,-6.615208668397496
1817.0,318.143464331902,7.555364655143536,0.05856437583679397,-6.400437934671681,319.118314424863,7.781584018229334,0.05789352828899046,-6.4916359222239555
1818.0,317.04113278566217,7.580659851315261,0.058506883196502046,-6.2711315544734765,318.00270845331755,7.809354033475582,0.05783513431616952,-6.37179299023942
1819.0,315.9347437536903,7.606733086226285,0.05844920576188342,-6.1454494355957925,316.88371588496153,7.837878542564589,0.057776554461303926,-6.255703899345142
1820.0,314.82415854187377,7.633565454427966,0.05839134704647136,-6.023420781722605,315.76120044547554,7.867137622506224,0.057717792565127615,-6.143393336043683
1821.0,313.70998065329184,7.661101014393296,0.058333310631772065,-5.905075440245898,314.6357681971344,7.897074306661644,0.05765885253352392,-6.034886650004174
1822.0,312.5928129958053,7.689410208675315,0.058275100165827015,-5.790436478067686,313.508024747337,7.927758004806982,0.05759973833596869,-5.930202428994819
1823.0,311.47177225509495,7.718407583022041,0.05821671936172608,-5.679542470517222,312.3770896222719,7.959102222159771,0.05754045400393498,-5.829374786933747
1824.0,310.34746027835223,7.748030063179876,0.058158171996125343,-5.5724177915286415,311.24356765091073,7.991042836099909,0.05748100362930546,-5.7324236532051565
1825.0,309.2212212833676,7.778288949717294,0.05809946190767701,-5.4690651885794,310.1088061740769,8.023590090916695,0.0574213913627066,-5.63934734674316
1826.0,308.09217056308654,7.809269914372725,0.05804059299545795,-5.369510355788923,308.971923748656,8.056828594085623,0.05736162141184734,-5.550167148284343
1827.0,306.9609087059477,7.840761578867274,0.0579815692173246,-5.273749938170657,307.8335243672643,8.090545895015348,0.05730169803979096,-5.464875303784077
1828.0,305.8280359716083,7.872849779228741,0.057922394588237176,-5.181796104142886,306.6942118329864,8.124826749310934,0.05724162556320337,-5.38347959610332
1829.0,304.69415233729023,7.905546144563254,0.05786307317853425,-5.093669119291933,305.55458980441966,8.159681697489534,0.05718140835055926,-5.305995917961169
1830.0,303.5583718746411,7.938788093320873,0.05780360911217025,-5.009382491488513,304.41377617093013,8.195047061194375,0.057121050820315405,-5.2324334162549615
1831.0,302.4227798073542,7.972513113046546,0.057744006564863656,-4.92893554405686,303.27386010837574,8.230859222898314,0.05706055743900466,-5.1627870644489855
1832.0,301.2864898789835,8.006733040115066,0.05768426976230388,-4.852335702047043,302.1339594447458,8.267128905595142,0.05699993271939101,-5.09705994808295
1833.0,300.15010141163623,8.041385488944066,0.05762440297815338,-4.779591064808235,300.99467771641474,8.303792601972429,0.056939181218428975,-5.035255836598868
1834.0,299.01347084994086,8.07655669870603,0.05756441053214908,-4.7106955499137095,299.85587570942766,8.340935421086515,0.05687830753532521,-4.977364326537916
1835.0,297.87719748061244,8.112110112008288,0.057504296788093615,-4.645658606889676,298.7181571761594,8.378419667008298,0.05681731630949639,-4.923390554559528
1836.0,296.7418806473784,8.148057788587133,0.0574440661517798,-4.584475503844868,297.58212604712975,8.416256252485656,0.05675621221846446,-4.873325483380189
1837.0,295.60663413127327,8.184411834474787,0.057383723068941565,-4.527157040605994,296.44690080801035,8.45445612808085,0.0566949999757836,-4.827175614236968
1838.0,294.4728003764575,8.221110114660458,0.057323272023099246,-4.473699834755838,295.31382872200044,8.492955994803896,0.05663368432886291,-4.784933272272479
1839.0,293.3394935310562,8.258164816251686,0.05726271753341755,-4.424101177479019,294.1820288670961,8.53176686724773,0.05657227005680762,-4.746591461745981
1840.0,292.2080565085403,8.29551387761971,0.05720206415248771,-4.378344175714566,293.0528491938011,8.57082550270866,0.05651076196818534,-4.71212900756927
1841.0,291.0783468640128,8.333169551549974,0.05714131646410087,-4.336420035769284,291.9261523976701,8.610142964312898,0.05644916489878708,-4.681532838320638
1842.0,289.9502225157857,8.370995550876618,0.05708047908099189,-4.298313204891572,290.8018016371015,8.649581766627776,0.05638748370935881,-4.654783127235732
1843.0,288.82502746700726,8.409152745637034,0.05701955664252476,-4.264016225960448,289.68114625116465,8.689301572793468,0.0563257232832772,-4.631868146328912
1844.0,287.70187768209206,8.447504891190253,0.05695855381242204,-4.2335223068403565,288.5633076322468,8.729164922618734,0.0562638885242679,-4.612776835194627
1845.0,286.58137531330635,8.485990041867922,0.056897475276403285,-4.206810461105307,287.4488934489007,8.769108646209293,0.05620198435403517,-4.597483941190816
1846.0,285.4641230820087,8.524694830616541,0.05683632573983907,-4.183875218587065,286.3385120234212,8.809218143587232,0.056140015709904074,-4.58597972945766
1847.0,284.3507243296954,8.563557331129747,0.05677510992540362,-4.164696908847078,285.2327723793285,8.849430246800162,0.05607798754246242,-4.5782402658696295
1848.0,283.2395545636449,8.602515620999394,0.056713832570695386,-4.14924908612889,284.13005578358246,8.889681783048655,0.05601590481316707,-4.574234841475888
1849.0,282.1327041874367,8.641582061369217,0.05665249842587911,-4.137520810743919,283.0324584738275,8.929983854315708,0.055953772491970415,-4.573948253379919
1850.0,281.02929303556493,8.680694726087342,0.056591112251307626,-4.129486931742132,281.93910618991447,8.970273266494416,0.05589159555492508,-4.577351086908136
1851.0,279.9299301695417,8.719865817892606,0.0565296788151525,-4.1251464889720335,280.8506109600433,9.010561229238624,0.05582937898179168,-4.584438227576048
1852.0,278.835236466512,8.75903265663206,0.05646820289103684,-4.1244745036753745,279.76758466549734,9.050785195223988,0.055767127753649275,-4.595180982402029
1853.0,277.74435078712514,8.798280966904796,0.05640668925572715,-4.127447893704397,278.6891542273313,9.091031296694942,0.05570484685055693,-4.609552663402535
1854.0,276.65864146114586,8.837399320227323,0.056345142686739735,-4.134036775733935,277.6166760969155,9.131088503912425,0.05564254124913036,-4.627519778890677
1855.0,275.5779921586373,8.876547682765553,0.05628356796009535,-4.144197031727701,276.5500221252619,9.171117172857565,0.05558021592025871,-4.649034599428939
1856.0,274.50303044042863,8.915588860036499,0.05622196984798752,-4.157914873618379,275.48980811193,9.210980489904545,0.05551787582673284,-4.67407972198695
1857.0,273.4328992974532,8.954608477665928,0.056160353116566405,-4.175154839201037,274.4351653431109,9.250764452549049,0.055455525920984426,-4.702616065301976
1858.0,272.36897136924864,8.993469276631114,0.05609872252367355,-4.195882071300212,273.3874548091908,9.290332164621576,0.05539317114277081,-4.734605148500316
1859.0,271.3103919760901,9.03218252705004,0.0560370828166664,-4.2200697400123035,272.34581023626765,9.329695250047129,0.05533081641694639,-4.770016512779469
1860.0,270.25927900530746,9.070759457473665,0.05597543873027656,-4.247684179677624,271.3123379721779,9.36886528210814,0.05526846665126114,-4.808812857803541
1861.0,269.21329460098974,9.109211251205254,0.05591379498447879,-4.278684882337924,270.284688676236,9.407853779734856,0.055206126734167575,-4.850950034566113
1862.0,268.17455922301707,9.14740047563836,0.05585215628241472,-4.3130319193337465,269.2649713786224,9.44652363681496,0.055143801532677006,-4.896384466373448
1863.0,267.14296616930693,9.185412496137458,0.05579052730839601,-4.350700791046324,268.25306800330446,9.484960536046792,0.05508149589029345,-4.945087997951231
1864.0,266.11841011707526,9.223258338422951,0.05572891272589432,-4.3916527063365285,267.24886191027986,9.523175811298131,0.0550192146249269,-4.997018174226432
1865.0,265.1007871577137,9.260726117989543,0.055667317175621504,-4.4358494318885775,266.25223793173404,9.5609578769998,0.05495696252689716,-5.0521330889908045
1866.0,264.0899948303425,9.297975304579625,0.055605745273665325,-4.483253284660703,265.26308240715764,9.598466492596165,0.05489474435698867,-5.11039137664763
1867.0,263.0874178240793,9.334942450648347,0.05554420160966068,-4.53382712414778,264.28276888744784,9.63563849098942,0.054832564844538384,-5.171752203746069
1868.0,262.0929566688191,9.371564038389476,0.05548269074498768,-4.587512059409214,263.3111868277689,9.672410625547197,0.05477042868554988,-5.236152975256156
1869.0,261.1057705998012,9.407850759791202,0.05542121721107739,-4.644272011069397,262.3474844544294,9.708793850142861,0.05470834054091216,-5.303553895791702
1870.0,260.1272489259232,9.443813229723457,0.05535978550773329,-4.704056561289656,261.39304013570984,9.744799032230656,0.05464630503463384,-5.3739008187801725
1871.0,259.15729688151146,9.479387699063526,0.0552984001015216,-4.76681580202018,260.4477482363277,9.780362665962526,0.054584326752147166,-5.44714009388858
1872.0,258.19507848694406,9.51458461836896,0.0552370654242046,-4.832507754733796,259.51076198090664,9.8154954358562,0.054522410238654034,-5.523225985907764
1873.0,257.24198791307225,9.549414351084494,0.05517578587123735,-4.901083504944732,258.5834648213702,9.8502079300015,0.05446055999753775,-5.602105808399453
1874.0,256.2971924941449,9.583738603289524,0.0551145658002962,-4.972494621617566,257.665013452932,9.88436206981177,0.05439878048880817,-5.683727342212223
1875.0,255.3620897598184,9.617641838007833,0.055053409529884995,-5.046678291368327,256.7567948492347,9.918042524342413,0.054337076127625415,-5.768023968770048
1876.0,254.43585044568687,9.651059854538525,0.05499232133798868,-5.123587022613473,255.8579692760432,9.951185289635879,0.05427545128287707,-5.854944373290753
1877.0,253.51913268795016,9.684076919357368,0.054931305460730585,-5.203166351116723,254.96918448907263,9.983874819642553,0.05421391027576066,-5.944430249386368
1878.0,252.61185353678567,9.716554345544976,0.054870366091134985,-5.285362258789715,254.0903472504894,10.015972605674252,0.05415245737847804,-6.036423716903575
1879.0,251.71393180877203,9.748501907290896,0.054809507377884016,-5.370121163998509,253.2213661843968,10.047488590939668,0.054091096812928056,-6.130867311258654
1880.0,250.82528810328688,9.780003553435005,0.054748733424172726,-5.4573899117290745,252.3621517961975,10.078506884123444,0.054029832749502266,-6.2277039726227565
1881.0,249.94733048800452,9.810845987052813,0.05468804828652742,-5.547115763614782,251.51410216092472,10.1088143390156,0.05396866930585428,-6.3268770349633225
1882.0,249.07924033832003,9.84118721413088,0.054627455973733474,-5.639238959478649,250.67638876533897,10.138569103237806,0.05390761054578233,-6.4283227865973815
1883.0,248.22094369115143,9.87096227275637,0.05456696044575174,-5.733700135443919,249.84892786421068,10.167706347490602,0.05384666047810848,-6.531977887313574
1884.0,247.37236842282468,9.900180364394464,0.05450656561270008,-5.830455170265545,249.0316376604642,10.196235396895492,0.0537858230556336,-6.637794213718629
1885.0,246.534187096266,9.928702000707458,0.05444627533383077,-5.929452889783953,248.22518115438203,10.22401687788581,0.053725102174094846,-6.745716562713184
1886.0,245.70707413745612,9.956610418454288,0.054386093416570726,-6.030620199605356,247.4302233217948,10.251134133185111,0.05366450167119541,-6.855667783204728
1887.0,244.8894773411955,9.98391444292908,0.05432602361555069,-6.133921501163689,246.64520262128616,10.277596085331863,0.05360402532563352,-6.967608191216257
1888.0,244.0828177265303,10.010548485472464,0.05426606963167836,-6.239276969009863,245.8715308507369,10.303337234284012,0.05354367685618412,-7.081453846239989
1889.0,243.2862897012855,10.036521108051591,0.054206235111235256,-6.34662196664052,245.1083933126384,10.328366222099504,0.05348345992081626,-7.197135966151981
1890.0,242.50057524640036,10.061840737397487,0.05414652364498193,-6.455892178712187,244.35646299885195,10.352691547181188,0.053423378115825766,-7.314586058537128
1891.0,241.72561541960687,10.086441379208116,0.05408693876728386,-6.567023599846655,243.6156720943408,10.376247278594484,0.05336343497500196,-7.433735908633991
1892.0,240.9620960338156,10.110331182925629,0.05402748395522831,-6.679937666629806,242.8866976552288,10.399041620966104,0.05330363396879391,-7.55450271050521
1893.0,240.209219159992,10.133518156073531,0.05396816262780251,-6.794578387959204,242.1687331109594,10.42108262894941,0.053243978503548464,-7.676826196592229
1894.0,239.46693163983076,10.156010162164675,0.05390897814502637,-6.910882620139847,241.46171677585735,10.442378205267175,0.05318447192071454,-7.800638912057088
1895.0,238.73592509302867,10.177814918678193,0.05384993380713062,-7.028772626934329,240.7663318548917,10.462936098829564,0.05312511749609827,-7.925858774120707
1896.0,238.01615025420364,10.198865711603604,0.05379103285372566,-7.148193209621997,240.08252077868656,10.48268961942536,0.05306591843912408,-8.052426201455276
1897.0,237.30755981460152,10.21916996056266,0.05373227846297158,-7.269089410166986,239.41022804292913,10.501646202996744,0.05300687789210216,-8.180281816733457
1898.0,236.61010842850624,10.238660649991935,0.053673673750788346,-7.391399071001736,238.74940021209153,10.519738842980304,0.05294799892954621,-8.309359005843614
1899.0,235.92375271938323,10.257419177909288,0.05361522177001572,-7.515060251429917,238.09998592251145,10.53704893923704,0.05288928455744898,-8.439591333777443
1900.0,235.2491941207868,10.275378220234431,0.053556925509608555,-7.640003787251965,237.4626787198725,10.55350916254136,0.052830737712600925,-8.570905103795285
1901.0,234.58491228753607,10.292544204905308,0.053498787893827913,-7.766175623410909,236.835949069493,10.569126113018914,0.05277236126191217,-8.70324260396188
1902.0,233.93237918321063,10.308847618966624,0.053440811781468096,-7.893507267501754,236.2212542483797,10.583831179857956,0.0527141580017763,-8.83653530319068
1903.0,233.29084500307312,10.324441265509083,0.05338299996501194,-8.0219081701188,235.6178284550747,10.597778245983273,0.052656130657368114,-8.970693488426665
1904.0,232.66104760831183,10.339106369063764,0.05332535516988101,-8.151414219883462,235.0263936363112,10.610749609485708,0.05259828188204042,-9.105753845156944
1905.0,232.04224119039807,10.352995409320714,0.05326788005360128,-8.28180145689278,234.44618814641373,10.62289881752748,0.05254061425664314,-9.241493170696621
1906.0,231.4351676153042,10.366037851875689,0.053210577205036816,-8.413106044851048,233.87793808632753,10.634156397277998,0.05248313028891148,-9.377948346219672
1907.0,230.83908508715396,10.378237281080002,0.05315344914363541,-8.54528998288075,233.32088596187847,10.644526988954839,0.05242583241286667,-9.515082048530816
1908.0,230.25399665664864,10.389597115451222,0.05309649831860984,-8.678166809556162,232.77501918663927,10.65401506142709,0.05236872298815949,-9.652708454121575
1909.0,229.68139305900917,10.400120606659447,0.053039727108223696,-8.811773007921955,232.2418129141732,10.662624911395447,0.05231180429951207,-9.790864644272007
1910.0,229.11979570627125,10.4097365550843,0.05298313781900464,-8.94607085896522,231.7197730245284,10.670286379143755,0.052255078556093536,-9.929513458665719
1911.0,228.5692136993684,10.418447875952424,0.05292673268502458,-9.080874145577503,231.2088931304501,10.677003414871354,0.052198547890956126,-10.068469199553212
1912.0,228.03040099448404,10.42633159854293,0.05287051386716753,-9.21614527401819,230.70991173782937,10.682854078093287,0.05214221436046088,-10.207694753473405
1913.0,227.5026278987556,10.433316014958036,0.052814483452441024,-9.351920977860969,230.2220837355054,10.687767686605284,0.052086079943740385,-10.347227295513008
1914.0,226.98590957548248,10.439403529981348,0.05275864345326073,-9.488015171435046,229.74540889460903,10.691747666535468,0.052030146542134954,-10.486881143113228
1915.0,226.48100604356776,10.444596376998412,0.05270299580681783,-9.624464638300754,229.2806318622132,10.694797268457233,0.05197441597870423,-10.626693444960797
1916.0,225.9871936711456,10.448822333989428,0.05264754237439873,-9.761157601213727,228.82701364927647,10.69684528357272,0.05191888999768614,-10.76655275141489
1917.0,225.50449367857297,10.45223185710624,0.052592284940813736,-9.897982276630099,228.3845601280925,10.69804317747875,0.051863570264061416,-10.906347569519134
1918.0,225.0329293004888,10.454678095793422,0.05253722521375829,-10.034975429242118,227.95327918898087,10.698245105474795,0.0518084583630412,-11.046114918084962
1919.0,224.57326861704436,10.45631116051806,0.052482364823301486,-10.171950942034027,227.53392356635413,10.697602180477267,0.05175355579967553,-11.185668898332697
1920.0,224.12405320908647,10.456983854530492,0.05242770532133733,-10.308945504910463,227.12501948897324,10.695968204962165,0.05169886399841865,-11.325046383138867
1921.0,223.6860551626244,10.45677165823311,0.05237324818109722,-10.445847184849551,226.72732367974896,10.693419655513086,0.051644384302745455,-11.46413558783832
1922.0,223.2593057220415,10.455601311589367,0.05231899479671854,-10.582618264135586,226.34085200457656,10.689884265406432,0.05159011797481584,-11.602898909131916
1923.0,222.84309528236287,10.45362223162771,0.05226494648279745,-10.719146661145745,225.96487946053736,10.685512442288545,0.05153606619511666,-11.741224346570412
1924.0,222.43894472054427,10.450760811487452,0.05221110447403135,-10.855394485220755,225.6009115034531,10.680231567391562,0.051482230062181125,-11.879074058140292
1925.0,222.04466270535,10.446943271056227,0.052157469924936174,-10.99132374110902,225.24674135438073,10.673968846337674,0.05142861059237649,-12.016410065436986
1926.0,221.66103120151797,10.442244224173743,0.05210404390949997,-11.12689631700096,224.90313550075695,10.666799876506387,0.0513752087196175,-12.153194242438081
1927.0,221.2888341174365,10.436663828391255,0.05205082742100092,-11.26192540565322,224.57086234143216,10.658725796954249,0.05132202529523702,-12.289239737372212
1928.0,220.92662878666383,10.430202068809004,0.05199782137178671,-11.396521193634223,224.248463665932,10.649747572409323,0.05126906108780707,-12.424656662710914
1929.0,220.5752029634733,10.422784474976075,0.05194502659317689,-11.530496581642751,223.9367116481352,10.639791710324914,0.05121631678307544,-12.559257816231295
1930.0,220.23460346693943,10.414484971867376,0.05189244383535707,-11.66381287397574,223.63563748888507,10.62893311200731,0.05116379298388556,-12.693004371221896
1931.0,219.9041361639076,10.405303029912195,0.05184007376735672,-11.796431200096606,223.34453139787632,10.617172222792195,0.051111490210171626,-12.825857298779267
1932.0,219.58310878577024,10.395312232601464,0.0517879169770809,-11.928312503334968,223.06268540973505,10.604583599796952,0.051059408899000895,-12.957777357222659
1933.0,219.2730594140792,10.384363143145764,0.05173597397136533,-12.05941752971845,222.79162186931433,10.591018778721091,0.051007549404632334,-13.088725081624219
1934.0,218.97255661470015,10.372529006223596,0.05168424517612928,-12.18963253343944,222.5298935658988,10.576551975734512,0.05095591199866633,-13.21858648995438
1935.0,218.68239926112335,10.359808614769475,0.05163273093655618,-12.318917832972184,222.27828355692037,10.561182954403463,0.050904496870216975,-13.347321639854988
1936.0,218.4019023362976,10.346200594338868,0.051581431517334006,-12.447233516829945,222.036090970531,10.544911310191303,0.05085330412613877,-13.474890335027196
1937.0,218.1311254135103,10.331777687537002,0.05153034710293103,-12.574465149474385,221.80335948753813,10.527810755021559,0.0508023337912849,-13.601177831744112
1938.0,217.8701297960398,10.316463904500964,0.05147947779798535,-12.700646611391592,221.5801344824031,10.509806267892824,0.050751585808877286,-13.72621767950031
1939.0,217.61823565571137,10.30033165796224,0.05142882362766391,-12.825662954811188,221.36572016340833,10.490971230073,0.050701060040841926,-13.849894577273115
1940.0,217.37550767546793,10.283304630351504,0.051378384538134925,-12.949547527609784,221.16016521707647,10.471230292335024,0.050650756268257525,-13.972241497935332
1941.0,217.14201218584387,10.265454908985191,0.05132816039707454,-13.072184829362246,220.9635199466973,10.450656510273868,0.05060067419183729,-14.09314254478183
1942.0,216.9178171354858,10.246780136795836,0.051278150994198336,-13.193459068578887,220.7758362450738,10.429248495167155,0.05055081343243722,-14.212481509207292
1943.0,216.70299206074156,10.227277797132995,0.05122835604187707,-13.313477003618884,220.59716756647427,10.407004698906515,0.05050117353164977,-14.330364712024927
1944.0,216.49612238431655,10.206945215121744,0.05117877517579703,-13.432047948754986,220.42608322775163,10.383923415486999,0.050451753952442495,-14.446601009901173
1945.0,216.2980235582758,10.185779559080595,0.05112940795563418,-13.549203749451783,220.2633825538708,10.360002782556675,0.05040255407981764,-14.561221770968636
1946.0,216.10876969104487,10.16377784199824,0.05108025386578526,-13.66482735579444,220.10912350745977,10.33524078302618,0.05035357322153079,-14.674109448554972
1947.0,215.92769351379337,10.141011206570846,0.05103131231617376,-13.7789499476221,219.96262265772563,10.309709530240209,0.05030481060889022,-14.78529470658252
1948.0,215.75487201620703,10.117402076286883,0.05098258264302077,-13.891453791824995,219.82394081870447,10.283332419198201,0.05025626539752692,-14.89465927709886
1949.0,215.58964074156023,10.093021291086076,0.05093406410974569,-14.002295084343768,219.69239734671407,10.256181262351156,0.05020793666830311,-15.002158802478395
1950.0,215.432079421348,10.067790975054448,0.05088575590782193,-14.111503941847127,219.5680557772304,10.22817915743666,0.05015982342818066,-15.107822827272503
1951.0,215.2830136468584,10.041781403969487,0.05083765715771164,-14.218960614862487,219.45172707217407,10.199397302652248,0.05011192461118036,-15.211531643214787
1952.0,215.1410486151656,10.014987351932268,0.050789766909815535,-14.324615545656512,219.34200808869687,10.169831185889688,0.05006423907936246,-15.313238242410184
1953.0,215.00627814517287,9.98747746491571,0.05074208414545132,-14.428492145151923,219.23898587588565,10.139550115974131,0.05001676562384863,-15.412969199158788
1954.0,214.87879726312224,9.959245963905555,0.05069460777784595,-14.530539146574746,219.14274868793743,10.108548978470417,0.04996950296586435,-15.510676391949092
1955.0,214.75870216538408,9.93021264687321,0.05064733665317685,-14.630630598068349,219.053385947938,10.076748237809923,0.04992244975784453,-15.606236996129947
1956.0,214.64534734603956,9.900445741307001,0.05060026955163528,-14.728862989505084,218.97024537607737,10.044216789979192,0.04987560458456934,-15.699750610765152
1957.0,214.538831229412,9.870013339280984,0.050553405188460056,-14.82518382796298,218.89341862242773,10.011023397749316,0.049828965964282795,-15.791167834141303
1958.0,214.43925329744968,9.838909116075202,0.050506742215053246,-14.919391630902362,218.82299839415847,9.977162409460176,0.04978253234990541,-15.880290256966637
1959.0,214.3459712170857,9.807126615849032,0.05046027922006293,-15.011655904046895,218.75833558229013,9.94262804486108,0.04973630213022372,-15.967290440268668
1960.0,214.25908647269887,9.77458497035651,0.0504140147304944,-15.10177429990909,218.69952489308648,9.907340113996662,0.049690273631119525,-16.051969073933765
1961.0,214.1787014935697,9.74142603522002,0.05036794721284539,-15.189841163049776,218.6466619739624,9.871441153654493,0.049644445116835016,-16.13442352198129
1962.0,214.10343394642376,9.707642974726381,0.05032207507425003,-15.27572753948381,218.5983577039815,9.834925012338154,0.04959881479125692,-16.214527831987798
1963.0,214.03487370832613,9.673154547681673,0.05027639666358206,-15.359452588301815,218.5561951641971,9.797711136302125,0.04955338079917096,-16.29230414673405
1964.0,213.97164014941055,9.638027960313591,0.05023091027261804,-15.440960725457808,218.51878691730985,9.75986742263708,0.04950814122758431,-16.367699848027804
1965.0,213.91309627115103,9.602256018200237,0.050185614137210656,-15.520195901752555,218.485489142345,9.721387371384246,0.049463094107069214,-16.44066183473494
1966.0,213.86083433980147,9.565905695751654,0.05014050643840801,-15.597175881002679,218.45788726397367,9.682338655204994,0.04941823741306155,-16.511210801011863
1967.0,213.81347600487828,9.528895288217903,0.05009558530363881,-15.671843667888089,218.4345960663556,9.642640271579124,0.04937356906722944,-16.579292664234128
1968.0,213.7703864382289,9.491365831754925,0.0500508488078372,-15.744216069995508,218.41497382705168,9.60243396306285,0.04932908693879456,-16.644927127141603
1969.0,213.73315996832804,9.453161121496958,0.0500062949746293,-15.81423512603848,218.40060794565915,9.561564235554947,0.04928478884591533,-16.70805910618263
1970.0,213.69967736463693,9.414496265704296,0.049961921777466965,-15.881916668274192,218.38937222201824,9.520246912639411,0.04924067255702596,-16.768707294079483
1971.0,213.67079131770987,9.375289136900047,0.04991772714080008,-15.947127467595564,218.38211232969095,9.478400586918088,0.04919673579221699,-16.82674130509539
1972.0,213.6466122292753,9.335531792074695,0.049873708941203215,-16.01003093033405,218.37893159896208,9.436018040411517,0.049152976224574034,-16.88232737203985
1973.0,213.62576534274297,9.295216191907095,0.04982986500855604,-16.070418542714627,218.37844813983787,9.39309196397635,0.049109391481569536,-16.935259790954994
1974.0,213.609104884184,9.254408487020669,0.049786193127177754,-16.12830413504358,218.38150897511616,9.349689243757615,0.04906597914641241,-16.98555518556466
1975.0,213.59674268840104,9.213100453761037,0.049742691036946875,-16.183775311063417,218.38821865817897,9.3058023971616,0.04902273675938204,-17.033303936920753
1976.0,213.5873053303808,9.171358064011113,0.04969935643450504,-16.23669631049603,218.3971963958312,9.261498142865044,0.048979661819240766,-17.078373046268887
1977.0,213.58090543216463,9.129098637520153,0.04965618697432934,-16.287079423303492,218.4085473462612,9.216694553336552,0.04893675178451796,-17.120777549662257
1978.0,213.57765595984864,9.086313695272656,0.04961318026992675,-16.33493641962824,218.42237690687148,9.171383908395711,0.04889400407490595,-17.160531948285616
1979.0,213.5769273558684,9.043217529378595,0.04957033389492247,-16.380204263434578,218.43804783718025,9.125781265290941,0.04885141607255054,-17.197575922510598
1980.0,213.5795760116264,8.999578654458485,0.049527645384233994,-16.42289367685862,218.45640872189296,9.07965591026907,0.04880898512341569,-17.23192289668884
1981.0,213.584230060138,8.955611212602173,0.049485112235168154,-16.46301485425398,218.4760797538686,9.033222763715107,0.04876670853856588,-17.26358575366909
1982.0,213.59174635414877,8.91123214129248,0.0494427319085874,-16.500577459945454,218.4979097024795,8.986399548252814,0.04872458359550971,-17.29257683304929
1983.0,213.6014962591492,8.866432593885008,0.049400501830015375,-16.53559062619066,218.52126169684064,8.939178209396994,0.04868260753947149,-17.31890792966212
1984.0,213.61285129171023,8.82135222609534,0.04935841939080469,-16.567988667849725,218.54549885438232,8.89169920220825,0.048640777584715446,-17.3425160087922
1985.0,213.62666875793903,8.775907781487456,0.04931648194924631,-16.59777964777546,218.57146990961556,8.843880076943606,0.04859909091579896,-17.36341177213566
1986.0,213.6415775468536,8.730090228499632,0.049274686831685434,-16.624971091911753,218.5977949979406,8.795712616238879,0.048557544688821376,-17.38160537348747
1987.0,213.6584351090996,8.684039046976581,0.049233031333713075,-16.649569988112777,218.62532262497305,8.74733712179109,0.04851613603273512,-17.397106418166945
1988.0,213.6766132504332,8.637670813699307,0.04919151272125426,-16.671582785183073,218.65341545086164,8.698671000032078,0.04847486205053841,-17.40992396267909
1989.0,213.69548377039396,8.591050622951363,0.049150128231746144,-16.69094110863865,218.68143592007343,8.649780182831638,0.04843371982054616,-17.419992231109326
1990.0,213.71590410096783,8.54409495557296,0.04910887507530914,-16.70772461070415,218.71023189149557,8.600581996681273,0.048392706397636986,-17.427393465764084
1991.0,213.73724593506725,8.496943099546892,0.049067750435835965,-16.72186383602092,218.73916525872653,8.551216583402228,0.048351818814405326,-17.43206079352941
1992.0,213.75888086510477,8.449511452064977,0.04902675147220134,-16.73336307210339,218.7675975808848,8.501601202326293,0.048311054082418425,-17.434001076982348
1993.0,213.78018035143967,8.401864940129146,0.04898587531942149,-16.7423003495211,218.7948900437547,8.45180165100313,0.04827040919340708,-17.433294915229634
1994.0,213.8027441958048,8.354068456640968,0.04894511908983729,-16.74853030830555,218.82263192642216,8.401883701387844,0.04822988112046678,-17.429799510970383
1995.0,213.82445782934388,8.306038296496215,0.04890447987426438,-16.75220418312169,218.84869788307137,8.351764536025092,0.04818946681921064,-17.423668656319762
1996.0,213.84692063097256,8.25776501019579,0.04886395474319765,-16.753249819642793,218.8746762556918,8.301435601741018,0.04814916322896103,-17.41483274983003
1997.0,213.86876038012304,8.20938769045463,0.048823540748007856,-16.75166880969296,218.8991835217929,8.251036896324353,0.04810896727392076,-17.403295932270748
1998.0,213.88934739968948,8.160896841299996,0.048783234922133385,-16.74753649262073,218.9215784329744,8.200559837688177,0.048068875864325594,-17.389136088629197
1999.0,213.91028019374,8.112208664683253,0.048743034282295525,-16.740779106407192,218.94344764894709,8.149921550536254,0.048028885897606295,-17.37228199983252
2000.0,213.9294427348172,8.063387914096573,0.04870293582972418,-16.731470923534406,218.9626630218534,8.099187720025425,0.04798899425955057,-17.352810479215087
2001.0,213.94843023143247,8.014499382795265,0.048662936551369135,-16.71953612797434,218.98081167748947,8.048423873004278,0.0479491978254376,-17.330648309209707
2002.0,213.9658559297404,7.965533779758731,0.048623033421149466,-16.705117261738792,218.99651576341236,7.9976206329407775,0.047909493461202005,-17.30594086582096
2003.0,213.98181574097623,7.91648185993919,0.04858322340116937,-16.688132499758,219.00988412771372,7.946768471251482,0.04786987802455374,-17.278609216689304
2004.0,213.9964050883592,7.867334375242083,0.04854350344297074,-16.668573777821596,219.02102484998852,7.895857865312979,0.047830348366127366,-17.24864819043635
2005.0,214.00971887381064,7.8182306446257535,0.04850387048882007,-16.646506795647994,219.03004520887865,7.845027868563603,0.04779090133065605,-17.216126380236975
2006.0,214.0211086095172,7.769012856175464,0.048464321472910486,-16.62192245318812,219.03630881524745,7.794120412571066,0.04775153375806045,-17.18103758060387
2007.0,214.0299252194281,7.719820338205554,0.048424853322687214,-16.594885421176567,219.0391784160732,7.743274578120117,0.0477122424846485,-17.143449358397206
2008.0,214.03700467568007,7.670643861319021,0.04838546296007518,-16.565311294405657,219.03950153404912,7.692480897249645,0.04767302434422153,-17.103280206534993
2009.0,214.04169662479515,7.6214742084784435,0.04834614730275215,-16.53326372974959,219.0366390977276,7.641729923293325,0.04763387616921957,-17.060596682431598
2010.0,214.04409285899905,7.572376461564666,0.04830690326547268,-16.498731599901017,219.03069391754255,7.591086517400637,0.04759479479191678,-17.015390562127152
2011.0,214.04354161238507,7.523267153914979,0.048267727761317096,-16.461703281343986,219.0210249874184,7.540467001030087,0.04755577704554519,-16.967653128632723
2012.0,214.0401331971763,7.4742114073671235,0.04822861770295142,-16.422240942549745,219.00773312719855,7.489936292941408,0.04751681976542962,-16.917449460478796
2013.0,214.03321429991567,7.425200084773069,0.04818957000395811,-16.380331981883884,218.99017528569877,7.439485061650857,0.04747791979019642,-16.864769869956667
2014.0,214.02361645283975,7.376298360011629,0.04815058158011144,-16.336037599737914,218.96919301961287,7.389178295379117,0.04743907396293266,-16.809678475567615
2015.0,214.0106846601687,7.327497153976333,0.048111649350652895,-16.289344236860547,218.9441411279764,7.339006737968413,0.04740027913235058,-16.752164640656677
2016.0,213.99376303467375,7.278861704557364,0.048072770239578046,-16.240312146903975,218.91437329751008,7.289035458788173,0.04736153215396969,-16.692291546248278
2017.0,213.97442326943084,7.230308719094077,0.048033941176928045,-16.189001118662084,218.88147058372112,7.239181005105888,0.047322829891313485,-16.6301219135629
2018.0,213.95052192449893,7.18190351132694,0.04799515910004852,-16.135396198502782,218.84329870745756,7.189508538952495,0.047284169217081805,-16.56564372671902
2019.0,213.9236287442855,7.1337114373151405,0.04795642095489194,-16.079556263496126,218.8014363826379,7.14008327294886,0.04724554701437442,-16.49891880612458
2020.0,213.89234110971177,7.085649331333837,0.047917723697264714,-16.02153974421735,218.75448977922608,7.090821906107643,0.047206960177876414,-16.430008531539393
2021.0,213.8574838510944,7.03785692626723,0.047879064294111005,-15.961256064223464,218.70329234731992,7.041864044127092,0.04716840561508382,-16.358825281809942
2022.0,213.81913787610577,6.990206585349809,0.04784043972475132,-15.898837064217378,218.64793345666925,6.99308193102947,0.04712988024750413,-16.285503859292866
2023.0,213.77589730320344,6.942815861167198,0.04780184698214322,-15.83433987485287,218.58701554196657,6.944593008055878,0.04709138101188694,-16.210104362923268
2024.0,213.72858360564484,6.895661224251354,0.04776328307412906,-15.767672640203983,218.52136825897244,6.896373642152555,0.04705290486145593,-16.132537911953904
2025.0,213.67727424074968,6.848748917917922,0.0477247450246379,-15.698891658897162,218.4510771260912,6.8484299806967135,0.047014448767109945,-16.052863787366245
2026.0,213.62055978475087,6.8021001043191776,0.0476862298749471,-15.62812710787449,218.3747406716834,6.8007830974358265,0.04697600971869588,-15.971215155924106
2027.0,213.55925807834717,6.755721153767322,0.04764773468483629,-15.555285915786373,218.2931845921767,6.753439281695178,0.04693758472618902,-15.887501943870632
2028.0,213.4934428576209,6.7096259324786365,0.047609256533849016,-15.480423188036909,218.20649039558708,6.706412326004696,0.04689917082099324,-15.80178226229414
2029.0,213.42244372568248,6.663820948534512,0.04757079252241223,-15.40359364743543,218.11399538576003,6.659708671941216,0.04686076505711436,-15.714113848118284
2030.0,213.346331795029,6.618327639560154,0.04753233977303583,-15.324851641970092,218.01577831726635,6.6133496976872825,0.046822364512424296,-15.62455407223441
2031.0,213.2659196605512,6.573160090266989,0.04749389543148116,-15.244176869189568,217.9126593808384,6.567349435452719,0.04678396628990827,-15.533085664263746
2032.0,213.1797900331736,6.528317606659387,0.04745545666785148,-15.161697234699025,217.8032288492797,6.521707145559846,0.046745567518845496,-15.439839571457027
2033.0,213.08800988948613,6.483829288655416,0.04741702067776453,-15.077391726236709,217.68756123915827,6.476451888942216,0.046707165356082846,-15.344797833199156
2034.0,212.99138761202184,6.439702034115385,0.047378584683416256,-14.991313272360156,217.56647246289353,6.4315905310508485,0.04666875698721073,-15.24801644014861
2035.0,212.8892444603128,6.395950254682636,0.04734014593468577,-14.903440183706108,217.43929131131932,6.387137457572573,0.04663033962778813,-15.149476775976492
2036.0,212.78164305295223,6.352573593130799,0.04730170171020537,-14.813899011843676,217.30608794691184,6.3430922916548145,0.046591910524542285,-15.049308476724915
2037.0,212.66790167541353,6.309579210769292,0.04726324931840076,-14.722593140182793,217.16618822238937,6.299462181188827,0.046553466956545345,-14.947418022246707
2038.0,212.5488227639032,6.2669892181037765,0.047224786098523194,-14.62972277698286,217.02040217492325,6.2562692293480655,0.046515006236387775,-14.84400872977112
2039.0,212.42372154497048,6.224803535349146,0.0471863094216658,-14.535190695889188,216.86805267564543,6.2135133549795,0.0464765257113416,-14.738986495022292
2040.0,212.2926545212456,6.1830370363977805,0.04714781669173531,-14.4391222290677,216.70920392479155,6.171209436450596,0.046438022764482376,-14.632479785960038
2041.0,212.15493378302756,6.141689837586974,0.0471093053464342,-14.341493858366002,216.54317577216895,6.129357600295973,0.046399494815821875,-14.524468234569632
2042.0,212.01135549598885,6.100777013218541,0.0470707728582033,-14.242356074546837,216.3707722131902,6.0879729366167865,0.04636093932340355,-14.415005496744948
2043.0,211.86197137974025,6.060313740925868,0.04703221673513358,-14.141759102560128,216.19205287518696,6.047070644328139,0.046322353784363765,-14.304144978229203
2044.0,211.7060886924948,6.020307875338949,0.046993634521888865,-14.039752910362624,216.00633300922624,6.006658604705046,0.04628373573600333,-14.191939844119954
2045.0,211.5444987218444,5.980767378396541,0.0469550238005541,-13.936387217779467,215.81441198741933,5.966744811576172,0.04624508275677855,-14.078443028430144
2046.0,211.37650543141052,5.941700321253531,0.0469163821915122,-13.83163722190231,215.61560195547233,5.92733737311335,0.04620639246731803,-13.963632960196914
2047.0,211.2014111187056,5.903114886132773,0.04687770735427446,-13.725700740036187,215.4092134958,5.8884445135661405,0.04616766253138112,-13.847710707147325
2048.0,211.02074490908424,5.8650342248208736,0.04683899698826079,-13.61855251765529,215.1967841260776,5.850089431640955,0.04612889065676333,-13.730654284377772
2049.0,210.8338057355461,5.8274518903044665,0.04680024883360866,-13.510241371415635,214.97762128298015,5.812265732021142,0.04609007459621691,-13.612515798091584
2050.0,210.64063366986545,5.7903838369013885,0.046761460671916576,-13.400741631182408,214.75177365659007,5.774989425382494,0.046051212148295946,-13.493272888348875
2051.0,210.44052191029496,5.753824086140321,0.046722630326976246,-13.29017569000806,214.5185429858236,5.738254471748512,0.04601230115817719,-13.373050768955428
2052.0,210.23423827676007,5.717782573155105,0.046683755665477576,-13.17851595043983,214.27870497091203,5.702070259542418,0.04597333951844269,-13.251822642059892
2053.0,210.0210608681151,5.682277016751469,0.046644834597674566,-13.065808612908835,214.03154551663567,5.66645384276682,0.045934325169805536,-13.129635019651136
2054.0,209.80100889693887,5.647302973083616,0.046605865078064496,-12.952173994456013,213.77709176267672,5.631400116975182,0.04589525610183473,-13.0066085537633
2055.0,209.57409985095137,5.612870978782292,0.04656684510597252,-12.83750940388095,213.51536924507613,5.596918962285847,0.045856130353572576,-12.882640912276017
2056.0,209.3410923255533,5.57898426721855,0.0465277727262018,-12.722009135440008,213.24714472820503,5.563012959531911,0.0458169460141957,-12.757926773237616
2057.0,209.1005146823105,5.545661054806567,0.04648864602955189,-12.605570210027725,212.97095486208883,5.52969967645023,0.04577770122352829,-12.632363566641532
2058.0,208.8538648937744,5.512897400441465,0.046449463153391504,-12.488386652418155,212.68830602549755,5.496974527005444,0.04573839417259668,-12.506145752228607
2059.0,208.59966786397857,5.4806969200263485,0.046410222282142886,-12.370429515987661,212.39773164416815,5.464840485803177,0.045699023104071125,-12.3792448447333
2060.0,208.33941811037812,5.4490782158852,0.04637092164784282,-12.251669742480976,212.10073486995003,5.433315517388987,0.045659586312770326,-12.251632274132117
2061.0,208.07163708641855,5.418037736011112,0.04633155953049237,-12.132301021794133,211.79584590008943,5.402395435382505,0.04562008214593571,-12.12350224586464
2062.0,207.79781586552207,5.387586916753441,0.04629213425859468,-12.012219816748855,211.4845646574721,5.372091045050262,0.04558050900367493,-11.994751765998837
2063.0,207.51647246567572,5.3577224702896205,0.046252644209468,-11.891619640419204,211.1654181110399,5.342398430662907,0.04554086533916389,-11.865574918898732
2064.0,207.2283517003821,5.328463527185938,0.046213087809651755,-11.770471080934774,210.8391601221757,5.313336097941084,0.04550114965892731,-11.735942892316464
2065.0,206.93419668032897,5.299799638692372,0.04617346353527356,-11.648744661321292,210.50654294145056,5.284892976235017,0.04546136052305957,-11.6058268374675
2066.0,206.63252031601033,5.27174277587831,0.04613376991234745,-11.526633699352024,210.16608870599904,5.2570804175445485,0.045421496545363226,-11.475420729060929
2067.0,206.32406233650397,5.244297616853148,0.046094005517048,-11.404034332383715,209.81854645276752,5.229902483623656,0.045381556393450775,-11.344621390257212
2068.0,206.009560793935,5.217461547325944,0.04605416897598898,-11.281139794737207,209.4646636172027,5.203355946423537,0.045341538788834526,-11.213622770112888
2069.0,205.68752356882743,5.191239517804096,0.0460142589664378,-11.157846159043329,209.10295753262147,5.177445145174241,0.04530144250693999,-11.082321684932268
2070.0,205.3594282265708,5.165644044030536,0.04597427421651978,-11.034272330129232,208.73491528052847,5.1521819867043055,0.04526126637710192,-10.95083781210162
2071.0,205.0245221843784,5.140665493959502,0.04593421350539945,-10.910462920377581,208.35979385129693,5.127556232298433,0.045221009282521415,-10.819216565338472
2072.0,204.68205122930925,5.116309229824726,0.04589407566345488,-10.786462542595707,207.97684865582596,5.103572639647052,0.04518067016021253,-10.687503387394411
2073.0,204.33348803708003,5.09257332334654,0.045853859572328896,-10.662315819376659,207.5875620379379,5.0802286779342305,0.04514024800081759,-10.555743759194497
2074.0,203.97807517641132,5.069470840981881,0.04581356416508386,-10.537993108948756,207.19118627230137,5.057536812967944,0.045099741848520974,-10.423908925411911
2075.0,203.616539299382,5.047000130664872,0.04577318842623441,-10.413613365022757,206.78845774838996,5.035494793800347,0.04505915080083591,-10.292118753989124
2076.0,203.24737698223527,5.025152250241545,0.04573273139181869,-10.289147012104891,206.3778828049596,5.014093081041644,0.045018474008430495,-10.160344611076676
2077.0,202.872054587158,5.003940680899141,0.04569219214938752,-10.164713088809332,205.9609375856008,4.993344560167947,0.04497771067486903,-10.028706503926168
2078.0,202.48980843434907,4.98335675703736,0.045651569838027886,-10.040356406628304,205.53686820472,4.973239971270572,0.044936860056390845,-9.897250239199172
2079.0,202.1013589949986,4.963414236288009,0.04561086364830184,-9.916047559180088,205.1064049346027,4.953792478953141,0.04489592146160732,-9.765947431716219
2080.0,201.70668240464195,4.944097300927508,0.04557007282218114,-9.791905781929959,204.6695337130577,4.934985673621047,0.04485489425119992,-9.63491836364498
2081.0,201.30575331715852,4.925419984490022,0.04552919665303986,-9.66790182735429,204.22623899194164,4.916832997970989,0.04481377783768147,-9.504134859102466
2082.0,200.89854492425425,4.907381601425008,0.045488234485471936,-9.544155108079758,203.77650375143443,4.899333176524416,0.04477257168499335,-9.373717426707785
2083.0,200.48502897542073,4.889974175154928,0.04544718571523528,-9.420710855454946,203.3203095150832,4.882477643560628,0.04473127530823549,-9.243712417547743
2084.0,200.06517579833664,4.873212151133194,0.045406049789086654,-9.297540128573615,202.85763636560847,4.866280256049608,0.044689888273300886,-9.114092033579704
2085.0,199.640439989727,4.8570729696492,0.04536482620463624,-9.174762673743997,202.38994863150967,4.850717866331492,0.04464841019654242,-8.984977186471196
2086.0,199.20856059137125,4.841571348888852,0.04532351451015304,-9.052349799373296,201.9149950591841,4.835804605051015,0.04460684074440262,-8.856340371850909
2087.0,198.77098946187667,4.826699857642168,0.045282114304444475,-8.930347235296482,201.43423718119251,4.82153245373863,0.04456517963313281,-8.728228528005424
2088.0,198.32843428835864,4.81245119981623,0.04524062523655655,-8.80880085801596,200.94839232483145,4.807893529196486,0.04452342662835309,-8.60068876049371
2089.0,197.87937293849373,4.798833070550796,0.04519904700564028,-8.687756699358646,200.45594796149123,4.7948949394866816,0.04448158154478808,-8.473768350191062
2090.0,197.4245104930144,4.7858384421863835,0.04515737936066245,-8.567260955041997,199.95761873688093,4.782529069771541,0.04443964424587068,-8.347514761259417
2091.0,196.96380792816208,4.773467848638443,0.045115622100188255,-8.447285709640662,199.45337515164584,4.770795866559596,0.04439761464343484,-8.221901365540559
2092.0,196.49722497344413,4.761714527975389,0.045073775072116296,-8.327951795460352,198.94318641772924,4.759687980155047,0.044355492697376896,-8.09705030088375
2093.0,196.02546296953884,4.750571850003001,0.04503183817342199,-8.209305950288217,198.4277633153281,4.749198192113204,0.044313278415347504,-7.973009628381575
2094.0,195.54847922124424,4.740040743805046,0.044989811349871546,-8.091246542034332,197.90707254533888,4.739326842651817,0.044270971852429966,-7.849679056532902
2095.0,195.0654870205701,4.730122268540083,0.04494769459573893,-7.973969277770979,197.3803367523928,4.730074401318243,0.04422857311084585,-7.727255649843571
2096.0,194.57792700999468,4.720802755845209,0.04490548795352538,-7.857447227115,196.84900588849817,4.721426609263248,0.04418608233967555,-7.605713851813662
2097.0,194.08501019551383,4.712083522298958,0.04486319151364269,-7.741683393906346,196.31230022691236,4.713384191573676,0.04414349973456579,-7.485058056267498
2098.0,193.5866893099584,4.703966011740734,0.0448208054141046,-7.626755293945232,195.7701817267105,4.705947999461369,0.044100825537462286,-7.365367184791552
2099.0,193.08365883620937,4.696429509198359,0.04477832984025078,-7.51268125218443,195.2233540576709,4.699096724060015,0.04405806003639082,-7.246660983678986
2100.0,192.57512652531685,4.689483138277001,0.0447357650243856,-7.399487265235207,194.67103412046913,4.692838893683117,0.0440152035651709,-7.12896688624088
2101.0,192.06178216534985,4.683121502795503,0.04469311124544786,-7.287207595607804,194.1139201898505,4.687168553098308,0.04397225650317591,-7.01232007070054
2102.0,191.54356131620764,4.677325324166808,0.0446503688287459,-7.175879111518905,193.55195376784744,4.682066014083689,0.04392921927517285,-6.89675619129806
2103.0,191.02039595089687,4.672105371789822,0.04460753814555889,-7.06553210434255,192.98507211268725,4.677541672381302,0.04388609235103972,-6.782303804327763
2104.0,190.4922170728968,4.66745767888134,0.044564619612824326,-6.956211993373266,192.4132114878325,4.673591185628728,0.04384287624558367,-6.6690066091306415
2105.0,189.9596975740588,4.663370969561472,0.04452161369280302,-6.847942190661997,191.83705002372423,4.670202900313289,0.04379957151834396,-6.556886313006856
2106.0,189.42202375231625,4.6598340858993925,0.04447852089271438,-6.740746392492883,191.25577923962356,4.667365278686701,0.04375617877337568,-6.44596492282056
2107.0,188.8806095094992,4.656858271620046,0.04443534176441119,-6.634670870697463,190.6708182458221,4.665089182340853,0.04371269865907938,-6.33628703649114
2108.0,188.3338965287552,4.654425172269056,0.04439207690401004,-6.529739908652376,190.0806139256948,4.663355872242117,0.043669131867991554,-6.227875279214258
2109.0,187.7840398122746,4.652531403891725,0.044348726951532406,-6.425992948964828,189.48732647826776,4.6621615772801,0.043625479136587854,-6.120767451413417
2110.0,187.2294793534518,4.651173694871081,0.044305292590521246,-6.323447457489932,188.88940109540133,4.661502635975913,0.04358174124506794,-6.014979393062364
2111.0,186.6716256744355,4.650348884427582,0.044261774547692014,-6.222143499034833,188.2882535045152,4.661375494852711,0.043537919017166464,-5.910549559728697
2112.0,186.10966000320303,4.65004649272998,0.0442181735925512,-6.122114029394674,187.6830701509584,4.66176927841809,0.04349401331993719,-5.807509314978995
2113.0,185.54424847086773,4.650263576018555,0.04417449053698186,-6.023362615573387,187.07452240070407,4.6626806441596855,0.04345002506349775,-5.70586065099306
2114.0,184.97457079370653,4.650989868289056,0.04413072623489215,-5.92593772439313,186.46179522782543,4.664098924102467,0.04340595520082749,-5.605650477585529
2115.0,184.4020344703718,4.652215207989506,0.044086881581771105,-5.8298435872347065,185.84630141718588,4.66601355138,0.04336180472747085,-5.506881487371081
2116.0,183.82581779380365,4.6539369646792474,0.04404295751427097,-5.735114488321152,185.22722458182935,4.668421486769224,0.043317574681255765,-5.409586444479248
2117.0,183.24658404840912,4.656152608949983,0.043998955009821775,-5.641770199236642,184.60523336560743,4.671319788488679,0.0432732661420312,-5.313783619504404
2118.0,182.66351019202745,4.6588448539595335,0.04395487508615596,-5.54984569678885,183.97951013053196,4.674690753611004,0.043228880231305056,-5.219506507792431
2119.0,182.0780010531516,4.662011367030257,0.04391071880085424,-5.459354025561962,183.35146515929412,4.678531629541918,0.04318441811188874,-5.126766692404433
2120.0,181.48848950790153,4.665642482759297,0.043866487250895744,-5.3703085871167575,182.71953683741867,4.682832327012965,0.043139880987529855,-5.035576133707105
2121.0,180.89712201747156,4.669736057844127,0.04382218157216761,-5.282738000687542,182.0858771957456,4.687590274791706,0.04309527010248693,-4.945962030432614
2122.0,180.3023303001992,4.674275184121356,0.04377780293894538,-5.196656393626954,181.44892358736269,4.6927881326074745,0.0430505867410609,-4.857937110452423
2123.0,179.70477403420318,4.6792653283724635,0.043733352563420605,-5.112085690154445,180.809341394911,4.6984309308466194,0.043005832227152006,-4.771521919813952
2124.0,179.10585520991387,4.684682331892206,0.04368883169511226,-5.0290481865575645,180.1685383875619,4.70449407001312,0.042961007923681085,-4.686737398183085
2125.0,178.50326114266915,4.690524406926635,0.04364424162034978,-4.9475591262497645,179.52420773781824,4.71097531706171,0.04291611523206461,-4.603597454089801
2126.0,177.89913568092362,4.696789849575555,0.04359958366163397,-4.867634131387177,178.87849923366562,4.717872518198566,0.0428711555915471,-4.522116396673651
2127.0,177.2926508791428,4.703462181012648,0.043554859177150046,-4.789296634346164,178.2305909551281,4.725168740002949,0.042826130478662315,-4.44231636722539
2128.0,176.68446403132927,4.710532430425458,0.04351006956000768,-4.712555595662519,177.58114631115762,4.7328545522721885,0.042781041406404735,-4.36420505712058
2129.0,176.07448918957584,4.717991704523346,0.043465216237688536,-4.6374203635865,176.93008556123795,4.740920597438298,0.042735889923585714,-4.28779056729482
2130.0,175.46189718796467,4.725831185365903,0.0434203006713232,-4.563922961854344,176.27658584200924,4.749357588308905,0.04269067761399732,-4.213103695857157
2131.0,174.8480870068553,4.734042128162318,0.04337532435503978,-4.492073522175222,175.62205253394606,4.75815630578314,0.04264540609563248,-4.140153370337361
2132.0,174.23222878722763,4.742623287393105,0.0433302888151858,-4.421890000089531,174.96566227774525,4.767315024894046,0.04260007701975524,-4.068956363219988
2133.0,173.6149780306181,4.751551201153558,0.04328519560964173,-4.353368463895081,174.30807717595764,4.776809799077056,0.04255469207004659,-3.9995075804597446
2134.0,172.9962471191865,4.76083218732424,0.04324004632698922,-4.286527666946166,173.6492163143959,4.786646456269935,0.04250925296158684,-3.9318246332817015
2135.0,172.37669101124823,4.770442914462968,0.043194842585765,-4.221379336320958,172.9897414586513,4.796801169738806,0.04246376143990796,-3.865918126261019
2136.0,171.75622159705347,4.780374969576924,0.04314958603358227,-4.157920746410619,172.32957141050375,4.807265025788992,0.042418219279898826,-3.8017842302355898
2137.0,171.1340077249686,4.790627427420731,0.04310427834631595,-4.096164434130112,171.66788203438014,4.818036593006572,0.0423726282847603,-3.7394343967524337
2138.0,170.5114465681102,4.801191991423406,0.0430589212272048,-4.036115915547228,171.00607762391996,4.829107063133668,0.042326990284867416,-3.678873073845724
2139.0,169.88844947610812,4.812045562945913,0.04301351640598065,-3.9777885441319145,170.34407675332886,4.840452820279249,0.042281307136643714,-3.6201125633509466
2140.0,169.26492767239023,4.823194808972322,0.04296806563790373,-3.9211886554721618,169.681797973925,4.852080008568429,0.042235580721340336,-3.563158164604441
2141.0,168.6407922817606,4.834616732880557,0.04292257070283682,-3.8663155685565416,169.01915984065909,4.863965102876336,0.04218981294384304,-3.508008174632101
2142.0,168.0166971933323,4.846310670451536,0.04287703340426302,-3.8131690152710807,168.3568237736852,4.87610690480528,0.04214400573141863,-3.4546613164795774
2143.0,167.39181058368038,4.858253717311045,0.04283145556833478,-3.7617639981081386,167.6939655798609,4.888481970099562,0.042098161032491394,-3.4031315956866286
2144.0,166.7675291204957,4.87045272491248,0.04278583904279984,-3.7120958777879274,167.03198965447675,4.901096604606007,0.0420522808152987,-3.3534133866122664
2145.0,166.143020981248,4.882884871254729,0.04274018569601461,-3.6641767728988976,166.37007199774106,4.913927434974395,0.042006367066628254,-3.305517830723261
2146.0,165.51819722235925,4.895534800143822,0.04269449741590989,-3.618008818414228,165.70813158154166,4.9269585479063425,0.04196042179051986,-3.259446093710312
2147.0,164.89371180851347,4.908409475395915,0.04264877610885895,-3.5735923373046057,165.04683037613316,4.940196344350049,0.04191444700687199,-3.215197535659666
2148.0,164.269475972125,4.92148617988132,0.04260302369871729,-3.530925097977221,164.3860877067931,4.9536175385405325,0.04186844475022653,-3.172768967018008
2149.0,163.6461439130844,4.934757083116979,0.04255724212565942,-3.4900060285675942,163.72656595059257,4.967213725592497,0.041822417068361664,-3.1321583613857795
2150.0,163.02288432352466,4.9482143820533215,0.04251143334511647,-3.4508352168955287,163.06744205804688,4.980976522291677,0.04177636602099946,-3.093364853958902
2151.0,162.40035243765206,4.961842880611496,0.04246559932666148,-3.413413185321012,162.40937795784762,4.994890274003264,0.0417302936784724,-3.056387938747956
2152.0,161.7784635960328,4.975634875075036,0.04241974205295348,-3.377743172571765,161.752289192226,5.008947322164153,0.04168420212046294,-3.021229520539856
2153.0,161.15787690636228,4.989575263668601,0.042373863518584125,-3.3438288509871854,161.09683349995032,5.0231327317883645,0.04163809343466748,-2.9878918589828247
2154.0,160.53776608866093,5.003656390344232,0.042327965729015066,-3.3116683652106196,160.44218329997798,5.037439007908809,0.04159196971556433,-2.9563716819092862
2155.0,159.91953368039938,5.017878042272969,0.042282050699443616,-3.2812573769049824,159.78973989316043,5.051866093090204,0.04154583306313268,-2.926663228596856
2156.0,159.30161122123135,5.0322103055902,0.04223612045374789,-3.252592109284113,159.1379336435734,5.0663842231982175,0.04149968558167184,-2.8987612928848967
2157.0,158.6854019629633,5.0466604180509185,0.04219017702336201,-3.2256697172501414,158.48816668513015,5.08100078008082,0.04145352937857174,-2.872661591945881
2158.0,158.07082388899306,5.061213339738286,0.0421442224462504,-3.2004873945201737,157.84035593773203,5.095700862304862,0.041407366563205775,-2.8483598721036465
2159.0,157.4570525786949,5.075861463984173,0.04209825876579895,-3.177043114795592,157.193675968462,5.1104769961062955,0.041361199245764375,-2.8258526487602644
2160.0,156.8454925766085,5.0905823298479325,0.04205228802978631,-3.155333327110766,156.54953035769935,5.12530684789993,0.04131502953619232,-2.8051349005760993
2161.0,156.2353204110591,5.105375761408441,0.04200631228936444,-3.135352879487273,155.90709471480733,5.1401903636034705,0.04126885954315882,-2.786199992036808
2162.0,155.62719879769196,5.120234151916208,0.04196033359802502,-3.117092788164776,155.26703087889769,5.1551200528223164,0.04122269137303994,-2.769037441685091
2163.0,155.0210481624013,5.135142461359883,0.04191435401060734,-3.100548183468604,154.62925843917128,5.170080986449144,0.04117652712896477,-2.7536408670835657
2164.0,154.4167895039117,5.1500856423973485,0.041868375582359646,-3.0857116216226523,153.9936975951126,5.185058222628132,0.041130368909938216,-2.7400012958228355
2165.0,153.8143444208467,5.165056066302252,0.04182240036794196,-3.0725775388825145,153.36026918138816,5.2000442327344185,0.0410842188099326,-2.7281116189543866
2166.0,153.21437797329503,5.180046092226156,0.04177643042057222,-3.0611407627828786,152.72963752747404,5.215031470668679,0.04103807891713888,-2.7179651016463438
2167.0,152.6168130387374,5.19504063647795,0.04173046779105709,-3.0513927946746455,152.10172481188914,5.230004942168172,0.04099195131312995,-2.7095516652404927
2168.0,152.02157317244956,5.21003945522202,0.041684514526978085,-3.0433188348928537,151.47645392115936,5.244964487535547,0.04094583807219702,-2.702854912053939
2169.0,151.4285826322488,5.225020000393164,0.0416385726718429,-3.036900007566815,150.8537484733886,5.259887637583118,0.04089974126067015,-2.6978543499379826
2170.0,150.83850923760434,5.239989415833858,0.04159264426427888,-3.0321192994046524,150.23427567646428,5.274781609798032,0.04085366293629943,-2.6945313309266994
2171.0,150.25053588796,5.25492510819782,0.04154673133724912,-3.0289600699292354,149.61721784574843,5.289623879272084,0.04080760514767557,-2.6928675614516293
2172.0,149.66607476054523,5.269834171478217,0.04150083591729303,-3.0274038186841206,149.00398660153255,5.304421603254375,0.040761569933687805,-2.6928428696394544
2173.0,149.08431032217896,5.284693957953079,0.04145496002384072,-3.0274361234335965,148.39376588076124,5.319152192119213,0.040715559323069694,-2.694441143714257
2174.0,148.5059135255992,5.299504074406262,0.04140910566850583,-3.029039207145391,147.78722613355228,5.333815305607549,0.04066957533393361,-2.697642899289316
2175.0,147.9308133248289,5.314249238167686,0.041363274854427264,-3.032198618656988,147.18429583902105,5.348395708885551,0.04062361997336121,-2.7024319604449447
2176.0,147.35893952986916,5.328921559978275,0.041317469575636714,-3.036898027805187,146.5849043606901,5.362885555425766,0.04057769523702877,-2.7087902553665857
2177.0,146.79022282558577,5.343520541827311,0.04127169181650732,-3.043122934405707,145.98898196634312,5.377284384858509,0.04053180310891339,-2.7167015259237273
2178.0,146.224594789812,5.3580233614124815,0.04122594355108515,-3.050858434388675,145.3964598473316,5.391569407443862,0.04048594556089104,-2.7261490944883926
2179.0,145.66273074569304,5.37242944012623,0.041180226742642496,-3.060090699952738,144.80801297234734,5.40574007206791,0.04044012455254752,-2.7371173448480723
2180.0,145.10456410817437,5.386723299213814,0.04113454334311937,-3.0708047453946423,144.2235744355463,5.419780922408736,0.04039434203088166,-2.749589488861381
2181.0,144.5492863997665,5.4008968427580575,0.041088895292599056,-3.082986129823023,143.6423354741391,5.433683879927309,0.04034859993003414,-2.763549270055975
2182.0,143.9983186056466,5.41494192728804,0.04104328451888896,-3.0966133743015,143.06571682548832,5.447440813480672,0.04030290017111636,-2.778973381703952
2183.0,143.45085417775945,5.428857788113758,0.04099771293701623,-3.11166419559832,142.49291173335496,5.46105096565966,0.04025724466194197,-2.7958377015417626
2184.0,142.9075732234593,5.442628752285381,0.040952182448831136,-3.12811639140822,141.92460013881222,5.474498665750037,0.040211635296860025,-2.814118177989543
2185.0,142.36767117821128,5.4562465216800895,0.040906694942549456,-3.1459485769004663,141.35997735532175,5.4877756128202755,0.0401660739565075,-2.8337915677128045
2186.0,141.8318301577993,5.469710171064414,0.04086125229240104,-3.1651380983962034,140.7997254233949,5.500880873784238,0.04012056250765695,-2.8548333503182866
2187.0,141.30073329971364,5.483003861132604,0.04081585635816666,-3.1856648896375943,140.244527454486,5.513798596439584,0.040075102802935046,-2.8772215856351546
2188.0,140.77283626886975,5.496126550023616,0.040770508984859205,-3.20750819676174,139.69283913924238,5.526527720984865,0.04002969668066493,-2.90093363968294
2189.0,140.24956711296028,5.509062278063568,0.040725212002314826,-3.2306453088594305,139.14608860538746,5.539052264762522,0.03998434596460036,-2.9259449161949926
2190.0,139.73086926189532,5.5218173076881,0.040679967224838326,-3.255054522632914,138.60421941966328,5.551378462182638,0.03993905246369247,-2.952231822200372
2191.0,139.21594437186104,5.534360694839638,0.04063477645079995,-3.280716621332138,138.06643343433632,5.5634753361228375,0.03989381797178432,-2.9797732478326093
2192.0,138.7054808389028,5.546705999047823,0.04058964146232439,-3.3076081824631096,137.53341930314548,5.575356408013064,0.039848644267376734,-3.0085438748484705
2193.0,138.19942530186592,5.558829569833488,0.0405445640248512,-3.335709742162745,137.005123986498,5.586997984246,0.03980353311323936,-3.038522341740864
2194.0,137.69698264995012,5.570729971796581,0.04049954588685431,-3.365001331352452,136.4807527611443,5.598398581274041,0.03975848625615604,-3.069686780548572
2195.0,137.19958736993664,5.582398269531097,0.04045458877937893,-3.395460240379105,135.96174056936388,5.6095492105363,0.0397135054264673,-3.1020125820625375
2196.0,136.70718937779378,5.593825454321443,0.040409694415717824,-3.427058783645605,135.44803785234515,5.620440805170508,0.039668592337721055,-3.1354701609225963
2197.0,136.2189968600684,5.605009870869741,0.04036486449096823,-3.4597709782584976,134.93885339314227,5.631071646759833,0.03962374868618364,-3.1700316346248107
2198.0,135.73496194996832,5.615942359003653,0.04032010068168094,-3.4935599089682694,134.43413999409293,5.641432507064548,0.039578976150419096,-3.205658188708429
2199.0,135.25578073309072,5.626621108817295,0.040275404645379626,-3.5284089203851785,133.9345944836313,5.6515215031916135,0.03953427639071125,-3.242331269099804
2200.0,134.78140758282385,5.637036802443528,0.0402307780201931,-3.5642829827175047,133.44017205250495,5.661329239400858,0.039489651048580855,-3.28001394785558
2201.0,134.311800205985,5.6471873219889135,0.04018622242439415,-3.6011624356175247,132.9508303973444,5.670853605923358,0.03944510174618291,-3.318684984874205
2202.0,133.84692626402995,5.657062449558317,0.0401417394559016,-3.63900680890554,132.4665336343055,5.680084751563334,0.03940063008565165,-3.358303602331022
2203.0,133.38675676158985,5.66665916434436,0.04009733069184815,-3.677805844978024,131.98724839531843,5.689020108307585,0.03935623764848776,-3.3988595527437604
2204.0,132.93200668067135,5.675966931807905,0.04005299768805439,-3.717527170523759,131.51368536447916,5.69764958972047,0.03931192599483636,-3.4403204721902925
2205.0,132.48190648000008,5.684982559023728,0.040008741978555834,-3.758146003215753,131.04507077665443,5.705970446354903,0.03926769666280284,-3.48266158636024
2206.0,132.0364306043595,5.693702765011968,0.039964565075069035,-3.7996525733854134,130.58137492574673,5.713979836156334,0.039223551167691696,-3.525873131462137
2207.0,131.59629748871282,5.702109322756614,0.03992046846644008,-3.8420149756291218,130.12331216740145,5.721659966561064,0.039179491001218474,-3.569923204939684
2208.0,131.1607410571139,5.710198771363433,0.0398764536180799,-3.8852088756010303,129.6701124161648,5.729007806741542,0.039135517630697794,-3.614787471255741
2209.0,130.73048206666385,5.717967558155084,0.039832521971417685,-3.9292100750878,129.22249248734897,5.736020229796453,0.03909163249824212,-3.6604417258455713
2210.0,130.30549960616307,5.725412037506169,0.039788674943313035,-3.9739945054654826,128.78042759326075,5.742694011688457,0.03904783701991277,-3.70686188734654
2211.0,129.88503109970964,5.73252846971851,0.03974491392544541,-4.019530792836304,128.3431513440508,5.7490258302298125,0.039004132584850346,-3.7540165614100345
2212.0,129.4698008152368,5.739313019937253,0.03970124028370588,-4.065795108243587,127.91138425318688,5.755012264116529,0.03896052055440097,-3.801881889502957
2213.0,129.05979136275826,5.745746900408083,0.03965765535762288,-4.1127488761600635,127.48510523233196,5.760634935311203,0.03891700226128317,-3.8504192559039696
2214.0,128.65498653255975,5.751848367929095,0.03961416045965847,-4.1603759097990185,127.06429442588004,5.76591250662793,0.038873579008627514,-3.8996124214548744
2215.0,128.2546284631732,5.75759843939124,0.03957075687468648,-4.208645262940078,126.64819037500348,5.770826397413079,0.038830252069208086,-3.9494303737705247
2216.0,127.86018898429116,5.762992889316874,0.03952744585926533,-4.257518651868849,126.23826135638843,5.775372781231148,0.0387870226844752,-3.999834747518925
2217.0,127.47091260922764,5.768034820640451,0.039484228641078624,-4.306980162375353,125.83374837028605,5.779555156799492,0.03874389206376974,-4.050809529729355
2218.0,127.08678787740276,5.772719807183959,0.03944110641824864,-4.356991673252785,125.43463647837912,5.783369490624192,0.03870086138342256,-4.102316481583534
2219.0,126.7070616864275,5.77704332122854,0.03939808035874929,-4.4075299916466495,125.04016913106646,5.786811644738051,0.03865793178597288,-4.1543322720537
2220.0,126.33321063406169,5.781008161132095,0.03935515159980429,-4.45857198994445,124.65181950446376,5.789884804490173,0.03861510437938554,-4.206833613091932
2221.0,125.96448400961684,5.784602165592485,0.03931232124724102,-4.510087171002503,124.26883348672015,5.7925771929861645,0.03857238023624852,-4.259789823181497
2222.0,125.6008751352751,5.787827926409355,0.03926959037491927,-4.562037661704489,123.891201014151,5.79489178403155,0.03852976039306376,-4.313162819259181
2223.0,125.24312136694176,5.790687931191828,0.03922696002417647,-4.61440791989702,123.51965606683387,5.7968314450250205,0.038487245849579535,-4.366936822068034
2224.0,124.88973275460091,5.793169706113991,0.03918443120321377,-4.66716015779366,123.152705323668,5.798384079902896,0.03844483756808871,-4.42107377804602
2225.0,124.54219188751551,5.7952681004695235,0.0391420048866233,-4.72027890554778,122.79182800226852,5.799544913885495,0.03840253647289025,-4.475557921464524
2226.0,124.19901121358897,5.796992714574136,0.0390996820148864,-4.773726434583633,122.4355331730454,5.800323921573468,0.038360343449754926,-4.530351196419336
2227.0,123.86167571863126,5.79832332926481,0.03905746349381826,-4.827479892736888,122.08530243323926,5.800701256642359,0.03831825934535876,-4.585430390737944
2228.0,123.52944307972028,5.799269332350948,0.039015350194175735,-4.881516440896397,121.74039005513728,5.800686678489913,0.03827628496690983,-4.640772271506804
2229.0,123.2015721682533,5.799825148210761,0.03897334295123987,-4.935798389595449,121.40005148409328,5.8002749820286414,0.03823442108177954,-4.696338720677936
2230.0,122.879551552406,5.799985094238355,0.03893144256439249,-4.990302905650932,121.06577183609974,5.799460854328505,0.03819266841715257,-4.7521064408634635
2231.0,122.5626424837446,5.799750808989064,0.038889649796824,-5.044999720295122,120.73680887968598,5.798246302956505,0.03815102765983821,-4.8080446627719455
2232.0,122.25085023343902,5.7991238236728995,0.038847965375184514,-5.099865979001377,120.41316436761733,5.796633227662346,0.03810949945605223,-4.864129994495892
2233.0,121.9434384176492,5.798098133696238,0.03880638998934107,-5.154871377850473,120.09409835799416,5.79461599210965,0.0380680844113314,-4.920331557504005
2234.0,121.64190033236189,5.796689912002912,0.038764924292136495,-5.2099855848893295,119.78110054505213,5.79221113740314,0.03802678309047421,-4.976618407795529
2235.0,121.34475910223004,5.794885510610286,0.038723568899237566,-5.265178233081593,119.47269040423842,5.789405383806778,0.03798559601759577,-5.032959528820466
2236.0,121.0535103540472,5.792700887446603,0.03868232438896256,-5.32041891320175,119.17035986221705,5.786215057758474,0.0379445236761881,-5.0893238245202115
2237.0,120.76667952906443,5.790122179631312,0.03864119130223189,-5.3756920233756285,118.8726306060293,5.78262666532249,0.037903566509320794,-5.1456949691929275
2238.0,120.48502171991257,5.787165130406001,0.03860017014250704,-5.430959620118082,118.58025391718812,5.778656319286608,0.03786272491985103,-5.202034259034453
2239.0,120.20780748644528,5.78380823415717,0.03855926137580273,-5.486198552825854,118.29249648503529,5.774282884344729,0.03782199927072747,-5.258317747311388
2240.0,119.93653702104596,5.780074448489522,0.038518465430705265,-5.541393028126808,118.01085456991608,5.769529689323154,0.037781389885312495,-5.314528809564452
2241.0,119.66899745782128,5.775942054288344,0.038477782698524254,-5.596504889141577,117.73311131060204,5.7643753873886325,0.0377408970478527,-5.370628423893927
2242.0,119.40669121145687,5.771418939531733,0.03843721353339631,-5.65151817821752,117.4607650617432,5.7588282399986035,0.037700521003912746,-5.426599734881066
2243.0,119.14963611986477,5.766512886242859,0.03839675825248516,-5.706394559436692,117.19382953548224,5.752896403983454,0.03766026196091336,-5.482403477440049
2244.0,118.89710826625584,5.761209285835336,0.03835641713619908,-5.761125309662115,116.93157662286391,5.746565647013611,0.03762012008869342,-5.53802996935603
2245.0,118.64912763547412,5.755508281302683,0.03831619042849712,-5.815671884324277,116.6740220498732,5.739836489902263,0.03758009552016386,-5.593439678701245
2246.0,118.40571526450816,5.7494247676979215,0.03827607833715044,-5.870025336814839,116.42118252801252,5.732724207189586,0.03754018835191732,-5.6486226449850125
2247.0,118.16689322729896,5.742958679252623,0.038236081034135,-5.924146884289855,116.1730757395282,5.725229114357725,0.037500398644967965,-5.703539046827504
2248.0,117.93268461884163,5.736102418286955,0.038196198656016006,-5.978012470400627,115.92972032227284,5.71734399682808,0.03746072642547647,-5.758163766661961
2249.0,117.70311353860674,5.728863140859128,0.038156431304347246,-6.031612757958343,115.6911358542149,5.709076395689323,0.03742117168548362,-5.812486385457141
2250.0,117.47820507330997,5.721240472351352,0.0381167790461356,-6.0849085515442445,115.45734283760873,5.700426323353399,0.037381734383700405,-5.8664666074563465
2251.0,117.25798701302745,5.713241211751163,0.038077241914325086,-6.137882557423245,115.22836495589544,5.691400943733004,0.03734241444630389,-5.920086334154205
2252.0,117.04175219963008,5.704856588031773,0.03803781990829287,-6.190508969058489,115.00349304138106,5.681991756178827,0.03730321176772832,-5.973320187671064
2253.0,116.8295389759576,5.696092433577992,0.037998512994384816,-6.242761582313578,114.78276390934344,5.672204841448023,0.037264126211483055,-6.026142692561692
2254.0,116.62212943236295,5.686954481359214,0.03795932110646693,-6.294628876483893,114.56695806791905,5.6620461830812125,0.03722515761096158,-6.0785430472152635
2255.0,116.41807804665528,5.677426080692963,0.03792024414648858,-6.346076865676418,114.3546283606772,5.6514993831974865,0.03718630577024516,-6.13048797746921
2256.0,116.21891150889304,5.66752019654396,0.03788128198502935,-6.397093662163838,114.14729979421284,5.640577661818484,0.03714757046486461,-6.181966302166058
2257.0,116.02392885544808,5.657234840302125,0.03784243446194816,-6.44764489966974,113.94426967514744,5.629279287665464,0.03710895144264033,-6.232944358592287
2258.0,115.83317278800988,5.646567927394179,0.037803701386913295,-6.497718297002891,113.74557893217762,5.617602435784612,0.03707044842437509,-6.283410568200124
2259.0,115.64594398215172,5.635524706575615,0.03776508254004077,-6.547286509996753,113.55052642776108,5.605552616848025,0.037032061104629706,-6.3333382905513895
2260.0,115.46302957077953,5.624110332552251,0.0377265776724641,-6.596329410420392,113.35989744472855,5.593135249780216,0.036993789152400126,-6.382708104133216
2261.0,115.28447461723496,5.61232243863111,0.03768818650691332,-6.644826651668598,113.17373516256072,5.580348234410584,0.03695563221177538,-6.431500373837913
2262.0,115.10958209332368,5.600180851151133,0.037649908738361194,-6.692765091342996,112.99134063856891,5.567211665903118,0.03691758990262992,-6.479702675203937
2263.0,114.93765569226356,5.587690448789822,0.03761174403453102,-6.740116500632197,112.81201562394175,5.553730694060121,0.03687966182115117,-6.527287505312112
2264.0,114.77022831162292,5.574841163648503,0.03757369203648546,-6.786859844002298,112.63729104969624,5.539895524403458,0.0368418475404159,-6.574234563835981
2265.0,114.6066050210154,5.561652552465993,0.03753575235917572,-6.832973845703262,112.4664699972692,5.525725989383818,0.03680414661089706,-6.620523320740065
2266.0,114.44683438006847,5.548114370955173,0.037497924591968046,-6.878481554950908,112.29959901923559,5.511212122713329,0.03676655856091817,-6.666177582475856
2267.0,114.29022274630444,5.534246001769415,0.03746020829916077,-6.9232720608314,112.13598244976428,5.4963735873291775,0.03672908289706992,-6.711087207713718
2268.0,114.13681992322039,5.520037028890477,0.037422603020478784,-6.967397621856855,111.97566805507108,5.481200249780608,0.03669171910457735,-6.755305237532168
2269.0,113.98741913845218,5.505499237295165,0.03738510827152552,-7.01079881279085,111.81944701372778,5.46570417989735,0.03665446664759602,-6.7987730426778255
2270.0,113.84132851702807,5.490636900793856,0.03734772354424681,-7.053564512933974,111.66662539181011,5.449889938633247,0.036617324969497496,-6.841580312082312
2271.0,113.69859956496668,5.4754393549441005,0.03731044830730723,-7.095560484882005,111.51725262811811,5.433747150988985,0.036580293493043314,-6.883593631646689
2272.0,113.55928431299334,5.459918140089606,0.03727328200652734,-7.1368007885537805,111.37137867922412,5.417287649064848,0.03654337162059659,-6.924827898089961
2273.0,113.42343529552332,5.44408471762089,0.03723622406524856,-7.177299210945567,111.22905399948004,5.400523188340387,0.03650655873424423,-6.965297748320164
2274.0,113.29036269487943,5.427928186259405,0.03719927388461221,-7.216994979630489,111.08958668593874,5.38344316398332,0.036469854195817344,-7.0049432723496095
2275.0,113.16011999085968,5.4114747102173695,0.03716243084394019,-7.255901327005173,110.95302812829377,5.366074039040424,0.036433257346993854,-7.043778576761641
2276.0,113.03350394054112,5.394720665426389,0.03712569430096822,-7.294031204264794,110.8201729887156,5.348412490703832,0.03639676750924766,-7.081817497716793
2277.0,112.9090832182782,5.377662354341898,0.0370890635921244,-7.331322995608963,110.68958784153855,5.33045512516025,0.036360383983829535,-7.118999314009417
2278.0,112.78765540624876,5.3603257207700645,0.0370525380327841,-7.367789083180102,110.56206816314877,5.3122281924699,0.03632410605171964,-7.155337310686472
2279.0,112.6692756350496,5.342699496163768,0.037016116917436635,-7.403441561711945,110.43766697157666,5.293720732922092,0.03628793297348817,-7.190844492218104
2280.0,112.553999399712,5.324794627894814,0.03697979951989012,-7.4382179533881025,110.31643764116916,5.274944005374704,0.03625186398919142,-7.225459295733043
2281.0,112.44113970595724,5.306607138994765,0.03694358509344746,-7.472055489906444,110.19769104716814,5.25589434707,0.03621589831824248,-7.259119871329536
2282.0,112.33075272180612,5.288155271419956,0.03690747287104137,-7.505039678237283,110.08148121532024,5.236590316982364,0.03618003515924807,-7.2919126459656125
2283.0,112.22215208935508,5.26943491748516,0.03687146206538984,-7.537181449050003,109.96711963134332,5.217028127342302,0.03614427368986676,-7.323849469920787
2284.0,112.1168802469527,5.250449334821056,0.03683555186907025,-7.568342872314186,109.8561465605004,5.197211358691675,0.03610861306660373,-7.354793330353221
2285.0,112.01350856633334,5.231201719601329,0.036799741454666815,-7.598608574074125,109.74713118185508,5.1771435332158,0.03607305242468713,-7.384829765970721
2286.0,111.91283718031033,5.211702636491078,0.03676402997484372,-7.627914318344099,109.64087141283485,5.156835544803669,0.03603759087788805,-7.413895446782643
2287.0,111.81418079035709,5.191962591915097,0.0367284165624796,-7.656344140659794,109.53667971345176,5.136298232434527,0.03600222751841901,-7.442075305488664
2288.0,111.71759715454844,5.171969750645883,0.03669290033069846,-7.683758930227968,109.43461157068133,5.115520096890124,0.03596696141675101,-7.469231117467434
2289.0,111.62314423553684,5.151756792614356,0.03665748037300556,-7.710242130711502,109.33472264270029,5.094534157695101,0.0359317916215551,-7.495447199423408
2290.0,111.53088018365835,5.131311774384788,0.03662215576337128,-7.735728322582083,109.23706873811042,5.0733288147263735,0.03589671715961967,-7.520658989645283
2291.0,111.4401204850897,5.1106524143542575,0.036586925556319885,-7.760300357077485,109.14096296009856,5.051922133551148,0.03586173703579695,-7.544950179934107
2292.0,111.35166645015028,5.08978152436665,0.03655178878704667,-7.783892222208486,109.04720419066219,5.030317277182848,0.03582685023300815,-7.568255579666851
2293.0,111.26483385644384,5.068716724847192,0.03651674447157526,-7.806437609837992,108.95510572962704,5.008532221360158,0.035792055712313316,-7.590509681038352
2294.0,111.17968143715868,5.047453304802382,0.03648179160684795,-7.82809276630809,108.8647237788115,4.986562614693184,0.03575735241294992,-7.611869507976911
2295.0,111.09626802922112,5.025993936989023,0.03644692917091701,-7.848642224573448,108.77611458606712,4.964411493979573,0.03572273925249993,-7.632120346710765
2296.0,111.01390972137207,5.004356108048883,0.03641215612312664,-7.868241639403021,108.68859158930027,4.942096714486222,0.03568821512707834,-7.651418579565054
2297.0,110.93340834223824,4.982534978557543,0.03637747140430032,-7.886823519549846,108.6029539005821,4.919613810144146,0.03565377891156327,-7.669697415905813
2298.0,110.85408010309511,4.960540526590635,0.0363428739369833,-7.904468645457338,108.5185149450784,4.896973137258828,0.035619429459907634,-7.687038308814394
2299.0,110.77672692067117,4.93837526450227,0.03630836262572749,-7.921034651936208,108.43607378018233,4.874177591429808,0.03558516560552672,-7.703299536940372
2300.0,110.6999222245438,4.916049097468092,0.0362739363573526,-7.936527445854749,108.35420089943563,4.851237466231055,0.035550986161693644,-7.718487621587673
2301.0,110.62446808156893,4.893557011102424,0.03623959400126268,-7.951100744920643,108.27369626371483,4.828148047542076,0.03551688992201963,-7.732756886685388
2302.0,110.55042423376172,4.8709235558647945,0.03620533440988524,-7.964534709166234,108.19462106614004,4.804933817825688,0.03548287566108341,-7.745888154826659
2303.0,110.47636484923557,4.848136081346551,0.03617115641896484,-7.977054443719745,108.11555175029007,4.781581970790046,0.035448942134946364,-7.758107185461472
2304.0,110.40457821701315,4.825211622497081,0.036137058848082895,-7.98843905823339,108.03877879261442,4.758109391145731,0.035415088081916686,-7.769193713122035
2305.0,110.33289554308584,4.8021597597681405,0.03610304050105479,-7.998838785459502,107.96213549643532,4.734525514854004,0.035381312223214466,-7.7792985666114465
2306.0,110.26211928172609,4.7789751926665645,0.03606910016651298,-8.00818071324799,107.88642632156214,4.710824902774176,0.035347613263848485,-7.78834940186631
2307.0,110.19230894115,4.7556748834150335,0.036035236618399455,-8.01646591854327,107.81171268863204,4.687024384409048,0.035313989893415824,-7.796347837069693
2308.0,110.12278106402978,4.732260917115548,0.036001448616599305,-8.02369518384079,107.7373129586932,4.663125918142328,0.035280440787065055,-7.803295170470445
2309.0,110.05359487778387,4.7087353603688795,0.035967734907509846,-8.0298689971218,107.66328808297219,4.639131449920699,0.03524696460640698,-7.809192381921447
2310.0,109.9855522745523,4.6851151198968655,0.03593409422475145,-8.035061835271184,107.59044158274176,4.615057771926866,0.035213560000579,-7.814114418133154
2311.0,109.91796928584304,4.661394802714802,0.03590052528981806,-8.039199313472212,107.51809102428194,4.590899382790324,0.03518022560725652,-7.817987344125974
2312.0,109.8501617320629,4.637591288157012,0.035867026812861705,-8.042206752107768,107.44555366915144,4.566673059638568,0.035146960053807935,-7.82073691239873
2313.0,109.78293087182662,4.6136991596988155,0.035833597493400565,-8.044232027166771,107.37363212466198,4.542373289931649,0.03511376195837247,-7.822511415797206
2314.0,109.71633487593976,4.589742705329733,0.03580023602114062,-8.045274152642625,107.30238581944847,4.518024271834716,0.035080629931053126,-7.823310272553838
2315.0,109.64968880628024,4.565709064319576,0.035766941076786116,-8.045183280466855,107.2311309843522,4.49361306097004,0.035047562575092644,-7.822984029023433
2316.0,109.58305026458088,4.541615084284592,0.035733711332881446,-8.04410640149167,107.15992630360962,4.469156427455744,0.03501455848807933,-7.821680063609331
2317.0,109.51647653601889,4.517470181344525,0.03570054545467072,-8.041967360986268,107.08883006123853,4.444663716022079,0.034981616263156205,-7.819322605323775
2318.0,109.4500245677456,4.493268913673791,0.03566744210100935,-8.038763992719733,107.01790012273813,4.420129419508708,0.03494873449027011,-7.815909871033133
2319.0,109.38300811234228,4.469020696795931,0.03563439992524135,-8.034568119106467,106.946451082069,4.395562894092387,0.034915911757375864,-7.8115140688406
2320.0,109.31622621136526,4.444734948767321,0.035601417576140285,-8.029376984433265,106.87528274905311,4.370973504391388,0.034883146651679665,-7.806132834601153
2321.0,109.24899183374468,4.420413663700843,0.03556849369881295,-8.023113255192067,106.80370879193332,4.346363196897876,0.03485043776082817,-7.7996892355678655
2322.0,109.18136035943068,4.3960736986790785,0.035535626935621074,-8.015847871035628,106.73178522545528,4.321748786788309,0.034817783674092946,-7.792254624661349
2323.0,109.1141295580774,4.371709633852981,0.03550281592712823,-8.007577194848132,106.66031039423568,4.297124817908471,0.03478518298355154,-7.783825793828445
2324.0,109.0458682277862,4.347338344379682,0.03547005931306682,-7.998297296970191,106.5878536164012,4.272508134587564,0.03475263428526282,-7.774399261503862
2325.0,108.97737318430156,4.322961860493107,0.03543735573319606,-7.988078239582817,106.51521217785988,4.247900741575773,0.03472013618030466,-7.764045560153461
2326.0,108.90795506518036,4.298597082711201,0.035404703828274466,-7.97684122725415,106.44169714168804,4.2233195191100315,0.03468768727589418,-7.752686389877606
2327.0,108.8384096494794,4.274238641874549,0.035372102240949076,-7.9645814586876975,106.36810467314064,4.198759082803702,0.03465528618639042,-7.740317473088569
2328.0,108.76804649758138,4.249910899370748,0.03533954961662476,-7.951442411665054,106.29374468486608,4.174243783715516,0.034622931534248155,-7.727082842230742
2329.0,108.6976602716026,4.225601093736608,0.03530704460438895,-7.937344427185315,106.21941216273044,4.149760854790942,0.03459062195098726,-7.712903426523062
2330.0,108.6258165410012,4.201333625896422,0.03527458585779323,-7.922281845350223,106.14367297682954,4.125334695935257,0.034558356077990335,-7.6977741902505805
2331.0,108.5533087739266,4.1770957773755635,0.03524217203574843,-7.906323007472919,106.0673208781906,4.1009525920587855,0.03452613256737112,-7.681764137062863
2332.0,108.4801869788262,4.152904567148856,0.03520980180323952,-7.889387407922173,105.99040614563933,4.0766315697548245,0.03449395008263607,-7.664793463772104
2333.0,108.4065005217212,4.128754754864027,0.03517747383216888,-7.871542830735538,105.91297840820664,4.052366400351808,0.034461807299431706,-7.646930698667415
2334.0,108.33155527401244,4.104663412597293,0.03514518680203413,-7.852782501972973,105.83434379789746,4.028174171497873,0.034429702906099716,-7.6281698553016675
2335.0,108.25539926597465,4.080632784734393,0.035112939400648795,-7.833099376344402,105.75455060794324,4.004057146872356,0.03439763560423512,-7.6085047202714
2336.0,108.1780798358186,4.056657717930993,0.03508073032477523,-7.812560424105051,105.6736464463842,3.980010195979278,0.03436560410913131,-7.588003140972717
2337.0,108.10038644947394,4.032762804451579,0.035048558280764884,-7.791158067713802,105.59242106009876,3.9560579373230618,0.03433360715019634,-7.566658462820015
2338.0,108.020879345941,4.008935528582014,0.03501642198511775,-7.768810185768174,105.5094349841002,3.9321878846627745,0.03430164347126424,-7.544389533435093
2339.0,107.94034653360787,3.985193123323497,0.03498432016504041,-7.745657251220208,105.42547654146584,3.908417303553672,0.034269711830874384,-7.521337840807375
2340.0,107.85883243704885,3.96154543015976,0.03495225155890921,-7.721690918338737,105.3405904933909,3.884756070968872,0.03423781100243705,-7.497496099889767
2341.0,107.77563788466809,3.937987472201745,0.034920214916726464,-7.696828310951737,105.25407802970764,3.8611992483063657,0.034205939774362905,-7.472782540165484
2342.0,107.69154860217284,3.914529169059904,0.03488820900053187,-7.671134877953117,105.16672526483336,3.8377567961323575,0.03417409695013554,-7.447263760174467
2343.0,107.60586386163249,3.891180481591314,0.03485623258475058,-7.644675831549555,105.07783188888848,3.814438718808909,0.034142281348299816,-7.4210061644818355
2344.0,107.51862497647431,3.867936556622964,0.03482428445655494,-7.617441869253619,104.98743966432208,3.791240209107964,0.034110491802451716,-7.394001684104025
2345.0,107.42987245714085,3.8448148701030576,0.034792363416071795,-7.5893491796126975,104.89558958275992,3.7681787912642095,0.03407872716106346,-7.366167780394218
2346.0,107.34038883755176,3.82180323002538,0.03476046827668266,-7.5605365821698625,104.80306469221308,3.7452423238123185,0.034046986287393693,-7.337644582897398
2347.0,107.24872732718744,3.798919204583669,0.034728597865189274,-7.530919832608075,104.70841874946132,3.722448427665918,0.034015268059260605,-7.308349192143359
2348.0,107.155668814156,3.7761581250484055,0.03469675102197854,-7.500563046615827,104.61243322297587,3.699792488931039,0.033983571368812235,-7.2783471009346465
2349.0,107.06050768370278,3.7535302288228385,0.03466492660114977,-7.469455855910893,104.5144031108463,3.6772848019109854,0.03395189512226186,-7.2476293475872415
2350.0,106.9640231526436,3.7310458040235246,0.034633123470621786,-7.437661981937514,104.41510827420028,3.65493571364804,0.033920238239609435,-7.216261086662291
2351.0,106.8662498464306,3.708700418709165,0.034601340512170634,-7.405096139687184,104.31458429230209,3.6327407855003297,0.033888599654303374,-7.18415825108899
2352.0,106.76647505620817,3.6864974611808807,0.034569576621501175,-7.371894704649393,104.21212055616051,3.610703130551528,0.03385697831294793,-7.151457500136569
2353.0,106.66472714375278,3.664455315526802,0.03453783070820423,-7.337970776380906,104.10774783288078,3.588840792028796,0.0338253731749106,-7.1180719953500455
2354.0,106.56103361619638,3.642570136385389,0.03450610169577866,-7.303460139174912,104.00149605836415,3.5671495857001774,0.03379378321201556,-7.084137596361512
2355.0,106.45616395849297,3.6208455635093775,0.03447438852160874,-7.26820128475349,103.89413716688324,3.5456328144581564,0.03376220740821095,-7.049492880104861
2356.0,106.34865829129028,3.5993001512554326,0.03444269013690131,-7.232329687539222,103.78421374576295,3.524308697839216,0.0337306447592196,-7.014273412595011
2357.0,106.24002721457111,3.577922799598405,0.034411005506622155,-7.1959063944144415,103.67323887556536,3.5031658030775588,0.0336990942722177,-6.978540335210937
2358.0,106.12880912637858,3.55673218202541,0.03437933360944045,-7.158843748489104,103.55975344512672,3.482222473047411,0.03366755496554726,-6.942206085034345
2359.0,106.01651290236408,3.5357173198021488,0.034347673437646414,-7.1212025303586906,103.44526882722403,3.461467400585374,0.033636025868435046,-6.905331532756287
2360.0,105.90167521532184,3.5148895814690713,0.034316023997103894,-7.082894831298328,103.32832419407244,3.4409116280494527,0.033604506020773445,-6.867828852628266
2361.0,105.7850603804468,3.4942455421105465,0.0342843843071594,-7.044129761417865,103.2096863584328,3.4205514066568186,0.033572994472897744,-6.8299072275124315
2362.0,105.66594618060596,3.4738041261023325,0.03425275340054158,-7.00474490519539,103.0886355946605,3.40040533930446,0.03354149028538518,-6.791404301477137
2363.0,105.54509520711171,3.453554609631497,0.03422113032336587,-6.96487487995275,102.96593697522668,3.380462383165649,0.033509992528991624,-6.752454735529171
2364.0,105.42178352053683,3.433501191745017,0.03418951413503223,-6.92443135816964,102.84086902729648,3.3607264208171688,0.03347850028452425,-6.712970227405552
2365.0,105.29677199193841,3.4136555669215447,0.03415790390821016,-6.883548775192204,102.71419506977364,3.3412088328905103,0.033447012642832716,-6.673085217005389
2366.0,105.17007779908324,3.394022069267584,0.03412629872885059,-6.842138634757416,102.58593470544848,3.3219136423469235,0.033415528704863764,-6.632711189905927
2367.0,105.04023159286913,3.3745902450383136,0.0340946976961118,-6.8002609328765615,102.45462098348648,3.3028300870752005,0.03338404758166976,-6.59190809952668
2368.0,104.90873450903928,3.355379423583909,0.03406309992243529,-6.75790131351734,102.32175740739632,3.2839771909116857,0.0333525683945957,-6.550661521399598
2369.0,104.77560115968969,3.3363867197161308,0.03403150453358144,-6.715193925108204,102.1873609230184,3.265351766075925,0.03332109027546657,-6.509105508584702
2370.0,104.63935963499424,3.3176167479006247,0.03399991066867965,-6.671975725317863,102.04996191699792,3.246958127426039,0.03328961236681725,-6.4670768956974705
2371.0,104.50150851512925,3.2990741946703834,0.03396831748034712,-6.628380754659542,101.91106122576066,3.2288006649279795,0.03325813382222606,-6.424709572107865
2372.0,104.36131702690317,3.2807563910112,0.033936724134773465,-6.58439444084386,101.76993028953278,3.210876416088208,0.033226653806639174,-6.381988786242647
2373.0,104.21953922070242,3.2626681697691207,0.03390512981192752,-6.540076454434016,101.6273253270475,3.1931899233986,0.033195171496848815,-6.338974001549008
2374.0,104.07469979719154,3.2448218663283352,0.03387353370564856,-6.495412146765595,101.48177316040643,3.175753235040836,0.03316368608187798,-6.295650335083535
2375.0,103.92829395430935,3.227200177507808,0.03384193502393208,-6.450386838151281,101.3347710606632,3.1585487637975294,0.03313219676358235,-6.252002846745001
2376.0,103.7795875439063,3.2098230173310776,0.033810332989150885,-6.40506010586425,101.18558690349727,3.141596142823495,0.03310070275720712,-6.208090828640169
2377.0,103.6278455786203,3.1926880908107864,0.033778726838262024,-6.359417221396663,101.0334876755946,3.124892799417832,0.033069203291947125,-6.163899244071038
2378.0,103.4745607387429,3.1757931795541583,0.03374711582314681,-6.313488008115262,100.87996798150247,3.1084362406022454,0.03303769761165238,-6.1194575872546135
2379.0,103.3189963638554,3.159143570635707,0.03371549921094235,-6.2673022750070455,100.72429303574864,3.092231481951198,0.03300618497553268,-6.07479531945419
2380.0,103.16190062974177,3.142744628736573,0.03368387628431973,-6.220874963630689,100.5672128407396,3.076283619672726,0.032974664658821824,-6.029927018620832
2381.0,103.0017923750644,3.1265869398999504,0.03365224634191842,-6.174213579934737,100.4072480149269,3.0605829742889386,0.0329431359535945,-5.984859814186296
2382.0,102.83941811334113,3.110683453704218,0.033620608698672325,-6.127333054254302,100.24514680677804,3.0451422327175246,0.03291159816947956,-5.93960825029671
2383.0,102.67478069471395,3.095032341898811,0.03358896268623569,-6.0802557444502,100.08091375903768,3.0299593067991126,0.03288005063446648,-5.894194292425827
2384.0,102.50788214290345,3.079639283806788,0.03355730765342791,-6.0329891538555,99.91455254866243,3.015039618574424,0.032848492695725144,-5.848625049005569
2385.0,102.33946649224448,3.064495181590197,0.03352564296664051,-5.985555647548985,99.74680882731171,3.0003738154074293,0.03281692372037548,-5.802922491563798
2386.0,102.16804844970062,3.04960587393088,0.0334939680102866,-5.937970170070148,99.57619888727312,2.9859674835073995,0.03278534309628873,-5.757101176452545
2387.0,101.99437040725746,3.034977279573052,0.03346228218727991,-5.890262533147773,99.40346667820019,2.971826291296612,0.03275375023289711,-5.711190536705683
2388.0,101.81917393924536,3.020607969179115,0.033430584919459674,-5.842447704908777,99.22935530918768,2.9579485610756495,0.0327221445619335,-5.665205175458232
2389.0,101.64171413486883,3.0065040221986745,0.03339887564809188,-5.794540669140972,99.05312138643097,2.9443401256870354,0.03269052553821936,-5.619159729465362
2390.0,101.46124527104628,2.992656741948684,0.03336715383429607,-5.746556427828525,98.87402069154058,2.9309920433758374,0.0326588926403567,-5.5730688759034415
2391.0,101.27924932051312,2.9790723691072944,0.03333541895952275,-5.698524860382308,98.69353669542785,2.917910311050859,0.03262724537144039,-5.5269621958384185
2392.0,101.09572177999276,2.965757225068113,0.03330367052600283,-5.650461012784332,98.51166639252745,2.9051010073941144,0.03259558325971065,-5.480854467543452
2393.0,100.90917167379004,2.952702855256233,0.033271908057176704,-5.602372528519922,98.32692031066814,2.8925554359211865,0.03256390585915398,-5.434753101502494
2394.0,100.72107856785956,2.9399157425074702,0.03324013109810482,-5.554274507917502,98.14077953160135,2.8802798380951726,0.03253221275005246,-5.388673003682952
2395.0,100.53069272890326,2.9273950219575835,0.03320833921591872,-5.506189510865327,97.95249585669416,2.8682731079423887,0.032500503539530205,-5.342636582010861
2396.0,100.33874930414912,2.915132480944157,0.033176532000153816,-5.458132702924556,97.76280599339134,2.856526791674002,0.032468777861955886,-5.296658896033076
2397.0,100.14449698631142,2.9031422722714635,0.033144709063129905,-5.410111858258329,97.57096022689774,2.8450548006654555,0.0324370353793448,-5.250747663152612
2398.0,99.9479265241578,2.8914163439350915,0.03311287004030079,-5.362149647744406,97.37695093745636,2.833848840892107,0.03240527578169653,-5.204925549772791
2399.0,99.74977072845552,2.879954152311691,0.0330810145905344,-5.314253928785119,97.18151261294355,2.8229081258281026,0.032373498787223086,-5.159200463834077
2400.0,99.54927597331698,2.8687552335604383,0.03304914239637305,-5.266447462083036,96.98389335675252,2.812231947556799,0.032341704142518024,-5.113595273984193
2401.0,99.34642965219005,2.8578193068601387,0.033017253164307765,-5.218745725693895,96.7840818007689,2.801819795306499,0.032309891622702085,-5.06812540074391
2402.0,99.14269985230759,2.8471465846544275,0.03298534662493784,-5.171157205422678,96.58354513781613,2.791671712173778,0.032278061031415936,-5.022798433787894
2403.0,98.93583868545699,2.836737461729263,0.03295342253317183,-5.123712825505902,96.38003410650157,2.7817879371556598,0.032246212200820364,-4.977644238656052
2404.0,98.72805453773378,2.8265924112997705,0.032921480668297476,-5.076413858750492,96.17575579596176,2.772168785374127,0.032214344991425226,-4.93266309265739
2405.0,98.5178408932858,2.816719412935179,0.03288952083409625,-5.029283929339153,95.96920247486153,2.7628220757353215,0.032182459291936326,-4.887877688087199
2406.0,98.30591902407805,2.8071042386992335,0.0328575428588811,-4.982331875646483,95.76109428602264,2.7537334168143848,0.03215055501898852,-4.843295995016171
2407.0,98.09226665990383,2.797755022760645,0.032825546595445766,-4.935581468422483,95.55140792087089,2.744910776222084,0.032118632116767444,-4.798940979002089
2408.0,97.87611799904013,2.788665119119062,0.032793531921077215,-4.889034274037414,95.33937663406397,2.736347338100248,0.03208669055666119,-4.754813463415704
2409.0,97.65893505954328,2.779835386102461,0.03276149873740864,-4.842706801439289,95.12646159826303,2.728043787403298,0.0320547303367363,-4.710929275033416
2410.0,97.4392078458004,2.7712741857839345,0.03272944697030252,-4.79662307921411,94.91115207363649,2.720008309115224,0.032022751481215715,-4.667311819292135
2411.0,97.21839704097616,2.762967669968744,0.03269737656966244,-4.750784947791368,94.69490810271104,2.7122268740540547,0.0319907540398754,-4.6239623702577
2412.0,96.99499133956505,2.75491692130584,0.03266528750921208,-4.705209206987286,94.47621784476,2.7047003798191254,0.03195873808738924,-4.58089721551204
2413.0,96.77045014083184,2.7471305242711304,0.03263317978624405,-4.659912765269165,94.25654027049653,2.6974372216293783,0.031926703722635466,-4.538132802358824
2414.0,96.54400371734496,2.739594851074333,0.03260105342129875,-4.6149052175278085,94.03510533126561,2.690423578105343,0.03189465106792405,-4.495678312154417
2415.0,96.31562456922951,2.732318631043676,0.032568908457805384,-4.5702037080418485,93.81188531335603,2.683667980549704,0.03186258026818689,-4.45355051947145
2416.0,96.08602743873988,2.725295808134176,0.03253674496175527,-4.52581808016309,93.58759485203046,2.6771641703727007,0.031830491490195095,-4.411758937650672
2417.0,95.85444082014858,2.7185278252154754,0.032504563021234285,-4.481765739504293,93.36146244027456,2.670913383318649,0.031798384921645544,-4.370320677552344
2418.0,95.62157831517199,2.712008766586768,0.03247236274604347,-4.4380642321552255,93.1342017824945,2.664909491941297,0.03176626077033806,-4.329253021065598
2419.0,95.38666730852522,2.7057476422226108,0.03244014426715158,-4.394716394603518,92.90504046776893,2.659161289831782,0.03173411926319977,-4.288558566087578
2420.0,95.15116315899897,2.6997238168468085,0.03240790773626672,-4.351740073786932,92.67543415806576,2.653647920696192,0.03170196064544067,-4.248254941436638
2421.0,94.91354937049726,2.693953864241595,0.032375653325268774,-4.309138420347021,92.44386675588697,2.6483857326895954,0.031669785179590515,-4.208345094809268
2422.0,94.67453745365113,2.6884247112345627,0.032343381225723174,-4.266937037011114,92.21105026198352,2.6433614224484465,0.03163759314463691,-4.168854435749126
2423.0,94.43483843737148,2.683138206922682,0.032311091648266975,-4.225131986719223,91.97769628253552,2.6385766043800096,0.03160538483506192,-4.129778838287778
2424.0,94.19293438055392,2.6780888367280173,0.03227878482210376,-4.183741797573895,91.74228753604653,2.6340255248025106,0.03157316056001276,-4.091136640379018
2425.0,93.95027823414864,2.673286006539904,0.032246460994367815,-4.142777755827591,91.50627771020552,2.629717346189764,0.031540920642375535,-4.052938931386233
2426.0,93.70609401295812,2.668709471690338,0.03221412042958926,-4.102243912132698,91.26889162812184,2.625631576265832,0.031508665417979004,-4.015189552892766
2427.0,93.46034815275117,2.664368762819194,0.032181763409071314,-4.062151944324532,91.03009659956946,2.6217774940049776,0.03147639523474847,-3.9778999561508814
2428.0,93.2137495272827,2.660258614822719,0.03214939023034159,-4.022513734958133,90.79060243187823,2.6181495787288966,0.03144411045196789,-3.941081774434624
2429.0,92.9662637952344,2.656381250941733,0.03211700120653837,-3.983341376971716,90.55037577053992,2.6147497943560625,0.03141181143951697,-3.90474682371333
2430.0,92.71711341714233,2.65272409673614,0.03208459666586564,-3.9446323223995337,90.30864010964937,2.611565303548065,0.03137949857721498,-3.868892246611192
2431.0,92.46700617730589,2.6492894924995167,0.032052176951007094,-3.9064139576108423,90.06610430722976,2.608598180304909,0.03134717225416538,-3.833545083170709
2432.0,92.21590669542168,2.646079835560792,0.0320197424185928,-3.8686841813451673,89.82273409024327,2.605850552454371,0.03131483286819365,-3.798702844729452
2433.0,91.96377927816584,2.6430827225748414,0.031987293438655084,-3.831455979328008,89.57849489956736,2.6033097441353,0.03128248082531466,-3.764378084731167
2434.0,91.71133077059794,2.6403006619036784,0.03195483039413443,-3.7947351433904366,89.33409473486793,2.600977988374489,0.031250116539292265,-3.730576114429143
2435.0,91.45703923223948,2.6377362158854414,0.03192235368034207,-3.758527703626572,89.08801282427923,2.598857569552284,0.03121774043119531,-3.697302432047116
2436.0,91.20235379820583,2.635377143092674,0.03188986370451011,-3.722847360171196,88.84169947932634,2.5969359658563302,0.031185352929082207,-3.664570152008363
2437.0,90.9464948497492,2.6332186823311834,0.03185736088537788,-3.68770062953214,88.59437625950294,2.595208133472674,0.031152954467757007,-3.6323851491921695
2438.0,90.69016820484806,2.631270979927822,0.0318248456527126,-3.653086847216533,88.34675015719358,2.593683934060478,0.031120545488501607,-3.60074605997787
2439.0,90.43259379330618,2.629514518555636,0.031792318446967525,-3.6190204549916336,88.09804226745463,2.592343563756774,0.031088126438976953,-3.5696665684341355
2440.0,90.17447701177747,2.6279595429516784,0.031759779718890754,-3.585508717621036,87.84895913811961,2.591196979064573,0.031055697773108005,-3.539153122507257
2441.0,89.91578023333666,2.6265940603699423,0.03172722992921611,-3.5525591525747666,87.59946427489413,2.590231897464832,0.0310232599510844,-3.509212363715371
2442.0,89.65646565686733,2.6254209812260387,0.03169466954831256,-3.520172102610463,87.34952098675463,2.5894509382071167,0.030990813439345233,-3.479843700250142
2443.0,89.39575248611929,2.6244284045779516,0.03166209905598153,-3.48835559297839,87.09834956154103,2.5888419079215326,0.030958358710735732,-3.4510541652381335
2444.0,89.13508828361262,2.6236193303970725,0.03162951894115109,-3.457117903153436,86.8473986169551,2.588407513004512,0.03092589624458676,-3.422850990060221
2445.0,88.87443480904561,2.6229968017254843,0.03159692970170744,-3.4264675665023314,86.59663093665169,2.588150501872966,0.03089342652694696,-3.395241606127692
2446.0,88.612268032566,2.622541618470612,0.031564331844284324,-3.3963985128455807,86.34452348180632,2.588051378836545,0.03086095005078688,-3.368218790060585
2447.0,88.35077799296701,2.6222643346895174,0.03153172588415076,-3.3669346374297686,86.0932672482415,2.5881204014391526,0.03082846731631576,-3.3418052357653876
2448.0,88.0884404602233,2.622153258956704,0.031499112345025,-3.3380629442699834,85.84133892854057,2.5883455808625335,0.030795978831232487,-3.3159867013489683
2449.0,87.82521679323305,2.622204166571165,0.03146649175902554,-3.309800399439173,85.58870077002518,2.5887223941468758,0.03076348511111337,-3.290778866418511
2450.0,87.5625539521858,2.6224202983488154,0.03143386466656503,-3.282141930416645,85.3368005880182,2.5892537829739046,0.030730986679746,-3.2661753358485264
2451.0,87.29892745726055,2.622790107001447,0.03140123161632907,-3.2550978359021894,85.0841139441859,2.5899279697050415,0.03069848406954473,-3.242185049801628
2452.0,87.03578395083701,2.62330963890568,0.03136859316519102,-3.228664881342125,84.83208436522288,2.5907410481696624,0.030665977821891805,-3.218803370626176
2453.0,86.77159865921601,2.623982434898867,0.03133594987825996,-3.2028626258892423,84.57918315314451,2.59169667530577,0.030633468487601442,-3.1960484289891635
2454.0,86.50781812795158,2.6248046396626914,0.03130330232880903,-3.177696006780592,84.32685290598833,2.592791110748652,0.03060095662725002,-3.1739237185052502
2455.0,86.24366038838497,2.625765000443784,0.03127065109835864,-3.153155335841852,84.07430768840014,2.5940132154254205,0.030568442811640797,-3.1524180981080865
2456.0,85.97982914442217,2.626859722460291,0.031237996776648208,-3.1292534375735386,83.82224722302693,2.5953593068131475,0.030535927622134754,-3.131542936154247
2457.0,85.71628527908177,2.628092467593208,0.031205339961684044,-3.105988503598474,83.57062840220753,2.596833157460256,0.03050341165103473,-3.1112949709877835
2458.0,85.4522468661131,2.629452068012437,0.03117268125978221,-3.083373802159128,83.31866530522171,2.5984237084221085,0.03047089550193221,-3.091686026600903
2459.0,85.18767485168665,2.630942238240259,0.031140021285561374,-3.0614079607447087,83.06631488605377,2.6001347811147646,0.0304383797899768,-3.0727133014167745
2460.0,84.9240159011055,2.6325518603985487,0.03110736066204664,-3.0400898187863983,82.81501982657187,2.6019553623346168,0.030405865142219823,-3.0543742270782177
2461.0,84.66048823543753,2.6342846962443613,0.031074700020619392,-3.0194258520030526,82.5639943799681,2.6038893160501435,0.030373352197769266,-3.036673898769959
2462.0,84.39631014844055,2.6361296723899863,0.031042040001101744,-2.999422740081669,82.31245289477657,2.6059256683636445,0.03034084160804217,-3.0196176487043607
2463.0,84.13367135862667,2.638083163961993,0.031009381251726535,-2.9800725060761364,82.06258117425459,2.608060890899403,0.0303083340368612,-3.0031961911006846
2464.0,83.87030467110957,2.640148993197188,0.030976724429161343,-2.961382226008816,81.81210814571023,2.6102988991182654,0.030275830160566407,-2.987415337090048
2465.0,83.60765717512764,2.6423161429762887,0.03094407019846444,-2.943351740152936,81.56247706560302,2.612628765561641,0.030243330668015884,-2.972273710973571
2466.0,83.34494757625697,2.644581040448248,0.03091141923308523,-2.925981077878709,81.31290285936728,2.6150470031801345,0.030210836260588927,-2.957770179668247
2467.0,83.08288038412702,2.64694012724374,0.03087877221473854,-2.9092704543398766,81.06408631670284,2.617550135247751,0.03017834765202085,-2.943903853571378
2468.0,82.82141742012368,2.6493972863800166,0.030846129833423868,-2.893220267377395,80.81598560675067,2.6201421219663206,0.030145865568342457,-2.9306740871775903
2469.0,82.56052066538581,2.6519341274067743,0.03081349278723316,-2.8778310946639416,80.56855913339248,2.6228046453123164,0.030113390747560795,-2.9180804794327053
2470.0,82.29940943895062,2.65456198339781,0.030780861782289448,-2.863103691111004,80.3210227204616,2.6255491057333966,0.030080923939435296,-2.906122873810667
2471.0,82.039531751222,2.6572624826834854,0.03074823753251468,-2.8490315582070447,80.07482097197457,2.6283571935922296,0.030048465905042027,-2.8947939297506085
2472.0,81.78010730738593,2.6600395458324666,0.0307156207595272,-2.835615798703688,79.82917028194284,2.631232885868646,0.030016017416429407,-2.884093978843941
2473.0,81.52109886126726,2.6628896707779046,0.030683012192359835,-2.8228576865615107,79.58403019419683,2.634172731017792,0.02998357925605745,-2.874023595660866
2474.0,81.26246939424358,2.665801931342957,0.03065041256725523,-2.8107512372159857,79.33936058678081,2.637165847241634,0.02995115221628308,-2.8645761682594646
2475.0,81.00492496438083,2.668780260817041,0.030617822627356205,-2.799305491571073,79.09586452602461,2.640216205827629,0.02991873709870616,-2.855760181772822
2476.0,80.74768621562477,2.6718211654319775,0.030585243122417127,-2.7885073735208623,78.85275978007769,2.6433203444059568,0.029886334713511,-2.8475620748677426
2477.0,80.49145973230632,2.6749137228918825,0.030552674808463808,-2.778351402953124,78.61075017711381,2.646467365281417,0.02985394587872923,-2.8399759510276583
2478.0,80.23620954859005,2.678054437608121,0.0305201184474266,-2.76883969567793,78.36979711779361,2.6496537904932773,0.029821571419453664,-2.8330035761070373
2479.0,79.9818999981171,2.681247239239968,0.030487574806729957,-2.7599596786246297,78.12986242719947,2.652883560205636,0.029789212166992644,-2.826632090510404
2480.0,79.72775289366756,2.6844811961922863,0.030455044658866393,-2.7517212321491926,77.89016553603369,2.6561457460813305,0.02975686895799058,-2.820871147853387
2481.0,79.4752188819876,2.687760227574384,0.030422528780952845,-2.744097264083005,77.65215483620166,2.6594442631450304,0.02972454263352341,-2.8156934847575945
2482.0,79.22352044837785,2.691073388367948,0.0303900279542158,-2.7371054227137743,77.4150506853539,2.6627681548847764,0.029692234038112567,-2.811116628996364
2483.0,78.97262327150882,2.6944245814095527,0.03035754296352747,-2.730733814668289,77.17881676084065,2.666121305198516,0.02965994401878912,-2.8071286119924697
2484.0,78.72249340305552,2.697802842585466,0.03032507459683063,-2.724970719932448,76.94341723766348,2.669492723584271,0.029627673424048085,-2.8037176779397863
2485.0,78.47384011729059,2.7012046244938595,0.030292623644653387,-2.719819450378168,76.70955963556278,2.6728788288296226,0.029595423102892905,-2.800887135959816
2486.0,78.2266302554744,2.704633795073671,0.030260190899440837,-2.715268638367362,76.47720916008493,2.676283447700172,0.02956319390371428,-2.798625641909019
2487.0,77.98008824012933,2.708071922850959,0.03022777715506979,-2.711314523954972,76.24558871273183,2.679688100277916,0.02953098667335672,-2.796929478408964
2488.0,77.73492459418678,2.7115302740582146,0.03019538320618476,-2.7079609571547008,76.01540740519765,2.683103997204892,0.02949880225602832,-2.795802549616756
2489.0,77.49036461471718,2.714997812871419,0.030163009847628947,-2.705189686882006,75.78588922743276,2.686520040076449,0.029466641492324537,-2.7952266624074182
2490.0,77.24711972658181,2.71846348517224,0.030130657873782885,-2.702997505090148,75.55774439490428,2.6899251053908912,0.02943450521818408,-2.795198662544324
2491.0,77.0059018256178,2.721938502333804,0.030098328077995368,-2.701381392456994,75.33168368470515,2.693330328553021,0.02940239426396328,-2.7957155722579423
2492.0,76.7651947864455,2.7254117698790257,0.030066021251912257,-2.7003310923847814,75.10618993564604,2.6967245327793643,0.029370309453442028,-2.7967671560599014
2493.0,76.52571148511292,2.7288795996669606,0.030033738184864288,-2.6998439699732275,74.88197506259479,2.700103941559151,0.02933825160291925,-2.7983507715189013
2494.0,76.28779388857977,2.7323457087045844,0.0300014796632822,-2.699902729123109,74.65938013712417,2.703472177766749,0.02930622152037233,-2.800449078222768
2495.0,76.05111593232468,2.7357915045846983,0.02996924647004789,-2.700505127932817,74.4380782558118,2.706810549424412,0.02927422000459239,-2.803059745156822
2496.0,75.81587206751763,2.7392280828042583,0.029937039383876943,-2.7016491237940854,74.21826307770003,2.710130047367472,0.02924224784439111,-2.8061805879720927
2497.0,75.58196015311152,2.742644227207215,0.029904859178767965,-2.7033180182487286,73.99983170634117,2.7134193460538127,0.02921030581791561,-2.8097947062720774
2498.0,75.34950145044024,2.74604355065884,0.029872706623400826,-2.7055101716692564,73.78290467408705,2.7166819446220636,0.029178394691954032,-2.813900191046335
2499.0,75.11839493172313,2.7494073522461098,0.02984058248057409,-2.7082167191726505,73.56738024010122,2.719899024490448,0.029146515221329976,-2.818487833723889
2500.0,74.88876299001765,2.7527466147096966,0.029808487506690597,-2.7114289995846304,73.3533800897131,2.723081447199028,0.029114668148384665,-2.823548548725046
2501.0,74.66058056401894,2.7560499547827204,0.029776422451218025,-2.7151387118233568,73.14087822755852,2.726217759470696,0.02908285420248008,-2.8290737327294866
2502.0,74.43389959821195,2.759313184973884,0.029744388056198418,-2.719338383175624,72.92992476405814,2.729303918328657,0.029051074099598857,-2.8350563539790845
2503.0,74.20869888105643,2.762532034937406,0.02971238505578744,-2.7240283285557254,72.72049640628111,2.73233584998463,0.029019328542014097,-2.8414972804325207
2504.0,73.98503208449849,2.7657096291343195,0.02968041417582488,-2.729194208201637,72.51264470828414,2.735316873624228,0.028987618218037567,-2.84838262459706
2505.0,73.76295348631467,2.7688416292516806,0.029648476133407327,-2.7348218827843045,72.30642178354918,2.7382428442497924,0.02895594380180913,-2.8556985952645166
2506.0,73.54236940832342,2.771916233348535,0.02961657163652409,-2.740919696356426,72.10173173366974,2.7411021522431445,0.028924305953190472,-2.863453777823714
2507.0,73.32348392198867,2.7749364600781816,0.02958470138369648,-2.7474590469220623,71.89877634488724,2.743898007994676,0.028892705317700617,-2.871619702961677
2508.0,73.10620458437064,2.777905291183722,0.02955286606368841,-2.7544486667731887,71.69746081550633,2.7466335847926535,0.028861142526559386,-2.8802051259245567
2509.0,72.89051385899987,2.7808108140173204,0.029521066355199663,-2.761875191976425,71.49776516883705,2.7492971617201047,0.02882961819674458,-2.889196595740167
2510.0,72.67654340214867,2.783648505833209,0.029489302926652708,-2.7697254431640914,71.29981853220272,2.7518844083064304,0.028798132931174582,-2.8985807365685257
2511.0,72.46427693101381,2.786428661401712,0.02945757643593561,-2.778001277427321,71.10360199859107,2.7544058124782005,0.02876668731887375,-2.9083591009837004
2512.0,72.25377307586227,2.7891318221917003,0.029425887530252662,-2.7866824412148885,70.90917147305467,2.756842110053917,0.028735281935268885,-2.9185110250893445
2513.0,72.04486824712818,2.7917607741253736,0.02939423684595398,-2.7957711345518033,70.71636053490124,2.759196282784166,0.0287039173424833,-2.929038195773973
2514.0,71.83777090403558,2.794318261848228,0.029362625008441515,-2.805254862885804,70.525374702291,2.761471272877785,0.028672594089725573,-2.9399275063991563
2515.0,71.6324672867061,2.79679955971602,0.029331052632074812,-2.815121286884158,70.33619716123798,2.763662554213787,0.02864131271368712,-2.951165911221247
2516.0,71.42886998284669,2.7991924711471032,0.02929952032011172,-2.8253656434011685,70.14873733014196,2.765758131885671,0.028610073738985328,-2.962747851738565
2517.0,71.22704077752982,2.801499613039374,0.029268028664673217,-2.835983309291929,69.96305370838358,2.7677608267757745,0.028578877678633176,-2.974667826604489
2518.0,71.02696780158249,2.803723558448475,0.029236578246756968,-2.8469623648031894,69.77913102451606,2.769673418355103,0.028547725034556007,-2.9869129617958143
2519.0,70.8287140971477,2.8058594076275702,0.029205169636253348,-2.8582910132755446,69.59702880262321,2.771491215807968,0.02851661629810845,-2.9994704377230033
2520.0,70.63226904893372,2.80789478742743,0.02917380339199743,-2.869965000493436,69.41673279535821,2.7732020574795095,0.02848555195061535,-3.0123349165654494
2521.0,70.43762266570637,2.8098395641064253,0.02914248006182032,-2.8819727486730833,69.23822926820816,2.7748160236953674,0.02845453246390365,-3.025493684762973
2522.0,70.24483986155467,2.8116887009960694,0.02911120018265087,-2.8943102035831103,69.06157928449865,2.7763282943990832,0.028423558300860473,-3.0389415090945024
2523.0,70.05383760295862,2.8134445429753403,0.02907996428061805,-2.906958539691978,68.8866958571399,2.7777414335607884,0.028392629915977487,-3.052658351169616
2524.0,69.86468204022462,2.8150945308494,0.029048772871150572,-2.9199138635934423,68.71364108564647,2.779043103453376,0.02836174775586516,-3.066639080511682
2525.0,69.67743993779254,2.8166409141850623,0.029017626459120045,-2.933164918856866,68.54247759289355,2.780235777349467,0.02833091225978302,-3.0808711893034393
2526.0,69.49203010446665,2.818078465698852,0.028986525538976946,-2.946700504206951,68.37311996261109,2.7813144537362846,0.02830012386012872,-3.095342220620694
2527.0,69.30844624111644,2.819416765750312,0.02895547059488889,-2.960516891685176,68.20555759510692,2.7822889406026112,0.028269382982900423,-3.1100471967251635
2528.0,69.12683122136441,2.8206430600365824,0.02892446210088036,-2.974602959795636,68.0399289966702,2.7831467128957814,0.02823869004811776,-3.124973762336252
2529.0,68.94703138777795,2.821759400792472,0.028893500520968167,-2.9889401834411062,67.87607608510436,2.783890053455061,0.02820804547020364,-3.140102184603688
2530.0,68.76911653364547,2.8227677895414813,0.028862586309359523,-3.0035323374036103,67.71406418139105,2.784521195469336,0.028177449658382776,-3.1554350664509685
2531.0,68.59308276630188,2.8236627481999967,0.028831719910526077,-3.0183609165195593,67.55388488337063,2.7850348932640028,0.028146903016918176,-3.170952776355816
2532.0,68.41892678806761,2.8244387468847623,0.028800901759386197,-3.033414839607304,67.39553035741564,2.7854258497701534,0.02811640594540757,-3.1866431615425364
2533.0,68.24664589380656,2.825097631723621,0.028770132281429803,-3.0486904402944703,67.23899334701164,2.7856961439791634,0.028085958838975567,-3.202501547652525
2534.0,68.07631225212428,2.8256411959694407,0.0287394118928119,-3.0641691731449185,67.08434146517392,2.7858478016859887,0.028055562088393694,-3.218508453213992
2535.0,67.90777576920617,2.826056322768039,0.02870874100047148,-3.0798547469851605,66.93142006960097,2.7858679378755196,0.028025216080175296,-3.2346667307351087
2536.0,67.74110978784302,2.826352126382936,0.0286781200022334,-3.095721118469763,66.78029797301407,2.7857658975584534,0.027994921196607892,-3.2509495673881745
2537.0,67.57638823510251,2.8265228099236266,0.028647549286883477,-3.1117719113838533,66.6310446020408,2.7855361131072205,0.02796467781571441,-3.267359910715414
2538.0,67.41346277017257,2.8265625215327232,0.0286170292342186,-3.127988411213406,66.48350715606777,2.785172960051133,0.02793448631114601,-3.2838784688246028
2539.0,67.25240848389771,2.826480210581451,0.02858656021508304,-3.144366700474271,66.33775631748304,2.7846856128842155,0.027904347052014833,-3.3005008505084743
2540.0,67.0932267634562,2.8262624854231166,0.02855614259140507,-3.1608879394750846,66.1937891266569,2.7840609024392333,0.02787426040268959,-3.317207849912273
2541.0,66.93591957470704,2.8259256113608915,0.028525776716199047,-3.1775480744940023,66.05160327409314,2.783315313488228,0.027844226722513674,-3.3339951576851528
2542.0,66.78041517767699,2.8254486550245224,0.028495462933541903,-3.194335548136928,65.91112282512586,2.782428128768048,0.027814246365465128,-3.3508510733458987
2543.0,66.62686525968894,2.8248551957667423,0.02846520157854692,-3.2112387237464044,65.77249536157369,2.7814231400454617,0.027784319679776303,-3.3677639307024294
2544.0,66.475124950073,2.8241241850205805,0.02843499297727598,-3.228245882121122,65.63557200420503,2.780279507166739,0.027754447007465304,-3.384722094563106
2545.0,66.3251985204967,2.8232716577309214,0.028404837446690985,-3.2453452189028327,65.50035311997132,2.7790134692086217,0.02772462868387413,-3.401713957082712
2546.0,66.17716510083925,2.8222838768017544,0.028374735294543405,-3.2625248426313385,65.36691404385647,2.777611488675501,0.027694865037125527,-3.4187279337382392
2547.0,66.03095582809287,2.82116933117015,0.028344686819262527,-3.27978020181336,65.235182232759,2.7760822493569948,0.027665156387556573,-3.4357598872831048
2548.0,65.88650241277793,2.819921593702191,0.028314692309803248,-3.2970992275947224,65.10508583583035,2.7744195140441104,0.027635503047095965,-3.4527982662805794
2549.0,65.74388570532497,2.818541605918041,0.028284752045487388,-3.3144623337715635,64.97670226367084,2.772624409113825,0.027605905318623388,-3.469824099972133
2550.0,65.60303856137271,2.817030249345346,0.02825486629584702,-3.3318647024706065,64.84996105528688,2.770697995783701,0.027576363495322567,-3.4868332778390623
