ell,TT,EE,BB,TE
0.000000000000000000e+00,0.000000000000000000e+00,0.000000000000000000e+00,0.000000000000000000e+00,0.000000000000000000e+00
1.000000000000000000e+00,0.000000000000000000e+00,0.000000000000000000e+00,0.000000000000000000e+00,0.000000000000000000e+00
2.000000000000000000e+00,1.250629747495799847e+03,2.829358341014107103e-02,1.721444367706786579e-06,3.009675142418065885e+00
3.000000000000000000e+00,1.198885905594323049e+03,3.587579664454542544e-02,3.443311833710455838e-06,3.313499784418140415e+00
4.000000000000000000e+00,1.145509216252478836e+03,3.067750580231238394e-02,5.739789964669758371e-06,3.066245393256120888e+00
5.000000000000000000e+00,1.104669660776322871e+03,2.019652371381287434e-02,8.611433700020145937e-06,2.587732831380612275e+00
6.000000000000000000e+00,1.076352346157392503e+03,1.117939434603941462e-02,1.205892884462283253e-05,2.074357555156139288e+00
7.000000000000000000e+00,1.057614613446940211e+03,6.046128733054272238e-03,1.608308688987092054e-05,1.628042219754415321e+00
8.000000000000000000e+00,1.045618348215661626e+03,3.949161430192586926e-03,2.068483897266827179e-05,1.291378136522544517e+00
9.000000000000000000e+00,1.039140106869475403e+03,3.186316509027314458e-03,2.586522886581002535e-05,1.070170885141301209e+00
1.000000000000000000e+01,1.036321866787263161e+03,2.704929737274788543e-03,3.162540523219185379e-05,9.486055489832379006e-01
1.100000000000000000e+01,1.035978288696256868e+03,2.273482334601221143e-03,3.796661308455798341e-05,9.051990261981954777e-01
1.200000000000000000e+01,1.038132524108240204e+03,2.000603899469902743e-03,4.489018457301512794e-05,9.173563532990438585e-01
1.300000000000000000e+01,1.041983035116077872e+03,1.941451423124821059e-03,5.239752914766750277e-05,9.636194053645430468e-01
1.400000000000000000e+01,1.046446013889976030e+03,2.031452488630479392e-03,6.049012327185324068e-05,1.027909412700423353e+00
1.500000000000000000e+01,1.051556702982606339e+03,2.197913797618324810e-03,6.916949966986074582e-05,1.099499202624981464e+00
1.600000000000000000e+01,1.057739837323562369e+03,2.437246744431534762e-03,7.843723618069313431e-05,1.174636259430327012e+00
1.700000000000000000e+01,1.064959647117133727e+03,2.787437993235697929e-03,8.829494452946545628e-05,1.253904819072244825e+00
1.800000000000000000e+01,1.071653174456633224e+03,3.275580831091399851e-03,9.874425881241296341e-05,1.336276109248857979e+00
1.900000000000000000e+01,1.080705798993950793e+03,3.911698179693157834e-03,1.097868239454676898e-04,1.427703503400266749e+00
2.000000000000000000e+01,1.089257692453021718e+03,4.674417336154255628e-03,1.214242843444205354e-04,1.523282687267339952e+00
2.100000000000000000e+01,1.097794318781206584e+03,5.554474030723679893e-03,1.336582724356493303e-04,1.623982081286319712e+00
2.200000000000000000e+01,1.106632002311261886e+03,6.561134334595067515e-03,1.464903976654759491e-04,1.727010578474539093e+00
2.300000000000000000e+01,1.115370138407663262e+03,7.690265834402770784e-03,1.599222358723028953e-04,1.831400458678720033e+00
2.400000000000000000e+01,1.124271053815525647e+03,8.941582781850131514e-03,1.739553190807778559e-04,1.936014350593616706e+00
2.500000000000000000e+01,1.133541259061695200e+03,1.031267563678633925e-02,1.885911257540770166e-04,2.032755862808131475e+00
2.600000000000000000e+01,1.142760964063543042e+03,1.181055736872689207e-02,2.038310711337957876e-04,2.124412966201659536e+00
2.700000000000000000e+01,1.152270038043933482e+03,1.345742289075191334e-02,2.196764994913977080e-04,2.211313366178483175e+00
2.800000000000000000e+01,1.161831054730730102e+03,1.525742738979839544e-02,2.361286759107270733e-04,2.288893527226313562e+00
2.900000000000000000e+01,1.171443360190203748e+03,1.722610859567725444e-02,2.531887795444814860e-04,2.364723169352172860e+00
3.000000000000000000e+01,1.181382611576952058e+03,1.937861074746367526e-02,2.708578978715107553e-04,2.433887545831737942e+00
3.100000000000000000e+01,1.190987846358406841e+03,2.170798541359448067e-02,2.891370207408108361e-04,2.503387116417004066e+00
3.200000000000000000e+01,1.200994584680976459e+03,2.423355747331796053e-02,3.080270370727545854e-04,2.564663836784650375e+00
3.300000000000000000e+01,1.210883411550000574e+03,2.693440348994386932e-02,3.275287319452748424e-04,2.619396452903389516e+00
3.400000000000000000e+01,1.220679975032628136e+03,2.984878032077335416e-02,3.476427832830680212e-04,2.672220599205578750e+00
3.500000000000000000e+01,1.231081761339102968e+03,3.295466806351270150e-02,3.683697615402739935e-04,2.712388841999854083e+00
3.600000000000000000e+01,1.241263249584496862e+03,3.625042450761638974e-02,3.897101299400708365e-04,2.747763580498666869e+00
3.700000000000000000e+01,1.251590812531182337e+03,3.976692484961874552e-02,4.116642446892907555e-04,2.772099509049302135e+00
3.800000000000000000e+01,1.262007961441286625e+03,4.350618168014842857e-02,4.342323573144167689e-04,2.787591782638842997e+00
3.900000000000000000e+01,1.272471921710060315e+03,4.746961918341945086e-02,4.574146173517249251e-04,2.794698520343453563e+00
4.000000000000000000e+01,1.283012060445193583e+03,5.166113256388271679e-02,4.812110787566944146e-04,2.792422208113824134e+00
4.100000000000000000e+01,1.293630876937041876e+03,5.608498553420132593e-02,5.056217009015512515e-04,2.780141090854882258e+00
4.200000000000000000e+01,1.304334820787295030e+03,6.074639732935210867e-02,5.306463567527232436e-04,2.758669497436545992e+00
4.300000000000000000e+01,1.315118330275171502e+03,6.565065855514436166e-02,5.562848392480264229e-04,2.728781529035809950e+00
4.400000000000000000e+01,1.326012986297385623e+03,7.080090510127856618e-02,5.825368700223710217e-04,2.689646796869493706e+00
4.500000000000000000e+01,1.337065227186926450e+03,7.619744959760249570e-02,6.094021050101495465e-04,2.640130383688727100e+00
4.600000000000000000e+01,1.348228456775006862e+03,8.183928700175865933e-02,6.368801452319519402e-04,2.579631208081806015e+00
4.700000000000000000e+01,1.359492498213412546e+03,8.773187982969971044e-02,6.649705458019860432e-04,2.507826342451647594e+00
4.800000000000000000e+01,1.370843280053906255e+03,9.387543592271378745e-02,6.936728258606253243e-04,2.424443852116801246e+00
4.900000000000000000e+01,1.382281587684700753e+03,1.002694198449884944e-01,7.229864782941331468e-04,2.329286119486178475e+00
5.000000000000000000e+01,1.393875061619418830e+03,1.069244382588885461e-01,7.529109832971421414e-04,2.222294470361751095e+00
5.100000000000000000e+01,1.405691976444849615e+03,1.138499430100536614e-01,7.834458149143296111e-04,2.103592401786049226e+00
5.200000000000000000e+01,1.417676861496063566e+03,1.210463108944728194e-01,8.145904550664075355e-04,1.973829945700936728e+00
5.300000000000000000e+01,1.429752594799256940e+03,1.285083069274491896e-01,8.463444039988313097e-04,1.833578866145287645e+00
5.400000000000000000e+01,1.441894052145876913e+03,1.362314386309702863e-01,8.787071915400524293e-04,1.682551795051566046e+00
5.500000000000000000e+01,1.454090965181605725e+03,1.442126988993343850e-01,9.116783881362275528e-04,1.520091759710958668e+00
5.600000000000000000e+01,1.466452400397452493e+03,1.524441820322885444e-01,9.452576156206996200e-04,1.345008821152123391e+00
5.700000000000000000e+01,1.479089352104517957e+03,1.609251308428924498e-01,9.794445564083420312e-04,1.156545947645738037e+00
5.800000000000000000e+01,1.491972156910870808e+03,1.696588036423861690e-01,1.014238966259862693e-03,9.547336027161423821e-01
5.900000000000000000e+01,1.505026579900128581e+03,1.786492014272015316e-01,1.049640682175930883e-03,7.398897530705157433e-01
6.000000000000000000e+01,1.518245239762945857e+03,1.878928967362324676e-01,1.085649631849589956e-03,5.127483778787251811e-01
6.100000000000000000e+01,1.531644694683167472e+03,1.973861984207934961e-01,1.122265842472954141e-03,2.739763763995306523e-01
6.200000000000000000e+01,1.545225840433774920e+03,2.071243608166777050e-01,1.159489448411806910e-03,2.361569531117933829e-02
6.300000000000000000e+01,1.558998655394756042e+03,2.171031175036724492e-01,1.197320698868532688e-03,-2.384627981538493535e-01
6.400000000000000000e+01,1.572958259330613600e+03,2.273174593125967535e-01,1.235759963900249017e-03,-5.123807888171406644e-01
6.500000000000000000e+01,1.587122055082978477e+03,2.377646057180202444e-01,1.274807740890218297e-03,-7.983193701304079903e-01
6.600000000000000000e+01,1.601523174473273002e+03,2.484356655329989227e-01,1.314464657849469123e-03,-1.096530253472054461e+00
6.700000000000000000e+01,1.616153674362384663e+03,2.593240464538174583e-01,1.354731479581452102e-03,-1.406708269977442249e+00
6.800000000000000000e+01,1.630991627147538793e+03,2.704207598049898076e-01,1.395609109686223774e-03,-1.728403449559930083e+00
6.900000000000000000e+01,1.646007674817509496e+03,2.817190457859123365e-01,1.437098593284034899e-03,-2.061195523371641247e+00
7.000000000000000000e+01,1.661187314020529811e+03,2.932128878626286128e-01,1.479201118154854040e-03,-2.404857349071272576e+00
7.100000000000000000e+01,1.676518051739766634e+03,3.048987230153756833e-01,1.521918015338045646e-03,-2.759380523880022196e+00
7.200000000000000000e+01,1.692099439274942597e+03,3.167731440056448800e-01,1.565250759824836965e-03,-3.125460779868339145e+00
7.300000000000000000e+01,1.708025610019290752e+03,3.288314830627322438e-01,1.609200968664137484e-03,-3.503752599610943541e+00
7.400000000000000000e+01,1.724286698638149119e+03,3.410631304241382167e-01,1.653770399639840037e-03,-3.893840779042901268e+00
7.500000000000000000e+01,1.740865409710880385e+03,3.534567342471613416e-01,1.698960948798751815e-03,-4.294975835758338079e+00
7.600000000000000000e+01,1.757704433994015289e+03,3.659991254129718041e-01,1.744774646881592714e-03,-4.706412965432769546e+00
7.700000000000000000e+01,1.774690408872818125e+03,3.786817486587460424e-01,1.791213656149650071e-03,-5.126891239332857175e+00
7.800000000000000000e+01,1.791825953500478363e+03,3.914949744148736310e-01,1.838280266241031037e-03,-5.556246377567251926e+00
7.900000000000000000e+01,1.809173112565377778e+03,4.044299169742960887e-01,1.885976886174693234e-03,-5.994611238220670657e+00
8.000000000000000000e+01,1.826771644578915129e+03,4.174776917200326842e-01,1.934306044325756393e-03,-6.442267251992983113e+00
8.100000000000000000e+01,1.844660619965840624e+03,4.306288182370606177e-01,1.983270378680995066e-03,-6.899227600834779039e+00
8.200000000000000000e+01,1.862854074842835871e+03,4.438729151690611885e-01,2.032872631961122559e-03,-7.365175286603812488e+00
8.300000000000000000e+01,1.881328215799463123e+03,4.571975198245339933e-01,2.083115645629258789e-03,-7.839896483218647738e+00
8.400000000000000000e+01,1.900081533968658960e+03,4.705909137081272786e-01,2.134002353384907135e-03,-8.322880242793381456e+00
8.500000000000000000e+01,1.919105091787837409e+03,4.840406369163812172e-01,2.185535774417861603e-03,-8.813987048814196257e+00
8.600000000000000000e+01,1.938394799257181830e+03,4.975367279913154306e-01,2.237719007105234796e-03,-9.312666511549835491e+00
8.700000000000000000e+01,1.957921387236496230e+03,5.110673294862665417e-01,2.290555222304968813e-03,-9.818433224067604215e+00
8.800000000000000000e+01,1.977667862818176445e+03,5.246215968558575193e-01,2.344047657346878030e-03,-1.033076232705368724e+01
8.900000000000000000e+01,1.997646946786776653e+03,5.381886872324439519e-01,2.398199610358614075e-03,-1.084920326520506606e+01
9.000000000000000000e+01,2.017863932017116440e+03,5.517533024761560601e-01,2.453014433686232214e-03,-1.137345407240497863e+01
9.100000000000000000e+01,2.038330699513400759e+03,5.653039677720947953e-01,2.508495529404254284e-03,-1.190299933040120983e+01
9.200000000000000000e+01,2.059048339431160912e+03,5.788274110726124855e-01,2.564646343149739379e-03,-1.243765827854523742e+01
9.300000000000000000e+01,2.080031958667362233e+03,5.923104695896027616e-01,2.621470360780682549e-03,-1.297696242392467880e+01
9.400000000000000000e+01,2.101274380030220527e+03,6.057422109966088541e-01,2.678971103911072064e-03,-1.352074043656711844e+01
9.500000000000000000e+01,2.122790712446844736e+03,6.191087336333439550e-01,2.737152126222588445e-03,-1.406852388312273661e+01
9.600000000000000000e+01,2.144573780956415703e+03,6.323976235626614928e-01,2.796017010831824620e-03,-1.461991864608557812e+01
9.700000000000000000e+01,2.166623840193704837e+03,6.455957261101898936e-01,2.855569367838833687e-03,-1.517453064200569379e+01
9.800000000000000000e+01,2.188948574458861913e+03,6.586891459059950327e-01,2.915812832877716712e-03,-1.573196582320898251e+01
9.900000000000000000e+01,2.211525956022764149e+03,6.716654754287963991e-01,2.976751066025940060e-03,-1.629175589601905116e+01
1.000000000000000000e+02,2.234371100322344319e+03,6.845145378767619748e-01,3.038387751794186832e-03,-1.685343260598749993e+01
1.010000000000000000e+02,2.257476839187960650e+03,6.972231873559738835e-01,3.100726598829943795e-03,-1.741652773962385581e+01
1.020000000000000000e+02,2.280843434259993046e+03,7.097708518997289939e-01,3.163771341258904066e-03,-1.798079597663359408e+01
1.030000000000000000e+02,2.304456291939980019e+03,7.221592468962587663e-01,3.227525740067611112e-03,-1.854547205662232301e+01
1.040000000000000000e+02,2.328315676780000558e+03,7.343603766600107496e-01,3.291993585342497131e-03,-1.911023646635420548e+01
1.050000000000000000e+02,2.352414426407131941e+03,7.463685329029349225e-01,3.357178699027577734e-03,-1.967454688994945045e+01
1.060000000000000000e+02,2.376745379836189386e+03,7.581705813497868762e-01,3.423084937787767863e-03,-2.023778677760092748e+01
1.070000000000000000e+02,2.401301377420082645e+03,7.697608184507196416e-01,3.489716196806087398e-03,-2.079956248128436513e+01
1.080000000000000000e+02,2.426067832438471214e+03,7.811186863389263380e-01,3.557076413847220543e-03,-2.135933183893140352e+01
1.090000000000000000e+02,2.451052444427052251e+03,7.922384862361646629e-01,3.625169573603211938e-03,-2.191647845959956342e+01
1.100000000000000000e+02,2.476240628994613871e+03,8.030996650523123392e-01,3.693999712264394060e-03,-2.247060885912804551e+01
1.110000000000000000e+02,2.501625327826403463e+03,8.136965327515109925e-01,3.763570922308496439e-03,-2.302125527625824120e+01
1.120000000000000000e+02,2.527207298663914116e+03,8.240234175498784008e-01,3.833887357577180337e-03,-2.356772695275055085e+01
1.130000000000000000e+02,2.552979968422561797e+03,8.340597972972489949e-01,3.904953237886552974e-03,-2.410970455742922169e+01
1.140000000000000000e+02,2.578936764739920818e+03,8.437925805425599002e-01,3.976772854293535164e-03,-2.464657168766727935e+01
1.150000000000000000e+02,2.605071115862289844e+03,8.532235348635857086e-01,4.049350573713354773e-03,-2.517786057187642612e+01
1.160000000000000000e+02,2.631383878878869382e+03,8.623395734406240631e-01,4.122690843689315494e-03,-2.570310350392933074e+01
1.170000000000000000e+02,2.657868482903919357e+03,8.711201833776744952e-01,4.196798196134362939e-03,-2.622175856103211089e+01
1.180000000000000000e+02,2.684510928959490229e+03,8.795671390688722946e-01,4.271677251647741473e-03,-2.673328388854483251e+01
1.190000000000000000e+02,2.711312074910366391e+03,8.876673604087902403e-01,4.347332722678346612e-03,-2.723728626824263443e+01
1.200000000000000000e+02,2.738265350300321188e+03,8.954151977996853695e-01,4.423769416584171811e-03,-2.773322398549553114e+01
1.210000000000000000e+02,2.765364184593518530e+03,9.027975754032870892e-01,4.500992237638377393e-03,-2.822055539739202956e+01
1.220000000000000000e+02,2.792594578720867503e+03,9.098088477888774950e-01,4.579006188386202519e-03,-2.869888750078708739e+01
1.230000000000000000e+02,2.819957390034080163e+03,9.164433715255156931e-01,4.657816370661508817e-03,-2.916767879925515672e+01
1.240000000000000000e+02,2.847446047166125481e+03,9.226880767700620378e-01,4.737427985286446833e-03,-2.962638787097378312e+01
1.250000000000000000e+02,2.875046549951459383e+03,9.285447522513569085e-01,4.817846331035996119e-03,-3.007462193651890558e+01
1.260000000000000000e+02,2.902759754407066339e+03,9.340003317979171937e-01,4.899076802705802473e-03,-3.051191400905548079e+01
1.270000000000000000e+02,2.930571659272764009e+03,9.390566076630816328e-01,4.981124888068626418e-03,-3.093772289493977112e+01
1.280000000000000000e+02,2.958475691015128632e+03,9.437005170433527823e-01,5.063996163948642285e-03,-3.135165604473002787e+01
1.290000000000000000e+02,2.986472703793276651e+03,9.479338553943496004e-01,5.147696290995548186e-03,-3.175324670308003405e+01
1.300000000000000000e+02,3.014548694387125579e+03,9.517435629401055364e-01,5.232231007431209675e-03,-3.214195390903527993e+01
1.310000000000000000e+02,3.042689696796781845e+03,9.551313877322525903e-01,5.317606122937911482e-03,-3.251738419575639227e+01
1.320000000000000000e+02,3.070904181018531744e+03,9.580988781136228205e-01,5.403827508378044459e-03,-3.287906528717203969e+01
1.330000000000000000e+02,3.099170940895945023e+03,9.606326766519986959e-01,5.490901087702738589e-03,-3.322659811787217166e+01
1.340000000000000000e+02,3.127491054701193207e+03,9.627491403802912462e-01,5.578832827304515407e-03,-3.355943513343040507e+01
1.350000000000000000e+02,3.155850743433944899e+03,9.644274855324042051e-01,5.667628724220052060e-03,-3.387732599116279886e+01
1.360000000000000000e+02,3.184251084286803689e+03,9.656766425786307284e-01,5.757294793995919834e-03,-3.417964900823572094e+01
1.370000000000000000e+02,3.212678297322727303e+03,9.664906860038953162e-01,5.847837056774297763e-03,-3.446600542920265298e+01
1.380000000000000000e+02,3.241126030617767810e+03,9.668785475836909615e-01,5.939261523134292328e-03,-3.473607085840275488e+01
1.390000000000000000e+02,3.269580503665557444e+03,9.668343028540830053e-01,6.031574178959179557e-03,-3.498944669224701443e+01
1.400000000000000000e+02,3.298050220895628627e+03,9.663594560297623648e-01,6.124780969260601275e-03,-3.522573440190034688e+01
1.410000000000000000e+02,3.326513973350487959e+03,9.654703682173417789e-01,6.218887781688136294e-03,-3.544460981585393000e+01
1.420000000000000000e+02,3.354965408926549117e+03,9.641536871735419956e-01,6.313900429013715940e-03,-3.564560026837930451e+01
1.430000000000000000e+02,3.383405604172899530e+03,9.624183456126859104e-01,6.409824631370837286e-03,-3.582845601589653484e+01
1.440000000000000000e+02,3.411813351047776450e+03,9.602732760080654462e-01,6.506665998142800202e-03,-3.599277881821407021e+01
1.450000000000000000e+02,3.440189727184802450e+03,9.577125537405376532e-01,6.604430009110370120e-03,-3.613809622068286131e+01
1.460000000000000000e+02,3.468506097611963014e+03,9.547525386948066961e-01,6.703121996131709490e-03,-3.626423297026293824e+01
1.470000000000000000e+02,3.496756113378703049e+03,9.514021617014033483e-01,6.802747123578510753e-03,-3.637064246246085020e+01
1.480000000000000000e+02,3.524925998333525513e+03,9.476629243755397836e-01,6.903310369841033842e-03,-3.645707529122141466e+01
1.490000000000000000e+02,3.553001977654627353e+03,9.435437556539184589e-01,7.004816508572573458e-03,-3.652313354619514740e+01
1.500000000000000000e+02,3.580970278030626559e+03,9.390535832783585279e-01,7.107270089814232174e-03,-3.656841937794266073e+01
1.510000000000000000e+02,3.608809506325719667e+03,9.342011258956276487e-01,7.210675421931714117e-03,-3.659267896630206707e+01
1.520000000000000000e+02,3.636527212015383157e+03,9.289942696934238020e-01,7.315036553491649669e-03,-3.659564016115512430e+01
1.530000000000000000e+02,3.664108468399932008e+03,9.234481197693226173e-01,7.420357256262735679e-03,-3.657702627067732237e+01
1.540000000000000000e+02,3.691553207687181384e+03,9.175777793355449630e-01,7.526641008507449666e-03,-3.653670922301035517e+01
1.550000000000000000e+02,3.718853936101990712e+03,9.113834928406767677e-01,7.633890978881651031e-03,-3.647433814659687101e+01
1.560000000000000000e+02,3.746018019088959591e+03,9.048877875410435978e-01,7.742110011431474655e-03,-3.638978506898511256e+01
1.570000000000000000e+02,3.773023111353246350e+03,8.980909032178401308e-01,7.851300611343668689e-03,-3.628277349705250288e+01
1.580000000000000000e+02,3.799876583794005001e+03,8.910227904458802861e-01,7.961464931836366443e-03,-3.615310126519994327e+01
1.590000000000000000e+02,3.826563525172082336e+03,8.836836836069478229e-01,8.072604762457578562e-03,-3.600056624949052519e+01
1.600000000000000000e+02,3.853076455617395823e+03,8.760960991569382017e-01,8.184721517343234928e-03,-3.582504064875180916e+01
1.610000000000000000e+02,3.879393041670562070e+03,8.682751220379428814e-01,8.297816226017230498e-03,-3.562624813163003523e+01
1.620000000000000000e+02,3.905505809761458295e+03,8.602358338414164418e-01,8.411889524825313935e-03,-3.540413525162979624e+01
1.630000000000000000e+02,3.931407289570728608e+03,8.520081693211666307e-01,8.526941649484144972e-03,-3.515835146009252554e+01
1.640000000000000000e+02,3.957075157375181334e+03,8.435923461032935888e-01,8.642972429580448104e-03,-3.488891765518652477e+01
1.650000000000000000e+02,3.982509377828354900e+03,8.350108629500687663e-01,8.759981283489415987e-03,-3.459555762782646582e+01
1.660000000000000000e+02,4.007695062221723219e+03,8.262862145202185538e-01,8.877967215692412345e-03,-3.427821804360966240e+01
1.670000000000000000e+02,4.032624753530821636e+03,8.174408911812346412e-01,8.996928814312250833e-03,-3.393677130620398685e+01
1.680000000000000000e+02,4.057290998043308264e+03,8.084973788210200185e-01,9.116864250983821097e-03,-3.357131268873636287e+01
1.690000000000000000e+02,4.081686345320300006e+03,7.994781586605769208e-01,9.237771281530441844e-03,-3.318171463013902667e+01
1.700000000000000000e+02,4.105803348140989328e+03,7.903982787172755264e-01,9.359647247813903531e-03,-3.276792386650420497e+01
1.710000000000000000e+02,4.129627134080699761e+03,7.812876386696984143e-01,9.482489081170565257e-03,-3.232988714491117577e+01
1.720000000000000000e+02,4.153165118824390447e+03,7.721687046224094964e-01,9.606293306731256837e-03,-3.186762550424359119e+01
1.730000000000000000e+02,4.176395007612291010e+03,7.630639372728812431e-01,9.731056049025021970e-03,-3.138108570548506293e+01
1.740000000000000000e+02,4.199309365224454268e+03,7.539957917296239431e-01,9.856773038710251247e-03,-3.087028879601067644e+01
1.750000000000000000e+02,4.221908187500131135e+03,7.450015740328492786e-01,9.983439619970134460e-03,-3.033540439036178427e+01
1.760000000000000000e+02,4.244176719561769460e+03,7.360960809017343953e-01,1.011105075911526534e-02,-2.977637611588857425e+01
1.770000000000000000e+02,4.266108050964305221e+03,7.273155146902847701e-01,1.023960105374833139e-02,-2.919320934169503801e+01
1.780000000000000000e+02,4.287687948577958196e+03,7.186809964320607369e-01,1.036908474291923024e-02,-2.858598057817290439e+01
1.790000000000000000e+02,4.308917038048592076e+03,7.102136406928692969e-01,1.049949571768442336e-02,-2.795469204130855090e+01
1.800000000000000000e+02,4.329788518566713719e+03,7.019494121028816425e-01,1.063082753223022585e-02,-2.729949450038183301e+01
1.810000000000000000e+02,4.350288162681285939e+03,6.939168401405990672e-01,1.076307341524155789e-02,-2.662053870813311462e+01
1.820000000000000000e+02,4.370416601159825404e+03,6.861444473206337324e-01,1.089622628190020648e-02,-2.591790111441200395e+01
1.830000000000000000e+02,4.390167037744042318e+03,6.786533206846606658e-01,1.103027874575757475e-02,-2.519173243031165299e+01
1.840000000000000000e+02,4.409525248954827475e+03,6.714793966968664041e-01,1.116522313075267794e-02,-2.444225762527442569e+01
1.850000000000000000e+02,4.428491868948115552e+03,6.646586043917924735e-01,1.130105148333154959e-02,-2.366940450666026408e+01
1.860000000000000000e+02,4.447052675920664115e+03,6.582120085265519283e-01,1.143775558404488447e-02,-2.287354655182620533e+01
1.870000000000000000e+02,4.465208305321014450e+03,6.521688373229637126e-01,1.157532695946066059e-02,-2.205476007012830308e+01
1.880000000000000000e+02,4.482951964613384916e+03,6.465679679989114748e-01,1.171375689320005263e-02,-2.121334418443727543e+01
1.890000000000000000e+02,4.500269433098404988e+03,6.414393557583769612e-01,1.185303643681700526e-02,-2.034944941059428913e+01
1.900000000000000000e+02,4.517161346792102449e+03,6.368159190225499700e-01,1.199315641994115958e-02,-1.946337478835852863e+01
1.910000000000000000e+02,4.533620913212170308e+03,6.327283394601809219e-01,1.213410746005447009e-02,-1.855541931130827393e+01
1.920000000000000000e+02,4.549633911225004340e+03,6.292102617138835008e-01,1.227587997125872445e-02,-1.762565907320762904e+01
1.930000000000000000e+02,4.565193547604409105e+03,6.262938362763222910e-01,1.241846417257063719e-02,-1.667439296586367803e+01
1.940000000000000000e+02,4.580307885252206688e+03,6.240134335580053149e-01,1.256185009478653046e-02,-1.570206839243410002e+01
1.950000000000000000e+02,4.594962701330451637e+03,6.224034152790403063e-01,1.270602758824724773e-02,-1.470890984669319579e+01
1.960000000000000000e+02,4.609158628910025072e+03,6.214981343753190890e-01,1.285098632649154735e-02,-1.369536461079452572e+01
1.970000000000000000e+02,4.622896300182039340e+03,6.213334205783044295e-01,1.299671581178689535e-02,-1.266173133447620103e+01
1.980000000000000000e+02,4.636176346384805584e+03,6.219436089921367428e-01,1.314320537881493930e-02,-1.160838288225783188e+01
1.990000000000000000e+02,4.648977112695540200e+03,6.233630256882819465e-01,1.329044419679820468e-02,-1.053561776309834919e+01
2.000000000000000000e+02,4.661314084990528499e+03,6.256259876364002048e-01,1.343842127140694280e-02,-9.443957261044452878e+00
2.010000000000000000e+02,4.673172854337976787e+03,6.287687396124441719e-01,1.358712544508111283e-02,-8.333616952979987502e+00
2.020000000000000000e+02,4.684545717752348537e+03,6.328241225271581394e-01,1.373654539683057639e-02,-7.205149773697020699e+00
2.030000000000000000e+02,4.695409934135675940e+03,6.378261621620219257e-01,1.388666964084147963e-02,-6.058728660502363361e+00
2.040000000000000000e+02,4.705772474728581983e+03,6.438081321614810282e-01,1.403748652419494272e-02,-4.894823595660364290e+00
2.050000000000000000e+02,4.715603167993457646e+03,6.508040396725656151e-01,1.418898422388363730e-02,-3.713830185443399046e+00
2.060000000000000000e+02,4.724908983166550570e+03,6.588463968176030416e-01,1.434115074314212465e-02,-2.516069656691727108e+00
2.070000000000000000e+02,4.733674603519004449e+03,6.679699348563635786e-01,1.449397390634544168e-02,-1.301870565227900345e+00
2.080000000000000000e+02,4.741892139833451438e+03,6.782078900056422999e-01,1.464744135429884436e-02,-7.178421458256668830e-02
2.090000000000000000e+02,4.749590843892186058e+03,6.895927462784324780e-01,1.480154053844300738e-02,1.173705053084229677e+00
2.100000000000000000e+02,4.756755396722074693e+03,7.021592068375747120e-01,1.495625871429513525e-02,2.434090720180781542e+00
2.110000000000000000e+02,4.763392763853753422e+03,7.159412226777930321e-01,1.511158293522067361e-02,3.708875296131145305e+00
2.120000000000000000e+02,4.769517338736069178e+03,7.309705069878791317e-01,1.526750004530626550e-02,4.997548035670171807e+00
2.130000000000000000e+02,4.775128657806921183e+03,7.472817350372713552e-01,1.542399667253871801e-02,6.299607227202897342e+00
2.140000000000000000e+02,4.780233685670812520e+03,7.649088300524522488e-01,1.558105922161856678e-02,7.614545339368874899e+00
2.150000000000000000e+02,4.784831958528871837e+03,7.838782777629805798e-01,1.573867386705684809e-02,8.941826739205620100e+00
2.160000000000000000e+02,4.788908155961353259e+03,8.042321543588645261e-01,1.589682654621587740e-02,1.028090849468595280e+01
2.170000000000000000e+02,4.792461814462029906e+03,8.259969275010816681e-01,1.605550295291341412e-02,1.163122552110961117e+01
2.180000000000000000e+02,4.795492470870196485e+03,8.491990559491912061e-01,1.621468853129069340e-02,1.299232429442833059e+01
2.190000000000000000e+02,4.797992234150467993e+03,8.738798463645101045e-01,1.637436847010132271e-02,1.436357314852813793e+01
2.200000000000000000e+02,4.799953213869071988e+03,9.000657400221507842e-01,1.653452769787237125e-02,1.574450398219740777e+01
2.210000000000000000e+02,4.801382377014866506e+03,9.277831696354402746e-01,1.669515087861635216e-02,1.713442598767815994e+01
2.220000000000000000e+02,4.802264406361641704e+03,9.570734161910474658e-01,1.685622240845699449e-02,1.853294563784877624e+01
2.230000000000000000e+02,4.802606270674737971e+03,9.879554673432777712e-01,1.701772641312983281e-02,1.993929813726123612e+01
2.240000000000000000e+02,4.802414939755683008e+03,1.020463159321788105e+00,1.717964674650317505e-02,2.135301597611138646e+01
2.250000000000000000e+02,4.801689956176295709e+03,1.054615463697865296e+00,1.734196699036029063e-02,2.277333466454886590e+01
2.260000000000000000e+02,4.800423435350840919e+03,1.090453629314232176e+00,1.750467045507899180e-02,2.419978700290318585e+01
2.270000000000000000e+02,4.798622350645684492e+03,1.128004040723144641e+00,1.766774018179164199e-02,2.563168309924311217e+01
2.280000000000000000e+02,4.796286248373194212e+03,1.167285646737090898e+00,1.783115894576496260e-02,2.706840750532915507e+01
2.290000000000000000e+02,4.793422104521844631e+03,1.208332245691193130e+00,1.799490926094597307e-02,2.850934493491442723e+01
2.300000000000000000e+02,4.790022039719286113e+03,1.251170200614716288e+00,1.815897338627499649e-02,2.995388026540444670e+01
2.310000000000000000e+02,4.786093032630820744e+03,1.295811011114344158e+00,1.832333333309139889e-02,3.140132425586701359e+01
2.320000000000000000e+02,4.781642063239602976e+03,1.342288455369897493e+00,1.848797087392036256e-02,3.285106211539851984e+01
2.330000000000000000e+02,4.776661256109759051e+03,1.390628876988409646e+00,1.865286755290382695e-02,3.430240493732632245e+01
2.340000000000000000e+02,4.771150165383583044e+03,1.440851185269979018e+00,1.881800469761300831e-02,3.575466398376185140e+01
2.350000000000000000e+02,4.765123203061019012e+03,1.492981712185221577e+00,1.898336343179577584e-02,3.720729925349752421e+01
2.360000000000000000e+02,4.758565068810386038e+03,1.547046784311691292e+00,1.914892469029662314e-02,3.865954806522581322e+01
2.370000000000000000e+02,4.751497605016141279e+03,1.603050438080976692e+00,1.931466923450860310e-02,4.011072219211912682e+01
2.380000000000000000e+02,4.743912941505893286e+03,1.661018990187890898e+00,1.948057766949460451e-02,4.156020786223770358e+01
2.390000000000000000e+02,4.735818065515532908e+03,1.720963896157078787e+00,1.964663046222508286e-02,4.300731719176985024e+01
2.400000000000000000e+02,4.727212536487209945e+03,1.782918892421992085e+00,1.981280796097784763e-02,4.445121390161285291e+01
2.410000000000000000e+02,4.718095914254300624e+03,1.846895426561052211e+00,1.997909041555182702e-02,4.589143330181229175e+01
2.420000000000000000e+02,4.708482615563612853e+03,1.912904942695318633e+00,2.014545799868664583e-02,4.732713945629883767e+01
2.430000000000000000e+02,4.698372200484203859e+03,1.980966310194896218e+00,2.031189082837025345e-02,4.875764516700878914e+01
2.440000000000000000e+02,4.687764228907035431e+03,2.051090967344118887e+00,2.047836899041734215e-02,5.018241197333078674e+01
2.450000000000000000e+02,4.676673117035304131e+03,2.123297778415960124e+00,2.064487256224701098e-02,5.160067873388564408e+01
2.460000000000000000e+02,4.665105852115612834e+03,2.197583320653833550e+00,2.081138163682372255e-02,5.301183304317983414e+01
2.470000000000000000e+02,4.653054563863220210e+03,2.273973883114348116e+00,2.097787634704828541e-02,5.441518838009059778e+01
2.480000000000000000e+02,4.640541094334157606e+03,2.352480896964643797e+00,2.114433689056194332e-02,5.580998410671354293e+01
2.490000000000000000e+02,4.627557570890612624e+03,2.433100935889288330e+00,2.131074355431486836e-02,5.719568260107878643e+01
2.500000000000000000e+02,4.614118404418405589e+03,2.515860286605620999e+00,2.147707673956590624e-02,5.857152355470461913e+01
2.510000000000000000e+02,4.600215647897656709e+03,2.600740880624659468e+00,2.164331698637018617e-02,5.993667574399779596e+01
2.520000000000000000e+02,4.585855924640679405e+03,2.687762651057791885e+00,2.180944499820582430e-02,6.129054378045030660e+01
2.530000000000000000e+02,4.571038356292900062e+03,2.776923461723057596e+00,2.197544166572026544e-02,6.263238707342642897e+01
2.540000000000000000e+02,4.555776918753075734e+03,2.868236034494665354e+00,2.214128809025505892e-02,6.396139090576465236e+01
2.550000000000000000e+02,4.540055871854247016e+03,2.961690807997659380e+00,2.230696560692457461e-02,6.527696356573135006e+01
2.560000000000000000e+02,4.523889185956360961e+03,3.057300508161211017e+00,2.247245580646649310e-02,6.657836492733972023e+01
2.570000000000000000e+02,4.507283399995316358e+03,3.155063006923828350e+00,2.263774055660245851e-02,6.786507786558625810e+01
2.580000000000000000e+02,4.490252477994838955e+03,3.254968751044970965e+00,2.280280202221769345e-02,6.913613970254897367e+01
2.590000000000000000e+02,4.472802952189776079e+03,3.357030475971571892e+00,2.296762268464999646e-02,7.039207357597388182e+01
2.600000000000000000e+02,4.454956207914305196e+03,3.461238636206089403e+00,2.313218535976976908e-02,7.163072856056149362e+01
2.610000000000000000e+02,4.436711341702920436e+03,3.567591119180831605e+00,2.329647321465451448e-02,7.285292521149196432e+01
2.620000000000000000e+02,4.418089731259969085e+03,3.676085817383907717e+00,2.346046978334740199e-02,7.405725571649796279e+01
2.630000000000000000e+02,4.399097893593116169e+03,3.786720628838771585e+00,2.362415898078694051e-02,7.524379806815306893e+01
2.640000000000000000e+02,4.379742341615980877e+03,3.899486029235506912e+00,2.378752511586109883e-02,7.641114472085452292e+01
2.650000000000000000e+02,4.360022155718071190e+03,4.014365072414912028e+00,2.395055290262633474e-02,7.756011676295290158e+01
2.660000000000000000e+02,4.339943840403943796e+03,4.131348247554817554e+00,2.411322747012679610e-02,7.868856406850655105e+01
2.670000000000000000e+02,4.319521324250699763e+03,4.250418622956673609e+00,2.427553437090426702e-02,7.979582230428771084e+01
2.680000000000000000e+02,4.298753674833676996e+03,4.371566703234412543e+00,2.443745958783491087e-02,8.088271292656817479e+01
2.690000000000000000e+02,4.277639955422382627e+03,4.494783001452977267e+00,2.459898953980354727e-02,8.194708616768517118e+01
2.700000000000000000e+02,4.256186653344998376e+03,4.620043182917378921e+00,2.476011108554498213e-02,8.298976371288962639e+01
2.710000000000000000e+02,4.234415108371418683e+03,4.747337779063049545e+00,2.492081152630567717e-02,8.400859601672749477e+01
2.720000000000000000e+02,4.212316942662618203e+03,4.876649902894057753e+00,2.508107860721679044e-02,8.500440497975520771e+01
2.730000000000000000e+02,4.189920915991256152e+03,5.007940392771352833e+00,2.524090051693126183e-02,8.597578409981399261e+01
2.740000000000000000e+02,4.167218642324282882e+03,5.141207239701892640e+00,2.540026588664711163e-02,8.692355547856411135e+01
2.750000000000000000e+02,4.144224016725929687e+03,5.276418732672651934e+00,2.555916378752371571e-02,8.784556997262801303e+01
2.760000000000000000e+02,4.120958358773093096e+03,5.413558029236756219e+00,2.571758372698708384e-02,8.874264987004235650e+01
2.770000000000000000e+02,4.097420699283982685e+03,5.552600870945100908e+00,2.587551564435856821e-02,8.961338904126826321e+01
2.780000000000000000e+02,4.073617493861344883e+03,5.693523012176988196e+00,2.603294990527476455e-02,9.045712427540833289e+01
2.790000000000000000e+02,4.049562623045910186e+03,5.836285363917368407e+00,2.618987729537935322e-02,9.127467811127992547e+01
2.800000000000000000e+02,4.025269964129435266e+03,5.980856279282411592e+00,2.634628901333606679e-02,9.206464465826780952e+01
2.810000000000000000e+02,4.000738534625857483e+03,6.127218982341169351e+00,2.650217666348204937e-02,9.282710376735491309e+01
2.820000000000000000e+02,3.975982205850765695e+03,6.275326998482372964e+00,2.665753224761044371e-02,9.356139252187956856e+01
2.830000000000000000e+02,3.951014846404613309e+03,6.425156153330262576e+00,2.681234815682239161e-02,9.426684806831735841e+01
2.840000000000000000e+02,3.925835465659554302e+03,6.576674859803858908e+00,2.696661716285006852e-02,9.494280761196081642e+01
2.850000000000000000e+02,3.900457927349758393e+03,6.729844118572581024e+00,2.712033240950762966e-02,9.558935124754545143e+01
2.860000000000000000e+02,3.874888664710316334e+03,6.884632375207798916e+00,2.727348740400328125e-02,9.620655911974454000e+01
2.870000000000000000e+02,3.849148965716351540e+03,7.040985807227746029e+00,2.742607600850637678e-02,9.679376858358212132e+01
2.880000000000000000e+02,3.823237831517224095e+03,7.198880322989962721e+00,2.757809243186270728e-02,9.734957419978607618e+01
2.890000000000000000e+02,3.797161690018509944e+03,7.358269563674402214e+00,2.772953122185522340e-02,9.787554190518119412e+01
2.900000000000000000e+02,3.770941824407207605e+03,7.519114617113504373e+00,2.788038725778322832e-02,9.836952349264470286e+01
2.910000000000000000e+02,3.744584659918257785e+03,7.681391446565180026e+00,2.803065574369704299e-02,9.883234212142346564e+01
2.920000000000000000e+02,3.718089192343441482e+03,7.844964609174828851e+00,2.818033220217483134e-02,9.926333530198726862e+01
2.930000000000000000e+02,3.691469273230643466e+03,8.009906675445312985e+00,2.832941246899655513e-02,9.966258339601668581e+01
2.940000000000000000e+02,3.664738753320517390e+03,8.176141668826923947e+00,2.847789268869064042e-02,1.000286811061506711e+02
2.950000000000000000e+02,3.637896625970734931e+03,8.343519349614444636e+00,2.862576931080360737e-02,1.003624516458437057e+02
2.960000000000000000e+02,3.610956740668327257e+03,8.512112349343642137e+00,2.877303908730843157e-02,1.006632325588822425e+02
2.970000000000000000e+02,3.583918089725792925e+03,8.681770470154765107e+00,2.891969907076668775e-02,1.009296185489617557e+02
2.980000000000000000e+02,3.556801950114519514e+03,8.852492102674624164e+00,2.906574661384813893e-02,1.011624328142497689e+02
2.990000000000000000e+02,3.529614741780183067e+03,9.024201375869944641e+00,2.921117936966815057e-02,1.013617557016615649e+02
3.000000000000000000e+02,3.502362884393978675e+03,9.196822440901216922e+00,2.935599529340825187e-02,1.015269247011501221e+02
3.010000000000000000e+02,3.475060189822077518e+03,9.370428709432061964e+00,2.950019264486126308e-02,1.016580132013930040e+02
3.020000000000000000e+02,3.447720326047631261e+03,9.544799165833520505e+00,2.964376999221101164e-02,1.017550669231841738e+02
3.030000000000000000e+02,3.420349496568372160e+03,9.720010622637577313e+00,2.978672621662057166e-02,1.018181246391909980e+02
3.040000000000000000e+02,3.392961332998228954e+03,9.895991348869781490e+00,2.992906051802520298e-02,1.018472250764983471e+02
3.050000000000000000e+02,3.365569466687088152e+03,1.007266963735304977e+01,3.007077242200354925e-02,1.018416640754873015e+02
3.060000000000000000e+02,3.338172671975009962e+03,1.025004808849727311e+01,3.021186178752137061e-02,1.018014802537232697e+02
3.070000000000000000e+02,3.310792007883503175e+03,1.042798076006701891e+01,3.035232881530759361e-02,1.017267121647083599e+02
3.080000000000000000e+02,3.283433676290381300e+03,1.060647030145378444e+01,3.049217405733356534e-02,1.016173982916028677e+02
3.090000000000000000e+02,3.256103878543324754e+03,1.078544510341789575e+01,3.063139842683605674e-02,1.014735770408968563e+02
3.100000000000000000e+02,3.228801387010663802e+03,1.096475929832424434e+01,3.077000320908371278e-02,1.012952867360379656e+02
3.110000000000000000e+02,3.201554686722757197e+03,1.114448989437418192e+01,3.090799007255409792e-02,1.010810799409712928e+02
3.120000000000000000e+02,3.174355120100178738e+03,1.132449107479789774e+01,3.104536108061539332e-02,1.008324804638487251e+02
3.130000000000000000e+02,3.147223741978050384e+03,1.150476561555944066e+01,3.118211870343285189e-02,1.005487835053892525e+02
3.140000000000000000e+02,3.120166749369652280e+03,1.168516775152372844e+01,3.131826583024080457e-02,1.002300269924979119e+02
3.150000000000000000e+02,3.093182909676283543e+03,1.186562602712537995e+01,3.145380578145232087e-02,9.987624873675052584e+01
3.160000000000000000e+02,3.066293273943907025e+03,1.204621758001591481e+01,3.158874232104175866e-02,9.948748642790239671e+01
3.170000000000000000e+02,3.039504034965127630e+03,1.222672244017706689e+01,3.172307966830301834e-02,9.906452046242866061e+01
3.180000000000000000e+02,3.012828812182362981e+03,1.240714351454890085e+01,3.185682250971827445e-02,9.860664543197930243e+01
3.190000000000000000e+02,2.986266366490306609e+03,1.258740945311280335e+01,3.198997601023031989e-02,9.811389862200717005e+01
3.200000000000000000e+02,2.959822885142308223e+03,1.276752321597103901e+01,3.212254582417192750e-02,9.758706000535222813e+01
3.210000000000000000e+02,2.933526838310496714e+03,1.294733922289557704e+01,3.225453810504318869e-02,9.702616656581497523e+01
3.220000000000000000e+02,2.907362123798744051e+03,1.312678620387201001e+01,3.238595951522168365e-02,9.643051229182792383e+01
3.230000000000000000e+02,2.881357207117976031e+03,1.330579291561472566e+01,3.251681723391970646e-02,9.580087667525748429e+01
3.240000000000000000e+02,2.855503409514320083e+03,1.348428814156365085e+01,3.264711896499711274e-02,9.513803903514512683e+01
3.250000000000000000e+02,2.829821763012244446e+03,1.366227497536361035e+01,3.277687294307497085e-02,9.444129284152030834e+01
3.260000000000000000e+02,2.804311011865016098e+03,1.383968225381494399e+01,3.290608793877907584e-02,9.371141704944315620e+01
3.270000000000000000e+02,2.778984754220725335e+03,1.401636455680808879e+01,3.303477326246805068e-02,9.294770475293456968e+01
3.280000000000000000e+02,2.753849157000000559e+03,1.419225077424122539e+01,3.316293876686842584e-02,9.215093451920100165e+01
3.290000000000000000e+02,2.728910384189452543e+03,1.436734410591129318e+01,3.329059484787288969e-02,9.132262754783602077e+01
3.300000000000000000e+02,2.704182025150747904e+03,1.454149921087466879e+01,3.341775244436254177e-02,9.046133349003069668e+01
3.310000000000000000e+02,2.679662809545088294e+03,1.471471934130300419e+01,3.354442303617238136e-02,8.956783028819926074e+01
3.320000000000000000e+02,2.655366320726491722e+03,1.488693349179854053e+01,3.367061864054238934e-02,8.864215283045093940e+01
3.330000000000000000e+02,2.631291282350624442e+03,1.505799639919366761e+01,3.379635180709072984e-02,8.768582145036435804e+01
3.340000000000000000e+02,2.607451271803544842e+03,1.522791139283457795e+01,3.392163561107280206e-02,8.669812774669442490e+01
3.350000000000000000e+02,2.583859863547063014e+03,1.539653326032390979e+01,3.404648364501874219e-02,8.567984875346704143e+01
3.360000000000000000e+02,2.560515772482282955e+03,1.556386538125932972e+01,3.417091000895965125e-02,8.463101843001638258e+01
3.370000000000000000e+02,2.537425139082478381e+03,1.572983687643083250e+01,3.429492929899380371e-02,8.355315616131875345e+01
3.380000000000000000e+02,2.514594101142818545e+03,1.589437689100409479e+01,3.441855659422719121e-02,8.244555257827722983e+01
3.390000000000000000e+02,2.492036222248046215e+03,1.605741459417707517e+01,3.454180744237186212e-02,8.130972656343507765e+01
3.400000000000000000e+02,2.469757635206343366e+03,1.621895346231502799e+01,3.466469784391250364e-02,8.014571107157149754e+01
3.410000000000000000e+02,2.447757042199939406e+03,1.637877414454898428e+01,3.478724423478528338e-02,7.895353879563180044e+01
3.420000000000000000e+02,2.426040571651673417e+03,1.653688016337506639e+01,3.490946346795993638e-02,7.773324216276982668e+01
3.430000000000000000e+02,2.404614350055319846e+03,1.669320078020484388e+01,3.503137279370868717e-02,7.648633900060374913e+01
3.440000000000000000e+02,2.383477073819373345e+03,1.684759099490188206e+01,3.515298983878582112e-02,7.521211835846263227e+01
3.450000000000000000e+02,2.362634866173889804e+03,1.700005439580199251e+01,3.527433258469915567e-02,7.391135467904879874e+01
3.460000000000000000e+02,2.342093849037607015e+03,1.715044602519254724e+01,3.539541934501548581e-02,7.258407929006794745e+01
3.470000000000000000e+02,2.321852714894751443e+03,1.729876951278851394e+01,3.551626874197106459e-02,7.123106607115147426e+01
3.480000000000000000e+02,2.301917583730853949e+03,1.744480565766308189e+01,3.563689968229962618e-02,6.985234578084687485e+01
3.490000000000000000e+02,2.282302003274815888e+03,1.758870669568799272e+01,3.575733133270678904e-02,6.845017739392586975e+01
3.500000000000000000e+02,2.263004664195440000e+03,1.773032774740912387e+01,3.587758309491721753e-02,6.702384825358508635e+01
3.510000000000000000e+02,2.244039212009510720e+03,1.786967284343959150e+01,3.599767458040620954e-02,6.557486377778303677e+01
3.520000000000000000e+02,2.225412257052488258e+03,1.800667304831297244e+01,3.611762558495820036e-02,6.410394570770758094e+01
3.530000000000000000e+02,2.207123079963246710e+03,1.814125976831326525e+01,3.623745606345417369e-02,6.261106251479176876e+01
3.540000000000000000e+02,2.189178390380420296e+03,1.827343870928869407e+01,3.635718610441281140e-02,6.109841087523314940e+01
3.550000000000000000e+02,2.171592327191568529e+03,1.840306702543699302e+01,3.647683590524180425e-02,5.956521582302109152e+01
3.560000000000000000e+02,2.154356745376892377e+03,1.853015045258906923e+01,3.659642574750289479e-02,5.801218775845168807e+01
3.570000000000000000e+02,2.137478357999208583e+03,1.865462045695609206e+01,3.671597597288791398e-02,5.644003677660386131e+01
3.580000000000000000e+02,2.120963879734692910e+03,1.877640851786837928e+01,3.683550695968295513e-02,5.484947266602583937e+01
3.590000000000000000e+02,2.104812598744979823e+03,1.889537184349146060e+01,3.695503910013646365e-02,5.324046207255580043e+01
3.600000000000000000e+02,2.089023805239505691e+03,1.901151622053538759e+01,3.707459277839443568e-02,5.161445700340095044e+01
3.610000000000000000e+02,2.073604220026365510e+03,1.912477316293235674e+01,3.719418834967037207e-02,4.997038351716384597e+01
3.620000000000000000e+02,2.058553137999766022e+03,1.923507419450903200e+01,3.731384612009033125e-02,4.831006441884293423e+01
3.630000000000000000e+02,2.043884713365032894e+03,1.934235084814111261e+01,3.743358632792939678e-02,4.663405938316675758e+01
3.640000000000000000e+02,2.029583389696754466e+03,1.944660894839631382e+01,3.755342912579062026e-02,4.494300205726865016e+01
3.650000000000000000e+02,2.015670755235249544e+03,1.954778004365635979e+01,3.767339456402438169e-02,4.323767434397441889e+01
3.660000000000000000e+02,2.002138687862453935e+03,1.964579568873361026e+01,3.779350257543749592e-02,4.151885783473771596e+01
3.670000000000000000e+02,1.988993925314936178e+03,1.974066172747571457e+01,3.791377296120112400e-02,3.978718524273100599e+01
3.680000000000000000e+02,1.976235780227652867e+03,1.983223544134886751e+01,3.803422537821185556e-02,3.804351182060973002e+01
3.690000000000000000e+02,1.963863568561450620e+03,1.992067124953309687e+01,3.815487932761394557e-02,3.628854394340801548e+01
3.700000000000000000e+02,1.951891466363459358e+03,2.000567787296778377e+01,3.827575414461021480e-02,3.452291339260655434e+01
3.710000000000000000e+02,1.940303939708172948e+03,2.008748401894532876e+01,3.839686898984125824e-02,3.274747449086643059e+01
3.720000000000000000e+02,1.929115171524904099e+03,2.016579841112942972e+01,3.851824284153530786e-02,3.096285840189734984e+01
3.730000000000000000e+02,1.918317063154694779e+03,2.024077547413275013e+01,3.863989448941974880e-02,2.916984454901470514e+01
3.740000000000000000e+02,1.907916376093903864e+03,2.031234678103295010e+01,3.876184252949602116e-02,2.736921204934193597e+01
3.750000000000000000e+02,1.897905018569817685e+03,2.038044390291222641e+01,3.888410536021304903e-02,2.556151686467512008e+01
3.760000000000000000e+02,1.888289758903280926e+03,2.044499840788424549e+01,3.900670117928991404e-02,2.374761178753960422e+01
3.770000000000000000e+02,1.879077368755677298e+03,2.050601614361820424e+01,3.912964798200150446e-02,2.192812645838077046e+01
3.780000000000000000e+02,1.870252338012505788e+03,2.056342866935142411e+01,3.925296356010029436e-02,2.010376450145407290e+01
3.790000000000000000e+02,1.861828873157345242e+03,2.061716753840570249e+01,3.937666550169558605e-02,1.827530352687931625e+01
3.800000000000000000e+02,1.853806327081646032e+03,2.066723858070076147e+01,3.950077119176510082e-02,1.644344656586689624e+01
3.810000000000000000e+02,1.846176627336589263e+03,2.071364761826015410e+01,3.962529781338534202e-02,1.460882207312886827e+01
3.820000000000000000e+02,1.838946561077082151e+03,2.075617761371047365e+01,3.975026234933962122e-02,1.277220677998005449e+01
3.830000000000000000e+02,1.832115489897292264e+03,2.079505722080891417e+01,3.987568158443223487e-02,1.093437713011217127e+01
3.840000000000000000e+02,1.825675349711385252e+03,2.083014366492038860e+01,4.000157210773822719e-02,9.096183566063801962e+00
3.850000000000000000e+02,1.819625507330696337e+03,2.086144272653900700e+01,4.012795031535115742e-02,7.258327681871441506e+00
3.860000000000000000e+02,1.813972760337828049e+03,2.088903445679001436e+01,4.025483241285946617e-02,5.421733643934568470e+00
3.870000000000000000e+02,1.808716480259181481e+03,2.091285032592688964e+01,4.038223441823297899e-02,3.587102493549722215e+00
3.880000000000000000e+02,1.803841184088154250e+03,2.093297035634732239e+01,4.051017216410795346e-02,1.755283568171188469e+00
3.890000000000000000e+02,1.799353675911763958e+03,2.094932598759073628e+01,4.063866129971301089e-02,-7.294834514687953408e-02
3.900000000000000000e+02,1.795253333388382316e+03,2.096192292585329753e+01,4.076771729412892453e-02,-1.896818722094653076e+00
3.910000000000000000e+02,1.791539535981498830e+03,2.097076685949875596e+01,4.089735543540848339e-02,-3.715553296747879486e+00
3.920000000000000000e+02,1.788196808148869650e+03,2.097578917456795367e+01,4.102759083283577524e-02,-5.528378057001833490e+00
3.930000000000000000e+02,1.785239389341105380e+03,2.097706980430301371e+01,4.115843841665119129e-02,-7.334593523299242968e+00
3.940000000000000000e+02,1.782651807105389480e+03,2.097454009415670484e+01,4.128991293733864226e-02,-9.133500460143524791e+00
3.950000000000000000e+02,1.780433447102477203e+03,2.096813136782011000e+01,4.142202896415925900e-02,-1.092425130389913157e+01
3.960000000000000000e+02,1.778583696332489808e+03,2.095799777675645359e+01,4.155480088268632272e-02,-1.270615471974641508e+01
3.970000000000000000e+02,1.777094514722683698e+03,2.094399631471374690e+01,4.168824289143845813e-02,-1.447845274555808004e+01
3.980000000000000000e+02,1.775972720128752599e+03,2.092620680127650701e+01,4.182236899753730835e-02,-1.624043963967680426e+01
3.990000000000000000e+02,1.775210274897598538e+03,2.090456046339195240e+01,4.195719301112558336e-02,-1.799137273467646736e+01
4.000000000000000000e+02,1.774806570895636241e+03,2.087921135192553024e+01,4.209272853903088529e-02,-1.973052888658018134e+01
4.010000000000000000e+02,1.774761121300209197e+03,2.085001586549480024e+01,4.222898897696916037e-02,-2.145719399316388021e+01
4.020000000000000000e+02,1.775066492705314204e+03,2.081705126194979272e+01,4.236598750087880449e-02,-2.317065384661418292e+01
4.030000000000000000e+02,1.775722801393340205e+03,2.078039427901405034e+01,4.250373705693114706e-02,-2.487022555241086508e+01
4.040000000000000000e+02,1.776730164870538374e+03,2.073997305704000382e+01,4.264225035072099351e-02,-2.655517885731557826e+01
4.050000000000000000e+02,1.778073845216712925e+03,2.069578998858610319e+01,4.278153983519385195e-02,-2.822482825366573422e+01
4.060000000000000000e+02,1.779753962550722235e+03,2.064799600099489041e+01,4.292161769762127543e-02,-2.987855525698513048e+01
4.070000000000000000e+02,1.781770638408398554e+03,2.059651913796250966e+01,4.306249584541573666e-02,-3.151554097774855734e+01
4.080000000000000000e+02,1.784116567484114057e+03,2.054128740913447970e+01,4.320418589134451121e-02,-3.313511524603558200e+01
4.090000000000000000e+02,1.786777017735358413e+03,2.048252592321117049e+01,4.334669913755160447e-02,-3.473660803654161811e+01
4.100000000000000000e+02,1.789766972250537947e+03,2.042016261903020791e+01,4.349004655904222666e-02,-3.631927517692081864e+01
4.110000000000000000e+02,1.793056845874138617e+03,2.035419968218917219e+01,4.363423878619881319e-02,-3.788266975697990091e+01
4.120000000000000000e+02,1.796661625547498261e+03,2.028471354416356931e+01,4.377928608687794293e-02,-3.942604785218154717e+01
4.130000000000000000e+02,1.800574015303364604e+03,2.021170631442805643e+01,4.392519834797392608e-02,-4.094896278303665582e+01
4.140000000000000000e+02,1.804786721471312603e+03,2.013525434659640823e+01,4.407198505657893700e-02,-4.245074512181530224e+01
4.150000000000000000e+02,1.809285024488775207e+03,2.005543395406341745e+01,4.421965528058623141e-02,-4.393087410115111879e+01
4.160000000000000000e+02,1.814083920818875413e+03,1.997217284215356869e+01,4.436821764949908792e-02,-4.538882903799927249e+01
4.170000000000000000e+02,1.819161267968677294e+03,1.988562152479768486e+01,4.451768033485076909e-02,-4.682386647397091650e+01
4.180000000000000000e+02,1.824524639814464990e+03,1.979578190619514899e+01,4.466805103082813200e-02,-4.823554015057960953e+01
4.190000000000000000e+02,1.830159328324085664e+03,1.970265584700497641e+01,4.481933693501948673e-02,-4.962318101534808079e+01
4.200000000000000000e+02,1.836072913832155109e+03,1.960624516354381086e+01,4.497154472943157288e-02,-5.098626862984840358e+01
4.210000000000000000e+02,1.842250695110411471e+03,1.950670019400152100e+01,4.512468056190801352e-02,-5.232420830963418013e+01
4.220000000000000000e+02,1.848685402937248000e+03,1.940394838015245327e+01,4.527875002815106437e-02,-5.363633111460053726e+01
4.230000000000000000e+02,1.855384628611739345e+03,1.929799140060333684e+01,4.543375815422226460e-02,-5.492211668978055172e+01
4.240000000000000000e+02,1.862333682360002285e+03,1.918897945354819612e+01,4.558970938001245810e-02,-5.618104468856630973e+01
4.250000000000000000e+02,1.869525306886273711e+03,1.907691412202644443e+01,4.574660754341672991e-02,-5.741259476288086461e+01
4.260000000000000000e+02,1.876959677514145142e+03,1.896187122371476264e+01,4.590445586550520596e-02,-5.861654368731384324e+01
4.270000000000000000e+02,1.884614688916710293e+03,1.884400081022862850e+01,4.606325693679842737e-02,-5.979244536469193605e+01
4.280000000000000000e+02,1.892505382038460084e+03,1.872337859943695548e+01,4.622301270464670292e-02,-6.093992795014690245e+01
4.290000000000000000e+02,1.900602232350090389e+03,1.860000597480065210e+01,4.638372446187261772e-02,-6.205869384115161580e+01
4.300000000000000000e+02,1.908905433445238486e+03,1.847395855173605739e+01,4.654539283675691169e-02,-6.314822253353178638e+01
4.310000000000000000e+02,1.917415183719515653e+03,1.834546046049685231e+01,4.670801778427496886e-02,-6.420829059599829236e+01
4.320000000000000000e+02,1.926116829735072315e+03,1.821443864456012207e+01,4.687159857888608533e-02,-6.523852595914713959e+01
4.330000000000000000e+02,1.935018008021273772e+03,1.808096856106537587e+01,4.703613380873209598e-02,-6.623840790548179314e+01
4.340000000000000000e+02,1.944096646656224721e+03,1.794519989675981719e+01,4.720162137134626540e-02,-6.720771276046419018e+01
4.350000000000000000e+02,1.953360392085472085e+03,1.780705943346106679e+01,4.736805847085829441e-02,-6.814591961455101909e+01
4.360000000000000000e+02,1.962802039020367147e+03,1.766669674857058681e+01,4.753544161684532948e-02,-6.905273029779354488e+01
4.370000000000000000e+02,1.972414387121439859e+03,1.752411279708670833e+01,4.770376662460931033e-02,-6.992777223594204372e+01
4.380000000000000000e+02,1.982190240964270288e+03,1.737945704516800660e+01,4.787302861705670237e-02,-7.077067272410002374e+01
4.390000000000000000e+02,1.992129838338727723e+03,1.723273033570570689e+01,4.804322202807317227e-02,-7.158105891691837996e+01
4.400000000000000000e+02,2.002218565130576508e+03,1.708400773844368459e+01,4.821434060732414373e-02,-7.235878066934436958e+01
4.410000000000000000e+02,2.012449240288321334e+03,1.693343854962180828e+01,4.838637742668214226e-02,-7.310353910940226285e+01
4.420000000000000000e+02,2.022807259023043798e+03,1.678102344114409306e+01,4.855932488784953094e-02,-7.381510947904997977e+01
4.430000000000000000e+02,2.033292877744350790e+03,1.662691159429730092e+01,4.873317473136099670e-02,-7.449311827408051556e+01
4.440000000000000000e+02,2.043891500530158737e+03,1.647117784898602721e+01,4.890791804697459944e-02,-7.513741465210689796e+01
4.450000000000000000e+02,2.054595964034661847e+03,1.631382270351032560e+01,4.908354528513243081e-02,-7.574777328909134155e+01
4.460000000000000000e+02,2.065399108982668167e+03,1.615506944838924852e+01,4.926004626958092186e-02,-7.632396865345687331e+01
4.470000000000000000e+02,2.076293780002569747e+03,1.599491846519620708e+01,4.943741021092947635e-02,-7.686607213077945744e+01
4.480000000000000000e+02,2.087287682149330521e+03,1.583351864395935849e+01,4.961562572130589349e-02,-7.737393203002795872e+01
4.490000000000000000e+02,2.098366238966392302e+03,1.567094453258062003e+01,4.979468082965978620e-02,-7.784747070840968775e+01
4.500000000000000000e+02,2.109522305691764814e+03,1.550719633680140319e+01,4.997456299776806971e-02,-7.828668456228663786e+01
4.510000000000000000e+02,2.120756214693432867e+03,1.534249639647347685e+01,5.015525913706957162e-02,-7.869149222466251103e+01
4.520000000000000000e+02,2.132068483823279166e+03,1.517684151135632931e+01,5.033675562568445255e-02,-7.906172487674636784e+01
4.530000000000000000e+02,2.143437394243756899e+03,1.501037633195123711e+01,5.051903832613049289e-02,-7.939728448564829932e+01
4.540000000000000000e+02,2.154863514678302636e+03,1.484317116686822580e+01,5.070209260288791736e-02,-7.969799845514070569e+01
4.550000000000000000e+02,2.166332559444763319e+03,1.467529626650019026e+01,5.088590334059295978e-02,-7.996376818401395781e+01
4.560000000000000000e+02,2.177837673290837301e+03,1.450682182323780189e+01,5.107045496191681827e-02,-8.019442049051538390e+01
4.570000000000000000e+02,2.189372002829888061e+03,1.433781797172745698e+01,5.125573144550887167e-02,-8.038985617089322488e+01
4.580000000000000000e+02,2.200921267979446839e+03,1.416842907267539609e+01,5.144171634373476132e-02,-8.054982714052590609e+01
4.590000000000000000e+02,2.212471190104166908e+03,1.399872514618820496e+01,5.162839280010810689e-02,-8.067445641017562252e+01
4.600000000000000000e+02,2.224037205214720871e+03,1.382877615566480145e+01,5.181574356641321932e-02,-8.076386666031454808e+01
4.610000000000000000e+02,2.235590180269539360e+03,1.365865200823022541e+01,5.200375101932667304e-02,-8.081736311454037036e+01
4.620000000000000000e+02,2.247152981539722532e+03,1.348857112221881316e+01,5.219239717635947712e-02,-8.083722199025470445e+01
4.630000000000000000e+02,2.258696477525647879e+03,1.331860329368650753e+01,5.238166371138296140e-02,-8.082200497559917096e+01
4.640000000000000000e+02,2.270243535689915007e+03,1.314881826398259612e+01,5.257153196926320909e-02,-8.077250190193008450e+01
4.650000000000000000e+02,2.281765025393471660e+03,1.297936000386301636e+01,5.276198297980649876e-02,-8.068875939611046988e+01
4.660000000000000000e+02,2.293276386299367459e+03,1.281029814714013249e+01,5.295299747087612446e-02,-8.057156654307217991e+01
4.670000000000000000e+02,2.304763344732245059e+03,1.264177655838623515e+01,5.314455588063297237e-02,-8.042022637337794322e+01
4.680000000000000000e+02,2.316211626953323503e+03,1.247386476667044697e+01,5.333663836883218573e-02,-8.023552719608690609e+01
4.690000000000000000e+02,2.327621815747237179e+03,1.230663224984602344e+01,5.352922482735034820e-02,-8.001751408657824527e+01
4.700000000000000000e+02,2.338979636919990753e+03,1.214014843537795940e+01,5.372229488951110743e-02,-7.976623171461244510e+01
4.710000000000000000e+02,2.350270815911176214e+03,1.197455698471493513e+01,5.391582793871803336e-02,-7.948098150248550553e+01
4.720000000000000000e+02,2.361495934418952402e+03,1.181000151069796011e+01,5.410980311597043957e-02,-7.916329295845595482e+01
4.730000000000000000e+02,2.372640716936198260e+03,1.164647701150726711e+01,5.430419932660868892e-02,-7.881172382505012308e+01
4.740000000000000000e+02,2.383705744101112032e+03,1.148405272216216488e+01,5.449899524596364675e-02,-7.842854558792683406e+01
4.750000000000000000e+02,2.394684167608164898e+03,1.132294639905524747e+01,5.469416932432231981e-02,-7.801231511943200303e+01
4.760000000000000000e+02,2.405576566881969939e+03,1.116322718701300865e+01,5.488969979094632939e-02,-7.756381735277460621e+01
4.770000000000000000e+02,2.416368664011003148e+03,1.100488990390691768e+01,5.508556465735292562e-02,-7.708383677110529675e+01
4.780000000000000000e+02,2.427068465493782242e+03,1.084815217580911018e+01,5.528174171990530433e-02,-7.657241456682939429e+01
4.790000000000000000e+02,2.437676548842483953e+03,1.069308302066188254e+01,5.547820856174949522e-02,-7.603063144019580477e+01
4.800000000000000000e+02,2.448171205895939693e+03,1.053982570000259500e+01,5.567494255410901371e-02,-7.545793338793384919e+01
4.810000000000000000e+02,2.458567869643070935e+03,1.038830058620541408e+01,5.587192085718652168e-02,-7.485510303828503709e+01
4.820000000000000000e+02,2.468837402398550694e+03,1.023879943178658536e+01,5.606912042059337270e-02,-7.422247684208687701e+01
4.830000000000000000e+02,2.478987807689875353e+03,1.009131681919977019e+01,5.626651798336520377e-02,-7.356046505265322821e+01
4.840000000000000000e+02,2.489004803494525277e+03,9.945995863200094433e+00,5.646409007401891750e-02,-7.286947743786090825e+01
4.850000000000000000e+02,2.498874107333560914e+03,9.802905361716462096e+00,5.666181301016249422e-02,-7.214984899246982764e+01
4.860000000000000000e+02,2.508603721367754133e+03,9.662114080763041457e+00,5.685966289830025194e-02,-7.140206278469356960e+01
4.870000000000000000e+02,2.518179362342810691e+03,9.523690755876820901e+00,5.705761563354000421e-02,-7.062645281850012680e+01
4.880000000000000000e+02,2.527594175037257628e+03,9.387852660587283182e+00,5.725564689964709325e-02,-6.982357544768950675e+01
4.890000000000000000e+02,2.536856160658548561e+03,9.254519906892630488e+00,5.745373216910160813e-02,-6.899398652221263717e+01
4.900000000000000000e+02,2.545951035135470647e+03,9.123909714796001325e+00,5.765184670375209791e-02,-6.813816710176315894e+01
4.910000000000000000e+02,2.554879370909709905e+03,8.996090712830950409e+00,5.784996555583889893e-02,-6.725674630365332973e+01
4.920000000000000000e+02,2.563641740271205890e+03,8.871057223127648328e+00,5.804806356949159668e-02,-6.635012988295039804e+01
4.930000000000000000e+02,2.572238715388491073e+03,8.748952113506087258e+00,5.824611538296864399e-02,-6.541902021492920483e+01
4.940000000000000000e+02,2.580663439982255113e+03,8.629918232077967488e+00,5.844409543152401243e-02,-6.446374774177647282e+01
4.950000000000000000e+02,2.588909057691927956e+03,8.514024125371177476e+00,5.864197795106727840e-02,-6.348508808964225381e+01
4.960000000000000000e+02,2.596976140433932414e+03,8.401264039975817610e+00,5.883973698273289171e-02,-6.248344494893812850e+01
4.970000000000000000e+02,2.604850403349797944e+03,8.291780774715961755e+00,5.903734637828715603e-02,-6.145944434148935187e+01
4.980000000000000000e+02,2.612532418196196431e+03,8.185642831823445320e+00,5.923477980663056225e-02,-6.041371176946992705e+01
4.990000000000000000e+02,2.620015328272791976e+03,8.082918702138094602e+00,5.943201076115257192e-02,-5.934679793165677353e+01
5.000000000000000000e+02,2.627292276740142825e+03,7.983751150323127987e+00,5.962901256832263408e-02,-5.825917872350365201e+01
5.010000000000000000e+02,2.634356431893130775e+03,7.888134071253666058e+00,5.982575839722137356e-02,-5.715154587740376968e+01
5.020000000000000000e+02,2.641208491407222027e+03,7.796208741273463971e+00,6.002222127018688042e-02,-5.602456463047427349e+01
5.030000000000000000e+02,2.647841749619491566e+03,7.707967570432847637e+00,6.021837407475923165e-02,-5.487874464101610528e+01
5.040000000000000000e+02,2.654256928832982339e+03,7.623625816598418758e+00,6.041418957650492028e-02,-5.371496646853879042e+01
5.050000000000000000e+02,2.660462179225842192e+03,7.543101602712250831e+00,6.060964043311342642e-02,-5.253381302393017904e+01
5.060000000000000000e+02,2.666443365347773579e+03,7.466535903096486848e+00,6.080469920954510027e-02,-5.133594098898775826e+01
5.070000000000000000e+02,2.672208636107576240e+03,7.394010267940553938e+00,6.099933839416327858e-02,-5.012200653526139860e+01
5.080000000000000000e+02,2.677751282896901557e+03,7.325591395208094880e+00,6.119353041604418120e-02,-4.889273961022695403e+01
5.090000000000000000e+02,2.683064596155209983e+03,7.261331132450572490e+00,6.138724766319335335e-02,-4.764879537327707482e+01
5.100000000000000000e+02,2.688164150275019892e+03,7.201288763679062122e+00,6.158046250167715369e-02,-4.639090276604526508e+01
5.110000000000000000e+02,2.693028376645125263e+03,7.145516154491449612e+00,6.177314729567717766e-02,-4.511964166553844535e+01
5.120000000000000000e+02,2.697672846989809386e+03,7.094065182256501956e+00,6.196527442829515009e-02,-4.383574002210589526e+01
5.130000000000000000e+02,2.702083418045666349e+03,7.047002594653450025e+00,6.215681632318695304e-02,-4.253992529670897937e+01
5.140000000000000000e+02,2.706260801485457705e+03,7.004380298114956993e+00,6.234774546670999312e-02,-4.123277589850349756e+01
5.150000000000000000e+02,2.710205707034262559e+03,6.966242788025333255e+00,6.253803443070699020e-02,-3.991501832374607517e+01
5.160000000000000000e+02,2.713918842281484558e+03,6.932649435622701084e+00,6.272765589577007639e-02,-3.858745287749309938e+01
5.170000000000000000e+02,2.717393484139065094e+03,6.903637348101994142e+00,6.291658267485407408e-02,-3.725065654509288038e+01
5.180000000000000000e+02,2.720622906997833525e+03,6.879265940572894422e+00,6.310478773716367284e-02,-3.590542869899915246e+01
5.190000000000000000e+02,2.723615239232895874e+03,6.859572367816292982e+00,6.329224423221799234e-02,-3.455249397085082563e+01
5.200000000000000000e+02,2.726356321257288982e+03,6.844601239544191529e+00,6.347892551396148997e-02,-3.319250225784818298e+01
5.210000000000000000e+02,2.728854275429607242e+03,6.834404622258899664e+00,6.366480516480309271e-02,-3.182625157991760645e+01
5.220000000000000000e+02,2.731102364111311090e+03,6.829019756060874080e+00,6.384985701971916672e-02,-3.045439095263438389e+01
5.230000000000000000e+02,2.733093846179428510e+03,6.828483913207104905e+00,6.403405518976133803e-02,-2.907764324493320274e+01
5.240000000000000000e+02,2.734844261894324063e+03,6.832819543266561269e+00,6.421737408542554926e-02,-2.769680518657544965e+01
5.250000000000000000e+02,2.736339434270938000e+03,6.842056560024324163e+00,6.439978843969322575e-02,-2.631252452536763897e+01
5.260000000000000000e+02,2.737594895710853962e+03,6.856217486631641655e+00,6.458127333023128136e-02,-2.492552288564764140e+01
5.270000000000000000e+02,2.738603889388752577e+03,6.875332314152837299e+00,6.476180420121510628e-02,-2.353652149300783591e+01
5.280000000000000000e+02,2.739367082500745255e+03,6.899431075057060880e+00,6.494135688421980024e-02,-2.214631546626446124e+01
5.290000000000000000e+02,2.739885137771525933e+03,6.928528988354337059e+00,6.511990761836315700e-02,-2.075547669214967073e+01
5.300000000000000000e+02,2.740166141672936192e+03,6.962641318126154388e+00,6.529743306981544704e-02,-1.936494810226312069e+01
5.310000000000000000e+02,2.740195890902969040e+03,7.001798232049517345e+00,6.547391034988322978e-02,-1.797537513070498960e+01
5.320000000000000000e+02,2.739989890729882518e+03,7.046000233110733646e+00,6.564931703246938699e-02,-1.658769999146967322e+01
5.330000000000000000e+02,2.739541356445775364e+03,7.095262731513619414e+00,6.582363117027921484e-02,-1.520249313650976397e+01
5.340000000000000000e+02,2.738843498336086213e+03,7.149601189776022991e+00,6.599683130995308289e-02,-1.382069610055489939e+01
5.350000000000000000e+02,2.737911806662921663e+03,7.209038552866431360e+00,6.616889650608588636e-02,-1.244295295958537650e+01
5.360000000000000000e+02,2.736732053159963016e+03,7.273575536577948419e+00,6.633980633391446669e-02,-1.107020460904530346e+01
5.370000000000000000e+02,2.735319717795380257e+03,7.343212914341202158e+00,6.650954090101864058e-02,-9.703020222705516673e+00
5.380000000000000000e+02,2.733667990295306936e+03,7.417958947323421981e+00,6.667808085758235304e-02,-8.342191531256405668e+00
5.390000000000000000e+02,2.731784911884552912e+03,7.497799672761405354e+00,6.684540740565068917e-02,-6.988509982556210254e+00
5.400000000000000000e+02,2.729656233538912602e+03,7.582736047431286153e+00,6.701150230690053333e-02,-5.642618185560198896e+00
5.410000000000000000e+02,2.727304842804521286e+03,7.672776520999726735e+00,6.717634788946684476e-02,-4.305232771936660541e+00
5.420000000000000000e+02,2.724723908676392057e+03,7.767907324306492001e+00,6.733992705348340602e-02,-2.977144407345483135e+00
5.430000000000000000e+02,2.721906595043142715e+03,7.868122184430008659e+00,6.750222327541967327e-02,-1.659017237426220648e+00
5.440000000000000000e+02,2.718868345793844583e+03,7.973414897981225380e+00,6.766322061140417343e-02,-3.515597514611271124e-01
5.450000000000000000e+02,2.715609743134551536e+03,8.083749619325406144e+00,6.782290369935377317e-02,9.445717744121235881e-01
5.460000000000000000e+02,2.712123936017274445e+03,8.199127717334205201e+00,6.798125776031534173e-02,2.228713838477204945e+00
5.470000000000000000e+02,2.708418925279543146e+03,8.319513493459284703e+00,6.813826859860920571e-02,3.500188273015826912e+00
5.480000000000000000e+02,2.704495278691656495e+03,8.444826754932897472e+00,6.829392260119250546e-02,4.758346802187851665e+00
5.490000000000000000e+02,2.700353559413144922e+03,8.575210236901108729e+00,6.844820673629341268e-02,6.002501946007319233e+00
5.500000000000000000e+02,2.695994326106168046e+03,8.710435335900506004e+00,6.860110855111327399e-02,7.231997577161465074e+00
5.510000000000000000e+02,2.691432911958198929e+03,8.850645428719973395e+00,6.875261616906452877e-02,8.446145050962869050e+00
5.520000000000000000e+02,2.686654621313085499e+03,8.995688769423445308e+00,6.890271828626480521e-02,9.644269327573002926e+00
5.530000000000000000e+02,2.681674389993340810e+03,9.145562744662543153e+00,6.905140416764667111e-02,1.082569625165774241e+01
5.540000000000000000e+02,2.676499721477262483e+03,9.300264825675034430e+00,6.919866364262743097e-02,1.198976662679794991e+01
5.550000000000000000e+02,2.671123258681269363e+03,9.459718286120965658e+00,6.934448710036819619e-02,1.313579906056939706e+01
5.560000000000000000e+02,2.665545069143604906e+03,9.623920770390668622e+00,6.948886548500581017e-02,1.426311966465299541e+01
5.570000000000000000e+02,2.659787501857022562e+03,9.792795727866277389e+00,6.963179029048642554e-02,1.537112889657801240e+01
5.580000000000000000e+02,2.653835760597055469e+03,9.966340981155040524e+00,6.977325355561511677e-02,1.645912326579253104e+01
5.590000000000000000e+02,2.647697330851298375e+03,1.014448016027372645e+01,6.991324785878562376e-02,1.752662959579054913e+01
5.600000000000000000e+02,2.641372266541631234e+03,1.032721127080230694e+01,7.005176631316091529e-02,1.857302616450875732e+01
5.610000000000000000e+02,2.634875475193137390e+03,1.051438384448378471e+01,7.018880256173903875e-02,1.959769125748896101e+01
5.620000000000000000e+02,2.628192147944779208e+03,1.070607035780104077e+01,7.032435077289947434e-02,2.060022600444558805e+01
5.630000000000000000e+02,2.621337186456691143e+03,1.090212053198239595e+01,7.045840563611462104e-02,2.157986009721313181e+01
5.640000000000000000e+02,2.614318061256548845e+03,1.110253275148968299e+01,7.059096235800046970e-02,2.253612032714869784e+01
5.650000000000000000e+02,2.607119955128287984e+03,1.130723121443993762e+01,7.072201665907071333e-02,2.346853343691994098e+01
5.660000000000000000e+02,2.599757761644034872e+03,1.151621450049279360e+01,7.085156477062136415e-02,2.437662610622686898e+01
5.670000000000000000e+02,2.592238943483459934e+03,1.172925843767453458e+01,7.097960343232119496e-02,2.525977637044829649e+01
5.680000000000000000e+02,2.584556104144109668e+03,1.194643608768042498e+01,7.110612989044119703e-02,2.611758502374195245e+01
5.690000000000000000e+02,2.576716701392612322e+03,1.216767204559473470e+01,7.123114189644232097e-02,2.694957847056491929e+01
5.700000000000000000e+02,2.568720762253519752e+03,1.239281672407699020e+01,7.135463770647694492e-02,2.775528299465634774e+01
5.710000000000000000e+02,2.560575739738649645e+03,1.262186920450182548e+01,7.147661608114261322e-02,2.853415046097230601e+01
5.720000000000000000e+02,2.552289084514885872e+03,1.285468010352845702e+01,7.159707628616215902e-02,2.928592971860052785e+01
5.730000000000000000e+02,2.543860816561263164e+03,1.309124870763687554e+01,7.171601809359466617e-02,3.001007231811539810e+01
5.740000000000000000e+02,2.535290953516017453e+03,1.333150012309264554e+01,7.183344178355194343e-02,3.070632676495403146e+01
5.750000000000000000e+02,2.526601795713870615e+03,1.357528527636432081e+01,7.194934814667937328e-02,3.137436708724964873e+01
5.760000000000000000e+02,2.517778499360690603e+03,1.382260376499314880e+01,7.206373848709424212e-02,3.201379282117596858e+01
5.770000000000000000e+02,2.508843360003240377e+03,1.407330672388942361e+01,7.217661462585157894e-02,3.262420327980196788e+01
5.780000000000000000e+02,2.499788957335353189e+03,1.432731967608988377e+01,7.228797890496851952e-02,3.320519753846125610e+01
5.790000000000000000e+02,2.490622725249663745e+03,1.458464253295082713e+01,7.239783419181747282e-02,3.375659727065603022e+01
5.800000000000000000e+02,2.481352095079906121e+03,1.484505246027392289e+01,7.250618388397715719e-02,3.427800103247503927e+01
5.810000000000000000e+02,2.471984495537079511e+03,1.510854957939934096e+01,7.261303191441646765e-02,3.476900709858126959e+01
5.820000000000000000e+02,2.462519924289607388e+03,1.537498554971347531e+01,7.271838275691273890e-02,3.522928773125141078e+01
5.830000000000000000e+02,2.452958376239194422e+03,1.564428641911846007e+01,7.282224143163293362e-02,3.565858916598069328e+01
5.840000000000000000e+02,2.443314700143100708e+03,1.591645262393554638e+01,7.292461351101055256e-02,3.605650874665803940e+01
5.850000000000000000e+02,2.433588885132146970e+03,1.619118757123745667e+01,7.302550512549395301e-02,3.642279204534749937e+01
5.860000000000000000e+02,2.423780917328489977e+03,1.646856619015685297e+01,7.312492296940178993e-02,3.675710999765150433e+01
5.870000000000000000e+02,2.413898208112534576e+03,1.674844066359333183e+01,7.322287430664314867e-02,3.705935602270162832e+01
5.880000000000000000e+02,2.403955594040086908e+03,1.703066327838906346e+01,7.331936697619344245e-02,3.732927459174752727e+01
5.890000000000000000e+02,2.393938195009860010e+03,1.731516070844011423e+01,7.341440939753049455e-02,3.756668406489730927e+01
5.900000000000000000e+02,2.383868269337202491e+03,1.760185973074410271e+01,7.350801057543689121e-02,3.777132811048721095e+01
5.910000000000000000e+02,2.373745786877400860e+03,1.789061294138863545e+01,7.360018010456609305e-02,3.794309854211627453e+01
5.920000000000000000e+02,2.363570714006631079e+03,1.818134732198831216e+01,7.369092817358850744e-02,3.808166388782379386e+01
5.930000000000000000e+02,2.353350441908363791e+03,1.847391567205313478e+01,7.378026556856834284e-02,3.818698936146964940e+01
5.940000000000000000e+02,2.343084929815976921e+03,1.876824517530801373e+01,7.386820367588461944e-02,3.825896543226766511e+01
5.950000000000000000e+02,2.332788990014539650e+03,1.906418883194402625e+01,7.395475448429397747e-02,3.829748209552663241e+01
5.960000000000000000e+02,2.322462574399674395e+03,1.936167402482114852e+01,7.403993058640451208e-02,3.830242886009126124e+01
5.970000000000000000e+02,2.312105631147580880e+03,1.966055395160305252e+01,7.412374517918474126e-02,3.827362045249211064e+01
5.980000000000000000e+02,2.301725533045253087e+03,1.996068190734170500e+01,7.420621206351718513e-02,3.821109393882858996e+01
5.990000000000000000e+02,2.291329649131327187e+03,2.026205985050654590e+01,7.428734564315103706e-02,3.811466301185630101e+01
6.000000000000000000e+02,2.280917916348668314e+03,2.056446698443927446e+01,7.436716092232879827e-02,3.798436368034190025e+01
6.010000000000000000e+02,2.270505118819764903e+03,2.086783163378363426e+01,7.444567350262641658e-02,3.782023016577608843e+01
6.020000000000000000e+02,2.260076300401622575e+03,2.117200977285287067e+01,7.452289957864319248e-02,3.762236545061950466e+01
6.030000000000000000e+02,2.249661065600525490e+03,2.147693221141078723e+01,7.459885593272091997e-02,3.739064785748752229e+01
6.040000000000000000e+02,2.239244445213628751e+03,2.178245556640121094e+01,7.467355992853356994e-02,3.712517798089707810e+01
6.050000000000000000e+02,2.228833751548756481e+03,2.208843654413654178e+01,7.474702950366636511e-02,3.682598154289757275e+01
6.060000000000000000e+02,2.218443721804907000e+03,2.239480622243129204e+01,7.481928316108139854e-02,3.649315794999672846e+01
6.070000000000000000e+02,2.208066804765659526e+03,2.270149576567605010e+01,7.489033995948402023e-02,3.612665743285979403e+01
6.080000000000000000e+02,2.197717731008325700e+03,2.300828785635470553e+01,7.496021950274721346e-02,3.572665245431988978e+01
6.090000000000000000e+02,2.187403799623578379e+03,2.331511382752309913e+01,7.502894192815792729e-02,3.529331484966454724e+01
6.100000000000000000e+02,2.177110021648220481e+03,2.362183081071686530e+01,7.509652789382782745e-02,3.482666725072526503e+01
6.110000000000000000e+02,2.166865975362887639e+03,2.392822173431416033e+01,7.516299856502839383e-02,3.432680592778453388e+01
6.120000000000000000e+02,2.156656666246149598e+03,2.423429245585625935e+01,7.522837559960279807e-02,3.379382649778148817e+01
6.130000000000000000e+02,2.146489382294904772e+03,2.453990034279387444e+01,7.529268113265173701e-02,3.322789819983467652e+01
6.140000000000000000e+02,2.136386265852609540e+03,2.484490283770020014e+01,7.535593776013364831e-02,3.262926388757767171e+01
6.150000000000000000e+02,2.126324886995321776e+03,2.514915745642818479e+01,7.541816852200676491e-02,3.199816573831017052e+01
6.160000000000000000e+02,2.116334812281741961e+03,2.545259606972068411e+01,7.547939688445853834e-02,3.133499381297728448e+01
6.170000000000000000e+02,2.106408464754829311e+03,2.575515061776627590e+01,7.553964672157173488e-02,3.063991463195403142e+01
6.180000000000000000e+02,2.096553122605070712e+03,2.605675310820899782e+01,7.559894229649471997e-02,2.991331686968220893e+01
6.190000000000000000e+02,2.086768634337145158e+03,2.635711276360279598e+01,7.565730824198305116e-02,2.915543993110616938e+01
6.200000000000000000e+02,2.077062275692721869e+03,2.665631028734610908e+01,7.571476954070484322e-02,2.836659679645658017e+01
6.210000000000000000e+02,2.067448749876567490e+03,2.695420359353011008e+01,7.577135150510351524e-02,2.754702544885104842e+01
6.220000000000000000e+02,2.057920474384408863e+03,2.725050208826372256e+01,7.582707975703152636e-02,2.669711171973761310e+01
6.230000000000000000e+02,2.048477294634461487e+03,2.754528665196873405e+01,7.588198020718248116e-02,2.581716643365462005e+01
6.240000000000000000e+02,2.039133912548777744e+03,2.783834108559070231e+01,7.593607903452506691e-02,2.490742540383039483e+01
6.250000000000000000e+02,2.029890173382852936e+03,2.812959780930418674e+01,7.598940266564342683e-02,2.396819799512103799e+01
6.260000000000000000e+02,2.020753351005409741e+03,2.841884072615060930e+01,7.604197775413090721e-02,2.299986712027684277e+01
6.270000000000000000e+02,2.011715863074083927e+03,2.870600235365453301e+01,7.609383116020296267e-02,2.200266638603559244e+01
6.280000000000000000e+02,2.002799841359746097e+03,2.899094097088213928e+01,7.614498993032824126e-02,2.097697722406844179e+01
6.290000000000000000e+02,1.993990276812492993e+03,2.927358918297234425e+01,7.619548127742001298e-02,1.992332888825128734e+01
6.300000000000000000e+02,1.985301874926632536e+03,2.955387963512213290e+01,7.624533256110613277e-02,1.884210131826237600e+01
6.310000000000000000e+02,1.976734485845547169e+03,2.983152215952931030e+01,7.629457126854315152e-02,1.773367370453174274e+01
6.320000000000000000e+02,1.968287961261381952e+03,3.010659804082633073e+01,7.634322499569004550e-02,1.659857305352816681e+01
6.330000000000000000e+02,1.959977011306796612e+03,3.037889146193640855e+01,7.639132142898145961e-02,1.543710276886695354e+01
6.340000000000000000e+02,1.951794062986381732e+03,3.064826091893053217e+01,7.643888832765739771e-02,1.424978835128422894e+01
6.350000000000000000e+02,1.943746402101374997e+03,3.091471350184140476e+01,7.648595350672547644e-02,1.303712483402780187e+01
6.360000000000000000e+02,1.935841316712916068e+03,3.117803347443103590e+01,7.653254482032684214e-02,1.179958421084776710e+01
6.370000000000000000e+02,1.928078668945405298e+03,3.143822797245501377e+01,7.657869014608846558e-02,1.053768229113113897e+01
6.380000000000000000e+02,1.920458323479868568e+03,3.169508129986806111e+01,7.662441736982908425e-02,9.251934130126143074e+00
6.390000000000000000e+02,1.912987576036557130e+03,3.194860062703157411e+01,7.666975437122841575e-02,7.942831744561731355e+00
6.400000000000000000e+02,1.905666296795865492e+03,3.219857028686495681e+01,7.671472900998338451e-02,6.610887198095399597e+00
6.410000000000000000e+02,1.898501787209223039e+03,3.244499747300194770e+01,7.675936911278688490e-02,5.256617745976562617e+00
6.420000000000000000e+02,1.891486495047716289e+03,3.268766653589334936e+01,7.680370246104195608e-02,3.880605263561490492e+00
6.430000000000000000e+02,1.884642584592020739e+03,3.292658468091797630e+01,7.684775677911302727e-02,2.483436821575169873e+00
6.440000000000000000e+02,1.877947653207567555e+03,3.316161054794533669e+01,7.689155972342483214e-02,1.065712116877959748e+00
6.450000000000000000e+02,1.871423871614697873e+03,3.339252849189448824e+01,7.693513887208193458e-02,-3.719847524944895900e-01
6.460000000000000000e+02,1.865071128793379103e+03,3.361934571378304071e+01,7.697852171519282971e-02,-1.829070427503540097e+00
6.470000000000000000e+02,1.858881888730900982e+03,3.384192084023770519e+01,7.702173564573930320e-02,-3.304880572769288261e+00
6.480000000000000000e+02,1.852863475510511535e+03,3.406011248750831300e+01,7.706480795106498971e-02,-4.798959578384616620e+00
6.490000000000000000e+02,1.847015788289793363e+03,3.427392782546918681e+01,7.710776580481702724e-02,-6.310496001088273132e+00
6.500000000000000000e+02,1.841353586372378004e+03,3.448322544059476513e+01,7.715063625936846581e-02,-7.838976254514830266e+00
6.510000000000000000e+02,1.835861907646590453e+03,3.468801254615894436e+01,7.719344623871460254e-02,-9.383666869430323132e+00
6.520000000000000000e+02,1.830548032623922154e+03,3.488822236633573937e+01,7.723622253167679308e-02,-1.094391837150989133e+01
6.530000000000000000e+02,1.825419233808770969e+03,3.508378817902556079e+01,7.727899178544885006e-02,-1.251915852658883388e+01
6.540000000000000000e+02,1.820475358816769358e+03,3.527464323360118215e+01,7.732178049944729570e-02,-1.410874151791982989e+01
6.550000000000000000e+02,1.815723687066060393e+03,3.546064646436186507e+01,7.736461501927860418e-02,-1.571202222325618258e+01
6.560000000000000000e+02,1.811149216363385904e+03,3.564187962149941313e+01,7.740752153095485644e-02,-1.732820764105360212e+01
6.570000000000000000e+02,1.806766661340073370e+03,3.581820156704027625e+01,7.745052605511215660e-02,-1.895680258431703891e+01
6.580000000000000000e+02,1.802575883332752028e+03,3.598954540581561190e+01,7.749365444134967418e-02,-2.059694112153392354e+01
6.590000000000000000e+02,1.798576747064870688e+03,3.615576991542092600e+01,7.753693236243433540e-02,-2.224805512027600685e+01
6.600000000000000000e+02,1.794769120627340271e+03,3.631688239369446336e+01,7.758038530848557213e-02,-2.390942853788664024e+01
6.610000000000000000e+02,1.791152875459599045e+03,3.647274152168612460e+01,7.762403858116437294e-02,-2.558034597981120584e+01
6.620000000000000000e+02,1.787735314682114449e+03,3.662328021115385468e+01,7.766791728734387390e-02,-2.726016697404816114e+01
6.630000000000000000e+02,1.784508888029826494e+03,3.676850560156368175e+01,7.771204633294322150e-02,-2.894810311121413449e+01
6.640000000000000000e+02,1.781480905239970753e+03,3.690827620659563024e+01,7.775645041623273357e-02,-3.064344088524874365e+01
6.650000000000000000e+02,1.778651250991456664e+03,3.704259904518201552e+01,7.780115402083956355e-02,-3.234554168323823120e+01
6.660000000000000000e+02,1.776012384898887831e+03,3.717140678804442899e+01,7.784618140857832436e-02,-3.405369320786198983e+01
6.670000000000000000e+02,1.773571626561800713e+03,3.729470632176171563e+01,7.789155661167507239e-02,-3.576710946647430234e+01
6.680000000000000000e+02,1.771336298867601499e+03,3.741235589534497308e+01,7.793730342473628725e-02,-3.748507932682393573e+01
6.690000000000000000e+02,1.769291442949643852e+03,3.752428796784897713e+01,7.798344539623786043e-02,-3.920696650540448758e+01
6.700000000000000000e+02,1.767451816653549258e+03,3.763058348900152339e+01,7.803000581958685622e-02,-4.093198670493672608e+01
6.710000000000000000e+02,1.765809896106087308e+03,3.773117476234486389e+01,7.807700772363618258e-02,-4.265943045250925536e+01
6.720000000000000000e+02,1.764365589143075113e+03,3.782591972591546181e+01,7.812447386288824680e-02,-4.438866308685963702e+01
6.730000000000000000e+02,1.763118806992453301e+03,3.791489908345896254e+01,7.817242670707921781e-02,-4.611882761129827202e+01
6.740000000000000000e+02,1.762069464314124616e+03,3.799804488415156101e+01,7.822088843041914707e-02,-4.784936466481806860e+01
6.750000000000000000e+02,1.761224907596556704e+03,3.807528908686941804e+01,7.826988090031247736e-02,-4.957941824033074596e+01
6.760000000000000000e+02,1.760577630158831653e+03,3.814663784098744514e+01,7.831942566563671049e-02,-5.130828137160865765e+01
6.770000000000000000e+02,1.760127557260509775e+03,3.821209720020632972e+01,7.836954394466194573e-02,-5.303532183538656142e+01
6.780000000000000000e+02,1.759867189466345280e+03,3.827152455291187749e+01,7.842025661254947710e-02,-5.475961071913795308e+01
6.790000000000000000e+02,1.759811316118329160e+03,3.832492575358538289e+01,7.847158418843419581e-02,-5.648044239057389149e+01
6.800000000000000000e+02,1.759952445310720123e+03,3.837230655323617157e+01,7.852354682236054040e-02,-5.819711163181737135e+01
6.810000000000000000e+02,1.760283089022409513e+03,3.841352402987321568e+01,7.857616428164379552e-02,-5.990869077328685677e+01
6.820000000000000000e+02,1.760803191553410898e+03,3.844865800353385765e+01,7.862945593733546013e-02,-6.161454966232312103e+01
6.830000000000000000e+02,1.761520129615217684e+03,3.847756533282654345e+01,7.868344075020000661e-02,-6.331383566250841000e+01
6.840000000000000000e+02,1.762433855724205841e+03,3.850032561354594662e+01,7.873813725666832519e-02,-6.500599362175809404e+01
6.850000000000000000e+02,1.763529469948243332e+03,3.851701832580931040e+01,7.879356355476443974e-02,-6.669032015462697416e+01
6.860000000000000000e+02,1.764814361757105644e+03,3.852757426474028080e+01,7.884973728985325558e-02,-6.836574077488093337e+01
6.870000000000000000e+02,1.766288496722270793e+03,3.853214695571632120e+01,7.890667564052242233e-02,-7.003244411539947123e+01
6.880000000000000000e+02,1.767951844968912383e+03,3.853059266763349910e+01,7.896439530443381816e-02,-7.168972768922969863e+01
6.890000000000000000e+02,1.769804381277855782e+03,3.852306467875718710e+01,7.902291248443379934e-02,-7.333614643900884289e+01
6.900000000000000000e+02,1.771838656836776408e+03,3.850964185708994592e+01,7.908224287477227943e-02,-7.497099838923288928e+01
6.910000000000000000e+02,1.774054656040899545e+03,3.849018009129768103e+01,7.914240164752862905e-02,-7.659432462828900157e+01
6.920000000000000000e+02,1.776452368240965143e+03,3.846475798970766391e+01,7.920340343947514239e-02,-7.820542362026249350e+01
6.930000000000000000e+02,1.779031787838728405e+03,3.843337974433457305e+01,7.926526233919715947e-02,-7.980359402165591121e+01
6.940000000000000000e+02,1.781785486028771629e+03,3.839612369597575992e+01,7.932799187473406344e-02,-8.138739182790624227e+01
6.950000000000000000e+02,1.784720895937183741e+03,3.835291948184917743e+01,7.939160500154213151e-02,-8.295685885986286223e+01
6.960000000000000000e+02,1.787815742603174840e+03,3.830369660080021532e+01,7.945611409113602364e-02,-8.451055140496269757e+01
6.970000000000000000e+02,1.791092326559233015e+03,3.824868154557096744e+01,7.952153092021423120e-02,-8.604851153848974832e+01
6.980000000000000000e+02,1.794528383699708684e+03,3.818772924959549186e+01,7.958786666045641889e-02,-8.756929576453062225e+01
6.990000000000000000e+02,1.798138797198513657e+03,3.812091735339725318e+01,7.965513186893351250e-02,-8.907294633703821773e+01
7.000000000000000000e+02,1.801908742414637572e+03,3.804832335251985143e+01,7.972333647917555222e-02,-9.055876273563983148e+01
7.010000000000000000e+02,1.805838266536832634e+03,3.796995003973498939e+01,7.979248979312542067e-02,-9.202604438944121057e+01
7.020000000000000000e+02,1.809920032054060130e+03,3.788579896873984865e+01,7.986260047366207371e-02,-9.347409038167717199e+01
7.030000000000000000e+02,1.814161573360707735e+03,3.779601983815684463e+01,7.993367653797543715e-02,-9.490294254155439546e+01
7.040000000000000000e+02,1.818563002237651972e+03,3.770053934550213626e+01,8.000572535187036594e-02,-9.631041417686341788e+01
7.050000000000000000e+02,1.823102151167611055e+03,3.759950688695852250e+01,8.007875362461040758e-02,-9.769728989980606570e+01
7.060000000000000000e+02,1.827801428494050242e+03,3.749292313868782145e+01,8.015276740486548812e-02,-9.906212576245974333e+01
7.070000000000000000e+02,1.832638678215520031e+03,3.738093718973394886e+01,8.022777207735487526e-02,-1.004049634125388337e+02
7.080000000000000000e+02,1.837614035125856390e+03,3.726340083997030916e+01,8.030377236024768828e-02,-1.017258444039888303e+02
7.090000000000000000e+02,1.842735068092249321e+03,3.714061143415715094e+01,8.038077230362852821e-02,-1.030225816725725849e+02
7.100000000000000000e+02,1.847987066623496730e+03,3.701249474251797977e+01,8.045877528849430804e-02,-1.042959593617339209e+02
7.110000000000000000e+02,1.853370182581305698e+03,3.687912494443295230e+01,8.053778402675719483e-02,-1.055452757931728058e+02
7.120000000000000000e+02,1.858892001781099452e+03,3.674057606068314641e+01,8.061780056196415911e-02,-1.067690862826411262e+02
7.130000000000000000e+02,1.864530402183051137e+03,3.659684766927139066e+01,8.069882627076506443e-02,-1.079674316258431332e+02
7.140000000000000000e+02,1.870292980627914631e+03,3.644808775532833778e+01,8.078086186509395028e-02,-1.091396095742492349e+02
7.150000000000000000e+02,1.876179911011490731e+03,3.629429557657696392e+01,8.086390739514683068e-02,-1.102856604861059964e+02
7.160000000000000000e+02,1.882176515852386046e+03,3.613547022988896629e+01,8.094796225295125547e-02,-1.114048816374259729e+02
7.170000000000000000e+02,1.888282979603762669e+03,3.597168493441662207e+01,8.103302517657078041e-02,-1.124958272031147999e+02
7.180000000000000000e+02,1.894499491856814302e+03,3.580301274779797183e+01,8.111909425495328341e-02,-1.135585367432680215e+02
7.190000000000000000e+02,1.900818818888241822e+03,3.562960084944662498e+01,8.120616693325695412e-02,-1.145923066794200906e+02
7.200000000000000000e+02,1.907241160252785448e+03,3.545144768991156781e+01,8.129424001880568296e-02,-1.155979187810525843e+02
7.210000000000000000e+02,1.913759291969649439e+03,3.526877440833781208e+01,8.138330968734548698e-02,-1.165739259720178751e+02
7.220000000000000000e+02,1.920373423105416123e+03,3.508157913148109941e+01,8.147337148986334709e-02,-1.175203664873359770e+02
7.230000000000000000e+02,1.927083767302323395e+03,3.489008267483463754e+01,8.156442035970114246e-02,-1.184372781849442049e+02
7.240000000000000000e+02,1.933883114303289176e+03,3.469435712531102922e+01,8.165645061999252108e-02,-1.193239556926078251e+02
7.250000000000000000e+02,1.940771686525065434e+03,3.449447440852482316e+01,8.174945599142405261e-02,-1.201796932250207561e+02
7.260000000000000000e+02,1.947742282228406111e+03,3.429050628915373977e+01,8.184342960015233981e-02,-1.210052702360786014e+02
7.270000000000000000e+02,1.954795132087888760e+03,3.408259865488631135e+01,8.193836398595220893e-02,-1.217992372261288523e+02
7.280000000000000000e+02,1.961930470710245572e+03,3.387074866644375248e+01,8.203425111052377317e-02,-1.225623727346544314e+02
7.290000000000000000e+02,1.969126251452078350e+03,3.365517617570661457e+01,8.213108236580449195e-02,-1.232924834777954288e+02
7.300000000000000000e+02,1.976397573090769811e+03,3.343580374189592419e+01,8.222884858242378303e-02,-1.239910898464399054e+02
7.310000000000000000e+02,1.983737252892415881e+03,3.321285090037680732e+01,8.232754003813481936e-02,-1.246574832090641394e+02
7.320000000000000000e+02,1.991130683183802603e+03,3.298631417900946872e+01,8.242714646621464303e-02,-1.252902115650020818e+02
7.330000000000000000e+02,1.998585544626919045e+03,3.275641280011755896e+01,8.252765706381148814e-02,-1.258900508679499239e+02
7.340000000000000000e+02,2.006094664343724844e+03,3.252306869700874614e+01,8.262906050021491533e-02,-1.264555479994105553e+02
7.350000000000000000e+02,2.013643444145326157e+03,3.228657506661993892e+01,8.273134492500550108e-02,-1.269882205976584117e+02
7.360000000000000000e+02,2.021247002165442609e+03,3.204700210270416250e+01,8.283449797608924414e-02,-1.274866143615301013e+02
7.370000000000000000e+02,2.028883317593992388e+03,3.180434556412659575e+01,8.293850678752635874e-02,-1.279507600447708455e+02
7.380000000000000000e+02,2.036560085719068638e+03,3.155882391024909239e+01,8.304335799723611133e-02,-1.283806877703924556e+02
7.390000000000000000e+02,2.044270147719284296e+03,3.131050688487525235e+01,8.314903775443595324e-02,-1.287756841802733163e+02
7.400000000000000000e+02,2.052006347262422878e+03,3.105953836829801773e+01,8.325553172703273330e-02,-1.291350352550304024e+02
7.410000000000000000e+02,2.059761530408010458e+03,3.080606209541917551e+01,8.336282510863517181e-02,-1.294602548041700629e+02
7.420000000000000000e+02,2.067535973864629796e+03,3.055014737394995450e+01,8.347090262550639628e-02,-1.297506274412472465e+02
7.430000000000000000e+02,2.075329956551256146e+03,3.029193765319955034e+01,8.357974854320976421e-02,-1.300054370744900041e+02
7.440000000000000000e+02,2.083128902812826254e+03,3.003157624243563006e+01,8.368934667317656784e-02,-1.302247097276193415e+02
7.450000000000000000e+02,2.090933095741703255e+03,2.976920631282592211e+01,8.379968037898745392e-02,-1.304084706908718090e+02
7.460000000000000000e+02,2.098735392051673443e+03,2.950489661595496216e+01,8.391073258252712552e-02,-1.305574873423299778e+02
7.470000000000000000e+02,2.106536078707277284e+03,2.923879005292482347e+01,8.402248576998366802e-02,-1.306702977943929227e+02
7.480000000000000000e+02,2.114328016156010108e+03,2.897095510952126673e+01,8.413492199775365887e-02,-1.307476678907684402e+02
7.490000000000000000e+02,2.122111494965134170e+03,2.870153442546423861e+01,8.424802289817916179e-02,-1.307896198534932637e+02
7.500000000000000000e+02,2.129879379060778319e+03,2.843067051322391592e+01,8.436176968519490393e-02,-1.307961751053633463e+02
7.510000000000000000e+02,2.137624525449163684e+03,2.815843133836145284e+01,8.447614315993261236e-02,-1.307666094011520102e+02
7.520000000000000000e+02,2.145339758446965334e+03,2.788495847335360978e+01,8.459112371637088346e-02,-1.307009324212925208e+02
7.530000000000000000e+02,2.153032752043938217e+03,2.761031894875880610e+01,8.470669134683156409e-02,-1.306006366595714212e+02
7.540000000000000000e+02,2.160696325022610836e+03,2.733465396136663728e+01,8.482282564762476385e-02,-1.304642424230512461e+02
7.550000000000000000e+02,2.168323297609198107e+03,2.705817887686174217e+01,8.493950582471748723e-02,-1.302924976661855965e+02
7.560000000000000000e+02,2.175906491424875639e+03,2.678096038204509100e+01,8.505671069948744778e-02,-1.300854066399883209e+02
7.570000000000000000e+02,2.183461014488179899e+03,2.650321362163600014e+01,8.517441871463092562e-02,-1.298429727166654288e+02
7.580000000000000000e+02,2.190972262714818044e+03,2.622493078361358698e+01,8.529260794019424829e-02,-1.295666840496164696e+02
7.590000000000000000e+02,2.198440489970153521e+03,2.594640108664858147e+01,8.541125607982130719e-02,-1.292550565535896965e+02
7.600000000000000000e+02,2.205858522968389025e+03,2.566769079855891533e+01,8.553034047724654421e-02,-1.289088337405228799e+02
7.610000000000000000e+02,2.213226617921471643e+03,2.538894037335009912e+01,8.564983812300763777e-02,-1.285280153704782151e+02
7.620000000000000000e+02,2.220537603785019201e+03,2.511021588729648357e+01,8.576972566142296306e-02,-1.281126002780795261e+02
7.630000000000000000e+02,2.227791738902818906e+03,2.483165760908647712e+01,8.588997939799677961e-02,-1.276633291993343562e+02
7.640000000000000000e+02,2.234974425897220954e+03,2.455333143601077239e+01,8.601057530697978071e-02,-1.271787134237245738e+02
7.650000000000000000e+02,2.242085925008031609e+03,2.427545174771395864e+01,8.613148903945232193e-02,-1.266602346319729691e+02
7.660000000000000000e+02,2.249126497326275967e+03,2.399808427547842271e+01,8.625269593172704696e-02,-1.261071450438687691e+02
7.670000000000000000e+02,2.256081548023991672e+03,2.372122038906890396e+01,8.637417101408413622e-02,-1.255194387517853585e+02
7.680000000000000000e+02,2.262958768031487125e+03,2.344514851763357655e+01,8.649588902008643887e-02,-1.248971088794975799e+02
7.690000000000000000e+02,2.269736135507046583e+03,2.317000845212291793e+01,8.661782439615194062e-02,-1.242416332465060407e+02
7.700000000000000000e+02,2.276428770905836245e+03,2.289586563226981397e+01,8.673995131164850825e-02,-1.235530030226514810e+02
7.710000000000000000e+02,2.283022081739328314e+03,2.262285971711435906e+01,8.686224366944597652e-02,-1.228312083933259942e+02
7.720000000000000000e+02,2.289508904233075555e+03,2.235120458856462733e+01,8.698467511684604414e-02,-1.220762385550879969e+02
7.730000000000000000e+02,2.295896931578238309e+03,2.208096550448933115e+01,8.710721905708539159e-02,-1.212895673817887143e+02
7.740000000000000000e+02,2.302171572076294979e+03,2.181228195286378124e+01,8.722984866108846047e-02,-1.204711820810156553e+02
7.750000000000000000e+02,2.308333090780905877e+03,2.154529337194237115e+01,8.735253687983465798e-02,-1.196210688611603956e+02
7.760000000000000000e+02,2.314389181032972374e+03,2.128013915396921263e+01,8.747525645709725017e-02,-1.187406985989659347e+02
7.770000000000000000e+02,2.320332679289946554e+03,2.101688436542027816e+01,8.759797994251553033e-02,-1.178293126623851208e+02
7.780000000000000000e+02,2.326163850051511417e+03,2.075566831778592558e+01,8.772067970521325864e-02,-1.168883799192049224e+02
7.790000000000000000e+02,2.331882957379286381e+03,2.049655600437499814e+01,8.784332794766884500e-02,-1.159171397258672300e+02
7.800000000000000000e+02,2.337482836411760672e+03,2.023976095466169411e+01,8.796589672001582649e-02,-1.149178017721149132e+02
7.810000000000000000e+02,2.342971178275686270e+03,1.998527382064154878e+01,8.808835793464082908e-02,-1.138896034007688343e+02
7.820000000000000000e+02,2.348333388191219456e+03,1.973323379824017465e+01,8.821068338111334728e-02,-1.128332666183634103e+02
7.830000000000000000e+02,2.353577155425863111e+03,1.948378006423112652e+01,8.833284474137167996e-02,-1.117480267560447089e+02
7.840000000000000000e+02,2.358687883041818168e+03,1.923697749668157186e+01,8.845481360518230030e-02,-1.106353466462094843e+02
7.850000000000000000e+02,2.363665829492860212e+03,1.899289096242710428e+01,8.857656148581569133e-02,-1.094944596143865709e+02
7.860000000000000000e+02,2.368496395066159039e+03,1.875165960456946834e+01,8.869805983583955999e-02,-1.083253408218891423e+02
7.870000000000000000e+02,2.373187263473961139e+03,1.851334827948822692e+01,8.881928006322040159e-02,-1.071294501039130012e+02
7.880000000000000000e+02,2.377731259940846485e+03,1.827809612788307803e+01,8.894019354732324301e-02,-1.059052749629831567e+02
7.890000000000000000e+02,2.382113779391016124e+03,1.804604229532743886e+01,8.906077165517573002e-02,-1.046550160882983391e+02
7.900000000000000000e+02,2.386349928035608627e+03,1.781725165283994983e+01,8.918098575772104297e-02,-1.033779018451489264e+02
7.910000000000000000e+02,2.390425096406266675e+03,1.759193765148246058e+01,8.930080724596860253e-02,-1.020768737953076339e+02
7.920000000000000000e+02,2.394346957642483630e+03,1.737023947595791640e+01,8.942020754730754806e-02,-1.007511583524672290e+02
7.930000000000000000e+02,2.398108325576448806e+03,1.715229633223204075e+01,8.953915814158497355e-02,-9.940220946864786811e+01
7.940000000000000000e+02,2.401709439620918147e+03,1.693817316816215168e+01,8.965763057719638995e-02,-9.803073730082287796e+01
7.950000000000000000e+02,2.405143107907344529e+03,1.672808352814675104e+01,8.977559648699344474e-02,-9.663819388820972733e+01
7.960000000000000000e+02,2.408416992177255906e+03,1.652201813976430955e+01,8.989302760401085557e-02,-9.522380181992281223e+01
7.970000000000000000e+02,2.411531322574612659e+03,1.632004205194205682e+01,9.000989577709064826e-02,-9.378901125338478550e+01
7.980000000000000000e+02,2.414478897491854696e+03,1.612222035561840983e+01,9.012617298614336581e-02,-9.233378574796660132e+01
7.990000000000000000e+02,2.417267368470074871e+03,1.592861818791193507e+01,9.024183135728079674e-02,-9.085883077932668073e+01
8.000000000000000000e+02,2.419889526651250890e+03,1.573930073629295734e+01,9.035684317761565054e-02,-8.936336524409347248e+01
8.010000000000000000e+02,2.422345574817592023e+03,1.555425917250140699e+01,9.047118090976877247e-02,-8.784957774532502128e+01
8.020000000000000000e+02,2.424643088647059358e+03,1.537348557996482157e+01,9.058481720606401111e-02,-8.631668171822801128e+01
8.030000000000000000e+02,2.426767341785768167e+03,1.519726945223151127e+01,9.069772492239318307e-02,-8.476537465631584212e+01
8.040000000000000000e+02,2.428725888690461034e+03,1.502552893236241793e+01,9.080987713170377007e-02,-8.319709602298664208e+01
8.050000000000000000e+02,2.430503994404659352e+03,1.485855365211119938e+01,9.092124713715069029e-02,-8.161105592354948612e+01
8.060000000000000000e+02,2.432094347843066771e+03,1.469633618454733970e+01,9.103180848487556209e-02,-8.000943496297593072e+01
8.070000000000000000e+02,2.433497061680933712e+03,1.453901774920500678e+01,9.114153497634848444e-02,-7.839069874369296542e+01
8.080000000000000000e+02,2.434712243899311943e+03,1.438673964919775194e+01,9.125040068040587982e-02,-7.675776906430851909e+01
8.090000000000000000e+02,2.435732569336581037e+03,1.423956899181930602e+01,9.135837994483018976e-02,-7.510985274820930613e+01
8.100000000000000000e+02,2.436558136297101555e+03,1.409757297613047378e+01,9.146544740754196379e-02,-7.344764150302162875e+01
8.110000000000000000e+02,2.437189038115562198e+03,1.396081889702205636e+01,9.157157800747180165e-02,-7.177271766727906765e+01
8.120000000000000000e+02,2.437640219778544179e+03,1.382922558224886522e+01,9.167674699495680091e-02,-7.008569713793957590e+01
8.130000000000000000e+02,2.437904336100794808e+03,1.370293481395460411e+01,9.178092994182469877e-02,-6.838749220538785778e+01
8.140000000000000000e+02,2.437988893410428773e+03,1.358193991514251131e+01,9.188410275107709857e-02,-6.667894015175222933e+01
8.150000000000000000e+02,2.437901392788716294e+03,1.346623432063155512e+01,9.198624166620671117e-02,-6.496087755059413382e+01
8.160000000000000000e+02,2.437641901666360809e+03,1.335596014797780917e+01,9.208732328024385461e-02,-6.323414028344155469e+01
8.170000000000000000e+02,2.437203053776125671e+03,1.325111106734347644e+01,9.218732454432441992e-02,-6.149919213914370175e+01
8.180000000000000000e+02,2.436584905811890167e+03,1.315175515584294885e+01,9.228622277608632130e-02,-5.975619911456343658e+01
8.190000000000000000e+02,2.435780080692444244e+03,1.305788633433325963e+01,9.238399566771267335e-02,-5.800554941659439834e+01
8.200000000000000000e+02,2.434781195881548683e+03,1.296972150517360056e+01,9.248062129361390993e-02,-5.624763062945118008e+01
8.210000000000000000e+02,2.433580863363030858e+03,1.288718057140831341e+01,9.257607811802093245e-02,-5.448275544925016334e+01
8.220000000000000000e+02,2.432179117971140386e+03,1.281040642493338488e+01,9.267034500212494030e-02,-5.271116170236611254e+01
8.230000000000000000e+02,2.430568560674906166e+03,1.273939353257821416e+01,9.276340121113391124e-02,-5.093330949806001229e+01
8.240000000000000000e+02,2.428756643618186899e+03,1.267421079015010577e+01,9.285522642105974167e-02,-4.915017838135569406e+01
8.250000000000000000e+02,2.426750813412624666e+03,1.261485295890602565e+01,9.294580072533528692e-02,-4.736289593463102676e+01
8.260000000000000000e+02,2.424551082784681967e+03,1.256138923597148249e+01,9.303510464121601820e-02,-4.557258922994125072e+01
8.270000000000000000e+02,2.422164887276954232e+03,1.251374040718119396e+01,9.312311911608113502e-02,-4.378038484856043766e+01
8.280000000000000000e+02,2.419592228551669450e+03,1.247197598436893884e+01,9.320982553355863787e-02,-4.198726033371937660e+01
8.290000000000000000e+02,2.416847959448327856e+03,1.243609135806901556e+01,9.329520571952014396e-02,-4.019441562805070589e+01
8.300000000000000000e+02,2.413932070592138643e+03,1.240615636765665108e+01,9.337924194800774347e-02,-3.840282739268548795e+01
8.310000000000000000e+02,2.410844547106205027e+03,1.238209245389999680e+01,9.346191694703745445e-02,-3.661280332651736558e+01
8.320000000000000000e+02,2.407577940274892171e+03,1.236396979595134482e+01,9.354321390427909610e-02,-3.482479930516645794e+01
8.330000000000000000e+02,2.404124795909332988e+03,1.235185874724263577e+01,9.362311647275581294e-02,-3.303897370054738758e+01
8.340000000000000000e+02,2.400492511064526752e+03,1.234575555480072495e+01,9.370160877639260866e-02,-3.125563310260416117e+01
8.350000000000000000e+02,2.396666192305776349e+03,1.234565664548270547e+01,9.377867541558009001e-02,-2.947515805665443978e+01
8.360000000000000000e+02,2.392638369128179875e+03,1.235163291212438352e+01,9.385430147260863387e-02,-2.769770595034421490e+01
8.370000000000000000e+02,2.388416422325961776e+03,1.236368114909247495e+01,9.392847251715516488e-02,-2.592380530274112260e+01
8.380000000000000000e+02,2.384007727311400231e+03,1.238179833825386211e+01,9.400117461162588173e-02,-2.415413293500055758e+01
8.390000000000000000e+02,2.379397369083664671e+03,1.240590736784772119e+01,9.407239431651243100e-02,-2.238973684213888404e+01
8.400000000000000000e+02,2.374614997400622997e+03,1.243600560177153547e+01,9.414211869571988134e-02,-2.063144194636339890e+01
8.410000000000000000e+02,2.369653114945464495e+03,1.247201631476226069e+01,9.421033532178131609e-02,-1.888029581951433400e+01
8.420000000000000000e+02,2.364519075797497862e+03,1.251393726149119878e+01,9.427703228108524902e-02,-1.713712300354679741e+01
8.430000000000000000e+02,2.359212800400015112e+03,1.256169211155174459e+01,9.434219817900922622e-02,-1.540289644960377302e+01
8.440000000000000000e+02,2.353756488979377991e+03,1.261520473485638405e+01,9.440582214496560931e-02,-1.367851468912631674e+01
8.450000000000000000e+02,2.348127766410265849e+03,1.267454777043717762e+01,9.446789383744626234e-02,-1.196443043801035522e+01
8.460000000000000000e+02,2.342341394085283810e+03,1.273971977763411623e+01,9.452840344888140123e-02,-1.026129688479386637e+01
8.470000000000000000e+02,2.336382414778917337e+03,1.281079380469571838e+01,9.458734171048531481e-02,-8.569514583048091438e+00
8.480000000000000000e+02,2.330258151114830071e+03,1.288769453976655122e+01,9.464469989692082807e-02,-6.889625175733669060e+00
8.490000000000000000e+02,2.323961063829537579e+03,1.297049544629133599e+01,9.470046983088882542e-02,-5.222119765589008367e+00
8.500000000000000000e+02,2.317483608487236779e+03,1.305919591380055422e+01,9.475464388751413114e-02,-3.567505792135310827e+00
8.510000000000000000e+02,2.310840505807827867e+03,1.315387009595523438e+01,9.480721499863384305e-02,-1.926271855305407232e+00
8.520000000000000000e+02,2.304024127369156759e+03,1.325429630366890166e+01,9.485817665689351419e-02,-2.988787111506098770e-01
8.530000000000000000e+02,2.297041681580929435e+03,1.336047618107201096e+01,9.490752291957242626e-02,1.314216823354139585e+00
8.540000000000000000e+02,2.289892943383309557e+03,1.347226301904136392e+01,9.495524841236774316e-02,2.912557849205293259e+00
8.550000000000000000e+02,2.282599967660642051e+03,1.358958460649745170e+01,9.500134833277490420e-02,4.495687363431891903e+00
8.560000000000000000e+02,2.275147662452214263e+03,1.371236894759216263e+01,9.504581845330974110e-02,6.063185378900183942e+00
8.570000000000000000e+02,2.267558072467729289e+03,1.384039569529498337e+01,9.508865512448029522e-02,7.614587190509543468e+00
8.580000000000000000e+02,2.259830952298641023e+03,1.397374185290091297e+01,9.512985527746184444e-02,9.149353639838148311e+00
8.590000000000000000e+02,2.251966051482782859e+03,1.411226178990831315e+01,9.516941642646051247e-02,1.066672252618580252e+01
8.600000000000000000e+02,2.243963114518956900e+03,1.425603294333238047e+01,9.520733667079221696e-02,1.216593143513333786e+01
8.610000000000000000e+02,2.235829309232675769e+03,1.440498440039512573e+01,9.524361469665199031e-02,1.364614343309920130e+01
8.620000000000000000e+02,2.227556941741980154e+03,1.455904546563773749e+01,9.527824977854139343e-02,1.510652132891160271e+01
8.630000000000000000e+02,2.219160598226528691e+03,1.471836851144123592e+01,9.531124178030532523e-02,1.654630193539462368e+01
8.640000000000000000e+02,2.210632574845380987e+03,1.488280899342871599e+01,9.534259115590874856e-02,1.796457319696217070e+01
8.650000000000000000e+02,2.201972591158923478e+03,1.505237115130776893e+01,9.537229894972852617e-02,1.936071986875607820e+01
8.660000000000000000e+02,2.193195218501839008e+03,1.522698515809885400e+01,9.540036679660943153e-02,2.073442349479544333e+01
8.670000000000000000e+02,2.184285309906332714e+03,1.540658140328314474e+01,9.542679692140609848e-02,2.208573666965934024e+01
8.680000000000000000e+02,2.175249998580733518e+03,1.559101620885568451e+01,9.545159213825063493e-02,2.341434018167790754e+01
8.690000000000000000e+02,2.166096412887919087e+03,1.578022039579728109e+01,9.547475584932932358e-02,2.472028582621525672e+01
8.700000000000000000e+02,2.156816819676442719e+03,1.597419928345337148e+01,9.549629204337514721e-02,2.600332783245225698e+01
8.710000000000000000e+02,2.147418337715757843e+03,1.617273555481576253e+01,9.551620529372226165e-02,2.726344282626387638e+01
8.720000000000000000e+02,2.137908081032664541e+03,1.637576067324048523e+01,9.553450075593940272e-02,2.850045839112765478e+01
8.730000000000000000e+02,2.128278302250608249e+03,1.658313203105984712e+01,9.555118416515555324e-02,2.971383019610633980e+01
8.740000000000000000e+02,2.118543534383665246e+03,1.679485579912452309e+01,9.556626183291874743e-02,3.090316195893291606e+01
8.750000000000000000e+02,2.108703449131078742e+03,1.701078979174348049e+01,9.557974064376159595e-02,3.206783400715191590e+01
8.760000000000000000e+02,2.098765141976908581e+03,1.723079203255501213e+01,9.559162805132781493e-02,3.320744895788397599e+01
8.770000000000000000e+02,2.088728275541619496e+03,1.745472075330905071e+01,9.560193207419688533e-02,3.432131171216381205e+01
8.780000000000000000e+02,2.078614793038410880e+03,1.768250867606883148e+01,9.561066129133752312e-02,3.540909798543520992e+01
8.790000000000000000e+02,2.068409491529818297e+03,1.791408872832450427e+01,9.561782483720109027e-02,3.647018573512900730e+01
8.800000000000000000e+02,2.058126877141875866e+03,1.814931975802399933e+01,9.562343239652230931e-02,3.750417512442167833e+01
8.810000000000000000e+02,2.047759166677592020e+03,1.838813509902865562e+01,9.562749419877318580e-02,3.851059136761935520e+01
8.820000000000000000e+02,2.037320857786997749e+03,1.863054256948125698e+01,9.563002101233263053e-02,3.948903327672346819e+01
8.830000000000000000e+02,2.026804158937487728e+03,1.887632733608127467e+01,9.563102413839286164e-02,4.043895039066438102e+01
8.840000000000000000e+02,2.016208702889958431e+03,1.912557189680489600e+01,9.563051540452779942e-02,4.136001437274999404e+01
8.850000000000000000e+02,2.005541546777177018e+03,1.937813609450696362e+01,9.562850715805852608e-02,4.225167328979730996e+01
8.860000000000000000e+02,1.994802315484856535e+03,1.963387996546467207e+01,9.562501225915343017e-02,4.311359729351962500e+01
8.870000000000000000e+02,1.983990630086623014e+03,1.989281230433516967e+01,9.562004407367916126e-02,4.394567860114101165e+01
8.880000000000000000e+02,1.973120964632304549e+03,2.015479352801416013e+01,9.561361646591108598e-02,4.474788290926453982e+01
8.890000000000000000e+02,1.962178076137228118e+03,2.041960995692267744e+01,9.560574379092733055e-02,4.552032365852356577e+01
8.900000000000000000e+02,1.951183859828182449e+03,2.068727094671645972e+01,9.559644088692187403e-02,4.626281631400899386e+01
8.910000000000000000e+02,1.940130494087715988e+03,2.095763746838748531e+01,9.558572306727824985e-02,4.697547261504232807e+01
8.920000000000000000e+02,1.929025010654916287e+03,2.123057067279711063e+01,9.557360611253409854e-02,4.765818057274010755e+01
8.930000000000000000e+02,1.917867009676581347e+03,2.150600617162038120e+01,9.556010626214100911e-02,4.831097586995554138e+01
8.940000000000000000e+02,1.906670944862416945e+03,2.178365690069075100e+01,9.554524020617286006e-02,4.893374471006301007e+01
8.950000000000000000e+02,1.895421553490409678e+03,2.206360738528750076e+01,9.552902507683556921e-02,4.952629808363886355e+01
8.960000000000000000e+02,1.884140711668259200e+03,2.234557090229000309e+01,9.551147843989898911e-02,5.008866888605196266e+01
8.970000000000000000e+02,1.872820579292511411e+03,2.262948374528865259e+01,9.549261828602408075e-02,5.062066620044952714e+01
8.980000000000000000e+02,1.861468170263516868e+03,2.291520808757674743e+01,9.547246302198052204e-02,5.112217241620707853e+01
8.990000000000000000e+02,1.850090495900363976e+03,2.320253197906310660e+01,9.545103146183368803e-02,5.159314321382438351e+01
9.000000000000000000e+02,1.838687136707906348e+03,2.349146647710501057e+01,9.542834281797982210e-02,5.203338469978888270e+01
9.010000000000000000e+02,1.827257680489434051e+03,2.378172547216245647e+01,9.540441669210901476e-02,5.244284777817465937e+01
9.020000000000000000e+02,1.815816608098023380e+03,2.407331939277687383e+01,9.537927306620977430e-02,5.282147132518942101e+01
9.030000000000000000e+02,1.804363551227454082e+03,2.436611006079317576e+01,9.535293229331587295e-02,5.316904185388368376e+01
9.040000000000000000e+02,1.792898139592826965e+03,2.465995944138863649e+01,9.532541508842291844e-02,5.348556766737226553e+01
9.050000000000000000e+02,1.781427429405623116e+03,2.495472963944568434e+01,9.529674251910912053e-02,5.377090742931360268e+01
9.060000000000000000e+02,1.769951046799183587e+03,2.525043146283984896e+01,9.526693599625289666e-02,5.402491871947631807e+01
9.070000000000000000e+02,1.758483473006500390e+03,2.554677871761839469e+01,9.523601726465591444e-02,5.424753230638757628e+01
9.080000000000000000e+02,1.747016902736974771e+03,2.584370818862281283e+01,9.520400839354282996e-02,5.443882642057728560e+01
9.090000000000000000e+02,1.735558386056530935e+03,2.614123106850076184e+01,9.517093176705156143e-02,5.459880389442089665e+01
9.100000000000000000e+02,1.724107543466485822e+03,2.643913581962578618e+01,9.513681007466941175e-02,5.472754072011392878e+01
9.110000000000000000e+02,1.712671422734338648e+03,2.673728530395109360e+01,9.510166630152928902e-02,5.482511175776780732e+01
9.120000000000000000e+02,1.701257070674368151e+03,2.703561677876824376e+01,9.506552371871272722e-02,5.489159072764614677e+01
9.130000000000000000e+02,1.689864104928710731e+03,2.733406760888006914e+01,9.502840587340459499e-02,5.492705020304644137e+01
9.140000000000000000e+02,1.678492142449321136e+03,2.763242669518898609e+01,9.499033657900735061e-02,5.493148732033144910e+01
9.150000000000000000e+02,1.667140799629973117e+03,2.793063160422029512e+01,9.495133990516600730e-02,5.490504662362770461e+01
9.160000000000000000e+02,1.655824549138973225e+03,2.822861999655214404e+01,9.491144016770382275e-02,5.484787149267342699e+01
9.170000000000000000e+02,1.644535578300240331e+03,2.852610677166706665e+01,9.487066191840914930e-02,5.475995557133058611e+01
9.180000000000000000e+02,1.633273502626673007e+03,2.882310404775460810e+01,9.482902993481182041e-02,5.464158846478355258e+01
9.190000000000000000e+02,1.622052794302719349e+03,2.911940117240775550e+01,9.478656920980541023e-02,5.449276146836912460e+01
9.200000000000000000e+02,1.610873068915563181e+03,2.941493613528082207e+01,9.474330494115663914e-02,5.431361326610785056e+01
9.210000000000000000e+02,1.599726513937348500e+03,2.970949842915904782e+01,9.469926252093283092e-02,5.410428136187899639e+01
9.220000000000000000e+02,1.588627602257854278e+03,3.000302617898552882e+01,9.465446752478409720e-02,5.386512492876897795e+01
9.230000000000000000e+02,1.577583378914790956e+03,3.029545756981363169e+01,9.460894570118498492e-02,5.359635339105630436e+01
9.240000000000000000e+02,1.566578604524133198e+03,3.058665655820575324e+01,9.456272296045631354e-02,5.329832355836961000e+01
9.250000000000000000e+02,1.555635182212408154e+03,3.087641286708203836e+01,9.451582536373109855e-02,5.297131677597249677e+01
9.260000000000000000e+02,1.544745302594104032e+03,3.116473911452980516e+01,9.446827911187083426e-02,5.261576177669973475e+01
9.270000000000000000e+02,1.533916014002116299e+03,3.145142510754310194e+01,9.442011053410206967e-02,5.223186326550107594e+01
9.280000000000000000e+02,1.523154365915398103e+03,3.173648353775058339e+01,9.437134607675400078e-02,5.181997333962782193e+01
9.290000000000000000e+02,1.512459980735977297e+03,3.201970427507625772e+01,9.432201229171061074e-02,5.138036864140624971e+01
9.300000000000000000e+02,1.501832482265508816e+03,3.230095149639188179e+01,9.427213582484315901e-02,5.091325036211426180e+01
9.310000000000000000e+02,1.491271495830523918e+03,3.258016368013024788e+01,9.422174340437611262e-02,5.041889281344556650e+01
9.320000000000000000e+02,1.480791505107045623e+03,3.285720503386870206e+01,9.417086182907168090e-02,4.989749486553419189e+01
9.330000000000000000e+02,1.470384710492228578e+03,3.313201405590206150e+01,9.411951795643327956e-02,4.934940280304706306e+01
9.340000000000000000e+02,1.460058170977194322e+03,3.340430639578434580e+01,9.406773869075490957e-02,4.877473891379845838e+01
9.350000000000000000e+02,1.449811519216474608e+03,3.367409483338607856e+01,9.401555097118312332e-02,4.817384719641866297e+01
9.360000000000000000e+02,1.439644389996981090e+03,3.394116928890927909e+01,9.396298175965557553e-02,4.754699623350913384e+01
9.370000000000000000e+02,1.429563848705417286e+03,3.420554251843166327e+01,9.391005802881885467e-02,4.689460204981087799e+01
9.380000000000000000e+02,1.419569534743302711e+03,3.446707869092465870e+01,9.385680674994022199e-02,4.621693098633559771e+01
9.390000000000000000e+02,1.409668518341284425e+03,3.472564194979446484e+01,9.380325488077856377e-02,4.551439684298068755e+01
9.400000000000000000e+02,1.399853015620403085e+03,3.498102212392539201e+01,9.374942935344635075e-02,4.478733803707486771e+01
9.410000000000000000e+02,1.390137530453494492e+03,3.523330613975218029e+01,9.369535706228251937e-02,4.403601761286336114e+01
9.420000000000000000e+02,1.380514284471907786e+03,3.548228374781795935e+01,9.364106485175914540e-02,4.326084610191662705e+01
9.430000000000000000e+02,1.370990358922969563e+03,3.572781893488684091e+01,9.358657950440543716e-02,4.246223296642722289e+01
9.440000000000000000e+02,1.361565409723386438e+03,3.596992420207259755e+01,9.353192772877569339e-02,4.164066089339923593e+01
9.450000000000000000e+02,1.352246524261773857e+03,3.620846342548464492e+01,9.347713614753187794e-02,4.079646295519798826e+01
9.460000000000000000e+02,1.343025936447762888e+03,3.644337470142517077e+01,9.342223128550085354e-02,3.993011975497266519e+01
9.470000000000000000e+02,1.333918168560883714e+03,3.667444749060820897e+01,9.336723955795653285e-02,3.904211087140586756e+01
9.480000000000000000e+02,1.324915461244437211e+03,3.690176831394188639e+01,9.331218725889547927e-02,3.813284058729372106e+01
9.490000000000000000e+02,1.316017486999568746e+03,3.712520076282174841e+01,9.325710054945395011e-02,3.720263790194400144e+01
9.500000000000000000e+02,1.307238778626260455e+03,3.734460834449586741e+01,9.320200544654019814e-02,3.625212796139038574e+01
9.510000000000000000e+02,1.298571604711253713e+03,3.755985394225520224e+01,9.314692781147183853e-02,3.528156275801254083e+01
9.520000000000000000e+02,1.290015734567397431e+03,3.777094677324719640e+01,9.309189333891429441e-02,3.429148740978069299e+01
9.530000000000000000e+02,1.281578386864978484e+03,3.797774685363165759e+01,9.303692754583700597e-02,3.328222247484006857e+01
9.540000000000000000e+02,1.273251927511469148e+03,3.818018837887738925e+01,9.298205576079021650e-02,3.225431042818908622e+01
9.550000000000000000e+02,1.265051011481679780e+03,3.837813115188875912e+01,9.292730311327750126e-02,3.120814425823477833e+01
9.560000000000000000e+02,1.256968012792796117e+03,3.857150914520384788e+01,9.287269452332186370e-02,3.014419033161733097e+01
9.570000000000000000e+02,1.249010166329826461e+03,3.876025621274827415e+01,9.281825469130523809e-02,2.906291412426820386e+01
9.580000000000000000e+02,1.241169854516479518e+03,3.894438036865913944e+01,9.276400808793057451e-02,2.796500308671686597e+01
9.590000000000000000e+02,1.233454320785755044e+03,3.912374093216524074e+01,9.270997894445799636e-02,2.685106952511468492e+01
9.600000000000000000e+02,1.225870812946785691e+03,3.929841994055503562e+01,9.265619124313807797e-02,2.572165061650069617e+01
9.610000000000000000e+02,1.218411726549469677e+03,3.946820216018340233e+01,9.260266870784533699e-02,2.457728270779981017e+01
9.620000000000000000e+02,1.211084318348448505e+03,3.963316935008548825e+01,9.254943479496689773e-02,2.341864989855222845e+01
9.630000000000000000e+02,1.203888421313223489e+03,3.979325455662628741e+01,9.249651268450313768e-02,2.224636120635893022e+01
9.640000000000000000e+02,1.196823873037226122e+03,3.994831639273871815e+01,9.244392527138660387e-02,2.106080201605897173e+01
9.650000000000000000e+02,1.189890515794648309e+03,4.009843616774092112e+01,9.239169515701695090e-02,1.986250551365485961e+01
9.660000000000000000e+02,1.183088196595344016e+03,4.024339789869812023e+01,9.233984464104154355e-02,1.865200413595330531e+01
9.670000000000000000e+02,1.176424195588121620e+03,4.038320829089177266e+01,9.228839571332583813e-02,1.742982958744657651e+01
9.680000000000000000e+02,1.169890941061237754e+03,4.051779959983372237e+01,9.223737004612254931e-02,1.619643857393053921e+01
9.690000000000000000e+02,1.163495722892914273e+03,4.064710391086534003e+01,9.218678898651644360e-02,1.495236138687317151e+01
9.700000000000000000e+02,1.157238407548439909e+03,4.077097885182426751e+01,9.213667354898165407e-02,1.369805335402074675e+01
9.710000000000000000e+02,1.151111438126427174e+03,4.088957900679863400e+01,9.208704440820178472e-02,1.243411770776880410e+01
9.720000000000000000e+02,1.145122119454281801e+03,4.100268736091855715e+01,9.203792189203593987e-02,1.116115703627821532e+01
9.730000000000000000e+02,1.139270333080702130e+03,4.111030956476240306e+01,9.198932597470832473e-02,9.879624734853956980e+00
9.740000000000000000e+02,1.133563394018005965e+03,4.121252536381003040e+01,9.194127627011433601e-02,8.590122158607412572e+00
9.750000000000000000e+02,1.127986337381598332e+03,4.130911717746035805e+01,9.189379202535562230e-02,7.293324357879886755e+00
9.760000000000000000e+02,1.122546488530618035e+03,4.140023864715554680e+01,9.184689211437284395e-02,5.989608679935393809e+00
9.770000000000000000e+02,1.117251178055061246e+03,4.148567179802922311e+01,9.180059503177780134e-02,4.679723339973091534e+00
9.780000000000000000e+02,1.112092885111912892e+03,4.156556987067592956e+01,9.175491888681182318e-02,3.364044605881766348e+00
9.790000000000000000e+02,1.107071522511314697e+03,4.163986304994691068e+01,9.170988139742557166e-02,2.043200799734663953e+00
9.800000000000000000e+02,1.102194436750791738e+03,4.170840702884214579e+01,9.166549988446498487e-02,7.176860439489248789e-01
9.810000000000000000e+02,1.097454122997547302e+03,4.177142870648351192e+01,9.162179126606440072e-02,-6.119762943341177097e-01
9.820000000000000000e+02,1.092850510171077076e+03,4.182870906661687371e+01,9.157877205205827709e-02,-1.945255867319397369e+00
9.830000000000000000e+02,1.088383532623604879e+03,4.188040029324082525e+01,9.153645833855159064e-02,-3.281622753620091260e+00
9.840000000000000000e+02,1.084060558519812957e+03,4.192635721625722312e+01,9.149486580254896639e-02,-4.620570464545401101e+00
9.850000000000000000e+02,1.079874104814351085e+03,4.196658300973149380e+01,9.145400969678679770e-02,-5.961619636367179176e+00
9.860000000000000000e+02,1.075824122329587453e+03,4.200108062220584060e+01,9.141390484451017429e-02,-7.304303151400449501e+00
9.870000000000000000e+02,1.071917995781306900e+03,4.202985277409087672e+01,9.137456563448324853e-02,-8.648166115474923643e+00
9.880000000000000000e+02,1.068148258752302809e+03,4.205275338812653274e+01,9.133600601599228819e-02,-9.992747264223464043e+00
9.890000000000000000e+02,1.064514878766050288e+03,4.206993328793804920e+01,9.129823949399276661e-02,-1.133758562545718540e+01
9.900000000000000000e+02,1.061017828957893244e+03,4.208117164413069844e+01,9.126127912436370060e-02,-1.268216106892323225e+01
9.910000000000000000e+02,1.057657088094907749e+03,4.208654452350691599e+01,9.122513750917664310e-02,-1.402611713307749142e+01
9.920000000000000000e+02,1.054440068944360291e+03,4.208612775282947638e+01,9.118982679213658016e-02,-1.536878558664586158e+01
9.930000000000000000e+02,1.051351904889161688e+03,4.207977406616729610e+01,9.115535865414474415e-02,-1.670964696203682109e+01
9.940000000000000000e+02,1.048407448394218363e+03,4.206763308734807794e+01,9.112174430884716070e-02,-1.804803339675744311e+01
9.950000000000000000e+02,1.045591844217067319e+03,4.204970562696146175e+01,9.108899449845472840e-02,-1.938350002609110945e+01
9.960000000000000000e+02,1.042912527870188342e+03,4.202599224746780493e+01,9.105711948953751356e-02,-2.071537925699845673e+01
9.970000000000000000e+02,1.040369512228368649e+03,4.199641897788617939e+01,9.102612906904526680e-02,-2.204315216030930102e+01
9.980000000000000000e+02,1.037962815885006876e+03,4.196106016258173099e+01,9.099603254043416023e-02,-2.336622559467194193e+01
9.990000000000000000e+02,1.035685034805477699e+03,4.191998989263187525e+01,9.096683871992838899e-02,-2.468385789730006152e+01
1.000000000000000000e+03,1.033543627378935298e+03,4.187313343728586545e+01,9.093855593296068518e-02,-2.599553027554337703e+01
1.001000000000000000e+03,1.031523786469293555e+03,4.182048973808986148e+01,9.091119201075557876e-02,-2.730057297372341907e+01
1.002000000000000000e+03,1.029640479274114568e+03,4.176205605921411745e+01,9.088475428713664594e-02,-2.859830664525940236e+01
1.003000000000000000e+03,1.027878979103664733e+03,4.169782905104149506e+01,9.085924959547965474e-02,-2.988804949486899787e+01
1.004000000000000000e+03,1.026246850018393616e+03,4.162780510397308831e+01,9.083468426588908740e-02,-3.116919392508386366e+01
1.005000000000000000e+03,1.024729376713865577e+03,4.155198034739656521e+01,9.081106412261398531e-02,-3.244113222612960357e+01
1.006000000000000000e+03,1.023341562955677091e+03,4.147049921576773812e+01,9.078839448166398096e-02,-3.370347939974305973e+01
1.007000000000000000e+03,1.022068704757262594e+03,4.138350588079282488e+01,9.076668014870800660e-02,-3.495599884892973819e+01
1.008000000000000000e+03,1.020918388807995711e+03,4.129114425072917527e+01,9.074592541716412775e-02,-3.619852806769439724e+01
1.009000000000000000e+03,1.019890779045004251e+03,4.119355796980160278e+01,9.072613406664928326e-02,-3.743068148026127062e+01
1.010000000000000000e+03,1.018971188272123868e+03,4.109096470123959222e+01,9.070730936164150826e-02,-3.865222183183819737e+01
1.011000000000000000e+03,1.018174648226937506e+03,4.098335899292268181e+01,9.068945405046532904e-02,-3.986283731140638054e+01
1.012000000000000000e+03,1.017486482740589963e+03,4.087095797817369913e+01,9.067257036458435671e-02,-4.106236437559612540e+01
1.013000000000000000e+03,1.016906877797350489e+03,4.075368139114485189e+01,9.065666001818503683e-02,-4.225041630463780962e+01
1.014000000000000000e+03,1.016450881488893742e+03,4.063152298436106946e+01,9.064172420811968112e-02,-4.342645745944865610e+01
1.015000000000000000e+03,1.016096405513042896e+03,4.050432767837269665e+01,9.062776361416673143e-02,-4.459017467287486625e+01
1.016000000000000000e+03,1.015858508622976956e+03,4.037216297955954047e+01,9.061477839961828984e-02,-4.574118008958139825e+01
1.017000000000000000e+03,1.015737398118423698e+03,4.023479899603772481e+01,9.060276821224301502e-02,-4.687908542364889541e+01
1.018000000000000000e+03,1.015718429784868817e+03,4.009222842273619136e+01,9.059173218556486329e-02,-4.800342764938437767e+01
1.019000000000000000e+03,1.015809249580333812e+03,3.994451797508666147e+01,9.058166894054922591e-02,-4.911381754288174051e+01
1.020000000000000000e+03,1.016010080166283842e+03,3.979158553934819764e+01,9.057257658758652297e-02,-5.020956823933030932e+01
1.021000000000000000e+03,1.016313720835992058e+03,3.963379444159756559e+01,9.056445272886541609e-02,-5.129006662563615038e+01
1.022000000000000000e+03,1.016720404139956599e+03,3.947113633031098345e+01,9.055729446113409964e-02,-5.235469903233816780e+01
1.023000000000000000e+03,1.017215510756726189e+03,3.930382544563321545e+01,9.055109837874034118e-02,-5.340270264235212494e+01
1.024000000000000000e+03,1.017814139512748056e+03,3.913200148675655043e+01,9.054586057710606317e-02,-5.443353688458277162e+01
1.025000000000000000e+03,1.018494252145381097e+03,3.895587818045513728e+01,9.054157665648411568e-02,-5.544643770937815930e+01
1.026000000000000000e+03,1.019270956717709169e+03,3.877552043224690692e+01,9.053824172612211230e-02,-5.644086326640168494e+01
1.027000000000000000e+03,1.020129652375816590e+03,3.859099289520802500e+01,9.053585040869327472e-02,-5.741693958290900213e+01
1.028000000000000000e+03,1.021070599357188144e+03,3.840235997192169037e+01,9.053439684508604590e-02,-5.837464342290299868e+01
1.029000000000000000e+03,1.022108918895158354e+03,3.820968581656560303e+01,9.053387469949236710e-02,-5.931409939926181352e+01
1.030000000000000000e+03,1.023222594669346222e+03,3.801296005363470698e+01,9.053427716482807808e-02,-6.023543138530088470e+01
1.031000000000000000e+03,1.024426756208259576e+03,3.781232063081030503e+01,9.053559696841434468e-02,-6.113883677730395050e+01
1.032000000000000000e+03,1.025706823635266346e+03,3.760775668744690137e+01,9.053782637793109100e-02,-6.202428934001399341e+01
1.033000000000000000e+03,1.027077934367131093e+03,3.739933140770988729e+01,9.054095720765346911e-02,-6.289191060412932188e+01
1.034000000000000000e+03,1.028525516207067312e+03,3.718710773983480067e+01,9.054498082491702071e-02,-6.374115272825053324e+01
1.035000000000000000e+03,1.030057285690257004e+03,3.697129696602357285e+01,9.054988815678109704e-02,-6.457139274787394356e+01
1.036000000000000000e+03,1.031658677875038393e+03,3.675196157145308717e+01,9.055566969695534596e-02,-6.538208112387447102e+01
1.037000000000000000e+03,1.033322559635715606e+03,3.652923809792577714e+01,9.056231551294134652e-02,-6.617259315748856352e+01
1.038000000000000000e+03,1.035064086254180438e+03,3.630326286363255406e+01,9.056981525321625148e-02,-6.694237753982079653e+01
1.039000000000000000e+03,1.036868702858793313e+03,3.607417196653734948e+01,9.057815815472222698e-02,-6.769088205135935254e+01
1.040000000000000000e+03,1.038729286065954739e+03,3.584195272087303863e+01,9.058733305041939687e-02,-6.841747926200986285e+01
1.041000000000000000e+03,1.040653572220550814e+03,3.560681507826807035e+01,9.059732837692072160e-02,-6.912213506667248453e+01
1.042000000000000000e+03,1.042634443885184055e+03,3.536859736345035543e+01,9.060813218236461741e-02,-6.980481440179543995e+01
1.043000000000000000e+03,1.044664786431108041e+03,3.512743482960036090e+01,9.061973213421088691e-02,-7.046525837995760355e+01
1.044000000000000000e+03,1.046759772979754644e+03,3.488331396126969963e+01,9.063211552721991970e-02,-7.110409852801126362e+01
1.045000000000000000e+03,1.048904865842248682e+03,3.463614676191669162e+01,9.064526929139302136e-02,-7.172062826812452840e+01
1.046000000000000000e+03,1.051100386512773866e+03,3.438614217554781050e+01,9.065918000002577692e-02,-7.231562567750174253e+01
1.047000000000000000e+03,1.053346658860657726e+03,3.413313753941613271e+01,9.067383387777223913e-02,-7.288838213541325217e+01
1.048000000000000000e+03,1.055644009023761782e+03,3.387734142335595067e+01,9.068921680862321311e-02,-7.343893081589959593e+01
1.049000000000000000e+03,1.057985336952509442e+03,3.361903650016673595e+01,9.070531434396869597e-02,-7.396656100584424109e+01
1.050000000000000000e+03,1.060370973005617088e+03,3.335835669958054694e+01,9.072211171065593105e-02,-7.447278943368520743e+01
1.051000000000000000e+03,1.062793817189008450e+03,3.309551036527975754e+01,9.073959381892171550e-02,-7.495690056577210214e+01
1.052000000000000000e+03,1.065254183883139831e+03,3.283055831488973553e+01,9.075774527035383732e-02,-7.541816705325153691e+01
1.053000000000000000e+03,1.067752385261479048e+03,3.256385863981365247e+01,9.077655036582966963e-02,-7.585660060489153977e+01
1.054000000000000000e+03,1.070288735146656109e+03,3.229554642351730109e+01,9.079599311333901024e-02,-7.627221182514608699e+01
1.055000000000000000e+03,1.072848692210326362e+03,3.202568231335700233e+01,9.081605723576821609e-02,-7.666575304014061487e+01
1.056000000000000000e+03,1.075440001625779360e+03,3.175432680896351911e+01,9.083672617865708176e-02,-7.703648978400835290e+01
1.057000000000000000e+03,1.078055553218990099e+03,3.148161455068130365e+01,9.085798311785651948e-02,-7.738368646079648272e+01
1.058000000000000000e+03,1.080695666422556542e+03,3.120760575755188526e+01,9.087981096717563656e-02,-7.770883484183659107e+01
1.059000000000000000e+03,1.083353233479192568e+03,3.093236051585337876e+01,9.090219238589393458e-02,-7.801045421329857277e+01
1.060000000000000000e+03,1.086036004397198667e+03,3.065601306768530421e+01,9.092510978625369111e-02,-7.828854837949836565e+01
1.061000000000000000e+03,1.088736873454802435e+03,3.037862324908814671e+01,9.094854534094558296e-02,-7.854460565647966064e+01
1.062000000000000000e+03,1.091456164156769546e+03,3.010032506221228488e+01,9.097248099044154268e-02,-7.877639902084040102e+01
1.063000000000000000e+03,1.094186772440162031e+03,2.982110383001096565e+01,9.099689845039504732e-02,-7.898615728942586145e+01
1.064000000000000000e+03,1.096929023281374157e+03,2.954116761898718835e+01,9.102177921895431012e-02,-7.917239392888508576e+01
1.065000000000000000e+03,1.099675813902313621e+03,2.926057582694694403e+01,9.104710458402644202e-02,-7.933510689608834809e+01
1.066000000000000000e+03,1.102434898727846075e+03,2.897938775529888744e+01,9.107285563059536182e-02,-7.947577863377924245e+01
1.067000000000000000e+03,1.105191747541113500e+03,2.869773689787835735e+01,9.109901324796666755e-02,-7.959291905648507282e+01
1.068000000000000000e+03,1.107961543841590355e+03,2.841575666279090129e+01,9.112555813709304064e-02,-7.968726539216039839e+01
1.069000000000000000e+03,1.110722329598738497e+03,2.813350609427853399e+01,9.115247081784702554e-02,-7.975881083896433665e+01
1.070000000000000000e+03,1.113489288659877047e+03,2.785111844511432011e+01,9.117973163637756173e-02,-7.980754739757227867e+01
1.071000000000000000e+03,1.116247891502632910e+03,2.756865261500616171e+01,9.120732077249524283e-02,-7.983346586887432750e+01
1.072000000000000000e+03,1.119005893590596997e+03,2.728631600653055500e+01,9.123521824708653860e-02,-7.983729868711239419e+01
1.073000000000000000e+03,1.121748765174817208e+03,2.700416739656502685e+01,9.126340392965190396e-02,-7.981829141333456334e+01
1.074000000000000000e+03,1.124484261297264311e+03,2.672233979225288536e+01,9.129185754591379043e-02,-7.977717407444534103e+01
1.075000000000000000e+03,1.127205279940422542e+03,2.644096615297147679e+01,9.132055868549666944e-02,-7.971393265750582202e+01
1.076000000000000000e+03,1.129919575327909797e+03,2.616010511231294444e+01,9.134948680969309787e-02,-7.962780910953935631e+01
1.077000000000000000e+03,1.132612616071558705e+03,2.587981526708130176e+01,9.137862125944500036e-02,-7.952027267787244114e+01
1.078000000000000000e+03,1.135292155169882108e+03,2.560030374980251366e+01,9.140794126333123826e-02,-7.939130573569245541e+01
1.079000000000000000e+03,1.137943659802135244e+03,2.532162910022902480e+01,9.143742594581361072e-02,-7.924014661820261551e+01
1.080000000000000000e+03,1.140582309674183534e+03,2.504384983786807695e+01,9.146705433550050834e-02,-7.906826096430698669e+01
1.081000000000000000e+03,1.143193570109162238e+03,2.476717303451781405e+01,9.149680537369356270e-02,-7.887414187348147721e+01
1.082000000000000000e+03,1.145777762040175730e+03,2.449158290229307511e+01,9.152665792303385506e-02,-7.865925258848847079e+01
1.083000000000000000e+03,1.148335205199556640e+03,2.421721221668263979e+01,9.155659077625183384e-02,-7.842356948821742435e+01
1.084000000000000000e+03,1.150866218007219459e+03,2.394419375509449566e+01,9.158658266521484126e-02,-7.816706776120834377e+01
1.085000000000000000e+03,1.153363689107407936e+03,2.367258601890863190e+01,9.161661227005792052e-02,-7.789046424464160623e+01
1.086000000000000000e+03,1.155827933954916489e+03,2.340244752253895300e+01,9.164665822851213173e-02,-7.759224608869992323e+01
1.087000000000000000e+03,1.158259266349369000e+03,2.313383679899612844e+01,9.167669914536935583e-02,-7.727461344173595137e+01
1.088000000000000000e+03,1.160650569968414402e+03,2.286696097245792103e+01,9.170671360218986268e-02,-7.693679394052701070e+01
1.089000000000000000e+03,1.163002154950716658e+03,2.260187862982636275e+01,9.173668016706680584e-02,-7.657875689139804365e+01
1.090000000000000000e+03,1.165314329427376833e+03,2.233857410979803149e+01,9.176657740464036483e-02,-7.620121327674523570e+01
1.091000000000000000e+03,1.167587399402947995e+03,2.207725464244171576e+01,9.179638388620656175e-02,-7.580487292706507674e+01
1.092000000000000000e+03,1.169814240285716551e+03,2.181797893725219950e+01,9.182607819999007159e-02,-7.538895885849473189e+01
1.093000000000000000e+03,1.171995153468432818e+03,2.156088003922163310e+01,9.185563896147772023e-02,-7.495492145606837653e+01
1.094000000000000000e+03,1.174130437858194000e+03,2.130601676739453154e+01,9.188504482398679452e-02,-7.450198147224357115e+01
1.095000000000000000e+03,1.176220389756689656e+03,2.105352228742768617e+01,9.191427448922405430e-02,-7.403158704627608699e+01
1.096000000000000000e+03,1.178257874390529423e+03,2.080345555013348857e+01,9.194330671799050281e-02,-7.354295670384590267e+01
1.097000000000000000e+03,1.180250610843138475e+03,2.055594986402492808e+01,9.197212034092072663e-02,-7.303679354251113409e+01
1.098000000000000000e+03,1.182191458535696029e+03,2.031099005033823346e+01,9.200069426925779059e-02,-7.251379957254081887e+01
1.099000000000000000e+03,1.184073273810620776e+03,2.006878386606351583e+01,9.202900750575722377e-02,-7.197393289332727306e+01
1.100000000000000000e+03,1.185911194866594087e+03,1.982931630843432558e+01,9.205703915543703153e-02,-7.141789337542594751e+01
1.101000000000000000e+03,1.187683201779259434e+03,1.959257325168655939e+01,9.208476843650735544e-02,-7.084489382593227447e+01
1.102000000000000000e+03,1.189404360702002805e+03,1.935876664532535685e+01,9.211217469111275535e-02,-7.025637315042570208e+01
1.103000000000000000e+03,1.191060007792626493e+03,1.912796075977341914e+01,9.213923739609117258e-02,-6.965154038272687842e+01
1.104000000000000000e+03,1.192665188970338249e+03,1.890021997803973974e+01,9.216593617366805602e-02,-6.903168348430907031e+01
1.105000000000000000e+03,1.194205233008137839e+03,1.867553451761820682e+01,9.219225080204632161e-02,-6.839690088489881248e+01
1.106000000000000000e+03,1.195680321531442587e+03,1.845404328636774949e+01,9.221816122586380671e-02,-6.774743860075975022e+01
1.107000000000000000e+03,1.197098060567910807e+03,1.823581103734625586e+01,9.224364756650346719e-02,-6.708369025045148248e+01
1.108000000000000000e+03,1.198443767049682947e+03,1.802090265762017651e+01,9.226869013230376559e-02,-6.640604850409523863e+01
1.109000000000000000e+03,1.199732467171729468e+03,1.780945745703678895e+01,9.229326942853112448e-02,-6.571483081664389658e+01
1.110000000000000000e+03,1.200949469499994620e+03,1.760146632294602753e+01,9.231736616713213939e-02,-6.501042801215122324e+01
1.111000000000000000e+03,1.202102363337000270e+03,1.739706885939591885e+01,9.234096127633190099e-02,-6.429323001801347459e+01
1.112000000000000000e+03,1.203183876888314671e+03,1.719618197475845278e+01,9.236403590999518742e-02,-6.356347731617663754e+01
1.113000000000000000e+03,1.204201590585269514e+03,1.699901987133494075e+01,9.238657145664540271e-02,-6.282178094632085674e+01
1.114000000000000000e+03,1.205148223609791330e+03,1.680564834937477769e+01,9.240854954831095869e-02,-6.206830540644094896e+01
1.115000000000000000e+03,1.206023918875197069e+03,1.661598481205182054e+01,9.242995206901020999e-02,-6.130351150740627020e+01
1.116000000000000000e+03,1.206828814610277732e+03,1.643024397139451409e+01,9.245076116298713009e-02,-6.052785925889673990e+01
1.117000000000000000e+03,1.207563044297976148e+03,1.624834358511645149e+01,9.247095924264388256e-02,-5.974158503923764130e+01
1.118000000000000000e+03,1.208226736618454197e+03,1.607042444591617780e+01,9.249052899608108114e-02,-5.894507303363366191e+01
1.119000000000000000e+03,1.208812587046299086e+03,1.589655325217752768e+01,9.250945339442477600e-02,-5.813885525525390108e+01
1.120000000000000000e+03,1.209320714502878673e+03,1.572664832910211530e+01,9.252771569871806601e-02,-5.732309158214523848e+01
1.121000000000000000e+03,1.209758661312559525e+03,1.556092533428032176e+01,9.254529946650867644e-02,-5.649831261401690341e+01
1.122000000000000000e+03,1.210119108112494132e+03,1.539930299414462489e+01,9.256218855812588242e-02,-5.566482542629166375e+01
1.123000000000000000e+03,1.210402158868165316e+03,1.524184880937203346e+01,9.257836714259927435e-02,-5.482301072648003526e+01
1.124000000000000000e+03,1.210615340842339947e+03,1.508870477567955248e+01,9.259381970317247246e-02,-5.397324859331838098e+01
1.125000000000000000e+03,1.210743891167094262e+03,1.493979025401932503e+01,9.260853104258506829e-02,-5.311591849966700352e+01
1.126000000000000000e+03,1.210787898572026506e+03,1.479517339220025107e+01,9.262248628795899386e-02,-5.225154790265384008e+01
1.127000000000000000e+03,1.210762303365024991e+03,1.465492256189287978e+01,9.263567089537499966e-02,-5.138051513302570328e+01
1.128000000000000000e+03,1.210659755665439434e+03,1.451910636253698250e+01,9.264807065410622655e-02,-5.050334655272457951e+01
1.129000000000000000e+03,1.210472900442739501e+03,1.438771934164143040e+01,9.265967169058508812e-02,-4.962034516112960603e+01
1.130000000000000000e+03,1.210216662558478902e+03,1.426075628198087486e+01,9.267046047204434422e-02,-4.873203631999754748e+01
1.131000000000000000e+03,1.209876248308883305e+03,1.413828648868175542e+01,9.268042380984650719e-02,-4.783887064353285723e+01
1.132000000000000000e+03,1.209459143873862331e+03,1.402037950918984066e+01,9.268954886260279136e-02,-4.694114973910370026e+01
1.133000000000000000e+03,1.208965401915988195e+03,1.390703085312196485e+01,9.269782313901252235e-02,-4.603932336559315530e+01
1.134000000000000000e+03,1.208387641582987499e+03,1.379823627900482030e+01,9.270523450038932467e-02,-4.513376660734064671e+01
1.135000000000000000e+03,1.207733333563281121e+03,1.369399179739087380e+01,9.271177116307524613e-02,-4.422485418218626307e+01
1.136000000000000000e+03,1.207002515042109508e+03,1.359436795735474846e+01,9.271742170055695398e-02,-4.331288618258903966e+01
1.137000000000000000e+03,1.206187789710279503e+03,1.349936128235808752e+01,9.272217504543336930e-02,-4.239838523432316464e+01
1.138000000000000000e+03,1.205296612825320835e+03,1.340896855649628705e+01,9.272602049120262646e-02,-4.148165082020179284e+01
1.139000000000000000e+03,1.204329006172599975e+03,1.332318682711568947e+01,9.272894769388023706e-02,-4.056305643886637569e+01
1.140000000000000000e+03,1.203270129728183065e+03,1.324208769080484949e+01,9.273094667347357711e-02,-3.964304962959467105e+01
1.141000000000000000e+03,1.202142280124763829e+03,1.316559444524625810e+01,9.273200781536830584e-02,-3.872207771362442941e+01
1.142000000000000000e+03,1.200930607164216099e+03,1.309377922545505157e+01,9.273212187156094910e-02,-3.780051353548458337e+01
1.143000000000000000e+03,1.199642540635349860e+03,1.302664015536881692e+01,9.273127996186152078e-02,-3.687872977132967378e+01
1.144000000000000000e+03,1.198270648578962891e+03,1.296417563331542233e+01,9.272947357499992938e-02,-3.595717323726326953e+01
1.145000000000000000e+03,1.196822350705540885e+03,1.290638433384581596e+01,9.272669456963791856e-02,-3.503621634713477562e+01
1.146000000000000000e+03,1.195297633361469934e+03,1.285326520943389639e+01,9.272293517540505792e-02,-3.411630570431919551e+01
1.147000000000000000e+03,1.193696477896403621e+03,1.280481749204328956e+01,9.271818799385922460e-02,-3.319773927595014840e+01
1.148000000000000000e+03,1.192011432330181378e+03,1.276104069456088652e+01,9.271244599946482090e-02,-3.228088926812710469e+01
1.149000000000000000e+03,1.190249896420718187e+03,1.272186032859477756e+01,9.270570254055357506e-02,-3.136620215056809968e+01
1.150000000000000000e+03,1.188411836630304833e+03,1.268727647264666736e+01,9.269795134027333794e-02,-3.045397583070227654e+01
1.151000000000000000e+03,1.186497206271750656e+03,1.265736428386524359e+01,9.268918649757469652e-02,-2.954458518867770067e+01
1.152000000000000000e+03,1.184505920862062567e+03,1.263205268059700082e+01,9.267940248818203053e-02,-2.863849008171546728e+01
1.153000000000000000e+03,1.182445311152377371e+03,1.261134566150852443e+01,9.266859416561346041e-02,-2.773600453813909539e+01
1.154000000000000000e+03,1.180300417964440840e+03,1.259524751200480353e+01,9.265675676228045388e-02,-2.683751697226395549e+01
1.155000000000000000e+03,1.178085990658701576e+03,1.258361423773325427e+01,9.264388589046231026e-02,-2.594341592515910122e+01
1.156000000000000000e+03,1.175794488698841405e+03,1.257659926597781208e+01,9.262997754346720403e-02,-2.505416437233444427e+01
1.157000000000000000e+03,1.173433223419320484e+03,1.257405917788918082e+01,9.261502809673527459e-02,-2.417000261383207160e+01
1.158000000000000000e+03,1.171002072991017485e+03,1.257607369312446544e+01,9.259903430896637699e-02,-2.329146828275795755e+01
1.159000000000000000e+03,1.168500910788078272e+03,1.258249996882713262e+01,9.258199332329258846e-02,-2.241887638468778832e+01
1.160000000000000000e+03,1.165929605404831136e+03,1.259341830051084266e+01,9.256390266842512426e-02,-2.155254217200325684e+01
1.161000000000000000e+03,1.163288020673164965e+03,1.260876070429050877e+01,9.254476025983653098e-02,-2.069285545112501268e+01
1.162000000000000000e+03,1.160583444030758073e+03,1.262845948350679315e+01,9.252456440088806244e-02,-1.984005775563321450e+01
1.163000000000000000e+03,1.157808301489070573e+03,1.265252151172490791e+01,9.250331378395929005e-02,-1.899453950379900746e+01
1.164000000000000000e+03,1.154969871054016721e+03,1.268095394860635317e+01,9.248100749155216405e-02,-1.815669145499011705e+01
1.165000000000000000e+03,1.152067997695995018e+03,1.271361567215719646e+01,9.245764499731912167e-02,-1.732675616596069901e+01
1.166000000000000000e+03,1.149095093371958228e+03,1.275058869537384076e+01,9.243322616704295613e-02,-1.650512514803553188e+01
1.167000000000000000e+03,1.146058422099711379e+03,1.279173246424240773e+01,9.240775125954737990e-02,-1.569204175614818553e+01
1.168000000000000000e+03,1.142957814932380188e+03,1.283705527414775460e+01,9.238122092748531078e-02,-1.488789834576718896e+01
1.169000000000000000e+03,1.139800526685989780e+03,1.288656570164819115e+01,9.235363621798360623e-02,-1.409293916166427074e+01
1.170000000000000000e+03,1.136578950917848260e+03,1.294004975263171531e+01,9.232499857327597370e-02,-1.330748321105526522e+01
1.171000000000000000e+03,1.133300333358918579e+03,1.299766512888501957e+01,9.229530983104665409e-02,-1.253192428608164199e+01
1.172000000000000000e+03,1.129964486896875314e+03,1.305927267500604394e+01,9.226457222466746821e-02,-1.176643385212269877e+01
1.173000000000000000e+03,1.126571219962755322e+03,1.312480779423849953e+01,9.223278838325643658e-02,-1.101140677096495324e+01
1.174000000000000000e+03,1.123120336570145582e+03,1.319428044668184086e+01,9.219996133153861295e-02,-1.026712704701927237e+01
1.175000000000000000e+03,1.119611636357300767e+03,1.326762658038501641e+01,9.216609448944544647e-02,-9.533804990865093032e+00
1.176000000000000000e+03,1.116052342982600749e+03,1.334470812933488659e+01,9.213119167150915501e-02,-8.811725807853527215e+00
1.177000000000000000e+03,1.112442247472482450e+03,1.342553586184250847e+01,9.209525708600761751e-02,-8.101130765896423114e+00
1.178000000000000000e+03,1.108773708273216926e+03,1.351012081130827269e+01,9.205829533381577889e-02,-7.402298928496637842e+00
1.179000000000000000e+03,1.105061364707144094e+03,1.359832570687900422e+01,9.202031140698589684e-02,-6.715480320546642901e+00
1.180000000000000000e+03,1.101297566929951927e+03,1.369008782151034254e+01,9.198131068705310553e-02,-6.040940519142905529e+00
1.181000000000000000e+03,1.097482089394074819e+03,1.378534468591266737e+01,9.194129894300823169e-02,-5.378916103947299021e+00
1.182000000000000000e+03,1.093622130914771105e+03,1.388410836939624993e+01,9.190028232896917115e-02,-4.729622105738096494e+00
1.183000000000000000e+03,1.089717458039405301e+03,1.398624262660141149e+01,9.185826738151922632e-02,-4.093304767622860219e+00
1.184000000000000000e+03,1.085767833471215226e+03,1.409176002864182209e+01,9.181526101670386963e-02,-3.470185109214943164e+00
1.185000000000000000e+03,1.081773016146549253e+03,1.420045054262179640e+01,9.177127052671107954e-02,-2.860499801897732119e+00
1.186000000000000000e+03,1.077732761315806329e+03,1.431240151308062103e+01,9.172630357619963870e-02,-2.264478902797582016e+00
1.187000000000000000e+03,1.073654248978282340e+03,1.442747767429987071e+01,9.168036819829952777e-02,-1.682342159305056040e+00
1.188000000000000000e+03,1.069537227269860978e+03,1.454561828103685173e+01,9.163347279023532910e-02,-1.114257428668608219e+00
1.189000000000000000e+03,1.065381440904960755e+03,1.466676282164497280e+01,9.158562610862108766e-02,-5.604008656321133319e-01
1.190000000000000000e+03,1.061179202921393198e+03,1.479085101459689611e+01,9.153683726445983881e-02,-2.092722666592979758e-02
1.191000000000000000e+03,1.056952536530000316e+03,1.491774852140632746e+01,9.148711571774180429e-02,5.040003993820918460e-01
1.192000000000000000e+03,1.052686320063942503e+03,1.504746979346177049e+01,9.143647127179625744e-02,1.014210574431914091e+00
1.193000000000000000e+03,1.048387713885219227e+03,1.517995521774837897e+01,9.138491406724594257e-02,1.509553208126511503e+00
1.194000000000000000e+03,1.044063875441259597e+03,1.531499682947869267e+01,9.133245457570969561e-02,1.989854971706481290e+00
1.195000000000000000e+03,1.039707102674391763e+03,1.545260972564343227e+01,9.127910359321736444e-02,2.454993565923277110e+00
1.196000000000000000e+03,1.035317119184987860e+03,1.559273492694604712e+01,9.122487223329218964e-02,2.904853135795750774e+00
1.197000000000000000e+03,1.030901074346078303e+03,1.573531365715705199e+01,9.116977191985267681e-02,3.339309399227003095e+00
1.198000000000000000e+03,1.026466115069709986e+03,1.588013877186956435e+01,9.111381437980684006e-02,3.758259346193756123e+00
1.199000000000000000e+03,1.022004529224813723e+03,1.602730045518488211e+01,9.105701163542015419e-02,4.161494943062741036e+00
1.200000000000000000e+03,1.017516030807849688e+03,1.617659194727442085e+01,9.099937599651214404e-02,4.549044823465793641e+00
1.201000000000000000e+03,1.013007766454651005e+03,1.632802928128224096e+01,9.094092005243629984e-02,4.920636463179419273e+00
1.202000000000000000e+03,1.008479478034137628e+03,1.648147913189212233e+01,9.088165666391044561e-02,5.276355805919525466e+00
1.203000000000000000e+03,1.003930911949553547e+03,1.663680810698826917e+01,9.082159895465538590e-02,5.615987613626590047e+00
1.204000000000000000e+03,9.993692412215807508e+02,1.679410583651655031e+01,9.076076030296706398e-02,5.939538410982725836e+00
1.205000000000000000e+03,9.947867805614081362e+02,1.695309069962823401e+01,9.069915433315581255e-02,6.246865057266667520e+00
1.206000000000000000e+03,9.901906998955980725e+02,1.711385265479060180e+01,9.063679490691511909e-02,6.537971870275436359e+00
1.207000000000000000e+03,9.855807394390135414e+02,1.727611039977154306e+01,9.057369611458680747e-02,6.812787766278516344e+00
1.208000000000000000e+03,9.809640665185712578e+02,1.744002848510266190e+01,9.050987226648767037e-02,7.071166251034752825e+00
1.209000000000000000e+03,9.763404189953538435e+02,1.760532590691331833e+01,9.044533788411332487e-02,7.313182545379356192e+00
1.210000000000000000e+03,9.717021053863636553e+02,1.777201893675022859e+01,9.038010769140814027e-02,7.538687876349413841e+00
1.211000000000000000e+03,9.670562900359763034e+02,1.793997541529021333e+01,9.031419660604975141e-02,7.747829454408537764e+00
1.212000000000000000e+03,9.624101365348958552e+02,1.810913759751090168e+01,9.024761973077570498e-02,7.940530482205454987e+00
1.213000000000000000e+03,9.577559511376983892e+02,1.827944786378963116e+01,9.018039234477802368e-02,8.116712998927892997e+00
1.214000000000000000e+03,9.531008962803012992e+02,1.845084871444552732e+01,9.011252989517805345e-02,8.276372158222505604e+00
1.215000000000000000e+03,9.484521339942159557e+02,1.862313419722013563e+01,9.004404798857507108e-02,8.419576223183423025e+00
1.216000000000000000e+03,9.437945409687114307e+02,1.879632131922163651e+01,8.997496238276264657e-02,8.546243711403432641e+00
1.217000000000000000e+03,9.391427071135301503e+02,1.897027862379326990e+01,8.990528897850244561e-02,8.656440525111806394e+00
1.218000000000000000e+03,9.344963655663156032e+02,1.914494903535355164e+01,8.983504381148511853e-02,8.750157097361274339e+00
1.219000000000000000e+03,9.298552494999322562e+02,1.932020128667891257e+01,8.976424304445271285e-02,8.827308389286779189e+00
1.220000000000000000e+03,9.252116638768758321e+02,1.949597848015416801e+01,8.969290295939655322e-02,8.888105305437541404e+00
1.221000000000000000e+03,9.205876273029848562e+02,1.967214951497375353e+01,8.962103995001263756e-02,8.932311857128638621e+00
1.222000000000000000e+03,9.159605886251940774e+02,1.984873193181939044e+01,8.954867051424407476e-02,8.960136563400334708e+00
1.223000000000000000e+03,9.113525672325763480e+02,2.002552048948448515e+01,8.947581124707694455e-02,8.971638182475208723e+00
1.224000000000000000e+03,9.067484412994449485e+02,2.020253285999616466e+01,8.940247883342881952e-02,8.966799995280389624e+00
1.225000000000000000e+03,9.021628030313025874e+02,2.037963820518265479e+01,8.932869004128746182e-02,8.945901223516797174e+00
1.226000000000000000e+03,8.975879603046859074e+02,2.055678002123688586e+01,8.925446171494975933e-02,8.908922762726808386e+00
1.227000000000000000e+03,8.930310785079783500e+02,2.073382756574665464e+01,8.917981076846664967e-02,8.855918601419139335e+00
1.228000000000000000e+03,8.884918955782671901e+02,2.091079870221950188e+01,8.910475417925681207e-02,8.787164390204562636e+00
1.229000000000000000e+03,8.839775787875917104e+02,2.108756276007530772e+01,8.902930898188028686e-02,8.702637459920367746e+00
1.230000000000000000e+03,8.794804397761889732e+02,2.126406337914466604e+01,8.895349226191916203e-02,8.602462525792160974e+00
1.231000000000000000e+03,8.750002196856000864e+02,2.144016993664597237e+01,8.887732115004923217e-02,8.486688840570698389e+00
1.232000000000000000e+03,8.705440892395142782e+02,2.161590039166913968e+01,8.880081281618887323e-02,8.355587332676885026e+00
1.233000000000000000e+03,8.661192204729848072e+02,2.179097557813389940e+01,8.872398446384401061e-02,8.209056342800241879e+00
1.234000000000000000e+03,8.617105017598981931e+02,2.196548775028562872e+01,8.864685332446441135e-02,8.047364464018961883e+00
1.235000000000000000e+03,8.573325363418462075e+02,2.213930630865133864e+01,8.856943665195128601e-02,7.870481995841949185e+00
1.236000000000000000e+03,8.529776439525404612e+02,2.231237492803125022e+01,8.849175171724273092e-02,7.678600934753522012e+00
1.237000000000000000e+03,8.486530026444162331e+02,2.248448870098113161e+01,8.841381580294091491e-02,7.471837846686458562e+00
1.238000000000000000e+03,8.443583638125713833e+02,2.265573983282805770e+01,8.833564619797566742e-02,7.250382440959316277e+00
1.239000000000000000e+03,8.400934806191805819e+02,2.282592336766468222e+01,8.825726019234680919e-02,7.014349010646638405e+00
1.240000000000000000e+03,8.358581080672743155e+02,2.299498288339457375e+01,8.817867507186527565e-02,6.763925007395755529e+00
1.241000000000000000e+03,8.316594314245164696e+02,2.316293620227873973e+01,8.809990811284745815e-02,6.499296766166731132e+00
1.242000000000000000e+03,8.274972095961034029e+02,2.332965253449796350e+01,8.802097657688616461e-02,6.220649513899766170e+00
1.243000000000000000e+03,8.233637751981557358e+02,2.349500103925123184e+01,8.794189770551980034e-02,5.928093095099377763e+00
1.244000000000000000e+03,8.192663196819563609e+02,2.365899938587969231e+01,8.786268871492457222e-02,5.621736264837967845e+00
1.245000000000000000e+03,8.152046083568850463e+02,2.382144233050121684e+01,8.778336679047837876e-02,5.301894692472942872e+00
1.246000000000000000e+03,8.111858371648828552e+02,2.398242169470504237e+01,8.770394908131720624e-02,4.968697269398311356e+00
1.247000000000000000e+03,8.072023477040180524e+02,2.414173209174125745e+01,8.762445269483928878e-02,4.622331255317733145e+00
1.248000000000000000e+03,8.032613407042106246e+02,2.429939090528229073e+01,8.754489469099016596e-02,4.262975434203284841e+00
1.249000000000000000e+03,7.993551627014114729e+02,2.445519258268831919e+01,8.746529207661449257e-02,3.890807554148620895e+00
1.250000000000000000e+03,7.954984478645097852e+02,2.460915433034120881e+01,8.738566179961008984e-02,3.506034052661465505e+00
1.251000000000000000e+03,7.916761328045799928e+02,2.476129240792013775e+01,8.730602074295094883e-02,3.108889690580696197e+00
1.252000000000000000e+03,7.878954946578037379e+02,2.491139672356682055e+01,8.722638571870458546e-02,2.699636429656361969e+00
1.253000000000000000e+03,7.841638265572987621e+02,2.505947907807584940e+01,8.714677346178087425e-02,2.278534867263839914e+00
1.254000000000000000e+03,7.804735678253186961e+02,2.520555115845597882e+01,8.706720062369013857e-02,1.845829771475560488e+00
1.255000000000000000e+03,7.768320174521787749e+02,2.534947596546561144e+01,8.698768376607229902e-02,1.401794664948363245e+00
1.256000000000000000e+03,7.732390491237457582e+02,2.549119065871073175e+01,8.690823935420634305e-02,9.466724122777997463e-01
1.257000000000000000e+03,7.696945396501582763e+02,2.563063226778457349e+01,8.682888375032705996e-02,4.807146047785172960e-01
1.258000000000000000e+03,7.661983690444313879e+02,2.576788625396836707e+01,8.674963320682768653e-02,4.177266930453917698e-03
1.259000000000000000e+03,7.627429922508324580e+02,2.590266652046489071e+01,8.667050385940933133e-02,-4.826895280595784321e-01
1.260000000000000000e+03,7.593505809746546902e+02,2.603513252573428005e+01,8.659151172009360575e-02,-9.796327286255634981e-01
1.261000000000000000e+03,7.559987402580024991e+02,2.616507215983372348e+01,8.651267267014617346e-02,-1.486408917068237301e+00
1.262000000000000000e+03,7.527022204104360981e+02,2.629242172386306109e+01,8.643400245289403760e-02,-2.002767208025619805e+00
1.263000000000000000e+03,7.494609186345745684e+02,2.641719164145287380e+01,8.635551666656550440e-02,-2.528463494229844066e+00
1.264000000000000000e+03,7.462673074529841415e+02,2.653939217031717490e+01,8.627723075693317922e-02,-3.063232201752047246e+00
1.265000000000000000e+03,7.431287198346811920e+02,2.665881054686728646e+01,8.619916001004693240e-02,-3.606808557683736982e+00
1.266000000000000000e+03,7.400376358688217806e+02,2.677545668241652876e+01,8.612131954484489316e-02,-4.158891430674652945e+00
1.267000000000000000e+03,7.370088245893866770e+02,2.688934030793231855e+01,8.604372430584428244e-02,-4.719210168036269692e+00
1.268000000000000000e+03,7.340347739456832414e+02,2.700039668586540742e+01,8.596638905575236522e-02,-5.287472578907783216e+00
1.269000000000000000e+03,7.311154042737182408e+02,2.710856088905799410e+01,8.588932836813875649e-02,-5.863387200595612470e+00
1.270000000000000000e+03,7.282506400145059615e+02,2.721384207972769786e+01,8.581255662017127361e-02,-6.446707849639466303e+00
1.271000000000000000e+03,7.254404097806241225e+02,2.731610065451942049e+01,8.573608798538878695e-02,-7.037070178752616201e+00
1.272000000000000000e+03,7.226920747708325052e+02,2.741534537415462935e+01,8.565993642654304296e-02,-7.634318504565498209e+00
1.273000000000000000e+03,7.199981437813257799e+02,2.751151050864497449e+01,8.558411568859267127e-02,-8.238000659834408879e+00
1.274000000000000000e+03,7.173578154809205216e+02,2.760460440010244199e+01,8.550863929174408462e-02,-8.847962241186779764e+00
1.275000000000000000e+03,7.147784641378609649e+02,2.769463517512804174e+01,8.543352052468511371e-02,-9.463826604035729062e+00
1.276000000000000000e+03,7.122578116331109186e+02,2.778146217378602145e+01,8.535877243795141067e-02,-1.008536625923882291e+01
1.277000000000000000e+03,7.097958128716331885e+02,2.786516736318600707e+01,8.528440783747953668e-02,-1.071228000145912596e+01
1.278000000000000000e+03,7.073924273250479473e+02,2.794560963262975761e+01,8.521043927835933451e-02,-1.134419288776465073e+01
1.279000000000000000e+03,7.050476190760904274e+02,2.802272192387764704e+01,8.513687905874221806e-02,-1.198095334997751493e+01
1.280000000000000000e+03,7.027620996947119920e+02,2.809665979450653950e+01,8.506373921402780869e-02,-1.262218747174756395e+01
1.281000000000000000e+03,7.005358426056241115e+02,2.816713286283899365e+01,8.499103151130402156e-02,-1.326767038391266240e+01
1.282000000000000000e+03,6.983688259573538062e+02,2.823429620652580851e+01,8.491876744395404630e-02,-1.391702910810628246e+01
1.283000000000000000e+03,6.962610326526415747e+02,2.829808180767899373e+01,8.484695822662446929e-02,-1.457003966816573026e+01
1.284000000000000000e+03,6.942124503751575730e+02,2.835834711663731511e+01,8.477561479042165782e-02,-1.522632993331229834e+01
1.285000000000000000e+03,6.922238144475231820e+02,2.841517218284391788e+01,8.470474777838186975e-02,-1.588567672915511153e+01
1.286000000000000000e+03,6.902943793454935530e+02,2.846848823431061959e+01,8.463436754126155148e-02,-1.654778296399338799e+01
1.287000000000000000e+03,6.884248900535744724e+02,2.851837480871583708e+01,8.456448413362360750e-02,-1.721235188895695245e+01
1.288000000000000000e+03,6.866146107367078457e+02,2.856468833309313737e+01,8.449510731023855692e-02,-1.787901279098301188e+01
1.289000000000000000e+03,6.848635532534354979e+02,2.860750782216225829e+01,8.442624652274791086e-02,-1.854746953615484273e+01
1.290000000000000000e+03,6.831732199953524969e+02,2.864683774175199460e+01,8.435791091671213104e-02,-1.921750054590321355e+01
1.291000000000000000e+03,6.815421468777916516e+02,2.868260800635189511e+01,8.429010932890156071e-02,-1.988873592258184431e+01
1.292000000000000000e+03,6.799703603472834175e+02,2.871489682729151838e+01,8.422285028493584069e-02,-2.056095455945581207e+01
1.293000000000000000e+03,6.784578917053794385e+02,2.874370786002703326e+01,8.415614199724490152e-02,-2.123371269907687875e+01
1.294000000000000000e+03,6.770055199342170908e+02,2.876889591855621831e+01,8.408999236327978355e-02,-2.190693817711503755e+01
1.295000000000000000e+03,6.756110575087086545e+02,2.879053839097360523e+01,8.402440896408100435e-02,-2.258018756308306862e+01
1.296000000000000000e+03,6.742760358959807263e+02,2.880863810362949451e+01,8.395939906309454748e-02,-2.325324040405843817e+01
1.297000000000000000e+03,6.729990200213957223e+02,2.882312331942680927e+01,8.389496960529546632e-02,-2.392580206634195505e+01
1.298000000000000000e+03,6.717808080921464580e+02,2.883407058675429013e+01,8.383112721655987254e-02,-2.459757799461008432e+01
1.299000000000000000e+03,6.706199745628474602e+02,2.884133332052966026e+01,8.376787820335855617e-02,-2.526834797106262087e+01
1.300000000000000000e+03,6.695165842838778190e+02,2.884506178540379651e+01,8.370522855261375295e-02,-2.593774324057010006e+01
1.301000000000000000e+03,6.684707147767254583e+02,2.884510816257247967e+01,8.364318393182884614e-02,-2.660561511373884258e+01
1.302000000000000000e+03,6.674817372912390283e+02,2.884169310828947630e+01,8.358174968949851069e-02,-2.727150658773168246e+01
1.303000000000000000e+03,6.665490356836387491e+02,2.883466490988599062e+01,8.352093085562729835e-02,-2.793532924393620220e+01
1.304000000000000000e+03,6.656719984067140103e+02,2.882402013349249259e+01,8.346073214251596706e-02,-2.859662317889817018e+01
1.305000000000000000e+03,6.648522469779268249e+02,2.880990362339036892e+01,8.340115794570167329e-02,-2.925522553175475693e+01
1.306000000000000000e+03,6.640869504256669416e+02,2.879223708398522419e+01,8.334221234506071496e-02,-2.991075047571859002e+01
1.307000000000000000e+03,6.633769964346175811e+02,2.877101621343686944e+01,8.328389910606019686e-02,-3.056296061169561540e+01
1.308000000000000000e+03,6.627217914594318700e+02,2.874631070341366268e+01,8.322622168111540319e-02,-3.121161837750131340e+01
1.309000000000000000e+03,6.621207463525458934e+02,2.871804138847331345e+01,8.316918321113436763e-02,-3.185641174070732973e+01
1.310000000000000000e+03,6.615725334859639588e+02,2.868627738009502437e+01,8.311278652706195758e-02,-3.249695417513000706e+01
1.311000000000000000e+03,6.610780580473519876e+02,2.865101321632751308e+01,8.305703415158953440e-02,-3.313315605498207361e+01
1.312000000000000000e+03,6.606360009851817949e+02,2.861224314557984272e+01,8.300192830089504759e-02,-3.376463036365304049e+01
1.313000000000000000e+03,6.602457903035435720e+02,2.856996112704198509e+01,8.294747088643343591e-02,-3.439106408819405658e+01
1.314000000000000000e+03,6.599068581813471610e+02,2.852423511473931583e+01,8.289366351678291445e-02,-3.501236676347663490e+01
1.315000000000000000e+03,6.596186409261575818e+02,2.847513277471258419e+01,8.284050749952737158e-02,-3.562807618151769873e+01
1.316000000000000000e+03,6.593805789277126905e+02,2.842257291882505044e+01,8.278800384316205296e-02,-3.623810120404994706e+01
1.317000000000000000e+03,6.591921166111916364e+02,2.836677120671813057e+01,8.273615325892386130e-02,-3.684220175575848089e+01
1.318000000000000000e+03,6.590527023902841393e+02,2.830757159535668421e+01,8.268495616274861015e-02,-3.744006308575483644e+01
1.319000000000000000e+03,6.589617886201004922e+02,2.824518917524803285e+01,8.263441267711837956e-02,-3.803144431277858928e+01
1.320000000000000000e+03,6.589180887149241244e+02,2.817954162023806219e+01,8.258452263290927409e-02,-3.861617840362647058e+01
1.321000000000000000e+03,6.589218056059424953e+02,2.811069488996807308e+01,8.253528557125475174e-02,-3.919394930131380761e+01
1.322000000000000000e+03,6.589724031887104729e+02,2.803871466443337468e+01,8.248670074533509533e-02,-3.976458903799984768e+01
1.323000000000000000e+03,6.590678634405282992e+02,2.796359206216464699e+01,8.243876712213100977e-02,-4.032785486364847571e+01
1.324000000000000000e+03,6.592084005478149038e+02,2.788539220903518512e+01,8.239148338416418804e-02,-4.088350350895795771e+01
1.325000000000000000e+03,6.593927466830363073e+02,2.780403138967265519e+01,8.234484793121400747e-02,-4.143129116505282639e+01
1.326000000000000000e+03,6.596203804615940953e+02,2.771964846700590002e+01,8.229885888195682953e-02,-4.197104774694862073e+01
1.327000000000000000e+03,6.598907840583149209e+02,2.763223346690018190e+01,8.225351407559856887e-02,-4.250260259028714671e+01
1.328000000000000000e+03,6.602027003235756411e+02,2.754177614742152258e+01,8.220881107345984207e-02,-4.302563586484976099e+01
1.329000000000000000e+03,6.605548755690365397e+02,2.744841456821075454e+01,8.216474716056118566e-02,-4.353997568937106877e+01
1.330000000000000000e+03,6.609475451878757895e+02,2.735213795895056421e+01,8.212131934716462855e-02,-4.404552382913014696e+01
1.331000000000000000e+03,6.613794622642607237e+02,2.725300957245613276e+01,8.207852437030288550e-02,-4.454203282683134546e+01
1.332000000000000000e+03,6.618486403572335348e+02,2.715101812035753781e+01,8.203635869532049929e-02,-4.502932883479902415e+01
1.333000000000000000e+03,6.623560676238903397e+02,2.704622634289450644e+01,8.199481851739465199e-02,-4.550723731346548107e+01
1.334000000000000000e+03,6.628997640863233300e+02,2.693877101180683908e+01,8.195389976303478485e-02,-4.597550873016633233e+01
1.335000000000000000e+03,6.634784957528726181e+02,2.682856579931343433e+01,8.191359809170115081e-02,-4.643396710875494193e+01
1.336000000000000000e+03,6.640925173981581793e+02,2.671574698221329314e+01,8.187390889738324629e-02,-4.688258429603031630e+01
1.337000000000000000e+03,6.647398583317360590e+02,2.660030202755422835e+01,8.183482731021328449e-02,-4.732110852746965435e+01
1.338000000000000000e+03,6.654207793507024462e+02,2.648236672991728113e+01,8.179634819816519742e-02,-4.774943582831009792e+01
1.339000000000000000e+03,6.661333156705701413e+02,2.636185379727037414e+01,8.175846616881081441e-02,-4.816731286343627261e+01
1.340000000000000000e+03,6.668762482048705351e+02,2.623897283894179466e+01,8.172117557117290765e-02,-4.857470833912296371e+01
1.341000000000000000e+03,6.676498463380675048e+02,2.611356181764192641e+01,8.168447049761090595e-02,-4.897144157008959553e+01
1.342000000000000000e+03,6.684521536866226370e+02,2.598590417162159483e+01,8.164834478588667288e-02,-4.935725674791121520e+01
1.343000000000000000e+03,6.692827022085349427e+02,2.585583741635770494e+01,8.161279202130057586e-02,-4.973219434378523829e+01
1.344000000000000000e+03,6.701395407958104897e+02,2.572357026687998527e+01,8.157780553893742570e-02,-5.009599682611644766e+01
1.345000000000000000e+03,6.710229493802537490e+02,2.558901409012940320e+01,8.154337842609617193e-02,-5.044855434749214140e+01
1.346000000000000000e+03,6.719309818520289355e+02,2.545230289343693997e+01,8.150950352483528338e-02,-5.078975616399775106e+01
1.347000000000000000e+03,6.728631801615016457e+02,2.531342191105116868e+01,8.147617343470467399e-02,-5.111949062190240767e+01
1.348000000000000000e+03,6.738176029038343131e+02,2.517243045876335827e+01,8.144338051558917824e-02,-5.143757086121267008e+01
1.349000000000000000e+03,6.747945394167653603e+02,2.502946193810089071e+01,8.141111689079569280e-02,-5.174388337010940830e+01
1.350000000000000000e+03,6.757920526910697845e+02,2.488457527359030763e+01,8.137937445029337635e-02,-5.203853653976548799e+01
1.351000000000000000e+03,6.768096874103890741e+02,2.473775498955905761e+01,8.134814485409222473e-02,-5.232141146931292752e+01
1.352000000000000000e+03,6.778462232011081596e+02,2.458913428243712218e+01,8.131741953593531191e-02,-5.259237435828976714e+01
1.353000000000000000e+03,6.789026640486235920e+02,2.443869767384963865e+01,8.128718970709333802e-02,-5.285143550928641076e+01
1.354000000000000000e+03,6.799703589034335209e+02,2.428672664372438916e+01,8.125744636037421365e-02,-5.309852994904820633e+01
1.355000000000000000e+03,6.810599721578487333e+02,2.413305679988756935e+01,8.122818027437062050e-02,-5.333351741827760151e+01
1.356000000000000000e+03,6.821643418036599087e+02,2.397789500127857920e+01,8.119938201788970411e-02,-5.355640521235882545e+01
1.357000000000000000e+03,6.832837357301642669e+02,2.382129937818514875e+01,8.117104195459473592e-02,-5.376712532148845014e+01
1.358000000000000000e+03,6.844184232794428908e+02,2.366317933705981247e+01,8.114315024785678787e-02,-5.396553442174049309e+01
1.359000000000000000e+03,6.855612468000886111e+02,2.350374126641403194e+01,8.111569686579460370e-02,-5.415171100057391129e+01
1.360000000000000000e+03,6.867124782502449989e+02,2.334304284074352154e+01,8.108867158651145157e-02,-5.432543536425082920e+01
1.361000000000000000e+03,6.878723907485765494e+02,2.318106730903091872e+01,8.106206400354026842e-02,-5.448670961473415275e+01
1.362000000000000000e+03,6.890486868245442338e+02,2.301787206680944564e+01,8.103586353143560350e-02,-5.463553479200911056e+01
1.363000000000000000e+03,6.902267849163775963e+02,2.285358866127848643e+01,8.101005941160187296e-02,-5.477176230036277360e+01
1.364000000000000000e+03,6.914143893706262816e+02,2.268819994596716683e+01,8.098464071825033084e-02,-5.489546531964094811e+01
1.365000000000000000e+03,6.926117769384438816e+02,2.252183721996954802e+01,8.095959636449524821e-02,-5.500664166544797240e+01
1.366000000000000000e+03,6.938043683220022331e+02,2.235455738271451764e+01,8.093491510864056493e-02,-5.510521378382640734e+01
1.367000000000000000e+03,6.950072981721889391e+02,2.218641722279655326e+01,8.091058556059030349e-02,-5.519117731341673760e+01
1.368000000000000000e+03,6.962134165327461233e+02,2.201739913985050734e+01,8.088659618840138288e-02,-5.526452679758831721e+01
1.369000000000000000e+03,6.974155737867574771e+02,2.184770828398623621e+01,8.086293532488426916e-02,-5.532525568055602605e+01
1.370000000000000000e+03,6.986289056031388327e+02,2.167740114374613114e+01,8.083959117438715980e-02,-5.537343058748603397e+01
1.371000000000000000e+03,6.998314060305405064e+02,2.150638555161881627e+01,8.081655181962077439e-02,-5.540904275458456141e+01
1.372000000000000000e+03,7.010382108960643563e+02,2.133494067411192674e+01,8.079380522855211799e-02,-5.543208231018693510e+01
1.373000000000000000e+03,7.022421708999459042e+02,2.116297418232199945e+01,8.077133926133948927e-02,-5.544261255634264529e+01
1.374000000000000000e+03,7.034435649138483768e+02,2.099061652558679114e+01,8.074914167739503934e-02,-5.544069568389337377e+01
1.375000000000000000e+03,7.046352431784118835e+02,2.081792380314295343e+01,8.072720014235117147e-02,-5.542631848805088879e+01
1.376000000000000000e+03,7.058249122529388160e+02,2.064502633683162713e+01,8.070550223515614296e-02,-5.539946665148110583e+01
1.377000000000000000e+03,7.070128498645987065e+02,2.047183154281981032e+01,8.068403545506332153e-02,-5.536027331139274565e+01
1.378000000000000000e+03,7.081919048095218159e+02,2.029854392187741396e+01,8.066278722868738815e-02,-5.530872192611367666e+01
1.379000000000000000e+03,7.093623535556414481e+02,2.012514508064506202e+01,8.064174491698662683e-02,-5.524486912668729843e+01
1.380000000000000000e+03,7.105170434458947284e+02,1.995176515495507275e+01,8.062089582225286100e-02,-5.516862186795614065e+01
1.381000000000000000e+03,7.116711060043693351e+02,1.977831139814800920e+01,8.060022719495872623e-02,-5.508018313166906665e+01
1.382000000000000000e+03,7.128099583912363642e+02,1.960498817143701800e+01,8.057972624060794065e-02,-5.497945766105335252e+01
1.383000000000000000e+03,7.139338734125396968e+02,1.943177696525216902e+01,8.055938012649495328e-02,-5.486649766491972002e+01
1.384000000000000000e+03,7.150431227296588759e+02,1.925873353912452401e+01,8.053917598836729530e-02,-5.474142853774531403e+01
1.385000000000000000e+03,7.161454051212452896e+02,1.908598792756943041e+01,8.051910093699429782e-02,-5.460437458024947688e+01
1.386000000000000000e+03,7.172335613459280239e+02,1.891359587897120065e+01,8.049914206460002941e-02,-5.445553328746414934e+01
1.387000000000000000e+03,7.183004307580675913e+02,1.874161314497856168e+01,8.047928645121263380e-02,-5.429487821977721751e+01
1.388000000000000000e+03,7.193537079253321735e+02,1.857009548639778984e+01,8.045952117089352762e-02,-5.412267899298537799e+01
1.389000000000000000e+03,7.203862291466060697e+02,1.839909867908308527e+01,8.043983329780422797e-02,-5.393898129978875744e+01
1.390000000000000000e+03,7.214056857737305108e+02,1.822875280332344161e+01,8.042020991217871395e-02,-5.374390405028528050e+01
1.391000000000000000e+03,7.224049107330719153e+02,1.805903939921032375e+01,8.040063810611326744e-02,-5.353763937892184543e+01
1.392000000000000000e+03,7.233841635006458546e+02,1.789008860651058441e+01,8.038110498927647507e-02,-5.332015551789645968e+01
1.393000000000000000e+03,7.243511300282738148e+02,1.772188203650387450e+01,8.036159769439425726e-02,-5.309164250604049329e+01
1.394000000000000000e+03,7.252912092704882525e+02,1.755447562831882280e+01,8.034210338266438434e-02,-5.285214077962206858e+01
1.395000000000000000e+03,7.262046548653941045e+02,1.738799965473975817e+01,8.032260924901286903e-02,-5.260183831511394459e+01
1.396000000000000000e+03,7.270991467156892440e+02,1.722236159397844801e+01,8.030310252716878205e-02,-5.234069922087411442e+01
1.397000000000000000e+03,7.279749342210413943e+02,1.705776611994492598e+01,8.028357049464725226e-02,-5.206898373128418456e+01
1.398000000000000000e+03,7.288174078622618026e+02,1.689419512345196139e+01,8.026400047756331035e-02,-5.178665394877089767e+01
1.399000000000000000e+03,7.296416692387145986e+02,1.673170485191238654e+01,8.024437985532534290e-02,-5.149404240578316916e+01
1.400000000000000000e+03,7.304331042036462804e+02,1.657035163148627177e+01,8.022469606521645535e-02,-5.119125780763170752e+01
1.401000000000000000e+03,7.312067952938259623e+02,1.641019261991188571e+01,8.020493660681252135e-02,-5.087848099818892678e+01
1.402000000000000000e+03,7.319480519343896958e+02,1.625128805373692487e+01,8.018508904633497858e-02,-5.055573858232635587e+01
1.403000000000000000e+03,7.326644517648873034e+02,1.609362472866839511e+01,8.016514102083840965e-02,-5.022335217765877502e+01
1.404000000000000000e+03,7.333561414916408694e+02,1.593733810832683950e+01,8.014508024235143802e-02,-4.988141962199453161e+01
1.405000000000000000e+03,7.340158368311423374e+02,1.578248947915521327e+01,8.012489450186645323e-02,-4.953003783660874859e+01
1.406000000000000000e+03,7.346436791549583631e+02,1.562914023928243701e+01,8.010457167328853545e-02,-4.916937712286806317e+01
1.407000000000000000e+03,7.352398070848339557e+02,1.547720333682154070e+01,8.008409971727901977e-02,-4.879968117570123809e+01
1.408000000000000000e+03,7.358117847891822976e+02,1.532688897612725754e+01,8.006346668503289132e-02,-4.842096996340018933e+01
1.409000000000000000e+03,7.363448885291581973e+02,1.517811035495542704e+01,8.004266072198526483e-02,-4.803348544277785948e+01
1.410000000000000000e+03,7.368541050582634853e+02,1.503100365409442141e+01,8.002167007148296152e-02,-4.763739443962527531e+01
1.411000000000000000e+03,7.373247047689422971e+02,1.488555662489852871e+01,8.000048307838156236e-02,-4.723278866349423311e+01
1.412000000000000000e+03,7.377642400936256308e+02,1.474190572827365742e+01,7.997908819265336922e-02,-4.681998185679812252e+01
1.413000000000000000e+03,7.381654037034456906e+02,1.460003900557062728e+01,7.995747397288391345e-02,-4.639898982568520580e+01
1.414000000000000000e+03,7.385357418598458707e+02,1.446001893392143067e+01,7.993562908980934856e-02,-4.597027329074673929e+01
1.415000000000000000e+03,7.388679409648178762e+02,1.432183386398643421e+01,7.991354232980726890e-02,-4.553384650095470221e+01
1.416000000000000000e+03,7.391695409137586239e+02,1.418562087513566716e+01,7.989120259841134275e-02,-4.509002008493155955e+01
1.417000000000000000e+03,7.394332216469425703e+02,1.405136864603239211e+01,7.986859892374442715e-02,-4.463895536644987772e+01
1.418000000000000000e+03,7.396665165036212102e+02,1.391914030965210891e+01,7.984572046004644041e-02,-4.418096151521913129e+01
1.419000000000000000e+03,7.398620987747569870e+02,1.378899917420798715e+01,7.982255649114981810e-02,-4.371604986290267902e+01
1.420000000000000000e+03,7.400200667081678603e+02,1.366093444399118972e+01,7.979909643394153540e-02,-4.324460247192043738e+01
1.421000000000000000e+03,7.401405151133632216e+02,1.353500979063200660e+01,7.977532984188344389e-02,-4.276677788495021559e+01
1.422000000000000000e+03,7.402235353173532530e+02,1.341128907376551282e+01,7.975124640856236236e-02,-4.228265970968819687e+01
1.423000000000000000e+03,7.402766434714810657e+02,1.328968777810549895e+01,7.972683597119173404e-02,-4.179255377084217571e+01
1.424000000000000000e+03,7.402850671078235791e+02,1.317041871844794443e+01,7.970208851414158080e-02,-4.129654242732049596e+01
1.425000000000000000e+03,7.402563151989722883e+02,1.305339777554782188e+01,7.967699417253361338e-02,-4.079493029166541618e+01
1.426000000000000000e+03,7.401904647162544961e+02,1.293868960093831255e+01,7.965154323579740070e-02,-4.028794711466920120e+01
1.427000000000000000e+03,7.400801605899606557e+02,1.282628477013382451e+01,7.962572615128681031e-02,-3.977567352069910811e+01
1.428000000000000000e+03,7.399329007214060994e+02,1.271624835325102154e+01,7.959953352784104874e-02,-3.925833816072964311e+01
1.429000000000000000e+03,7.397487508946477419e+02,1.260857135152438069e+01,7.957295613940762458e-02,-3.873631773155342017e+01
1.430000000000000000e+03,7.395277730904376767e+02,1.250331926773551672e+01,7.954598492866257753e-02,-3.820961701065664329e+01
1.431000000000000000e+03,7.392625971009974819e+02,1.240055782603808687e+01,7.951861101058795012e-02,-3.767861171081279537e+01
1.432000000000000000e+03,7.389607055471932426e+02,1.230027869168494448e+01,7.949082567610628314e-02,-3.714337994829805467e+01
1.433000000000000000e+03,7.386147204454507573e+02,1.220247375766198594e+01,7.946262039565372970e-02,-3.660422224730956486e+01
1.434000000000000000e+03,7.382321165782412891e+02,1.210713514772056776e+01,7.943398682271027300e-02,-3.606129014251013132e+01
1.435000000000000000e+03,7.378055080642279790e+02,1.201440378631526329e+01,7.940491679738648223e-02,-3.551488333324498115e+01
1.436000000000000000e+03,7.373423617321517440e+02,1.192419798392408303e+01,7.937540234991453947e-02,-3.496515256988161724e+01
1.437000000000000000e+03,7.368352836945409763e+02,1.183651057379050364e+01,7.934543570408979229e-02,-3.441239680830604897e+01
1.438000000000000000e+03,7.362843043750723382e+02,1.175148319805679087e+01,7.931500928071968937e-02,-3.385669181302554875e+01
1.439000000000000000e+03,7.356968784871598928e+02,1.166910917628319844e+01,7.928411570094272276e-02,-3.329841016242406226e+01
1.440000000000000000e+03,7.350730283140931078e+02,1.158930779137745226e+01,7.925274778953053656e-02,-3.273762700159491601e+01
1.441000000000000000e+03,7.344053436917894260e+02,1.151214714242660975e+01,7.922089857809347380e-02,-3.217464004781896847e+01
1.442000000000000000e+03,7.336938386942240413e+02,1.143762129641078928e+01,7.918856130820660366e-02,-3.160959819411285565e+01
1.443000000000000000e+03,7.329385232703447173e+02,1.136572457382330548e+01,7.915572943445330079e-02,-3.104272438088985098e+01
1.444000000000000000e+03,7.321468315837659020e+02,1.129652583418679335e+01,7.912239662732330203e-02,-3.047431561719771054e+01
1.445000000000000000e+03,7.313113369537910557e+02,1.123001991095722296e+01,7.908855677608479795e-02,-2.990444586802314575e+01
1.446000000000000000e+03,7.304320369002956568e+02,1.116620189683052899e+01,7.905420399143575638e-02,-2.933333749318701678e+01
1.447000000000000000e+03,7.295163531402502031e+02,1.110506714544118978e+01,7.901933260811155879e-02,-2.876136126878678212e+01
1.448000000000000000e+03,7.285568465359052652e+02,1.104661127295491951e+01,7.898393718730421786e-02,-2.818851642417243752e+01
1.449000000000000000e+03,7.275535021469007688e+02,1.099090444305736369e+01,7.894801251899655203e-02,-2.761524778200966068e+01
1.450000000000000000e+03,7.265137292340576778e+02,1.093786851782595271e+01,7.891155362410200158e-02,-2.704162866132105592e+01
1.451000000000000000e+03,7.254374936093923907e+02,1.088757492026488194e+01,7.887455575644068684e-02,-2.646795708042880335e+01
1.452000000000000000e+03,7.243172847776395429e+02,1.083994968321823471e+01,7.883701440462265175e-02,-2.589446438454227462e+01
1.453000000000000000e+03,7.231530055149116833e+02,1.079506840267645984e+01,7.879892529370494114e-02,-2.532138381088097745e+01
1.454000000000000000e+03,7.219519828378274724e+02,1.075293266096250022e+01,7.876028438672785792e-02,-2.474894859695029936e+01
1.455000000000000000e+03,7.207141113187784640e+02,1.071347002756911770e+01,7.872108788604080531e-02,-2.417731771862979429e+01
1.456000000000000000e+03,7.194392814542565020e+02,1.067675691039377028e+01,7.868133223447471014e-02,-2.360665019524105901e+01
1.457000000000000000e+03,7.181273796851953648e+02,1.064279570584810308e+01,7.864101411634225047e-02,-2.303725367808235802e+01
1.458000000000000000e+03,7.167708600692726577e+02,1.061144051586158987e+01,7.860013045824175426e-02,-2.246928733790211652e+01
1.459000000000000000e+03,7.153770293563713949e+02,1.058284284929126429e+01,7.855867842972048820e-02,-2.190291045333075814e+01
1.460000000000000000e+03,7.139457619646357216e+02,1.055700592118972558e+01,7.851665544370764471e-02,-2.133843099924525433e+01
1.461000000000000000e+03,7.124769283595561546e+02,1.053378465297582700e+01,7.847405915681880673e-02,-2.077593425053822784e+01
1.462000000000000000e+03,7.109703950847639362e+02,1.051325709000524888e+01,7.843088746944963663e-02,-2.021572850432586677e+01
1.463000000000000000e+03,7.094260247947129301e+02,1.049542726750547317e+01,7.838713852573123142e-02,-1.965797368352895447e+01
1.464000000000000000e+03,7.078436762891708440e+02,1.048022521040740251e+01,7.834281071328186297e-02,-1.910282992486112619e+01
1.465000000000000000e+03,7.062232045494424710e+02,1.046772978357071970e+01,7.829790266279712529e-02,-1.855045759969127062e+01
1.466000000000000000e+03,7.045718891264974673e+02,1.045787155737772878e+01,7.825241324748885563e-02,-1.800124018528174119e+01
1.467000000000000000e+03,7.028821491296680506e+02,1.045058137422790701e+01,7.820634158237113609e-02,-1.745519001735689457e+01
1.468000000000000000e+03,7.011612566685904540e+02,1.044601319842056597e+01,7.815968702335437945e-02,-1.691261686206113879e+01
1.469000000000000000e+03,6.994016234945568158e+02,1.044394984739536980e+01,7.811244916622799017e-02,-1.637368223521632871e+01
1.470000000000000000e+03,6.976030860949506405e+02,1.044454582590316605e+01,7.806462784549035583e-02,-1.583847370592297743e+01
1.471000000000000000e+03,6.957803340884349836e+02,1.044765877351462713e+01,7.801622313303327449e-02,-1.530730205048513781e+01
1.472000000000000000e+03,6.939183401695737530e+02,1.045336944805421098e+01,7.796723533670893436e-02,-1.478025557111655885e+01
1.473000000000000000e+03,6.920169302575546908e+02,1.046153602338711508e+01,7.791766499873699348e-02,-1.425757153297063873e+01
1.474000000000000000e+03,6.900907835444551210e+02,1.047231407262422387e+01,7.786751289404604537e-02,-1.373941333293711686e+01
1.475000000000000000e+03,6.881248624429744041e+02,1.048548801517306472e+01,7.781678002847411402e-02,-1.322601908572862328e+01
1.476000000000000000e+03,6.861338394385767288e+02,1.050121395022236825e+01,7.776546763684795416e-02,-1.271740450872044548e+01
1.477000000000000000e+03,6.841100986887363433e+02,1.051935110356576608e+01,7.771357718103123757e-02,-1.221388292507710638e+01
1.478000000000000000e+03,6.820534494757304174e+02,1.053983324334762806e+01,7.766111034780455447e-02,-1.171554529759451846e+01
1.479000000000000000e+03,6.799711262591800960e+02,1.056281724518905030e+01,7.760806904671040118e-02,-1.122254252411161168e+01
1.480000000000000000e+03,6.778555036785511447e+02,1.058808882217721958e+01,7.755445540779822011e-02,-1.073507802699637459e+01
1.481000000000000000e+03,6.757138100080709364e+02,1.061580535778887935e+01,7.750027177932510003e-02,-1.025329634545500923e+01
1.482000000000000000e+03,6.735384138102821225e+02,1.064575306865373250e+01,7.744552072538279930e-02,-9.777350007966177259e+00
1.483000000000000000e+03,6.713365373922043773e+02,1.067801555375630151e+01,7.739020502345070329e-02,-9.307362407523740444e+00
1.484000000000000000e+03,6.691154001605813164e+02,1.071252809099213366e+01,7.733432766190638519e-02,-8.843487245137897190e+00
1.485000000000000000e+03,6.668599336274459120e+02,1.074930048513957104e+01,7.727789183752695190e-02,-8.385863976131648911e+00
1.486000000000000000e+03,6.645847799187415603e+02,1.078819421471077433e+01,7.722090095289110834e-02,-7.934617826231301407e+00
1.487000000000000000e+03,6.622748650297417043e+02,1.082929384671827755e+01,7.716335861377700278e-02,-7.489911805795464339e+00
1.488000000000000000e+03,6.599448256850125745e+02,1.087253561631343324e+01,7.710526862653035995e-02,-7.051865013420852257e+00
1.489000000000000000e+03,6.575944392954244222e+02,1.091785599084080083e+01,7.704663499539041172e-02,-6.620612077878919699e+00
1.490000000000000000e+03,6.552123381923344141e+02,1.096526595028993789e+01,7.698746191979979892e-02,-6.196268259675599133e+00
1.491000000000000000e+03,6.528094372633320290e+02,1.101462813363874993e+01,7.692775379171182260e-02,-5.778951007739538070e+00
1.492000000000000000e+03,6.503840207662501598e+02,1.106602825312019789e+01,7.686751519282777889e-02,-5.368779973557007423e+00
1.493000000000000000e+03,6.479365990904376531e+02,1.111940367336903357e+01,7.680675089186639326e-02,-4.965884453315657865e+00
1.494000000000000000e+03,6.454669374780303315e+02,1.117461769149049999e+01,7.674546584179264830e-02,-4.570377402126664101e+00
1.495000000000000000e+03,6.429762845910122451e+02,1.123175666754537083e+01,7.668366517705656193e-02,-4.182375503669891081e+00
1.496000000000000000e+03,6.404651440687653121e+02,1.129075860342346616e+01,7.662135421076042563e-02,-3.801981354900857202e+00
1.497000000000000000e+03,6.379347602613953541e+02,1.135148742264496136e+01,7.655853843189028285e-02,-3.429261193392709295e+00
1.498000000000000000e+03,6.353848897886103941e+02,1.141403010058432876e+01,7.649522350248967595e-02,-3.064311764523697246e+00
1.499000000000000000e+03,6.328167729444650149e+02,1.147825095958651431e+01,7.643141525479676957e-02,-2.707215763050839552e+00
1.500000000000000000e+03,6.302309052576417798e+02,1.154416308252997858e+01,7.636711968841693177e-02,-2.358064129473481874e+00
1.501000000000000000e+03,6.276277808988743345e+02,1.161170555921119885e+01,7.630234296745638800e-02,-2.016951847436652567e+00
1.502000000000000000e+03,6.250093799367676866e+02,1.168081806850261906e+01,7.623709141763315711e-02,-1.683965313677962872e+00
1.503000000000000000e+03,6.223747098762875112e+02,1.175151485491856107e+01,7.617137152336025951e-02,-1.359209845576516251e+00
1.504000000000000000e+03,6.197250050659695262e+02,1.182366177293927656e+01,7.610518992482222245e-02,-1.042747049389154412e+00
1.505000000000000000e+03,6.170614982619646298e+02,1.189734770020576526e+01,7.603855341504708876e-02,-7.346691132248186484e-01
1.506000000000000000e+03,6.143839350278842630e+02,1.197236454861815957e+01,7.597146893687985181e-02,-4.350616743921389973e-01
1.507000000000000000e+03,6.116928023105463126e+02,1.204880152790743608e+01,7.590394358001453790e-02,-1.440112564739283729e-01
1.508000000000000000e+03,6.089893285114167156e+02,1.212659944011048374e+01,7.583598457794508974e-02,1.383798656238329761e-01
1.509000000000000000e+03,6.062739978887624375e+02,1.220562495850347773e+01,7.576759930488573269e-02,4.121347963553593785e-01
1.510000000000000000e+03,6.035472934656285133e+02,1.228589347348344418e+01,7.569879527267059371e-02,6.770454511300419975e-01
1.511000000000000000e+03,6.008096971035206479e+02,1.236734623738048811e+01,7.562958012758817794e-02,9.331999619668024382e-01
1.512000000000000000e+03,5.980639180818722025e+02,1.244999892673062369e+01,7.555996164720710229e-02,1.180536969646218459e+00
1.513000000000000000e+03,5.953089504929157556e+02,1.253371878698659359e+01,7.548994773713556261e-02,1.419068467767149011e+00
1.514000000000000000e+03,5.925467588326303030e+02,1.261844747819666068e+01,7.541954642773647521e-02,1.648656946171358495e+00
1.515000000000000000e+03,5.897785639019509745e+02,1.270427535363367255e+01,7.534876587079956944e-02,1.869386802772277534e+00
1.516000000000000000e+03,5.870041000486501162e+02,1.279107003736685044e+01,7.527761433617306819e-02,2.081118637241500480e+00
1.517000000000000000e+03,5.842245865848695985e+02,1.287877355331615448e+01,7.520610020830775788e-02,2.283860663609332153e+00
1.518000000000000000e+03,5.814412421949806458e+02,1.296732803675647183e+01,7.513423198281031501e-02,2.477620138735469713e+00
1.519000000000000000e+03,5.786537993438647618e+02,1.305675001279157144e+01,7.506201826287706158e-02,2.662403358173364154e+00
1.520000000000000000e+03,5.758634756957120544e+02,1.314690754078499957e+01,7.498946775570626555e-02,2.838067085419652802e+00
1.521000000000000000e+03,5.730707456879487154e+02,1.323781734327769044e+01,7.491658926886225756e-02,3.004689966072126239e+00
1.522000000000000000e+03,5.702760834455064014e+02,1.332949623386204330e+01,7.484339170655544826e-02,3.162275390857741453e+00
1.523000000000000000e+03,5.674799628602424946e+02,1.342173826152711058e+01,7.476988406591686398e-02,3.310677209561420753e+00
1.524000000000000000e+03,5.646836005054896077e+02,1.351456040650214163e+01,7.469607543313720732e-02,3.449971146364697816e+00
1.525000000000000000e+03,5.618874700455705806e+02,1.360790544105299560e+01,7.462197497964349890e-02,3.580157664057623812e+00
1.526000000000000000e+03,5.590927879853749118e+02,1.370179049127359683e+01,7.454759195816818007e-02,3.701236246160258148e+00
1.527000000000000000e+03,5.562992852447067662e+02,1.379615846484956343e+01,7.447293569875364228e-02,3.813279679442092007e+00
1.528000000000000000e+03,5.535081785776233119e+02,1.389087804581086338e+01,7.439801560477132814e-02,3.916211202830691462e+00
1.529000000000000000e+03,5.507206849813752569e+02,1.398596653977822335e+01,7.432284114884366022e-02,4.010175924740371656e+00
1.530000000000000000e+03,5.479365361050178080e+02,1.408136701818264136e+01,7.424742186870737781e-02,4.095020838772017058e+00
1.531000000000000000e+03,5.451569496677788038e+02,1.417702259648502938e+01,7.417176736309048779e-02,4.170814808849458544e+00
1.532000000000000000e+03,5.423816581967587354e+02,1.427295071238786228e+01,7.409588728750240993e-02,4.237625719733783214e+00
1.533000000000000000e+03,5.396126232793226336e+02,1.436894598652835064e+01,7.401979135000925913e-02,4.295446194945459872e+00
1.534000000000000000e+03,5.368495786296169854e+02,1.446510020169490218e+01,7.394348930697391964e-02,4.344342165597977257e+00
1.535000000000000000e+03,5.340930015046732251e+02,1.456135659650891512e+01,7.386699095874008081e-02,4.384304305625124520e+00
1.536000000000000000e+03,5.313441127796892260e+02,1.465758414362354323e+01,7.379030614536309651e-02,4.415322317920245432e+00
1.537000000000000000e+03,5.286019056824313793e+02,1.475372611142655543e+01,7.371344474222316090e-02,4.437459220879494737e+00
1.538000000000000000e+03,5.258690885471023648e+02,1.484987434224390590e+01,7.363641665568665395e-02,4.450777068344128118e+00
1.539000000000000000e+03,5.231453993719042046e+02,1.494582354603092966e+01,7.355923181874653161e-02,4.455336953448946424e+00
1.540000000000000000e+03,5.204313200660227494e+02,1.504166556310555514e+01,7.348190018662972833e-02,4.451273296376118793e+00
1.541000000000000000e+03,5.177273336854949548e+02,1.513726937435269981e+01,7.340443173240991659e-02,4.438496714998734660e+00
1.542000000000000000e+03,5.150354101731469427e+02,1.523265251346934690e+01,7.332683644263970901e-02,4.417214014452882864e+00
1.543000000000000000e+03,5.123545494172947201e+02,1.532768392769949983e+01,7.324912431294230974e-02,4.387408208074399241e+00
1.544000000000000000e+03,5.096867239997330898e+02,1.542245539010590072e+01,7.317130534364893468e-02,4.349209940763713256e+00
1.545000000000000000e+03,5.070309365822356540e+02,1.551676150982775759e+01,7.309338953544880502e-02,4.302674644726912412e+00
1.546000000000000000e+03,5.043891626523507057e+02,1.561061971139150550e+01,7.301538688503234065e-02,4.247856829620741514e+00
1.547000000000000000e+03,5.017618935777279034e+02,1.570404737901623449e+01,7.293730738075855646e-02,4.184810089586606274e+00
1.548000000000000000e+03,4.991481366694648045e+02,1.579698756794579140e+01,7.285916099834807702e-02,4.113661394175865738e+00
1.549000000000000000e+03,4.965498722544690509e+02,1.588930899930681129e+01,7.278095769662287773e-02,4.034462529153164390e+00
1.550000000000000000e+03,4.939668538913581983e+02,1.598102890549968969e+01,7.270270741326571862e-02,3.947264388189446471e+00
1.551000000000000000e+03,4.913995898308390338e+02,1.607208963172838878e+01,7.262442006057805155e-02,3.852189470533965654e+00
1.552000000000000000e+03,4.888486304205131319e+02,1.616243128582259914e+01,7.254610552135161428e-02,3.749277939753850486e+00
1.553000000000000000e+03,4.863152808165660304e+02,1.625206764533149340e+01,7.246777364470065319e-02,3.638715866753888140e+00
1.554000000000000000e+03,4.837986196398990160e+02,1.634093812839616078e+01,7.238943424197967491e-02,3.520465616342464799e+00
1.555000000000000000e+03,4.812999560417534894e+02,1.642890778878866698e+01,7.231109708277981551e-02,3.394711558285665287e+00
1.556000000000000000e+03,4.788198584179998534e+02,1.651606444499812909e+01,7.223277189089426231e-02,3.261488660189066469e+00
1.557000000000000000e+03,4.763588972974823150e+02,1.660234725783324450e+01,7.215446834040134538e-02,3.120979632251325686e+00
1.558000000000000000e+03,4.739176453942879448e+02,1.668762100908077883e+01,7.207619605176106281e-02,2.973217804341382831e+00
1.559000000000000000e+03,4.714966776589818096e+02,1.677197323071460033e+01,7.199796458799700982e-02,2.818384271432939681e+00
1.560000000000000000e+03,4.690958284938014344e+02,1.685526849912462666e+01,7.191978345092732428e-02,2.656436487847254835e+00
1.561000000000000000e+03,4.667156774719302348e+02,1.693751984792047693e+01,7.184166207742867516e-02,2.487702547352603766e+00
1.562000000000000000e+03,4.643575493857395031e+02,1.701866591276411356e+01,7.176360983577848018e-02,2.312138360535800352e+00
1.563000000000000000e+03,4.620205429539676629e+02,1.709871949376613642e+01,7.168563602209847285e-02,2.129921935528480414e+00
1.564000000000000000e+03,4.597067307132264204e+02,1.717761898392535258e+01,7.160774985678051985e-02,1.941156257006054098e+00
1.565000000000000000e+03,4.574152163831968778e+02,1.725530264813107806e+01,7.152996048103146820e-02,1.746017866496025084e+00
1.566000000000000000e+03,4.551473347562768481e+02,1.733170861872022428e+01,7.145227695346369201e-02,1.544534025460905902e+00
1.567000000000000000e+03,4.529021947309896063e+02,1.740692345809879882e+01,7.137470824675204439e-02,1.336879863177362182e+00
1.568000000000000000e+03,4.506811363647832991e+02,1.748081073690729426e+01,7.129726324436271023e-02,1.123081256865823052e+00
1.569000000000000000e+03,4.484847595756767760e+02,1.755330816377205139e+01,7.121995073730751080e-02,9.033862636050037365e-01
1.570000000000000000e+03,4.463121813480765923e+02,1.762450186461452617e+01,7.114277942103394703e-02,6.778937174749678496e-01
1.571000000000000000e+03,4.441654927828608379e+02,1.769418067751060519e+01,7.106575789232272289e-02,4.466572413614761650e-01
1.572000000000000000e+03,4.420430736211761769e+02,1.776250470015679639e+01,7.098889464626616241e-02,2.098264007479675730e-01
1.573000000000000000e+03,4.399462777977608994e+02,1.782933673436287947e+01,7.091219807330252645e-02,-3.244984947268822473e-02
1.574000000000000000e+03,4.378757193029832138e+02,1.789461369965287574e+01,7.083567645635080456e-02,-2.800082927138516364e-01
1.575000000000000000e+03,4.358312722190513568e+02,1.795842091293124199e+01,7.075933796795973174e-02,-5.327085766524155552e-01
1.576000000000000000e+03,4.338128135902745726e+02,1.802069495071368266e+01,7.068319066756791058e-02,-7.903811987818829543e-01
1.577000000000000000e+03,4.318217091273548931e+02,1.808137221245187476e+01,7.060724249879593573e-02,-1.052894345377123342e+00
1.578000000000000000e+03,4.298578419005032742e+02,1.814053748393893883e+01,7.053150128680325814e-02,-1.320072163270611387e+00
1.579000000000000000e+03,4.279218408766782886e+02,1.819805251627980525e+01,7.045597473575161696e-02,-1.591783883509714892e+00
1.580000000000000000e+03,4.260128524455884644e+02,1.825392743997076650e+01,7.038067042627586811e-02,-1.867884377843027632e+00
1.581000000000000000e+03,4.241322546247723722e+02,1.830817219454730704e+01,7.030559581306133898e-02,-2.148236426902280449e+00
1.582000000000000000e+03,4.222799429132686555e+02,1.836079652532426465e+01,7.023075822246670208e-02,-2.432703274834568941e+00
1.583000000000000000e+03,4.204558159892613389e+02,1.841166141321992811e+01,7.015616485020086113e-02,-2.721156040495073203e+00
1.584000000000000000e+03,4.186597757364327208e+02,1.846085048918797256e+01,7.008182275910017356e-02,-3.013451415107163189e+00
1.585000000000000000e+03,4.168917272690322307e+02,1.850822433021363977e+01,7.000773887694769493e-02,-3.309453929900808777e+00
1.586000000000000000e+03,4.151530646256645696e+02,1.855386615743308454e+01,6.993391999432578554e-02,-3.609043366935271724e+00
1.587000000000000000e+03,4.134429566165302390e+02,1.859771041581946349e+01,6.986037276262074824e-02,-3.912055314662805205e+00
1.588000000000000000e+03,4.117613181844709516e+02,1.863969133848225113e+01,6.978710369200047392e-02,-4.218344291172478222e+00
1.589000000000000000e+03,4.101088104244520309e+02,1.867989151106314694e+01,6.971411914950555178e-02,-4.527767383995142225e+00
1.590000000000000000e+03,4.084853549314863130e+02,1.871824473521478538e+01,6.964142535719705651e-02,-4.840173089670322781e+00
1.591000000000000000e+03,4.068908766520827953e+02,1.875475887669566788e+01,6.956902839038764386e-02,-5.155416152463041968e+00
1.592000000000000000e+03,4.053260467341028175e+02,1.878936729605226930e+01,6.949693417589500322e-02,-5.473338975436212728e+00
1.593000000000000000e+03,4.037900540348844061e+02,1.882207741341160201e+01,6.942514849042751013e-02,-5.793808744088776663e+00
1.594000000000000000e+03,4.022835764728734489e+02,1.885289642286755196e+01,6.935367695896577089e-02,-6.116663181231846380e+00
1.595000000000000000e+03,4.008065525323760312e+02,1.888175700696910297e+01,6.928252505328176547e-02,-6.441755098876336127e+00
1.596000000000000000e+03,3.993581812716513468e+02,1.890874018532109346e+01,6.921169809047449106e-02,-6.768930094928212959e+00
1.597000000000000000e+03,3.979398936693432347e+02,1.893377817877059854e+01,6.914120123158407072e-02,-7.098041391601840111e+00
1.598000000000000000e+03,3.965508956188746197e+02,1.895687725821418468e+01,6.907103948033302410e-02,-7.428934960405725541e+00
1.599000000000000000e+03,3.951903964362617216e+02,1.897804345949921867e+01,6.900121768183520299e-02,-7.761456932158915301e+00
1.600000000000000000e+03,3.938605802011305173e+02,1.899720829842926051e+01,6.893174052145471797e-02,-8.095461006993797781e+00
1.601000000000000000e+03,3.925591875980028931e+02,1.901445093704304412e+01,6.886261252373426789e-02,-8.430807678026381424e+00
1.602000000000000000e+03,3.912869748411443993e+02,1.902969899979890656e+01,6.879383805131498997e-02,-8.767354510725255068e+00
1.603000000000000000e+03,3.900439689174912132e+02,1.904287918792398671e+01,6.872542130404292460e-02,-9.104950970135652355e+00
1.604000000000000000e+03,3.888302002227911203e+02,1.905414081168905938e+01,6.865736631805303969e-02,-9.443454017215440643e+00
1.605000000000000000e+03,3.876457025533421756e+02,1.906333580492209023e+01,6.858967696496758026e-02,-9.782750375563631806e+00
1.606000000000000000e+03,3.864897702608909640e+02,1.907053870866143441e+01,6.852235695116140612e-02,-1.012265251621798079e+01
1.607000000000000000e+03,3.853631867458337865e+02,1.907567525288352073e+01,6.845540981709315187e-02,-1.046297292288766201e+01
1.608000000000000000e+03,3.842652531034692629e+02,1.907874520635467164e+01,6.838883893670645586e-02,-1.080369492577443147e+01
1.609000000000000000e+03,3.831960166136792054e+02,1.907974809257696336e+01,6.832264751690829419e-02,-1.114450469731324844e+01
1.610000000000000000e+03,3.821555278887971667e+02,1.907875747284270318e+01,6.825683859710585111e-02,-1.148538550204568054e+01
1.611000000000000000e+03,3.811438408548244752e+02,1.907584666238721383e+01,6.819141504883891036e-02,-1.182602341050613859e+01
1.612000000000000000e+03,3.801610127310109988e+02,1.907086587963939550e+01,6.812637957545521206e-02,-1.216640154920693639e+01
1.613000000000000000e+03,3.792063611728196406e+02,1.906388794709733503e+01,6.806173471183699086e-02,-1.250628009815053332e+01
1.614000000000000000e+03,3.782799499184230854e+02,1.905498544078318446e+01,6.799748282427466040e-02,-1.284549340694014674e+01
1.615000000000000000e+03,3.773818459286341636e+02,1.904415640680447197e+01,6.793362611032645326e-02,-1.318394997695701143e+01
1.616000000000000000e+03,3.765121193604231280e+02,1.903132436151874529e+01,6.787016659876345115e-02,-1.352155816011808476e+01
1.617000000000000000e+03,3.756701007040292097e+02,1.901648685880336487e+01,6.780710614961564520e-02,-1.385807757422018760e+01
1.618000000000000000e+03,3.748558664238240112e+02,1.899971549041989505e+01,6.774444645424437805e-02,-1.419341621939431342e+01
1.619000000000000000e+03,3.740687532578115793e+02,1.898093303596988335e+01,6.768218903550587973e-02,-1.452748189364644205e+01
1.620000000000000000e+03,3.733088438560257032e+02,1.896028488096893838e+01,6.762033524795350858e-02,-1.486003360850604693e+01
1.621000000000000000e+03,3.725762239127113276e+02,1.893754474948575961e+01,6.755888627811953984e-02,-1.519112727280885267e+01
1.622000000000000000e+03,3.718702392974250870e+02,1.891293182342556634e+01,6.749784314485572645e-02,-1.552044712406267379e+01
1.623000000000000000e+03,3.711909816901923023e+02,1.888636790835703394e+01,6.743720669972620707e-02,-1.584797426298553269e+01
1.624000000000000000e+03,3.705378028756043136e+02,1.885784885197212901e+01,6.737697762744088159e-02,-1.617346665213755230e+01
1.625000000000000000e+03,3.699108003761156169e+02,1.882744454512791421e+01,6.731715644643437857e-02,-1.649690480022588801e+01
1.626000000000000000e+03,3.693100745794226896e+02,1.879522463947976973e+01,6.725774350937421819e-02,-1.681812032802950796e+01
1.627000000000000000e+03,3.687342430300287219e+02,1.876103569820251593e+01,6.719873900382816734e-02,-1.713694451899554139e+01
1.628000000000000000e+03,3.681841545652475816e+02,1.872502118182886477e+01,6.714014295291854950e-02,-1.745320830299167270e+01
1.629000000000000000e+03,3.676591751002706587e+02,1.868717574864667341e+01,6.708195521608187328e-02,-1.776696509073402197e+01
1.630000000000000000e+03,3.671586732577684415e+02,1.864741953970442268e+01,6.702417548984460072e-02,-1.807789648986251763e+01
1.631000000000000000e+03,3.666827631618685359e+02,1.860589531441394584e+01,6.696680330869508868e-02,-1.838605512424320665e+01
1.632000000000000000e+03,3.662308187265002744e+02,1.856252275121721951e+01,6.690983804594057005e-02,-1.869119606691220170e+01
1.633000000000000000e+03,3.658022164482899257e+02,1.851736986686875497e+01,6.685327891469369788e-02,-1.899329680925571751e+01
1.634000000000000000e+03,3.653978210339869293e+02,1.847043016778547653e+01,6.679712496884332440e-02,-1.929218582836345419e+01
1.635000000000000000e+03,3.650162711822491133e+02,1.842162265199048576e+01,6.674137510412896102e-02,-1.958783970611467495e+01
1.636000000000000000e+03,3.646569508802068640e+02,1.837108894515268886e+01,6.668602805923570798e-02,-1.988001169695925441e+01
1.637000000000000000e+03,3.643207321945249646e+02,1.831889616869121795e+01,6.663108241694065681e-02,-2.016875169795323330e+01
1.638000000000000000e+03,3.640062610518999691e+02,1.826488837496890838e+01,6.657653660532736328e-02,-2.045381196648820676e+01
1.639000000000000000e+03,3.637136713694021068e+02,1.820920653409148215e+01,6.652238889902864494e-02,-2.073516709079674314e+01
1.640000000000000000e+03,3.634423565042145583e+02,1.815191711875907998e+01,6.646863742052487589e-02,-2.101279112567792140e+01
1.641000000000000000e+03,3.631917120430724708e+02,1.809301210671172910e+01,6.641528014153447179e-02,-2.128643472847508633e+01
1.642000000000000000e+03,3.629618785912965677e+02,1.803248326675793933e+01,6.636231488437938086e-02,-2.155607084683472152e+01
1.643000000000000000e+03,3.627522560563385241e+02,1.797039644488306465e+01,6.630973932347307420e-02,-2.182167185520826536e+01
1.644000000000000000e+03,3.625629892710033459e+02,1.790681728343139056e+01,6.625755098680660704e-02,-2.208306097512810240e+01
1.645000000000000000e+03,3.623927394411082332e+02,1.784166265686375041e+01,6.620574725752949308e-02,-2.234013511327419721e+01
1.646000000000000000e+03,3.622416554378614251e+02,1.777492352510446239e+01,6.615432537556618919e-02,-2.259293913281988608e+01
1.647000000000000000e+03,3.621091452445919003e+02,1.770681350346198357e+01,6.610328243926048841e-02,-2.284129442405296828e+01
1.648000000000000000e+03,3.619946187430817304e+02,1.763717459759942940e+01,6.605261540711761248e-02,-2.308509602681509065e+01
1.649000000000000000e+03,3.618982304993805315e+02,1.756607147461933138e+01,6.600232109958423243e-02,-2.332431261923284183e+01
1.650000000000000000e+03,3.618186512089735061e+02,1.749349433219126126e+01,6.595239620087536836e-02,-2.355883793975071683e+01
1.651000000000000000e+03,3.617560419142632213e+02,1.741958151956377776e+01,6.590283726084286697e-02,-2.378863708867378435e+01
1.652000000000000000e+03,3.617105770667162119e+02,1.734432170871895451e+01,6.585364069695524847e-02,-2.401366546989504513e+01
1.653000000000000000e+03,3.616802071871304634e+02,1.726770316284390461e+01,6.580480279626327311e-02,-2.423380126181872996e+01
1.654000000000000000e+03,3.616665985659442413e+02,1.718971397245513444e+01,6.575631971748763238e-02,-2.444892194599011148e+01
1.655000000000000000e+03,3.616677048601314937e+02,1.711049062589015080e+01,6.570818749310698703e-02,-2.465905286474533753e+01
1.656000000000000000e+03,3.616829668848322399e+02,1.703002087885032267e+01,6.566040203152601062e-02,-2.486414436168308484e+01
1.657000000000000000e+03,3.617133125590967779e+02,1.694836660852616816e+01,6.561295911934006408e-02,-2.506399748947886152e+01
1.658000000000000000e+03,3.617574426757772130e+02,1.686544096677145177e+01,6.556585442358747740e-02,-2.525863541905540899e+01
1.659000000000000000e+03,3.618155450209259243e+02,1.678137980135960916e+01,6.551908349409674148e-02,-2.544800629757450494e+01
1.660000000000000000e+03,3.618863229772155705e+02,1.669624452577863494e+01,6.547264176589591422e-02,-2.563205752428831019e+01
1.661000000000000000e+03,3.619699668067968332e+02,1.660994783959304399e+01,6.542652456166429820e-02,-2.581073574323731989e+01
1.662000000000000000e+03,3.620651822531922903e+02,1.652262514987888053e+01,6.538072709425289675e-02,-2.598391255279733869e+01
1.663000000000000000e+03,3.621729046576494966e+02,1.643426315769029245e+01,6.533524446924066087e-02,-2.615168163309230209e+01
1.664000000000000000e+03,3.622918418894604429e+02,1.634492271260106122e+01,6.529007168754093204e-02,-2.631391303873685317e+01
1.665000000000000000e+03,3.624214456257822121e+02,1.625459024978692568e+01,6.524520364811144113e-02,-2.647047604345788940e+01
1.666000000000000000e+03,3.625611684555973966e+02,1.616325207766714556e+01,6.520063515063452553e-02,-2.662146198507303296e+01
1.667000000000000000e+03,3.627112066530102084e+02,1.607111723260090841e+01,6.515636089832153865e-02,-2.676681284280732953e+01
1.668000000000000000e+03,3.628710144447784387e+02,1.597802321510444301e+01,6.511237550073623037e-02,-2.690639551598323109e+01
1.669000000000000000e+03,3.630393039472356804e+02,1.588403026215446268e+01,6.506867347661543510e-02,-2.704022467007415642e+01
1.670000000000000000e+03,3.632162736076646752e+02,1.578927278451101124e+01,6.502524925684266544e-02,-2.716823988210193264e+01
1.671000000000000000e+03,3.634013796349362337e+02,1.569366223707787178e+01,6.498209718735485640e-02,-2.729045420390459498e+01
1.672000000000000000e+03,3.635940787697106202e+02,1.559733282432853407e+01,6.493921153213777497e-02,-2.740680559175229192e+01
1.673000000000000000e+03,3.637938282191241228e+02,1.550027008724315358e+01,6.489658647625357046e-02,-2.751737975383244006e+01
1.674000000000000000e+03,3.640008284260668461e+02,1.540253375830198657e+01,6.485421612890313048e-02,-2.762203873007096533e+01
1.675000000000000000e+03,3.642137944979854751e+02,1.530418348250320015e+01,6.481209452649915048e-02,-2.772086659083579363e+01
1.676000000000000000e+03,3.644329274805474483e+02,1.520527882191536229e+01,6.477021563579436758e-02,-2.781387230096874319e+01
1.677000000000000000e+03,3.646576857858845528e+02,1.510587926025998051e+01,6.472857335699508385e-02,-2.790098971817924323e+01
1.678000000000000000e+03,3.648882707957844218e+02,1.500589564051679581e+01,6.468716152692434440e-02,-2.798222615879319974e+01
1.679000000000000000e+03,3.651226554546275906e+02,1.490546158707210012e+01,6.464597392220559902e-02,-2.805758811334240121e+01
1.680000000000000000e+03,3.653610412125453308e+02,1.480463637636783680e+01,6.460500426241409799e-02,-2.812700696250029608e+01
1.681000000000000000e+03,3.656043722884248837e+02,1.470333065807902884e+01,6.456424621330573987e-02,-2.819056182737142180e+01
1.682000000000000000e+03,3.658498785929402288e+02,1.460167787732486744e+01,6.452369338997505921e-02,-2.824825671910789993e+01
1.683000000000000000e+03,3.660985040121871634e+02,1.449966286187093445e+01,6.448333936005069822e-02,-2.829994625586984824e+01
1.684000000000000000e+03,3.663497064961788396e+02,1.439727039386266583e+01,6.444317764693766049e-02,-2.834578136464027054e+01
1.685000000000000000e+03,3.666029436629288512e+02,1.429463378157034548e+01,6.440320173294057648e-02,-2.838568929784165462e+01
1.686000000000000000e+03,3.668576727329281653e+02,1.419173773012793838e+01,6.436340506248960924e-02,-2.841967076881147491e+01
1.687000000000000000e+03,3.671133504641425702e+02,1.408856691329352984e+01,6.432378104528474472e-02,-2.844787423709925633e+01
1.688000000000000000e+03,3.673701759226308354e+02,1.398525454521390543e+01,6.428432305942001490e-02,-2.847022449307446124e+01
1.689000000000000000e+03,3.676276047487594383e+02,1.388171096767319135e+01,6.424502445455261557e-02,-2.848671979438049817e+01
1.690000000000000000e+03,3.678843490942086873e+02,1.377814363937083186e+01,6.420587855498652297e-02,-2.849743186869892853e+01
1.691000000000000000e+03,3.681406060648638459e+02,1.367446287265884841e+01,6.416687866274903285e-02,-2.850235734982645042e+01
1.692000000000000000e+03,3.683965719894557651e+02,1.357072753930849274e+01,6.412801806063571364e-02,-2.850149206457411566e+01
1.693000000000000000e+03,3.686502138541120530e+02,1.346692222474639067e+01,6.408929001522338520e-02,-2.849497960348084291e+01
1.694000000000000000e+03,3.689032119231739557e+02,1.336318008329525320e+01,6.405068777988487394e-02,-2.848266562381624922e+01
1.695000000000000000e+03,3.691527884955823424e+02,1.325948570888440159e+01,6.401220459769953186e-02,-2.846469212192422660e+01
1.696000000000000000e+03,3.694006218679264748e+02,1.315574942325764063e+01,6.397383370437266514e-02,-2.844105173683520604e+01
1.697000000000000000e+03,3.696454179280759149e+02,1.305217869817369447e+01,6.393556833112803983e-02,-2.841181060570115591e+01
1.698000000000000000e+03,3.698858814403271253e+02,1.294868389205452353e+01,6.389740170750321524e-02,-2.837688551851324092e+01
1.699000000000000000e+03,3.701229444967233917e+02,1.284532395564661122e+01,6.385932706416572180e-02,-2.833648962463685805e+01
1.700000000000000000e+03,3.703560522893952793e+02,1.274223215314066238e+01,6.382133763565182860e-02,-2.829053817060350795e+01
1.701000000000000000e+03,3.705846439211252914e+02,1.263924497205025510e+01,6.378342666304419317e-02,-2.823916683607737355e+01
1.702000000000000000e+03,3.708081379307311067e+02,1.253657164768755194e+01,6.374558739667242346e-02,-2.818235535877411735e+01
1.703000000000000000e+03,3.710266895038856774e+02,1.243427321479688175e+01,6.370781309869226472e-02,-2.812030392260072631e+01
1.704000000000000000e+03,3.712397095637392113e+02,1.233218790576129464e+01,6.367009704566679862e-02,-2.805298911824452546e+01
1.705000000000000000e+03,3.714473503947077688e+02,1.223059970659483753e+01,6.363243253110535680e-02,-2.798046108441324265e+01
1.706000000000000000e+03,3.716482770923847738e+02,1.212934695934589691e+01,6.359481286794517463e-02,-2.790284351534019791e+01
1.707000000000000000e+03,3.718426388598595054e+02,1.202849091801468973e+01,6.355723139098959362e-02,-2.782003653455199199e+01
1.708000000000000000e+03,3.720298404600766276e+02,1.192816718590307978e+01,6.351968145933560572e-02,-2.773223668743335324e+01
1.709000000000000000e+03,3.722107706795340505e+02,1.182828858591750887e+01,6.348215645869709212e-02,-2.763941696502369538e+01
1.710000000000000000e+03,3.723833452779184654e+02,1.172899086585323580e+01,6.344464980377781393e-02,-2.754162394660507118e+01
1.711000000000000000e+03,3.725484496292207268e+02,1.163018700160331598e+01,6.340715494056363422e-02,-2.743897780854114998e+01
1.712000000000000000e+03,3.727047388385711315e+02,1.153193861884823690e+01,6.336966534854258926e-02,-2.733152376636897429e+01
1.713000000000000000e+03,3.728523518804316268e+02,1.143430743017959195e+01,6.333217454298280258e-02,-2.721930636765340594e+01
1.714000000000000000e+03,3.729914258926297634e+02,1.133728095567640537e+01,6.329467607709363119e-02,-2.710229521808809139e+01
1.715000000000000000e+03,3.731213533063914838e+02,1.124092109393761518e+01,6.325716354422865340e-02,-2.698075640886013815e+01
1.716000000000000000e+03,3.732422674823801572e+02,1.114528984255443333e+01,6.321963058000516777e-02,-2.685465825872770651e+01
1.717000000000000000e+03,3.733528141724969487e+02,1.105037501852866377e+01,6.318207086446792076e-02,-2.672404274187179141e+01
1.718000000000000000e+03,3.734531228276971433e+02,1.095616454564090070e+01,6.314447812413487293e-02,-2.658909978197651114e+01
1.719000000000000000e+03,3.735440637314798664e+02,1.086272074176217295e+01,6.310684613412934074e-02,-2.644972156202667790e+01
1.720000000000000000e+03,3.736235337940307772e+02,1.077003175560063575e+01,6.306916872021828269e-02,-2.630617108687393468e+01
1.721000000000000000e+03,3.736931420374264690e+02,1.067823442090200992e+01,6.303143976087748068e-02,-2.615841364298486127e+01
1.722000000000000000e+03,3.737515240510598460e+02,1.058724284257035109e+01,6.299365318932735602e-02,-2.600656251094990878e+01
1.723000000000000000e+03,3.737980561380481390e+02,1.049719410125560515e+01,6.295580299554637271e-02,-2.585080469369355782e+01
1.724000000000000000e+03,3.738343409571638745e+02,1.040800255584945866e+01,6.291788322830485503e-02,-2.569102951088919440e+01
1.725000000000000000e+03,3.738582648150803607e+02,1.031973126444614763e+01,6.287988799716294486e-02,-2.552749716261890356e+01
1.726000000000000000e+03,3.738699403195543596e+02,1.023236913721975050e+01,6.284181147447558125e-02,-2.536017019019380214e+01
1.727000000000000000e+03,3.738702206828712633e+02,1.014605379025222653e+01,6.280364789737793996e-02,-2.518915918971225665e+01
1.728000000000000000e+03,3.738577283557314672e+02,1.006062584777382796e+01,6.276539156976790323e-02,-2.501457425779367227e+01
1.729000000000000000e+03,3.738325691768380352e+02,9.976297496875112358e+00,6.272703686430612657e-02,-2.483652500450754630e+01
1.730000000000000000e+03,3.737948466777752969e+02,9.892983939107356406e+00,6.268857822437132188e-02,-2.465497199948227447e+01
1.731000000000000000e+03,3.737439192233712788e+02,9.810674811050619226e+00,6.265001016603607975e-02,-2.447009820271093261e+01
1.732000000000000000e+03,3.736798856575941841e+02,9.729434187301276182e+00,6.261132728002621883e-02,-2.428193756050535157e+01
1.733000000000000000e+03,3.736020996098121145e+02,9.649326299888299374e+00,6.257252423368397931e-02,-2.409059786963795702e+01
1.734000000000000000e+03,3.735106551416263301e+02,9.570266974117744851e+00,6.253359577291893456e-02,-2.389611222413227765e+01
1.735000000000000000e+03,3.734049010540922495e+02,9.492320765362165957e+00,6.249453672413855104e-02,-2.369866187972134597e+01
1.736000000000000000e+03,3.732864122055993334e+02,9.415552394764484134e+00,6.245534199615637022e-02,-2.349835341743938955e+01
1.737000000000000000e+03,3.731537896450099083e+02,9.339952468372990424e+00,6.241600658216131525e-02,-2.329521875786323193e+01
1.738000000000000000e+03,3.730071176006873088e+02,9.265511763209627105e+00,6.237652556157408795e-02,-2.308951230949863742e+01
1.739000000000000000e+03,3.728464777899223463e+02,9.192295513265776208e+00,6.233689410193770514e-02,-2.288119099876748308e+01
1.740000000000000000e+03,3.726719493990501064e+02,9.120294844917470556e+00,6.229710746080213690e-02,-2.267043426915078541e+01
1.741000000000000000e+03,3.724836090642464228e+02,9.049501062774568894e+00,6.225716098754507238e-02,-2.245727267841557762e+01
1.742000000000000000e+03,3.722807880180307052e+02,8.979979935455645546e+00,6.221705012520035299e-02,-2.224195933097321998e+01
1.743000000000000000e+03,3.720635577416220485e+02,8.911648847278124563e+00,6.217677041224944218e-02,-2.202437562480397304e+01
1.744000000000000000e+03,3.718312442780291462e+02,8.844648217893032793e+00,6.213631748437109525e-02,-2.180469981801540058e+01
1.745000000000000000e+03,3.715853995561794818e+02,8.778895803316261848e+00,6.209568707617982297e-02,-2.158303562644936946e+01
1.746000000000000000e+03,3.713238586956954350e+02,8.714458115410820938e+00,6.205487502289000479e-02,-2.135948652237969725e+01
1.747000000000000000e+03,3.710474255081014689e+02,8.651253289769430310e+00,6.201387726196548600e-02,-2.113400718277033974e+01
1.748000000000000000e+03,3.707569011437733479e+02,8.589422505041847344e+00,6.197268983473341875e-02,-2.090692348911602494e+01
1.749000000000000000e+03,3.704501127400145037e+02,8.528884283656431364e+00,6.193130888790804311e-02,-2.067811542428998450e+01
1.750000000000000000e+03,3.701293417606700586e+02,8.469631627487743231e+00,6.188973067510208925e-02,-2.044783420649076433e+01
1.751000000000000000e+03,3.697931462824197979e+02,8.411732560708017559e+00,6.184795155825291435e-02,-2.021610818714981406e+01
1.752000000000000000e+03,3.694422841097666605e+02,8.355183188100269831e+00,6.180596800900360621e-02,-1.998311473534414517e+01
1.753000000000000000e+03,3.690767609853447766e+02,8.299980356157952599e+00,6.176377661003169817e-02,-1.974888266787344193e+01
1.754000000000000000e+03,3.686958371036591871e+02,8.246121113147639292e+00,6.172137405626226120e-02,-1.951351496481127867e+01
1.755000000000000000e+03,3.682995127772991282e+02,8.193676993865613767e+00,6.167875715607741560e-02,-1.927718878502548705e+01
1.756000000000000000e+03,3.678885284346177400e+02,8.142571170302010941e+00,6.163592283242282782e-02,-1.903985834768490548e+01
1.757000000000000000e+03,3.674621361138952693e+02,8.092875586739509686e+00,6.159286812379582976e-02,-1.880177493228246988e+01
1.758000000000000000e+03,3.670203279692535716e+02,8.044513826748312724e+00,6.154959018523020742e-02,-1.856296690960445517e+01
1.759000000000000000e+03,3.665630934381023280e+02,7.997602818218538800e+00,6.150608628916335446e-02,-1.832353689120067486e+01
1.760000000000000000e+03,3.660911620803013307e+02,7.952073988333674848e+00,6.146235382622166482e-02,-1.808351317780581624e+01
1.761000000000000000e+03,3.656037750789099050e+02,7.907940684930617969e+00,6.141839030589314047e-02,-1.784307262523200066e+01
1.762000000000000000e+03,3.651009137527943835e+02,7.865216465312193428e+00,6.137419335717042568e-02,-1.760224352569544592e+01
1.763000000000000000e+03,3.645832995658797131e+02,7.823900240125801986e+00,6.132976072907677517e-02,-1.736127704061007293e+01
1.764000000000000000e+03,3.640501656330533251e+02,7.783991130556434435e+00,6.128509029109154016e-02,-1.712012723128871627e+01
1.765000000000000000e+03,3.635029709079954046e+02,7.745503325432632202e+00,6.124018003353509654e-02,-1.687889677510766617e+01
1.766000000000000000e+03,3.629409431874549341e+02,7.708436368143567918e+00,6.119502806779020254e-02,-1.663783698058045246e+01
1.767000000000000000e+03,3.623640504674848444e+02,7.672782585219530382e+00,6.114963262650544712e-02,-1.639690210133448289e+01
1.768000000000000000e+03,3.617730009612667459e+02,7.638556799875138026e+00,6.110399206366839975e-02,-1.615626933553171796e+01
1.769000000000000000e+03,3.611677574485499349e+02,7.605751761961610846e+00,6.105810485461779513e-02,-1.591596742316490065e+01
1.770000000000000000e+03,3.605482801318000838e+02,7.574367861333020535e+00,6.101196959596184854e-02,-1.567617379477591832e+01
1.771000000000000000e+03,3.599145266589185894e+02,7.544405699372496166e+00,6.096558500537842262e-02,-1.543699173555062742e+01
1.772000000000000000e+03,3.592664521475164179e+02,7.515851232079238109e+00,6.091894992141753257e-02,-1.519837611630706853e+01
1.773000000000000000e+03,3.586047520457180440e+02,7.488705483168119237e+00,6.087206330311795838e-02,-1.496050482538173476e+01
1.774000000000000000e+03,3.579286336543177640e+02,7.462969686978713213e+00,6.082492422963924755e-02,-1.472348164887130828e+01
1.775000000000000000e+03,3.572395303305303287e+02,7.438637859645673700e+00,6.077753189975742404e-02,-1.448733628475732971e+01
1.776000000000000000e+03,3.565359016727725248e+02,7.415711655230929011e+00,6.072988563132330347e-02,-1.425224720740650142e+01
1.777000000000000000e+03,3.558191762320861926e+02,7.394178080015946009e+00,6.068198486063990787e-02,-1.401817026391441523e+01
1.778000000000000000e+03,3.550892945344058376e+02,7.374031776806995175e+00,6.063382914177337102e-02,-1.378528438883587981e+01
1.779000000000000000e+03,3.543454519491252199e+02,7.355267595751216803e+00,6.058541814580155338e-02,-1.355362020024238845e+01
1.780000000000000000e+03,3.535890700637863802e+02,7.337880593415039066e+00,6.053675166002436131e-02,-1.332335714715260266e+01
1.781000000000000000e+03,3.528193397094899524e+02,7.321858603424966638e+00,6.048782958710333807e-02,-1.309445210528683035e+01
1.782000000000000000e+03,3.520369351724747844e+02,7.307204520422435401e+00,6.043865194412580827e-02,-1.286715937469402959e+01
1.783000000000000000e+03,3.512417857263107521e+02,7.293906585480448790e+00,6.038921886169091452e-02,-1.264136214117771395e+01
1.784000000000000000e+03,3.504345613399529498e+02,7.281945813185812355e+00,6.033953058288594323e-02,-1.241724104060187628e+01
1.785000000000000000e+03,3.496144442113283617e+02,7.271325703686993158e+00,6.028958746228508386e-02,-1.219490275399359724e+01
1.786000000000000000e+03,3.487828429817026290e+02,7.262027671155227182e+00,6.023938996485191794e-02,-1.197430573648368046e+01
1.787000000000000000e+03,3.479396786003002831e+02,7.254040755664685314e+00,6.018893866485591077e-02,-1.175570593058957058e+01
1.788000000000000000e+03,3.470841271995065540e+02,7.247361621589061720e+00,6.013823424476171658e-02,-1.153898822678219638e+01
1.789000000000000000e+03,3.462175914755031840e+02,7.241972270865852934e+00,6.008727749408036833e-02,-1.132440931041844934e+01
1.790000000000000000e+03,3.453399865539711300e+02,7.237862326281652159e+00,6.003606930819061632e-02,-1.111185483843869726e+01
1.791000000000000000e+03,3.444504828661711144e+02,7.235029029627191299e+00,5.998461068718525385e-02,-1.090150800242364504e+01
1.792000000000000000e+03,3.435504775302651410e+02,7.233440098022902554e+00,5.993290273468146467e-02,-1.069340383892238755e+01
1.793000000000000000e+03,3.426398802175256151e+02,7.233093148720686649e+00,5.988094665660607940e-02,-1.048765209110868213e+01
1.794000000000000000e+03,3.417178560287533742e+02,7.233963698576173940e+00,5.982874376000564542e-02,-1.028428865272724479e+01
1.795000000000000000e+03,3.407857968757854792e+02,7.236057160350068074e+00,5.977629545181420423e-02,-1.008334986234707564e+01
1.796000000000000000e+03,3.398428645127256686e+02,7.239341985332406360e+00,5.972360323767605256e-02,-9.884872513908831593e+00
1.797000000000000000e+03,3.388904475874126092e+02,7.243809087849513162e+00,5.967066872071672551e-02,-9.689042434070499255e+00
1.798000000000000000e+03,3.379277046724963611e+02,7.249434701147571047e+00,5.961749360034796635e-02,-9.495897358328519999e+00
1.799000000000000000e+03,3.369560213166991502e+02,7.256217516710147031e+00,5.956407967102114037e-02,-9.305326940936060609e+00
1.800000000000000000e+03,3.359745530756415519e+02,7.264126683305581089e+00,5.951042882107052123e-02,-9.117592749123058837e+00
1.801000000000000000e+03,3.349846799321228445e+02,7.273154089082622953e+00,5.945654303150341158e-02,-8.932653728403304072e+00
1.802000000000000000e+03,3.339862842695709446e+02,7.283285504169680458e+00,5.940242437476403459e-02,-8.750586506538981624e+00
1.803000000000000000e+03,3.329792444747185414e+02,7.294499719352367073e+00,5.934807501360284121e-02,-8.571469670233938132e+00
1.804000000000000000e+03,3.319641804437026735e+02,7.306783113811326835e+00,5.929349719985120559e-02,-8.395352624844008460e+00
1.805000000000000000e+03,3.309417107872745305e+02,7.320114795610351166e+00,5.923869327325291534e-02,-8.222277888003732826e+00
1.806000000000000000e+03,3.299117100358843118e+02,7.334481455528480964e+00,5.918366566027102871e-02,-8.052303383018148963e+00
1.807000000000000000e+03,3.288740515147104588e+02,7.349862507435793724e+00,5.912841687291794934e-02,-7.885472733564720116e+00
1.808000000000000000e+03,3.278293502186076580e+02,7.366237513666372472e+00,5.907294950756419860e-02,-7.721837556605559705e+00
1.809000000000000000e+03,3.267774771819254056e+02,7.383593610339464597e+00,5.901726624376225222e-02,-7.561457470004212311e+00
1.810000000000000000e+03,3.257190451884042659e+02,7.401910647579854619e+00,5.896136984306107193e-02,-7.404377814843742911e+00
1.811000000000000000e+03,3.246539231409833519e+02,7.421168614740590641e+00,5.890526314780034078e-02,-7.250637090894652914e+00
1.812000000000000000e+03,3.235827217717563258e+02,7.441340208878714613e+00,5.884894907992251761e-02,-7.100266963478032878e+00
1.813000000000000000e+03,3.225053080119155879e+02,7.462420544937338640e+00,5.879243063975390232e-02,-6.953314555121924201e+00
1.814000000000000000e+03,3.214222907019233162e+02,7.484382582382131055e+00,5.873571090477151813e-02,-6.809820166855272028e+00
1.815000000000000000e+03,3.203342777967780535e+02,7.507206835298862124e+00,5.867879302836563615e-02,-6.669817284288733106e+00
1.816000000000000000e+03,3.192411335714929237e+02,7.530873940700011815e+00,5.862168023857170646e-02,-6.533340011778720147e+00
1.817000000000000000e+03,3.181434643319020097e+02,7.555364655143535835e+00,5.856437583679389991e-02,-6.400437934671680651e+00
1.818000000000000000e+03,3.170411327856621710e+02,7.580659851315260767e+00,5.850688319650201863e-02,-6.271131554473480030e+00
1.819000000000000000e+03,3.159347437536902703e+02,7.606733086226285856e+00,5.844920576188337991e-02,-6.145449435595791599e+00
1.820000000000000000e+03,3.148241585418737714e+02,7.633565454427966301e+00,5.839134704647141322e-02,-6.023420781722600204e+00
1.821000000000000000e+03,3.137099806532918365e+02,7.661101014393294939e+00,5.833331063177205761e-02,-5.905075440245896701e+00
1.822000000000000000e+03,3.125928129958052750e+02,7.689410208675315772e+00,5.827510016582702207e-02,-5.790436478067687354e+00
1.823000000000000000e+03,3.114717722550949475e+02,7.718407583022042218e+00,5.821671936172610751e-02,-5.679542470517222164e+00
1.824000000000000000e+03,3.103474602783522300e+02,7.748030063179877303e+00,5.815817199612533656e-02,-5.572417791528644138e+00
1.825000000000000000e+03,3.092212212833675835e+02,7.778288949717295786e+00,5.809946190767707047e-02,-5.469065188579403269e+00
1.826000000000000000e+03,3.080921705630865972e+02,7.809269914372725552e+00,5.804059299545798190e-02,-5.369510355788921885e+00
1.827000000000000000e+03,3.069609087059477588e+02,7.840761578867272874e+00,5.798156921732456476e-02,-5.273749938170657181e+00
1.828000000000000000e+03,3.058280359716083012e+02,7.872849779228741518e+00,5.792239458823717629e-02,-5.181796104142885717e+00
1.829000000000000000e+03,3.046941523372902338e+02,7.905546144563253996e+00,5.786307317853428556e-02,-5.093669119291937442e+00
1.830000000000000000e+03,3.035583718746411250e+02,7.938788093320874317e+00,5.780360911217022335e-02,-5.009382491488516997e+00
1.831000000000000000e+03,3.024227798073541749e+02,7.972513113046546529e+00,5.774400656486370492e-02,-4.928935544056857410e+00
1.832000000000000000e+03,3.012864898789835024e+02,8.006733040115065592e+00,5.768426976230391079e-02,-4.852335702047045451e+00
1.833000000000000000e+03,3.001501014116362285e+02,8.041385488944065685e+00,5.762440297815343837e-02,-4.779591064808232481e+00
1.834000000000000000e+03,2.990134708499409157e+02,8.076556698706029991e+00,5.756441053214912673e-02,-4.710695549913710423e+00
1.835000000000000000e+03,2.978771974806123808e+02,8.112110112008288354e+00,5.750429678809346190e-02,-4.645658606889679909e+00
1.836000000000000000e+03,2.967418806473783093e+02,8.148057788587133032e+00,5.744406615177981290e-02,-4.584475503844871014e+00
1.837000000000000000e+03,2.956066341312733812e+02,8.184411834474786929e+00,5.738372306894160002e-02,-4.527157040605992222e+00
1.838000000000000000e+03,2.944728003764574851e+02,8.221110114660458379e+00,5.732327202309917685e-02,-4.473699834755836768e+00
1.839000000000000000e+03,2.933394935310561777e+02,8.258164816251689189e+00,5.726271753341757864e-02,-4.424101177479016656e+00
1.840000000000000000e+03,2.922080565085403236e+02,8.295513877619709930e+00,5.720206415248772075e-02,-4.378344175714569353e+00
1.841000000000000000e+03,2.910783468640128149e+02,8.333169551549975296e+00,5.714131646410079701e-02,-4.336420035769283032e+00
1.842000000000000000e+03,2.899502225157856969e+02,8.370995550876617841e+00,5.708047908099189022e-02,-4.298313204891575090e+00
1.843000000000000000e+03,2.888250274670073736e+02,8.409152745637033632e+00,5.701955664252478240e-02,-4.264016225960446604e+00
1.844000000000000000e+03,2.877018776820921175e+02,8.447504891190252607e+00,5.695855381242197202e-02,-4.233522306840352023e+00
1.845000000000000000e+03,2.865813753133064097e+02,8.485990041867921718e+00,5.689747527640335450e-02,-4.206810461105307652e+00
1.846000000000000000e+03,2.854641230820087685e+02,8.524694830616541097e+00,5.683632573983920383e-02,-4.183875218587067124e+00
1.847000000000000000e+03,2.843507243296954243e+02,8.563557331129747041e+00,5.677510992540363982e-02,-4.164696908847078660e+00
1.848000000000000000e+03,2.832395545636449015e+02,8.602515620999396262e+00,5.671383257069544798e-02,-4.149249086128894426e+00
1.849000000000000000e+03,2.821327041874366728e+02,8.641582061369218692e+00,5.665249842587914003e-02,-4.137520810743917643e+00
1.850000000000000000e+03,2.810292930355649901e+02,8.680694726087342161e+00,5.659111225130767503e-02,-4.129486931742134992e+00
1.851000000000000000e+03,2.799299301695417057e+02,8.719865817892605619e+00,5.652967881515249399e-02,-4.125146488972034398e+00
1.852000000000000000e+03,2.788352364665120149e+02,8.759032656632060210e+00,5.646820289103695462e-02,-4.124474503675372716e+00
1.853000000000000000e+03,2.777443507871251995e+02,8.798280966904796330e+00,5.640668925572715070e-02,-4.127447893704398574e+00
1.854000000000000000e+03,2.766586414611458622e+02,8.837399320227323329e+00,5.634514268673971454e-02,-4.134036775733934910e+00
1.855000000000000000e+03,2.755779921586373007e+02,8.876547682765552949e+00,5.628356796009537089e-02,-4.144197031727700598e+00
1.856000000000000000e+03,2.745030304404286312e+02,8.915588860036500307e+00,5.622196984798752406e-02,-4.157914873618380192e+00
1.857000000000000000e+03,2.734328992974531616e+02,8.954608477665928490e+00,5.616035311656642631e-02,-4.175154839201035806e+00
1.858000000000000000e+03,2.723689713692486407e+02,8.993469276631113729e+00,5.609872252367358730e-02,-4.195882071300208516e+00
1.859000000000000000e+03,2.713103919760901590e+02,9.032182527050039766e+00,5.603708281666633373e-02,-4.220069740012301729e+00
1.860000000000000000e+03,2.702592790053074623e+02,9.070759457473666743e+00,5.597543873027653605e-02,-4.247684179677624350e+00
1.861000000000000000e+03,2.692132946009897978e+02,9.109211251205254101e+00,5.591379498447879987e-02,-4.278684882337922879e+00
1.862000000000000000e+03,2.681745592230170132e+02,9.147400475638360007e+00,5.585215628241471664e-02,-4.313031919333748299e+00
1.863000000000000000e+03,2.671429661693069306e+02,9.185412496137455918e+00,5.579052730839603735e-02,-4.350700791046323346e+00
1.864000000000000000e+03,2.661184101170752569e+02,9.223258338422949620e+00,5.572891272589428763e-02,-4.391652706336534706e+00
1.865000000000000000e+03,2.651007871577136825e+02,9.260726117989543482e+00,5.566731717562146270e-02,-4.435849431888578387e+00
1.866000000000000000e+03,2.640899948303425049e+02,9.297975304579626510e+00,5.560574527366526909e-02,-4.483253284660703386e+00
1.867000000000000000e+03,2.630874178240793526e+02,9.334942450648345158e+00,5.554420160966060116e-02,-4.533827124147779664e+00
1.868000000000000000e+03,2.620929566688191130e+02,9.371564038389477602e+00,5.548269074498768383e-02,-4.587512059409212917e+00
1.869000000000000000e+03,2.611057705998011897e+02,9.407850759791200446e+00,5.542121721107739346e-02,-4.644272011069396910e+00
1.870000000000000000e+03,2.601272489259231406e+02,9.443813229723456715e+00,5.535978550773335699e-02,-4.704056561289658767e+00
1.871000000000000000e+03,2.591572968815114564e+02,9.479387699063526185e+00,5.529840010152163587e-02,-4.766815802020178516e+00
1.872000000000000000e+03,2.581950784869441122e+02,9.514584618368960633e+00,5.523706542420461080e-02,-4.832507754733796013e+00
1.873000000000000000e+03,2.572419879130722506e+02,9.549414351084491770e+00,5.517578587123731643e-02,-4.901083504944731217e+00
1.874000000000000000e+03,2.562971924941448947e+02,9.583738603289525315e+00,5.511456580029623631e-02,-4.972494621617564725e+00
1.875000000000000000e+03,2.553620897598183035e+02,9.617641838007832789e+00,5.505340952988502928e-02,-5.046678291368322355e+00
1.876000000000000000e+03,2.544358504456868673e+02,9.651059854538523552e+00,5.499232133798870326e-02,-5.123587022613472541e+00
1.877000000000000000e+03,2.535191326879501048e+02,9.684076919357368141e+00,5.493130546073062004e-02,-5.203166351116722765e+00
1.878000000000000000e+03,2.526118535367856737e+02,9.716554345544977878e+00,5.487036609113495056e-02,-5.285362258789718659e+00
1.879000000000000000e+03,2.517139318087720312e+02,9.748501907290895829e+00,5.480950737788396060e-02,-5.370121163998510028e+00
1.880000000000000000e+03,2.508252881032868800e+02,9.780003553435003383e+00,5.474873342417272554e-02,-5.457389911729070064e+00
1.881000000000000000e+03,2.499473304880045532e+02,9.810845987052811523e+00,5.468804828652749916e-02,-5.547115763614783646e+00
1.882000000000000000e+03,2.490792403383200337e+02,9.841187214130879823e+00,5.462745597373347417e-02,-5.639238959478649171e+00
1.883000000000000000e+03,2.482209436911514331e+02,9.870962272756372613e+00,5.456696044575175958e-02,-5.733700135443919876e+00
1.884000000000000000e+03,2.473723684228247350e+02,9.900180364394463695e+00,5.450656561270005723e-02,-5.830455170265540943e+00
1.885000000000000000e+03,2.465341870962660096e+02,9.928702000707458453e+00,5.444627533383079865e-02,-5.929452889783953573e+00
1.886000000000000000e+03,2.457070741374561464e+02,9.956610418454287625e+00,5.438609341657075352e-02,-6.030620199605357890e+00
1.887000000000000000e+03,2.448894773411954873e+02,9.983914442929080479e+00,5.432602361555072257e-02,-6.133921501163690948e+00
1.888000000000000000e+03,2.440828177265302941e+02,1.001054848547246756e+01,5.426606963167832781e-02,-6.239276969009861062e+00
1.889000000000000000e+03,2.432862897012854546e+02,1.003652110805159126e+01,5.420623511123525556e-02,-6.346621966640520363e+00
1.890000000000000000e+03,2.425005752464003592e+02,1.006184073739748719e+01,5.414652364498189624e-02,-6.455892178712185903e+00
1.891000000000000000e+03,2.417256154196069247e+02,1.008644137920811623e+01,5.408693876728387639e-02,-6.567023599846649518e+00
1.892000000000000000e+03,2.409620960338155840e+02,1.011033118292562882e+01,5.402748395522830732e-02,-6.679937666629805371e+00
1.893000000000000000e+03,2.402092191599919602e+02,1.013351815607353146e+01,5.396816262780249063e-02,-6.794578387959207433e+00
1.894000000000000000e+03,2.394669316398307330e+02,1.015601016216467301e+01,5.390897814502642466e-02,-6.910882620139845223e+00
1.895000000000000000e+03,2.387359250930286976e+02,1.017781491867819454e+01,5.384993380713062189e-02,-7.028772626934330248e+00
1.896000000000000000e+03,2.380161502542036374e+02,1.019886571160360589e+01,5.379103285372563437e-02,-7.148193209621997113e+00
1.897000000000000000e+03,2.373075598146015182e+02,1.021916996056265958e+01,5.373227846297153748e-02,-7.269089410166986731e+00
1.898000000000000000e+03,2.366101084285062655e+02,1.023866064999193526e+01,5.367367375078836017e-02,-7.391399071001733212e+00
1.899000000000000000e+03,2.359237527193831738e+02,1.025741917790928781e+01,5.361522177001574324e-02,-7.515060251429914295e+00
1.900000000000000000e+03,2.352491941207867683e+02,1.027537822023443148e+01,5.355692550960859666e-02,-7.640003787251965051e+00
1.901000000000000000e+03,2.345849122875361275e+02,1.029254420490530997e+01,5.349878789382797595e-02,-7.766175623410908280e+00
1.902000000000000000e+03,2.339323791832106281e+02,1.030884761896662560e+01,5.344081178146810329e-02,-7.893507267501754576e+00
1.903000000000000000e+03,2.332908450030731160e+02,1.032444126550908514e+01,5.338299996501189720e-02,-8.021908170118798864e+00
1.904000000000000000e+03,2.326610476083118328e+02,1.033910636906376190e+01,5.332535516988103075e-02,-8.151414219883461598e+00
1.905000000000000000e+03,2.320422411903981299e+02,1.035299540932071416e+01,5.326788005360129363e-02,-8.281801456892781133e+00
1.906000000000000000e+03,2.314351676153042661e+02,1.036603785187568683e+01,5.321057720503684363e-02,-8.413106044851046406e+00
1.907000000000000000e+03,2.308390850871539328e+02,1.037823728108000232e+01,5.315344914363531736e-02,-8.545289982880746038e+00
1.908000000000000000e+03,2.302539966566486385e+02,1.038959711545122211e+01,5.309649831860987351e-02,-8.678166809556159933e+00
1.909000000000000000e+03,2.296813930590091388e+02,1.040012060665944915e+01,5.303972710822373038e-02,-8.811773007921956946e+00
1.910000000000000000e+03,2.291197957062713044e+02,1.040973655508429907e+01,5.298313781900470393e-02,-8.946070858965219585e+00
1.911000000000000000e+03,2.285692136993684187e+02,1.041844787595242749e+01,5.292673268502470080e-02,-9.080874145577507051e+00
1.912000000000000000e+03,2.280304009944840402e+02,1.042633159854293012e+01,5.287051386716756091e-02,-9.216145274018188616e+00
1.913000000000000000e+03,2.275026278987556054e+02,1.043331601495803618e+01,5.281448345244105919e-02,-9.351920977860967099e+00
1.914000000000000000e+03,2.269859095754825091e+02,1.043940352998134813e+01,5.275864345326070765e-02,-9.488015171435046469e+00
1.915000000000000000e+03,2.264810060435678452e+02,1.044459637699841181e+01,5.270299580681785806e-02,-9.624464638300755936e+00
1.916000000000000000e+03,2.259871936711456044e+02,1.044882233398943150e+01,5.264754237439877443e-02,-9.761157601213728441e+00
1.917000000000000000e+03,2.255044936785729419e+02,1.045223185710623959e+01,5.259228494081376326e-02,-9.897982276630102660e+00
1.918000000000000000e+03,2.250329293004887745e+02,1.045467809579342244e+01,5.253722521375825405e-02,-1.003497542924212027e+01
1.919000000000000000e+03,2.245732686170443912e+02,1.045631116051806053e+01,5.248236482330149999e-02,-1.017195094203402661e+01
1.920000000000000000e+03,2.241240532090864690e+02,1.045698385453049184e+01,5.242770532133732980e-02,-1.030894550491046147e+01
1.921000000000000000e+03,2.236860551626243705e+02,1.045677165823311228e+01,5.237324818109723168e-02,-1.044584718484955310e+01
1.922000000000000000e+03,2.232593057220414892e+02,1.045560131158936734e+01,5.231899479671849734e-02,-1.058261826413558637e+01
1.923000000000000000e+03,2.228430952823629525e+02,1.045362223162771009e+01,5.226494648279750993e-02,-1.071914666114574288e+01
1.924000000000000000e+03,2.224389447205442991e+02,1.045076081148745395e+01,5.221110447403139870e-02,-1.085539448522075467e+01
1.925000000000000000e+03,2.220446627053499924e+02,1.044694327105622733e+01,5.215746992493613954e-02,-1.099132374110901900e+01
1.926000000000000000e+03,2.216610312015179431e+02,1.044224422417374321e+01,5.210404390949992942e-02,-1.112689631700096093e+01
1.927000000000000000e+03,2.212888341174364655e+02,1.043666382839125539e+01,5.205082742100099191e-02,-1.126192540565321920e+01
1.928000000000000000e+03,2.209266287866638265e+02,1.043020206880900425e+01,5.199782137178680930e-02,-1.139652119363422322e+01
1.929000000000000000e+03,2.205752029634733731e+02,1.042278447497607452e+01,5.194502659317690868e-02,-1.153049658164275115e+01
1.930000000000000000e+03,2.202346034669394328e+02,1.041448497186737754e+01,5.189244383535708549e-02,-1.166381287397573985e+01
1.931000000000000000e+03,2.199041361639075944e+02,1.040530302991219713e+01,5.184007376735671330e-02,-1.179643120009660606e+01
1.932000000000000000e+03,2.195831087857702357e+02,1.039531223260146575e+01,5.178791697708085007e-02,-1.192831250333496840e+01
1.933000000000000000e+03,2.192730594140792277e+02,1.038436314314576414e+01,5.173597397136533993e-02,-1.205941752971845027e+01
1.934000000000000000e+03,2.189725566147001814e+02,1.037252900622359597e+01,5.168424517612927455e-02,-1.218963253343943975e+01
1.935000000000000000e+03,2.186823992611233223e+02,1.035980861476947723e+01,5.163273093655620927e-02,-1.231891783297218623e+01
1.936000000000000000e+03,2.184019023362975531e+02,1.034620059433886929e+01,5.158143151733402682e-02,-1.244723351682994306e+01
1.937000000000000000e+03,2.181311254135102899e+02,1.033177768753700221e+01,5.153034710293095955e-02,-1.257446514947438665e+01
1.938000000000000000e+03,2.178701297960398620e+02,1.031646390450096362e+01,5.147947779798534018e-02,-1.270064661139159234e+01
1.939000000000000000e+03,2.176182356557113735e+02,1.030033165796224104e+01,5.142882362766387772e-02,-1.282566295481118779e+01
1.940000000000000000e+03,2.173755076754679294e+02,1.028330463035150366e+01,5.137838453813491080e-02,-1.294954752760978600e+01
1.941000000000000000e+03,2.171420121858438961e+02,1.026545490898519120e+01,5.132816039707454453e-02,-1.307218482936224824e+01
1.942000000000000000e+03,2.169178171354858193e+02,1.024678013679583621e+01,5.127815099419834322e-02,-1.319345906857888728e+01
1.943000000000000000e+03,2.167029920607415363e+02,1.022727779713299512e+01,5.122835604187710168e-02,-1.331347700361888364e+01
1.944000000000000000e+03,2.164961223843165783e+02,1.020694521512174369e+01,5.117877517579708796e-02,-1.343204794875498642e+01
1.945000000000000000e+03,2.162980235582757587e+02,1.018577955908059707e+01,5.112940795563421237e-02,-1.354920374945178452e+01
1.946000000000000000e+03,2.161087696910449267e+02,1.016377784199824141e+01,5.108025386578526894e-02,-1.366482735579443997e+01
1.947000000000000000e+03,2.159276935137934004e+02,1.014101120657084643e+01,5.103131231617377001e-02,-1.377894994762210423e+01
1.948000000000000000e+03,2.157548720162070026e+02,1.011740207628688282e+01,5.098258264302078097e-02,-1.389145379182499518e+01
1.949000000000000000e+03,2.155896407415602312e+02,1.009302129108607637e+01,5.093406410974569282e-02,-1.400229508434376413e+01
1.950000000000000000e+03,2.154320794213479928e+02,1.006779097505444831e+01,5.088575590782193347e-02,-1.411150394184712908e+01
1.951000000000000000e+03,2.152830136468583930e+02,1.004178140396948749e+01,5.083765715771162291e-02,-1.421896061486248897e+01
1.952000000000000000e+03,2.151410486151655732e+02,1.001498735193226963e+01,5.078976690981558406e-02,-1.432461554565651163e+01
1.953000000000000000e+03,2.150062781451728711e+02,9.987477464915707870e+00,5.074208414545128970e-02,-1.442849214515192280e+01
1.954000000000000000e+03,2.148787972631222658e+02,9.959245963905555499e+00,5.069460777784593614e-02,-1.453053914657474266e+01
1.955000000000000000e+03,2.147587021653840509e+02,9.930212646873210147e+00,5.064733665317680544e-02,-1.463063059806835220e+01
1.956000000000000000e+03,2.146453473460395571e+02,9.900445741307002834e+00,5.060026955163521301e-02,-1.472886298950508355e+01
1.957000000000000000e+03,2.145388312294120112e+02,9.870013339280985676e+00,5.055340518846006964e-02,-1.482518382796297907e+01
1.958000000000000000e+03,2.144392532974496817e+02,9.838909116075202022e+00,5.050674221505323941e-02,-1.491939163090236065e+01
1.959000000000000000e+03,2.143459712170857188e+02,9.807126615849034224e+00,5.046027922006295074e-02,-1.501165590404689532e+01
1.960000000000000000e+03,2.142590864726988684e+02,9.774584970356510638e+00,5.041401473049447746e-02,-1.510177429990909026e+01
1.961000000000000000e+03,2.141787014935696902e+02,9.741426035220017710e+00,5.036794721284541115e-02,-1.518984116304977583e+01
1.962000000000000000e+03,2.141034339464237917e+02,9.707642974726381269e+00,5.032207507425005139e-02,-1.527572753948381035e+01
1.963000000000000000e+03,2.140348737083261312e+02,9.673154547681672710e+00,5.027639666358206527e-02,-1.535945258830181537e+01
1.964000000000000000e+03,2.139716401494105753e+02,9.638027960313593212e+00,5.023091027261802205e-02,-1.544096072545780629e+01
1.965000000000000000e+03,2.139130962711510335e+02,9.602256018200238330e+00,5.018561413721064901e-02,-1.552019590175255459e+01
1.966000000000000000e+03,2.138608343398014711e+02,9.565905695751654392e+00,5.014050643840800570e-02,-1.559717588100268237e+01
1.967000000000000000e+03,2.138134760048782823e+02,9.528895288217903214e+00,5.009558530363884821e-02,-1.567184366788808703e+01
1.968000000000000000e+03,2.137703864382289396e+02,9.491365831754924542e+00,5.005084880783718104e-02,-1.574421606999550605e+01
1.969000000000000000e+03,2.137331599683280388e+02,9.453161121496957975e+00,5.000629497462927286e-02,-1.581423512603848280e+01
1.970000000000000000e+03,2.136996773646369547e+02,9.414496265704297429e+00,4.996192177746692359e-02,-1.588191666827419013e+01
1.971000000000000000e+03,2.136707913177098987e+02,9.375289136900049058e+00,4.991772714080006806e-02,-1.594712746759556588e+01
1.972000000000000000e+03,2.136466122292752914e+02,9.335531792074695190e+00,4.987370894120323611e-02,-1.601003093033405023e+01
1.973000000000000000e+03,2.136257653427429943e+02,9.295216191907094583e+00,4.982986500855603185e-02,-1.607041854271462000e+01
1.974000000000000000e+03,2.136091048841840063e+02,9.254408487020668872e+00,4.978619312717774692e-02,-1.612830413504358162e+01
1.975000000000000000e+03,2.135967426884010365e+02,9.213100453761036590e+00,4.974269103694684002e-02,-1.618377531106341749e+01
1.976000000000000000e+03,2.135873053303807581e+02,9.171358064011112532e+00,4.969935643450504315e-02,-1.623669631049602202e+01
1.977000000000000000e+03,2.135809054321646556e+02,9.129098637520154824e+00,4.965618697432935824e-02,-1.628707942330348857e+01
1.978000000000000000e+03,2.135776559598486415e+02,9.086313695272655977e+00,4.961318026992673352e-02,-1.633493641962823517e+01
1.979000000000000000e+03,2.135769273558683778e+02,9.043217529378596353e+00,4.957033389492243591e-02,-1.638020426343458524e+01
1.980000000000000000e+03,2.135795760116264148e+02,8.999578654458487037e+00,4.952764538423395924e-02,-1.642289367685862089e+01
1.981000000000000000e+03,2.135842300601379691e+02,8.955611212602175186e+00,4.948511223516811885e-02,-1.646301485425398070e+01
1.982000000000000000e+03,2.135917463541487393e+02,8.911232141292481757e+00,4.944273190858741035e-02,-1.650057745994545400e+01
1.983000000000000000e+03,2.136014962591492292e+02,8.866432593885008373e+00,4.940050183001536838e-02,-1.653559062619066466e+01
1.984000000000000000e+03,2.136128512917102569e+02,8.821352226095340754e+00,4.935841939080470864e-02,-1.656798866784972546e+01
1.985000000000000000e+03,2.136266687579390577e+02,8.775907781487456205e+00,4.931648194924632272e-02,-1.659777964777546089e+01
1.986000000000000000e+03,2.136415775468535685e+02,8.730090228499632232e+00,4.927468683168543390e-02,-1.662497109191175326e+01
1.987000000000000000e+03,2.136584351090995995e+02,8.684039046976582910e+00,4.923303133371303986e-02,-1.664956998811277344e+01
1.988000000000000000e+03,2.136766132504332063e+02,8.637670813699305228e+00,4.919151272125424357e-02,-1.667158278518306957e+01
1.989000000000000000e+03,2.136954837703939347e+02,8.591050622951362570e+00,4.915012823174615825e-02,-1.669094110863865055e+01
1.990000000000000000e+03,2.137159041009678617e+02,8.544094955572960615e+00,4.910887507530913021e-02,-1.670772461070415105e+01
1.991000000000000000e+03,2.137372459350672784e+02,8.496943099546891531e+00,4.906775043583603418e-02,-1.672186383602091908e+01
1.992000000000000000e+03,2.137588808651047430e+02,8.449511452064975003e+00,4.902675147220132007e-02,-1.673336307210338703e+01
1.993000000000000000e+03,2.137801803514396966e+02,8.401864940129145864e+00,4.898587531942150131e-02,-1.674230034952110202e+01
1.994000000000000000e+03,2.138027441958048200e+02,8.354068456640968421e+00,4.894511908983727178e-02,-1.674853030830555056e+01
1.995000000000000000e+03,2.138244578293439133e+02,8.306038296496215168e+00,4.890447987426434218e-02,-1.675220418312169457e+01
1.996000000000000000e+03,2.138469206309725905e+02,8.257765010195790012e+00,4.886395474319765037e-02,-1.675324981964279658e+01
1.997000000000000000e+03,2.138687603801230637e+02,8.209387690454631681e+00,4.882354074800782789e-02,-1.675166880969295846e+01
1.998000000000000000e+03,2.138893473996894556e+02,8.160896841299996041e+00,4.878323492213346158e-02,-1.674753649262072486e+01
1.999000000000000000e+03,2.139102801937399931e+02,8.112208664683253190e+00,4.874303428229558727e-02,-1.674077910640719580e+01
2.000000000000000000e+03,2.139294427348171439e+02,8.063387914096573184e+00,4.870293582972420182e-02,-1.673147092353440968e+01
2.001000000000000000e+03,2.139484302314324964e+02,8.014499382795262861e+00,4.866293655136905150e-02,-1.671953612797434374e+01
2.002000000000000000e+03,2.139658559297403713e+02,7.965533779758731114e+00,4.862303342114947247e-02,-1.670511726173878841e+01
2.003000000000000000e+03,2.139818157409762307e+02,7.916481859939190180e+00,4.858322340116931481e-02,-1.668813249975800517e+01
2.004000000000000000e+03,2.139964050883592108e+02,7.867334375242082345e+00,4.854350344297070352e-02,-1.666857377782159588e+01
2.005000000000000000e+03,2.140097188738106695e+02,7.818230644625754344e+00,4.850387048882003754e-02,-1.664650679564799063e+01
2.006000000000000000e+03,2.140211086095171993e+02,7.769012856175466553e+00,4.846432147291050013e-02,-1.662192245318812311e+01
2.007000000000000000e+03,2.140299252194280371e+02,7.719820338205554577e+00,4.842485332268714471e-02,-1.659488542117657062e+01
2.008000000000000000e+03,2.140370046756800662e+02,7.670643861319023316e+00,4.838546296007521785e-02,-1.656531129440565664e+01
2.009000000000000000e+03,2.140416966247951507e+02,7.621474208478443479e+00,4.834614730275218347e-02,-1.653326372974959213e+01
2.010000000000000000e+03,2.140440928589990222e+02,7.572376461564667594e+00,4.830690326547266988e-02,-1.649873159990102067e+01
2.011000000000000000e+03,2.140435416123850700e+02,7.523267153914980021e+00,4.826772776131712378e-02,-1.646170328134398275e+01
2.012000000000000000e+03,2.140401331971762886e+02,7.474211407367124416e+00,4.822861770295150396e-02,-1.642224094254974531e+01
2.013000000000000000e+03,2.140332142999156986e+02,7.425200084773067921e+00,4.818957000395810569e-02,-1.638033198188388440e+01
2.014000000000000000e+03,2.140236164528397751e+02,7.376298360011630528e+00,4.815058158011138040e-02,-1.633603759973791369e+01
2.015000000000000000e+03,2.140106846601687209e+02,7.327497153976331390e+00,4.811164935065291581e-02,-1.628934423686054700e+01
2.016000000000000000e+03,2.139937630346737478e+02,7.278861704557361811e+00,4.807277023957805956e-02,-1.624031214690397462e+01
2.017000000000000000e+03,2.139744232694308437e+02,7.230308719094076686e+00,4.803394117692797588e-02,-1.618900111866208036e+01
2.018000000000000000e+03,2.139505219244989860e+02,7.181903511326941825e+00,4.799515910004843733e-02,-1.613539619850277873e+01
2.019000000000000000e+03,2.139236287442855087e+02,7.133711437315141346e+00,4.795642095489179718e-02,-1.607955626349613354e+01
2.020000000000000000e+03,2.138923411097117935e+02,7.085649331333836898e+00,4.791772369726466502e-02,-1.602153974421734617e+01
2.021000000000000000e+03,2.138574838510944573e+02,7.037856926267229696e+00,4.787906429411106779e-02,-1.596125606422346443e+01
2.022000000000000000e+03,2.138191378761057706e+02,6.990206585349810986e+00,4.784043972475131301e-02,-1.589883706421737841e+01
2.023000000000000000e+03,2.137758973032034362e+02,6.942815861167197511e+00,4.780184698214326455e-02,-1.583433987485286742e+01
2.024000000000000000e+03,2.137285836056448431e+02,6.895661224251354859e+00,4.776328307412910923e-02,-1.576767264020398862e+01
2.025000000000000000e+03,2.136772742407496821e+02,6.848748917917920842e+00,4.772474502463789486e-02,-1.569889165889716232e+01
2.026000000000000000e+03,2.136205597847508386e+02,6.802100104319177554e+00,4.768622987494711835e-02,-1.562812710787449078e+01
2.027000000000000000e+03,2.135592580783471419e+02,6.755721153767320963e+00,4.764773468483622654e-02,-1.555528591578637254e+01
2.028000000000000000e+03,2.134934428576209200e+02,6.709625932478636479e+00,4.760925653384896067e-02,-1.548042318803690875e+01
2.029000000000000000e+03,2.134224437256825126e+02,6.663820948534511679e+00,4.757079252241219747e-02,-1.540359364743543047e+01
2.030000000000000000e+03,2.133463317950290161e+02,6.618327639560154019e+00,4.753233977303582963e-02,-1.532485164197009020e+01
2.031000000000000000e+03,2.132659196605511340e+02,6.573160090266989108e+00,4.749389543148115067e-02,-1.524417686918957315e+01
2.032000000000000000e+03,2.131797900331735889e+02,6.528317606659387096e+00,4.745545666785148248e-02,-1.516169723469901953e+01
2.033000000000000000e+03,2.130880098894861590e+02,6.483829288655416079e+00,4.741702067776452229e-02,-1.507739172623671209e+01
2.034000000000000000e+03,2.129913876120218390e+02,6.439702034115383888e+00,4.737858468341633184e-02,-1.499131327236015920e+01
2.035000000000000000e+03,2.128892444603127956e+02,6.395950254682636782e+00,4.734014593468579418e-02,-1.490344018370611323e+01
2.036000000000000000e+03,2.127816430529522336e+02,6.352573593130797391e+00,4.730170171020542380e-02,-1.481389901184367197e+01
2.037000000000000000e+03,2.126679016754135034e+02,6.309579210769292068e+00,4.726324931840067411e-02,-1.472259314018279142e+01
2.038000000000000000e+03,2.125488227639031891e+02,6.266989218103776516e+00,4.722478609852315962e-02,-1.462972277698285950e+01
2.039000000000000000e+03,2.124237215449705047e+02,6.224803535349145100e+00,4.718630942166580217e-02,-1.453519069588918811e+01
2.040000000000000000e+03,2.122926545212456233e+02,6.183037036397781350e+00,4.714781669173530310e-02,-1.443912222906769571e+01
2.041000000000000000e+03,2.121549337830275590e+02,6.141689837586974399e+00,4.710930534643414935e-02,-1.434149385836600210e+01
2.042000000000000000e+03,2.120113554959888518e+02,6.100777013218540823e+00,4.707077285820326917e-02,-1.424235607454683894e+01
2.043000000000000000e+03,2.118619713797402540e+02,6.060313740925868942e+00,4.703221673513354600e-02,-1.414175910256012969e+01
2.044000000000000000e+03,2.117060886924947738e+02,6.020307875338948733e+00,4.699363452188885792e-02,-1.403975291036262085e+01
2.045000000000000000e+03,2.115444987218443487e+02,5.980767378396540934e+00,4.695502380055410763e-02,-1.393638721777946898e+01
2.046000000000000000e+03,2.113765054314105498e+02,5.941700321253531314e+00,4.691638219151225003e-02,-1.383163722190231049e+01
2.047000000000000000e+03,2.112014111187055789e+02,5.903114886132772909e+00,4.687770735427444768e-02,-1.372570074003618679e+01
2.048000000000000000e+03,2.110207449090842715e+02,5.865034224820875330e+00,4.683899698826080732e-02,-1.361855251765529040e+01
2.049000000000000000e+03,2.108338057355460649e+02,5.827451890304467419e+00,4.680024883360868471e-02,-1.351024137141563664e+01
2.050000000000000000e+03,2.106406336698654229e+02,5.790383836901387582e+00,4.676146067191658956e-02,-1.340074163118240591e+01
2.051000000000000000e+03,2.104405219102949900e+02,5.753824086140322258e+00,4.672263032697623192e-02,-1.329017569000805921e+01
2.052000000000000000e+03,2.102342382767601237e+02,5.717782573155106185e+00,4.668375566547753458e-02,-1.317851595043982904e+01
2.053000000000000000e+03,2.100210608681150859e+02,5.682277016751468679e+00,4.664483459767456569e-02,-1.306580861290883711e+01
2.054000000000000000e+03,2.098010088969388960e+02,5.647302973083616173e+00,4.660586507806449563e-02,-1.295217399445601103e+01
2.055000000000000000e+03,2.095740998509513986e+02,5.612870978782290798e+00,4.656684510597248333e-02,-1.283750940388095074e+01
2.056000000000000000e+03,2.093410923255532623e+02,5.578984267218549675e+00,4.652777272620178123e-02,-1.272200913544001111e+01
2.057000000000000000e+03,2.091005146823104894e+02,5.545661054806567236e+00,4.648864602955194575e-02,-1.260557021002772693e+01
2.058000000000000000e+03,2.088538648937743858e+02,5.512897400441465479e+00,4.644946315339153198e-02,-1.248838665241815704e+01
2.059000000000000000e+03,2.085996678639785671e+02,5.480696920026349339e+00,4.641022228214286560e-02,-1.237042951598766471e+01
2.060000000000000000e+03,2.083394181103781193e+02,5.449078215885198695e+00,4.637092164784276799e-02,-1.225166974248097773e+01
2.061000000000000000e+03,2.080716370864185762e+02,5.418037736011110717e+00,4.633155953049235970e-02,-1.213230102179413272e+01
2.062000000000000000e+03,2.077978158655220398e+02,5.387586916753440924e+00,4.629213425859463049e-02,-1.201221981674885519e+01
2.063000000000000000e+03,2.075164724656757471e+02,5.357722470289621342e+00,4.625264420946793853e-02,-1.189161964041920427e+01
2.064000000000000000e+03,2.072283517003821203e+02,5.328463527185938631e+00,4.621308780965173446e-02,-1.177047108093477590e+01
2.065000000000000000e+03,2.069341966803289665e+02,5.299799638692372028e+00,4.617346353527353869e-02,-1.164874466132129349e+01
2.066000000000000000e+03,2.066325203160103001e+02,5.271742775878309750e+00,4.613376991234745261e-02,-1.152663369935202198e+01
2.067000000000000000e+03,2.063240623365039426e+02,5.244297616853147659e+00,4.609400551704800203e-02,-1.140403433238371456e+01
2.068000000000000000e+03,2.060095607939350089e+02,5.217461547325945581e+00,4.605416897598905296e-02,-1.128113979473720718e+01
2.069000000000000000e+03,2.056875235688274017e+02,5.191239517804095982e+00,4.601425896643775160e-02,-1.115784615904332711e+01
2.070000000000000000e+03,2.053594282265708273e+02,5.165644044030535120e+00,4.597427421651974211e-02,-1.103427233012923381e+01
2.071000000000000000e+03,2.050245221843783838e+02,5.140665493959502008e+00,4.593421350539943909e-02,-1.091046292037758469e+01
2.072000000000000000e+03,2.046820512293092520e+02,5.116309229824725691e+00,4.589407566345493628e-02,-1.078646254259570902e+01
2.073000000000000000e+03,2.043334880370800306e+02,5.092573323346540448e+00,4.585385957232898657e-02,-1.066231581937665673e+01
2.074000000000000000e+03,2.039780751764113518e+02,5.069470840981882276e+00,4.581356416508382962e-02,-1.053799310894875596e+01
2.075000000000000000e+03,2.036165392993819694e+02,5.047000130664872408e+00,4.577318842623444989e-02,-1.041361336502275670e+01
2.076000000000000000e+03,2.032473769822352949e+02,5.025152250241544216e+00,4.573273139181862484e-02,-1.028914701210489291e+01
2.077000000000000000e+03,2.028720545871579759e+02,5.003940680899140681e+00,4.569219214938752965e-02,-1.016471308880933222e+01
2.078000000000000000e+03,2.024898084343490723e+02,4.983356757037359586e+00,4.565156983802792084e-02,-1.004035640662830353e+01
2.079000000000000000e+03,2.021013589949986056e+02,4.963414236288009818e+00,4.561086364830189976e-02,-9.916047559180089621e+00
2.080000000000000000e+03,2.017066824046419811e+02,4.944097300927508876e+00,4.557007282218115268e-02,-9.791905781929955310e+00
2.081000000000000000e+03,2.013057533171585476e+02,4.925419984490021719e+00,4.552919665303992863e-02,-9.667901827354292266e+00
2.082000000000000000e+03,2.008985449242542529e+02,4.907381601425006679e+00,4.548823448547193588e-02,-9.544155108079758421e+00
2.083000000000000000e+03,2.004850289754206756e+02,4.889974175154928382e+00,4.544718571523524708e-02,-9.420710855454943911e+00
2.084000000000000000e+03,2.000651757983366679e+02,4.873212151133193615e+00,4.540604978908667488e-02,-9.297540128573615448e+00
2.085000000000000000e+03,1.996404399897270139e+02,4.857072969649200544e+00,4.536482620463629795e-02,-9.174762673743995123e+00
2.086000000000000000e+03,1.992085605913712527e+02,4.841571348888851212e+00,4.532351451015299154e-02,-9.052349799373295980e+00
2.087000000000000000e+03,1.987709894618766953e+02,4.826699857642168467e+00,4.528211430444455121e-02,-8.930347235296482111e+00
2.088000000000000000e+03,1.983284342883586646e+02,4.812451199816229597e+00,4.524062523655660029e-02,-8.808800858015963797e+00
2.089000000000000000e+03,1.978793729384937592e+02,4.798833070550794666e+00,4.519904700564028599e-02,-8.687756699358647694e+00
2.090000000000000000e+03,1.974245104930143668e+02,4.785838442186382657e+00,4.515737936066243491e-02,-8.567260955041996695e+00
2.091000000000000000e+03,1.969638079281620833e+02,4.773467848638444089e+00,4.511562210018828234e-02,-8.447285709640661722e+00
2.092000000000000000e+03,1.964972249734441334e+02,4.761714527975388300e+00,4.507377507211625389e-02,-8.327951795460354134e+00
2.093000000000000000e+03,1.960254629695388360e+02,4.750571850003000307e+00,4.503183817342196887e-02,-8.209305950288216636e+00
2.094000000000000000e+03,1.955484792212442642e+02,4.740040743805044698e+00,4.498981134987154601e-02,-8.091246542034335576e+00
2.095000000000000000e+03,1.950654870205701172e+02,4.730122268540083219e+00,4.494769459573890596e-02,-7.973969277770979858e+00
2.096000000000000000e+03,1.945779270099946814e+02,4.720802755845207699e+00,4.490548795352537065e-02,-7.857447227115001986e+00
2.097000000000000000e+03,1.940850101955138314e+02,4.712083522298957661e+00,4.486319151364263208e-02,-7.741683393906346744e+00
2.098000000000000000e+03,1.935866893099583876e+02,4.703966011740734032e+00,4.482080541410465163e-02,-7.626755293945232772e+00
2.099000000000000000e+03,1.930836588362093948e+02,4.696429509198360108e+00,4.477832984025074958e-02,-7.512681252184432168e+00
2.100000000000000000e+03,1.925751265253168469e+02,4.689483138276999696e+00,4.473576502438558755e-02,-7.399487265235207722e+00
2.101000000000000000e+03,1.920617821653498538e+02,4.683121502795502877e+00,4.469311124544778774e-02,-7.287207595607803512e+00
2.102000000000000000e+03,1.915435613162076436e+02,4.677325324166808684e+00,4.465036882874592883e-02,-7.175879111518908005e+00
2.103000000000000000e+03,1.910203959508968978e+02,4.672105371789822215e+00,4.460753814555892816e-02,-7.065532104342548969e+00
2.104000000000000000e+03,1.904922170728968069e+02,4.667457678881340222e+00,4.456461961282435352e-02,-6.956211993373265123e+00
2.105000000000000000e+03,1.899596975740588221e+02,4.663370969561470680e+00,4.452161369280308728e-02,-6.847942190661997053e+00
2.106000000000000000e+03,1.894220237523162211e+02,4.659834085899393408e+00,4.447852089271439602e-02,-6.740746392492883210e+00
2.107000000000000000e+03,1.888806095094991804e+02,4.656858271620046175e+00,4.443534176441119032e-02,-6.634670870697462419e+00
2.108000000000000000e+03,1.883338965287551616e+02,4.654425172269054833e+00,4.439207690401008460e-02,-6.529739908652379299e+00
2.109000000000000000e+03,1.877840398122746137e+02,4.652531403891725148e+00,4.434872695153235789e-02,-6.425992948964830198e+00
2.110000000000000000e+03,1.872294793534518078e+02,4.651173694871079789e+00,4.430529259052123914e-02,-6.323447457489931978e+00
2.111000000000000000e+03,1.866716256744354894e+02,4.650348884427581986e+00,4.426177454769203434e-02,-6.222143499034832992e+00
2.112000000000000000e+03,1.861096600032030608e+02,4.650046492729979164e+00,4.421817359255123675e-02,-6.122114029394675860e+00
2.113000000000000000e+03,1.855442484708677569e+02,4.650263576018554446e+00,4.417449053698185857e-02,-6.023362615573384815e+00
2.114000000000000000e+03,1.849745707937065333e+02,4.650989868289055806e+00,4.413072623489210783e-02,-5.925937724393132378e+00
2.115000000000000000e+03,1.844020344703718024e+02,4.652215207989507384e+00,4.408688158177112570e-02,-5.829843587234707414e+00
2.116000000000000000e+03,1.838258177938036795e+02,4.653936964679246557e+00,4.404295751427095285e-02,-5.735114488321150894e+00
2.117000000000000000e+03,1.832465840484091189e+02,4.656152608949982508e+00,4.399895500982170526e-02,-5.641770199236646022e+00
2.118000000000000000e+03,1.826635101920274451e+02,4.658844853959533516e+00,4.395487508615600336e-02,-5.549845696788852756e+00
2.119000000000000000e+03,1.820780010531515813e+02,4.662011367030257425e+00,4.391071880085419682e-02,-5.459354025561961699e+00
2.120000000000000000e+03,1.814884895079015052e+02,4.665642482759296605e+00,4.386648725089573042e-02,-5.370308587116756627e+00
2.121000000000000000e+03,1.808971220174715597e+02,4.669736057844127153e+00,4.382218157216754423e-02,-5.282738000687539071e+00
2.122000000000000000e+03,1.803023303001992019e+02,4.674275184121356119e+00,4.377780293894540514e-02,-5.196656393626955861e+00
2.123000000000000000e+03,1.797047740342031830e+02,4.679265328372462562e+00,4.373335256342059801e-02,-5.112085690154446915e+00
2.124000000000000000e+03,1.791058552099138979e+02,4.684682331892206619e+00,4.368883169511229847e-02,-5.029048186557564470e+00
2.125000000000000000e+03,1.785032611426691744e+02,4.690524406926635415e+00,4.364424162034974408e-02,-4.947559126249765349e+00
2.126000000000000000e+03,1.778991356809236208e+02,4.696789849575553788e+00,4.359958366163400184e-02,-4.867634131387177376e+00
2.127000000000000000e+03,1.772926508791427977e+02,4.703462181012646681e+00,4.355485917715001820e-02,-4.789296634346162485e+00
2.128000000000000000e+03,1.766844640313292985e+02,4.710532430425457662e+00,4.351006956000775389e-02,-4.712555595662517582e+00
2.129000000000000000e+03,1.760744891895758428e+02,4.717991704523345931e+00,4.346521623768855036e-02,-4.637420363586498340e+00
2.130000000000000000e+03,1.754618971879646665e+02,4.725831185365903409e+00,4.342030067132317955e-02,-4.563922961854342653e+00
2.131000000000000000e+03,1.748480870068553088e+02,4.734042128162317731e+00,4.337532435503978906e-02,-4.492073522175219047e+00
2.132000000000000000e+03,1.742322287872276547e+02,4.742623287393104015e+00,4.333028881518581621e-02,-4.421890000089531370e+00
2.133000000000000000e+03,1.736149780306180901e+02,4.751551201153557891e+00,4.328519560964176616e-02,-4.353368463895080254e+00
2.134000000000000000e+03,1.729962471191865063e+02,4.760832187324240294e+00,4.324004632698918993e-02,-4.286527666946166271e+00
2.135000000000000000e+03,1.723766910112482549e+02,4.770442914462967643e+00,4.319484258576494068e-02,-4.221379336320961961e+00
2.136000000000000000e+03,1.717562215970535249e+02,4.780374969576923760e+00,4.314958603358232114e-02,-4.157920746410619373e+00
2.137000000000000000e+03,1.711340077249685976e+02,4.790627427420731443e+00,4.310427834631596483e-02,-4.096164434130112220e+00
2.138000000000000000e+03,1.705114465681102160e+02,4.801191991423405803e+00,4.305892122720474807e-02,-4.036115915547227928e+00
2.139000000000000000e+03,1.698884494761080930e+02,4.812045562945914234e+00,4.301351640598059800e-02,-3.977788544131911852e+00
2.140000000000000000e+03,1.692649276723902574e+02,4.823194808972322889e+00,4.296806563790370875e-02,-3.921188655472158224e+00
2.141000000000000000e+03,1.686407922817605822e+02,4.834616732880556711e+00,4.292257070283683751e-02,-3.866315568556544235e+00
2.142000000000000000e+03,1.680166971933323055e+02,4.846310670451535962e+00,4.287703340426303467e-02,-3.813169015271081097e+00
2.143000000000000000e+03,1.673918105836803818e+02,4.858253717311044717e+00,4.283145556833477252e-02,-3.761763998108135887e+00
2.144000000000000000e+03,1.667675291204957375e+02,4.870452724912480491e+00,4.278583904279982530e-02,-3.712095877787928266e+00
2.145000000000000000e+03,1.661430209812480143e+02,4.882884871254728587e+00,4.274018569601462092e-02,-3.664176772898899870e+00
2.146000000000000000e+03,1.655181972223592481e+02,4.895534800143822807e+00,4.269449741590997799e-02,-3.618008818414226280e+00
2.147000000000000000e+03,1.648937118085134728e+02,4.908409475395915322e+00,4.264877610885894899e-02,-3.573592337304603905e+00
2.148000000000000000e+03,1.642694759721249795e+02,4.921486179881319423e+00,4.260302369871724060e-02,-3.530925097977217320e+00
2.149000000000000000e+03,1.636461439130843587e+02,4.934757083116979359e+00,4.255724212565945713e-02,-3.490006028567597340e+00
2.150000000000000000e+03,1.630228843235246643e+02,4.948214382053321536e+00,4.251143334511650607e-02,-3.450835216895526081e+00
2.151000000000000000e+03,1.624003524376520602e+02,4.961842880611496476e+00,4.246559932666144760e-02,-3.413413185321007681e+00
2.152000000000000000e+03,1.617784635960327932e+02,4.975634875075035879e+00,4.241974205295350603e-02,-3.377743172571762376e+00
2.153000000000000000e+03,1.611578769063622758e+02,4.989575263668601046e+00,4.237386351858417333e-02,-3.343828850987187185e+00
2.154000000000000000e+03,1.605377660886609021e+02,5.003656390344231930e+00,4.232796572901507959e-02,-3.311668365210620024e+00
2.155000000000000000e+03,1.599195336803993825e+02,5.017878042272968742e+00,4.228205069944362265e-02,-3.281257376904981982e+00
2.156000000000000000e+03,1.593016112212313544e+02,5.032210305590200328e+00,4.223612045374787460e-02,-3.252592109284109689e+00
2.157000000000000000e+03,1.586854019629633399e+02,5.046660418050918473e+00,4.219017702336205766e-02,-3.225669717250140955e+00
2.158000000000000000e+03,1.580708238889930612e+02,5.061213339738286798e+00,4.214422244625040670e-02,-3.200487394520171502e+00
2.159000000000000000e+03,1.574570525786949133e+02,5.075861463984172595e+00,4.209825876579895848e-02,-3.177043114795590206e+00
2.160000000000000000e+03,1.568454925766085069e+02,5.090582329847933352e+00,4.205228802978619451e-02,-3.155333327110766195e+00
2.161000000000000000e+03,1.562353204110591207e+02,5.105375761408440738e+00,4.200631228936443223e-02,-3.135352879487273814e+00
2.162000000000000000e+03,1.556271987976919604e+02,5.120234151916208454e+00,4.196033359802499307e-02,-3.117092788164774309e+00
2.163000000000000000e+03,1.550210481624013141e+02,5.135142461359881949e+00,4.191435401060734228e-02,-3.100548183468605057e+00
2.164000000000000000e+03,1.544167895039117013e+02,5.150085642397348451e+00,4.186837558235968759e-02,-3.085711621622651446e+00
2.165000000000000000e+03,1.538143444208467088e+02,5.165056066302251558e+00,4.182240036794194343e-02,-3.072577538882514947e+00
2.166000000000000000e+03,1.532143779732950577e+02,5.180046092226157306e+00,4.177643042057228168e-02,-3.061140762782879943e+00
2.167000000000000000e+03,1.526168130387374049e+02,5.195040636477950891e+00,4.173046779105706039e-02,-3.051392794674646414e+00
2.168000000000000000e+03,1.520215731724495640e+02,5.210039455222020166e+00,4.168451452697803650e-02,-3.043318834892855484e+00
2.169000000000000000e+03,1.514285826322488049e+02,5.225020000393163500e+00,4.163857267184292721e-02,-3.036900007566813109e+00
2.170000000000000000e+03,1.508385092376043417e+02,5.239989415833858466e+00,4.159264426427885381e-02,-3.032119299404651525e+00
2.171000000000000000e+03,1.502505358879600408e+02,5.254925108197819661e+00,4.154673133724912093e-02,-3.028960069929234944e+00
2.172000000000000000e+03,1.496660747605452855e+02,5.269834171478216867e+00,4.150083591729299831e-02,-3.027403818684118786e+00
2.173000000000000000e+03,1.490843103221789931e+02,5.284693957953077614e+00,4.145496002384069928e-02,-3.027436123433594251e+00
2.174000000000000000e+03,1.485059135255991691e+02,5.299504074406262255e+00,4.140910566850582869e-02,-3.029039207145391988e+00
2.175000000000000000e+03,1.479308133248288755e+02,5.314249238167685796e+00,4.136327485442729129e-02,-3.032198618656986699e+00
2.176000000000000000e+03,1.473589395298691898e+02,5.328921559978274658e+00,4.131746957563670747e-02,-3.036898027805191358e+00
2.177000000000000000e+03,1.467902228255857437e+02,5.343520541827310844e+00,4.127169181650729157e-02,-3.043122934405706914e+00
2.178000000000000000e+03,1.462245947898119880e+02,5.358023361412481478e+00,4.122594355108517850e-02,-3.050858434388675544e+00
2.179000000000000000e+03,1.456627307456930396e+02,5.372429440126230915e+00,4.118022674264247562e-02,-3.060090699952741744e+00
2.180000000000000000e+03,1.451045641081743724e+02,5.386723299213813654e+00,4.113454334311929944e-02,-3.070804745394641433e+00
2.181000000000000000e+03,1.445492863997664870e+02,5.400896842758057481e+00,4.108889529259905637e-02,-3.082986129823025667e+00
2.182000000000000000e+03,1.439983186056466309e+02,5.414941927288039025e+00,4.104328451888897972e-02,-3.096613374301499633e+00
2.183000000000000000e+03,1.434508541777594530e+02,5.428857788113758076e+00,4.099771293701623409e-02,-3.111664195598319971e+00
2.184000000000000000e+03,1.429075732234593090e+02,5.442628752285380678e+00,4.095218244883117725e-02,-3.128116391408218178e+00
2.185000000000000000e+03,1.423676711782112818e+02,5.456246521680090389e+00,4.090669494254944166e-02,-3.145948576900464921e+00
2.186000000000000000e+03,1.418318301577992884e+02,5.469710171064414261e+00,4.086125229240101381e-02,-3.165138098396202526e+00
2.187000000000000000e+03,1.413007332997136984e+02,5.483003861132602630e+00,4.081585635816668139e-02,-3.185664889637594310e+00
2.188000000000000000e+03,1.407728362688697530e+02,5.496126550023616275e+00,4.077050898485924668e-02,-3.207508196761740482e+00
2.189000000000000000e+03,1.402495671129602783e+02,5.509062278063567852e+00,4.072521200231482563e-02,-3.230645308859433129e+00
2.190000000000000000e+03,1.397308692618953216e+02,5.521817307688100307e+00,4.067996722483831207e-02,-3.255054522632914171e+00
2.191000000000000000e+03,1.392159443718610419e+02,5.534360694839637773e+00,4.063477645079992262e-02,-3.280716621332136373e+00
2.192000000000000000e+03,1.387054808389028153e+02,5.546705999047824243e+00,4.058964146232439674e-02,-3.307608182463110502e+00
2.193000000000000000e+03,1.381994253018659151e+02,5.558829569833488193e+00,4.054456402485118877e-02,-3.335709742162745961e+00
2.194000000000000000e+03,1.376969826499500869e+02,5.570729971796581914e+00,4.049954588685433093e-02,-3.365001331352452052e+00
2.195000000000000000e+03,1.371995873699366371e+02,5.582398269531098300e+00,4.045458877937895686e-02,-3.395460240379105876e+00
2.196000000000000000e+03,1.367071893777937817e+02,5.593825454321443402e+00,4.040969441571788667e-02,-3.427058783645607232e+00
2.197000000000000000e+03,1.362189968600684153e+02,5.605009870869740674e+00,4.036486449096823165e-02,-3.459770978258497998e+00
2.198000000000000000e+03,1.357349619499683229e+02,5.615942359003653017e+00,4.032010068168094541e-02,-3.493559908968266736e+00
2.199000000000000000e+03,1.352557807330907167e+02,5.626621108817294825e+00,4.027540464537958387e-02,-3.528408920385174508e+00
2.200000000000000000e+03,1.347814075828238174e+02,5.637036802443526895e+00,4.023077802019314059e-02,-3.564282982717504211e+00
2.201000000000000000e+03,1.343118002059850085e+02,5.647187321988913489e+00,4.018622242439415237e-02,-3.601162435617525581e+00
2.202000000000000000e+03,1.338469262640299462e+02,5.657062449558318384e+00,4.014173945590161774e-02,-3.639006808905537849e+00
2.203000000000000000e+03,1.333867567615898224e+02,5.666659164344360455e+00,4.009733069184814175e-02,-3.677805844978022431e+00
2.204000000000000000e+03,1.329320066806713783e+02,5.675966931807906235e+00,4.005299768805439115e-02,-3.717527170523760027e+00
2.205000000000000000e+03,1.324819064800001058e+02,5.684982559023729287e+00,4.000874197855581321e-02,-3.758146003215752540e+00
2.206000000000000000e+03,1.320364306043595377e+02,5.693702765011967593e+00,3.996456507506902789e-02,-3.799652573385412513e+00
2.207000000000000000e+03,1.315962974887128212e+02,5.702109322756613530e+00,3.992046846644011632e-02,-3.842014975629120865e+00
2.208000000000000000e+03,1.311607410571139383e+02,5.710198771363432790e+00,3.987645361807987121e-02,-3.885208875601030343e+00
2.209000000000000000e+03,1.307304820666638250e+02,5.717967558155082841e+00,3.983252197141773365e-02,-3.929210075087800735e+00
2.210000000000000000e+03,1.303054996061630391e+02,5.725412037506169227e+00,3.978867494331301408e-02,-3.973994505465485272e+00
2.211000000000000000e+03,1.298850310997096358e+02,5.732528469718509712e+00,3.974491392544549778e-02,-4.019530792836301991e+00
2.212000000000000000e+03,1.294698008152367947e+02,5.739313019937252847e+00,3.970124028370588393e-02,-4.065795108243585254e+00
2.213000000000000000e+03,1.290597913627582614e+02,5.745746900408081004e+00,3.965765535762287575e-02,-4.112748876160059908e+00
2.214000000000000000e+03,1.286549865325597466e+02,5.751848367929095041e+00,3.961416045965848731e-02,-4.160375909799018501e+00
2.215000000000000000e+03,1.282546284631732476e+02,5.757598439391238720e+00,3.957075687468646075e-02,-4.208645262940078347e+00
2.216000000000000000e+03,1.278601889842911845e+02,5.762992889316876699e+00,3.952744585926534077e-02,-4.257518651868849702e+00
2.217000000000000000e+03,1.274709126092276534e+02,5.768034820640450810e+00,3.948422864107868635e-02,-4.306980162375353416e+00
2.218000000000000000e+03,1.270867878774027560e+02,5.772719807183960050e+00,3.944110641824861291e-02,-4.356991673252784025e+00
2.219000000000000000e+03,1.267070616864275081e+02,5.777043321228539696e+00,3.939808035874925451e-02,-4.407529991646649492e+00
2.220000000000000000e+03,1.263332106340616718e+02,5.781008161132095147e+00,3.935515159980428751e-02,-4.458571989944450920e+00
2.221000000000000000e+03,1.259644840096168537e+02,5.784602165592485079e+00,3.931232124724097499e-02,-4.510087171002502338e+00
2.222000000000000000e+03,1.256008751352751034e+02,5.787827926409354617e+00,3.926959037491925542e-02,-4.562037661704486879e+00
2.223000000000000000e+03,1.252431213669417502e+02,5.790687931191827786e+00,3.922696002417655481e-02,-4.614407919897018928e+00
2.224000000000000000e+03,1.248897327546009279e+02,5.793169706113991069e+00,3.918443120321372236e-02,-4.667160157793659891e+00
2.225000000000000000e+03,1.245421918875155285e+02,5.795268100469521677e+00,3.914200488662330363e-02,-4.720278905547779402e+00
2.226000000000000000e+03,1.241990112135890172e+02,5.796992714574136230e+00,3.909968201488640133e-02,-4.773726434583632994e+00
2.227000000000000000e+03,1.238616757186312611e+02,5.798323329264810866e+00,3.905746349381820914e-02,-4.827479892736889155e+00
2.228000000000000000e+03,1.235294430797202807e+02,5.799269332350947437e+00,3.901535019417571443e-02,-4.881516440896397135e+00
2.229000000000000000e+03,1.232015721682533496e+02,5.799825148210762116e+00,3.897334295123982412e-02,-4.935798389595451141e+00
2.230000000000000000e+03,1.228795515524060136e+02,5.799985094238355288e+00,3.893144256439248774e-02,-4.990302905650932708e+00
2.231000000000000000e+03,1.225626424837446109e+02,5.799750808989063700e+00,3.888964979682399403e-02,-5.044999720295122891e+00
2.232000000000000000e+03,1.222508502334390244e+02,5.799123823672899469e+00,3.884796537518443033e-02,-5.099865979001378058e+00
2.233000000000000000e+03,1.219434384176492188e+02,5.798098133696237610e+00,3.880638998934107797e-02,-5.154871377850471781e+00
2.234000000000000000e+03,1.216419003323618711e+02,5.796689912002912060e+00,3.876492429213648089e-02,-5.209985584889330390e+00
2.235000000000000000e+03,1.213447591022300571e+02,5.794885510610286339e+00,3.872356889923753154e-02,-5.265178233081592829e+00
2.236000000000000000e+03,1.210535103540472193e+02,5.792700887446604163e+00,3.868232438896256065e-02,-5.320418913201748978e+00
2.237000000000000000e+03,1.207666795290644473e+02,5.790122179631311816e+00,3.864119130223193921e-02,-5.375692023375629347e+00
2.238000000000000000e+03,1.204850217199125666e+02,5.787165130406000557e+00,3.860017014250707867e-02,-5.430959620118082753e+00
2.239000000000000000e+03,1.202078074864452617e+02,5.783808234157169714e+00,3.855926137580272667e-02,-5.486198552825855224e+00
2.240000000000000000e+03,1.199365370210459645e+02,5.780074448489522787e+00,3.851846543070530648e-02,-5.541393028126808673e+00
2.241000000000000000e+03,1.196689974578212912e+02,5.775942054288343286e+00,3.847778269852426825e-02,-5.596504889141577621e+00
2.242000000000000000e+03,1.194066912114568879e+02,5.771418939531733017e+00,3.843721353339626251e-02,-5.651518178217520116e+00
2.243000000000000000e+03,1.191496361198647662e+02,5.766512886242859182e+00,3.839675825248518859e-02,-5.706394559436689384e+00
2.244000000000000000e+03,1.188971082662558416e+02,5.761209285835335869e+00,3.835641713619909049e-02,-5.761125309662115335e+00
2.245000000000000000e+03,1.186491276354741160e+02,5.755508281302683216e+00,3.831619042849709195e-02,-5.815671884324276064e+00
2.246000000000000000e+03,1.184057152645081601e+02,5.749424767697922434e+00,3.827607833715040986e-02,-5.870025336814839179e+00
2.247000000000000000e+03,1.181668932272989565e+02,5.742958679252623710e+00,3.823608103413500547e-02,-5.924146884289855919e+00
2.248000000000000000e+03,1.179326846188416482e+02,5.736102418286955107e+00,3.819619865601599218e-02,-5.978012470400626555e+00
2.249000000000000000e+03,1.177031135386067433e+02,5.728863140859129288e+00,3.815643130434724639e-02,-6.031612757958342286e+00
2.250000000000000000e+03,1.174782050733099794e+02,5.721240472351350803e+00,3.811677904613555712e-02,-6.084908551544246258e+00
2.251000000000000000e+03,1.172579870130274600e+02,5.713241211751163284e+00,3.807724191432512728e-02,-6.137882557423245622e+00
2.252000000000000000e+03,1.170417521996300962e+02,5.704856588031772979e+00,3.803781990829290666e-02,-6.190508969058490685e+00
2.253000000000000000e+03,1.168295389759575755e+02,5.696092433577991443e+00,3.799851299438480184e-02,-6.242761582313577584e+00
2.254000000000000000e+03,1.166221294323629678e+02,5.686954481359213887e+00,3.795932110646690200e-02,-6.294628876483894686e+00
2.255000000000000000e+03,1.164180780466552818e+02,5.677426080692963062e+00,3.792024414648857006e-02,-6.346076865676417711e+00
2.256000000000000000e+03,1.162189115088930436e+02,5.667520196543959443e+00,3.788128198502937333e-02,-6.397093662163839234e+00
2.257000000000000000e+03,1.160239288554480765e+02,5.657234840302124645e+00,3.784243446194813371e-02,-6.447644899669741747e+00
2.258000000000000000e+03,1.158331727880098896e+02,5.646567927394179343e+00,3.780370138691329512e-02,-6.497718297002891497e+00
2.259000000000000000e+03,1.156459439821517208e+02,5.635524706575615106e+00,3.776508254004073972e-02,-6.547286509996753878e+00
2.260000000000000000e+03,1.154630295707795256e+02,5.624110332552251457e+00,3.772657767246410249e-02,-6.596329410420395334e+00
2.261000000000000000e+03,1.152844746172349772e+02,5.612322438631109911e+00,3.768818650691328764e-02,-6.644826651668594764e+00
2.262000000000000000e+03,1.151095820933236951e+02,5.600180851151132622e+00,3.764990873836120133e-02,-6.692765091342998574e+00
2.263000000000000000e+03,1.149376556922635757e+02,5.587690448789821573e+00,3.761174403453099169e-02,-6.740116500632198360e+00
2.264000000000000000e+03,1.147702283116229296e+02,5.574841163648502906e+00,3.757369203648549399e-02,-6.786859844002298026e+00
2.265000000000000000e+03,1.146066050210154117e+02,5.561652552465994326e+00,3.753575235917573638e-02,-6.832973845703262938e+00
2.266000000000000000e+03,1.144468343800684949e+02,5.548114370955173236e+00,3.749792459196805289e-02,-6.878481554950909960e+00
2.267000000000000000e+03,1.142902227463044511e+02,5.534246001769415280e+00,3.746020829916076045e-02,-6.923272060831399344e+00
2.268000000000000000e+03,1.141368199232203864e+02,5.520037028890476982e+00,3.742260302047880488e-02,-6.967397621856853185e+00
2.269000000000000000e+03,1.139874191384521822e+02,5.505499237295165216e+00,3.738510827152545513e-02,-7.010798812790852708e+00
2.270000000000000000e+03,1.138413285170280886e+02,5.490636900793855801e+00,3.734772354424687607e-02,-7.053564512933972352e+00
2.271000000000000000e+03,1.136985995649666705e+02,5.475439354944101389e+00,3.731044830730724515e-02,-7.095560484882008190e+00
2.272000000000000000e+03,1.135592843129933414e+02,5.459918140089604854e+00,3.727328200652735291e-02,-7.136800788553783192e+00
2.273000000000000000e+03,1.134234352955233334e+02,5.444084717620890856e+00,3.723622406524854794e-02,-7.177299210945566443e+00
2.274000000000000000e+03,1.132903626948794340e+02,5.427928186259405763e+00,3.719927388461220091e-02,-7.216994979630486640e+00
2.275000000000000000e+03,1.131601199908596840e+02,5.411474710217368589e+00,3.716243084394019874e-02,-7.255901327005175538e+00
2.276000000000000000e+03,1.130335039405411663e+02,5.394720665426389061e+00,3.712569430096822332e-02,-7.294031204264790347e+00
2.277000000000000000e+03,1.129090832182781838e+02,5.377662354341897988e+00,3.708906359212441051e-02,-7.331322995608966053e+00
2.278000000000000000e+03,1.127876554062487742e+02,5.360325720770064528e+00,3.705253803278410474e-02,-7.367789083180099396e+00
2.279000000000000000e+03,1.126692756350496012e+02,5.342699496163768380e+00,3.701611691743664223e-02,-7.403441561711945340e+00
2.280000000000000000e+03,1.125539993997120121e+02,5.324794627894814170e+00,3.697979951989009695e-02,-7.438217953388106984e+00
2.281000000000000000e+03,1.124411397059572835e+02,5.306607138994764661e+00,3.694358509344746605e-02,-7.472055489906444414e+00
2.282000000000000000e+03,1.123307527218061210e+02,5.288155271419955561e+00,3.690747287104132607e-02,-7.505039678237281464e+00
2.283000000000000000e+03,1.122221520893550775e+02,5.269434917485160241e+00,3.687146206538979148e-02,-7.537181449050004645e+00
2.284000000000000000e+03,1.121168802469527037e+02,5.250449334821056802e+00,3.683555186907022660e-02,-7.568342872314187453e+00
2.285000000000000000e+03,1.120135085663333427e+02,5.231201719601329181e+00,3.679974145466684970e-02,-7.598608574074125599e+00
2.286000000000000000e+03,1.119128371803103477e+02,5.211702636491079232e+00,3.676402997484368163e-02,-7.627914318344100941e+00
2.287000000000000000e+03,1.118141807903570850e+02,5.191962591915095793e+00,3.672841656247961828e-02,-7.656344140659796516e+00
2.288000000000000000e+03,1.117175971545484430e+02,5.171969750645883046e+00,3.669290033069850382e-02,-7.683758930227968520e+00
2.289000000000000000e+03,1.116231442355368557e+02,5.151756792614356151e+00,3.665748037300554235e-02,-7.710242130711499442e+00
2.290000000000000000e+03,1.115308801836583683e+02,5.131311774384787583e+00,3.662215576337132794e-02,-7.735728322582080096e+00
2.291000000000000000e+03,1.114401204850897074e+02,5.110652414354257544e+00,3.658692555631982285e-02,-7.760300357077484890e+00
2.292000000000000000e+03,1.113516664501502760e+02,5.089781524366649101e+00,3.655178878704665874e-02,-7.783892222208488754e+00
2.293000000000000000e+03,1.112648338564438433e+02,5.068716724847192268e+00,3.651674447157526870e-02,-7.806437609837992397e+00
2.294000000000000000e+03,1.111796814371586777e+02,5.047453304802383300e+00,3.648179160684800193e-02,-7.828092766308088812e+00
2.295000000000000000e+03,1.110962680292211218e+02,5.025993936989022970e+00,3.644692917091704037e-02,-7.848642224573448622e+00
2.296000000000000000e+03,1.110139097213720447e+02,5.004356108048884089e+00,3.641215612312665578e-02,-7.868241639403021459e+00
2.297000000000000000e+03,1.109334083422382093e+02,4.982534978557542793e+00,3.637747140430035164e-02,-7.886823519549846395e+00
2.298000000000000000e+03,1.108540801030951144e+02,4.960540526590635046e+00,3.634287393698325264e-02,-7.904468645457334297e+00
2.299000000000000000e+03,1.107767269206711518e+02,4.938375264502269602e+00,3.630836262572746664e-02,-7.921034651936207815e+00
2.300000000000000000e+03,1.106999222245437977e+02,4.916049097468093265e+00,3.627393635735259164e-02,-7.936527445854747675e+00
2.301000000000000000e+03,1.106244680815690060e+02,4.893557011102425136e+00,3.623959400126267744e-02,-7.951100744920644559e+00
2.302000000000000000e+03,1.105504242337617313e+02,4.870923555864794530e+00,3.620533440988524948e-02,-7.964534709166234627e+00
2.303000000000000000e+03,1.104763648492355230e+02,4.848136081346550164e+00,3.617115641896483796e-02,-7.977054443719745258e+00
2.304000000000000000e+03,1.104045782170131673e+02,4.825211622497080910e+00,3.613705884808285362e-02,-7.988439058233388401e+00
2.305000000000000000e+03,1.103328955430858684e+02,4.802159759768142244e+00,3.610304050105477003e-02,-7.998838785459501999e+00
2.306000000000000000e+03,1.102621192817260720e+02,4.778975192666564453e+00,3.606910016651297679e-02,-8.008180713247991633e+00
2.307000000000000000e+03,1.101923089411500030e+02,4.755674883415034415e+00,3.603523661839945491e-02,-8.016465918543270064e+00
2.308000000000000000e+03,1.101227810640297804e+02,4.732260917115548082e+00,3.600144861659931861e-02,-8.023695183840787948e+00
2.309000000000000000e+03,1.100535948777838229e+02,4.708735360368878631e+00,3.596773490750991564e-02,-8.029868997121800689e+00
2.310000000000000000e+03,1.099855522745523047e+02,4.685115119896865465e+00,3.593409422475142556e-02,-8.035061835271186226e+00
2.311000000000000000e+03,1.099179692858430428e+02,4.661394802714802665e+00,3.590052528981803326e-02,-8.039199313472209951e+00
2.312000000000000000e+03,1.098501617320629009e+02,4.637591288157011604e+00,3.586702681286167704e-02,-8.042206752107768253e+00
2.313000000000000000e+03,1.097829308718266219e+02,4.613699159698813723e+00,3.583359749340054440e-02,-8.044232027166771104e+00
2.314000000000000000e+03,1.097163348759397792e+02,4.589742705329734385e+00,3.580023602114063702e-02,-8.045274152642623022e+00
2.315000000000000000e+03,1.096496888062802526e+02,4.565709064319576349e+00,3.576694107678615037e-02,-8.045183280466856601e+00
2.316000000000000000e+03,1.095830502645808764e+02,4.541615084284592818e+00,3.573371133288141821e-02,-8.044106401491669445e+00
2.317000000000000000e+03,1.095164765360188710e+02,4.517470181344525493e+00,3.570054545467075957e-02,-8.041967360986269853e+00
2.318000000000000000e+03,1.094500245677456007e+02,4.493268913673792220e+00,3.566744210100929180e-02,-8.038763992719733409e+00
2.319000000000000000e+03,1.093830081123423099e+02,4.469020696795930725e+00,3.563439992524135291e-02,-8.034568119106468842e+00
2.320000000000000000e+03,1.093162262113652332e+02,4.444734948767322003e+00,3.560141757614024294e-02,-8.029376984433264752e+00
2.321000000000000000e+03,1.092489918337446966e+02,4.420413663700842655e+00,3.556849369881289608e-02,-8.023113255192065196e+00
2.322000000000000000e+03,1.091813603594306841e+02,4.396073698679078490e+00,3.553562693562108132e-02,-8.015847871035628458e+00
2.323000000000000000e+03,1.091141295580774226e+02,4.371709633852979948e+00,3.550281592712822842e-02,-8.007577194848131796e+00
2.324000000000000000e+03,1.090458682277862152e+02,4.347338344379681807e+00,3.547005931306683457e-02,-7.998297296970190651e+00
2.325000000000000000e+03,1.089773731843015980e+02,4.322961860493107267e+00,3.543735573319601456e-02,-7.988078239582815598e+00
2.326000000000000000e+03,1.089079550651803459e+02,4.298597082711201445e+00,3.540470382827452800e-02,-7.976841227254148237e+00
2.327000000000000000e+03,1.088384096494793880e+02,4.274238641874549494e+00,3.537210224094907568e-02,-7.964581458687696625e+00
2.328000000000000000e+03,1.087680464975813805e+02,4.249910899370748396e+00,3.533954961662483241e-02,-7.951442411665054166e+00
2.329000000000000000e+03,1.086976602716026150e+02,4.225601093736608860e+00,3.530704460438897213e-02,-7.937344427185315077e+00
2.330000000000000000e+03,1.086258165410012282e+02,4.201333625896422674e+00,3.527458585779320172e-02,-7.922281845350223506e+00
2.331000000000000000e+03,1.085533087739266023e+02,4.177095777375564367e+00,3.524217203574837864e-02,-7.906323007472919606e+00
2.332000000000000000e+03,1.084801869788262394e+02,4.152904567148855364e+00,3.520980180323954323e-02,-7.889387407922168194e+00
2.333000000000000000e+03,1.084065005217211990e+02,4.128754754864026211e+00,3.517747383216889706e-02,-7.871542830735538843e+00
2.334000000000000000e+03,1.083315552740124446e+02,4.104663412597293615e+00,3.514518680203419787e-02,-7.852782501972972895e+00
2.335000000000000000e+03,1.082553992659746740e+02,4.080632784734392615e+00,3.511293940064879465e-02,-7.833099376344400788e+00
2.336000000000000000e+03,1.081780798358186360e+02,4.056657717930994167e+00,3.508073032477511399e-02,-7.812560424105051027e+00
2.337000000000000000e+03,1.081003864494739446e+02,4.032762804451579974e+00,3.504855828076495344e-02,-7.791158067713804591e+00
2.338000000000000000e+03,1.080208793459409975e+02,4.008935528582013852e+00,3.501642198511773635e-02,-7.768810185768176169e+00
2.339000000000000000e+03,1.079403465336078796e+02,3.985193123323496067e+00,3.498432016504034875e-02,-7.745657251220205985e+00
2.340000000000000000e+03,1.078588324370488465e+02,3.961545430159761239e+00,3.495225155890921420e-02,-7.721690918338739884e+00
2.341000000000000000e+03,1.077756378846680718e+02,3.937987472201746275e+00,3.492021491672649136e-02,-7.696828310951739915e+00
2.342000000000000000e+03,1.076915486021728867e+02,3.914529169059903335e+00,3.488820900053182794e-02,-7.671134877953114994e+00
2.343000000000000000e+03,1.076058638616324998e+02,3.891180481591314244e+00,3.485623258475060993e-02,-7.644675831549556655e+00
2.344000000000000000e+03,1.075186249764743422e+02,3.867936556622964428e+00,3.482428445655493671e-02,-7.617441869253620546e+00
2.345000000000000000e+03,1.074298724571408457e+02,3.844814870103058002e+00,3.479236341607182953e-02,-7.589349179612697505e+00
2.346000000000000000e+03,1.073403888375517568e+02,3.821803230025380138e+00,3.476046827668262396e-02,-7.560536582169863351e+00
2.347000000000000000e+03,1.072487273271874670e+02,3.798919204583668385e+00,3.472859786518923964e-02,-7.530919832608077513e+00
2.348000000000000000e+03,1.071556688141560016e+02,3.776158125048405534e+00,3.469675102197850025e-02,-7.500563046615827290e+00
2.349000000000000000e+03,1.070605076837027951e+02,3.753530228822839376e+00,3.466492660114966345e-02,-7.469455855910894115e+00
2.350000000000000000e+03,1.069640231526435770e+02,3.731045804023525481e+00,3.463312347062180024e-02,-7.437661981937515598e+00
2.351000000000000000e+03,1.068662498464306054e+02,3.708700418709165891e+00,3.460134051217060580e-02,-7.405096139687184831e+00
2.352000000000000000e+03,1.067664750562081508e+02,3.686497461180880286e+00,3.456957662150113991e-02,-7.371894704649394114e+00
2.353000000000000000e+03,1.066647271437527849e+02,3.664455315526801815e+00,3.453783070820427153e-02,-7.337970776380903892e+00
2.354000000000000000e+03,1.065610336161963829e+02,3.642570136385388402e+00,3.450610169577859182e-02,-7.303460139174911880e+00
2.355000000000000000e+03,1.064561639584929509e+02,3.620845563509377030e+00,3.447438852160869538e-02,-7.268201284753492253e+00
2.356000000000000000e+03,1.063486582912902776e+02,3.599300151255432567e+00,3.444269013690129388e-02,-7.232329687539222896e+00
2.357000000000000000e+03,1.062400272145711284e+02,3.577922799598404868e+00,3.441100550662219010e-02,-7.195906394414444129e+00
2.358000000000000000e+03,1.061288091263785560e+02,3.556732182025410527e+00,3.437933360944046834e-02,-7.158843748489103653e+00
2.359000000000000000e+03,1.060165129023640844e+02,3.535717319802150094e+00,3.434767343764648373e-02,-7.121202530358691440e+00
2.360000000000000000e+03,1.059016752153218448e+02,3.514889581469070379e+00,3.431602399710392826e-02,-7.082894831298328420e+00
2.361000000000000000e+03,1.057850603804467937e+02,3.494245542110546499e+00,3.428438430715937540e-02,-7.044129761417864621e+00
2.362000000000000000e+03,1.056659461806059710e+02,3.473804126102331580e+00,3.425275340054157597e-02,-7.004744905195390281e+00
2.363000000000000000e+03,1.055450952071117001e+02,3.453554609631496852e+00,3.422113032336582261e-02,-6.964874879952749787e+00
2.364000000000000000e+03,1.054217835205368203e+02,3.433501191745016889e+00,3.418951413503223263e-02,-6.924431358169639950e+00
2.365000000000000000e+03,1.052967719919384280e+02,3.413655566921545148e+00,3.415790390821010769e-02,-6.883548775192205760e+00
2.366000000000000000e+03,1.051700777990832734e+02,3.394022069267583763e+00,3.412629872885059035e-02,-6.842138634757415794e+00
2.367000000000000000e+03,1.050402315928691337e+02,3.374590245038312286e+00,3.409469769611181422e-02,-6.800260932876562414e+00
2.368000000000000000e+03,1.049087345090392773e+02,3.355379423583908061e+00,3.406309992243527346e-02,-6.757901313517341357e+00
2.369000000000000000e+03,1.047756011596896997e+02,3.336386719716130322e+00,3.403150453358152333e-02,-6.715193925108203565e+00
2.370000000000000000e+03,1.046393596349942356e+02,3.317616747900624663e+00,3.399991066867964068e-02,-6.671975725317864203e+00
2.371000000000000000e+03,1.045015085151292453e+02,3.299074194670383875e+00,3.396831748034714188e-02,-6.628380754659541019e+00
2.372000000000000000e+03,1.043613170269031798e+02,3.280756391011200090e+00,3.393672413477348548e-02,-6.584394440843860608e+00
2.373000000000000000e+03,1.042195392207024298e+02,3.262668169769121107e+00,3.390512981192746883e-02,-6.540076454434016640e+00
2.374000000000000000e+03,1.040746997971915278e+02,3.244821866328335247e+00,3.387353370564850918e-02,-6.495412146765596084e+00
2.375000000000000000e+03,1.039282939543093391e+02,3.227200177507807854e+00,3.384193502393210290e-02,-6.450386838151282554e+00
2.376000000000000000e+03,1.037795875439063025e+02,3.209823017331077999e+00,3.381033298915091245e-02,-6.405060105864250453e+00
2.377000000000000000e+03,1.036278455786202954e+02,3.192688090810787305e+00,3.377872683826198263e-02,-6.359417221396663322e+00
2.378000000000000000e+03,1.034745607387429231e+02,3.175793179554157852e+00,3.374711582314686431e-02,-6.313488008115262673e+00
2.379000000000000000e+03,1.033189963638554474e+02,3.159143570635706055e+00,3.371549921094233598e-02,-6.267302275007045509e+00
2.380000000000000000e+03,1.031619006297417656e+02,3.142744628736573897e+00,3.368387628431981917e-02,-6.220874963630690146e+00
2.381000000000000000e+03,1.030017923750643973e+02,3.126586939899950401e+00,3.365224634191840702e-02,-6.174213579934735741e+00
2.382000000000000000e+03,1.028394181133411251e+02,3.110683453704218948e+00,3.362060869867235235e-02,-6.127333054254303413e+00
2.383000000000000000e+03,1.026747806947139452e+02,3.095032341898809936e+00,3.358896268623565856e-02,-6.080255744450201227e+00
2.384000000000000000e+03,1.025078821429034690e+02,3.079639283806788086e+00,3.355730765342788968e-02,-6.032989153855499609e+00
2.385000000000000000e+03,1.023394664922444832e+02,3.064495181590198403e+00,3.352564296664053284e-02,-5.985555647548984837e+00
2.386000000000000000e+03,1.021680484497006347e+02,3.049605873930879341e+00,3.349396801028656223e-02,-5.937970170070147269e+00
2.387000000000000000e+03,1.019943704072574633e+02,3.034977279573052300e+00,3.346228218727993059e-02,-5.890262533147771151e+00
2.388000000000000000e+03,1.018191739392453741e+02,3.020607969179113894e+00,3.343058491945963967e-02,-5.842447704908776629e+00
2.389000000000000000e+03,1.016417141348688489e+02,3.006504022198674964e+00,3.339887564809188025e-02,-5.794540669140972433e+00
2.390000000000000000e+03,1.014612452710462946e+02,2.992656741948684029e+00,3.336715383429604553e-02,-5.746556427828525493e+00
2.391000000000000000e+03,1.012792493205131166e+02,2.979072369107294005e+00,3.333541895952275153e-02,-5.698524860382308432e+00
2.392000000000000000e+03,1.010957217799927861e+02,2.965757225068114344e+00,3.330367052600283206e-02,-5.650461012784332659e+00
2.393000000000000000e+03,1.009091716737900555e+02,2.952702855256232883e+00,3.327190805717666205e-02,-5.602372528519920181e+00
2.394000000000000000e+03,1.007210785678595641e+02,2.939915742507470675e+00,3.324013109810487060e-02,-5.554274507917503989e+00
2.395000000000000000e+03,1.005306927289032757e+02,2.927395021957583054e+00,3.320833921591872379e-02,-5.506189510865326042e+00
2.396000000000000000e+03,1.003387493041491183e+02,2.915132480944157223e+00,3.317653200015377446e-02,-5.458132702924555879e+00
2.397000000000000000e+03,1.001444969863114096e+02,2.903142272271463931e+00,3.314470906312992626e-02,-5.410111858258329853e+00
2.398000000000000000e+03,9.994792652415782186e+01,2.891416343935091948e+00,3.311287004030081388e-02,-5.362149647744407055e+00
2.399000000000000000e+03,9.974977072845550197e+01,2.879954152311691384e+00,3.308101459053441190e-02,-5.314253928785118930e+00
2.400000000000000000e+03,9.954927597331699474e+01,2.868755233560437823e+00,3.304914239637302825e-02,-5.266447462083037934e+00
2.401000000000000000e+03,9.934642965219005362e+01,2.857819306860138298e+00,3.301725316430779988e-02,-5.218745725693897164e+00
2.402000000000000000e+03,9.914269985230758664e+01,2.847146584654427048e+00,3.298534662493787795e-02,-5.171157205422678871e+00
2.403000000000000000e+03,9.893583868545701421e+01,2.836737461729263554e+00,3.295342253317182918e-02,-5.123712825505902124e+00
2.404000000000000000e+03,9.872805453773378304e+01,2.826592411299770458e+00,3.292148066829739955e-02,-5.076413858750490782e+00
2.405000000000000000e+03,9.851784089328579341e+01,2.816719412935178912e+00,3.288952083409621419e-02,-5.029283929339152692e+00
2.406000000000000000e+03,9.830591902407805094e+01,2.807104238699233978e+00,3.285754285888108778e-02,-4.982331875646483610e+00
2.407000000000000000e+03,9.809226665990379956e+01,2.797755022760645804e+00,3.282554659544573150e-02,-4.935581468422480356e+00
2.408000000000000000e+03,9.787611799904011889e+01,2.788665119119062119e+00,3.279353192107721526e-02,-4.889034274037414640e+00
2.409000000000000000e+03,9.765893505954329612e+01,2.779835386102460948e+00,3.276149873740868967e-02,-4.842706801439288000e+00
2.410000000000000000e+03,9.743920784580042493e+01,2.771274185783934474e+00,3.272944697030250732e-02,-4.796623079214111129e+00
2.411000000000000000e+03,9.721839704097615709e+01,2.762967669968744211e+00,3.269737656966244244e-02,-4.750784947791368396e+00
2.412000000000000000e+03,9.699499133956503272e+01,2.754916921305839761e+00,3.266528750921204177e-02,-4.705209206987284176e+00
2.413000000000000000e+03,9.677045014083184071e+01,2.747130524271130803e+00,3.263317978624399179e-02,-4.659912765269165646e+00
2.414000000000000000e+03,9.654400371734494968e+01,2.739594851074333537e+00,3.260105342129871603e-02,-4.614905217527807579e+00
2.415000000000000000e+03,9.631562456922951299e+01,2.732318631043675339e+00,3.256890845780537058e-02,-4.570203708041848500e+00
2.416000000000000000e+03,9.608602743873987606e+01,2.725295808134176045e+00,3.253674496175531367e-02,-4.525818080163088730e+00
2.417000000000000000e+03,9.585444082014859646e+01,2.718527825215474980e+00,3.250456302123427843e-02,-4.481765739504290913e+00
2.418000000000000000e+03,9.562157831517195916e+01,2.712008766586767816e+00,3.247236274604346773e-02,-4.438064232155226385e+00
2.419000000000000000e+03,9.538666730852521880e+01,2.705747642222611216e+00,3.244014426715156885e-02,-4.394716394603519483e+00
2.420000000000000000e+03,9.515116315899898325e+01,2.699723816846808511e+00,3.240790773626667232e-02,-4.351740073786929841e+00
2.421000000000000000e+03,9.491354937049725038e+01,2.693953864241595220e+00,3.237565332526876061e-02,-4.309138420347021992e+00
2.422000000000000000e+03,9.467453745365112638e+01,2.688424711234563169e+00,3.234338122572317370e-02,-4.266937037011113709e+00
2.423000000000000000e+03,9.443483843737148220e+01,2.683138206922682123e+00,3.231109164826695412e-02,-4.225131986719221189e+00
2.424000000000000000e+03,9.419293438055392187e+01,2.678088836728017341e+00,3.227878482210375100e-02,-4.183741797573893528e+00
2.425000000000000000e+03,9.395027823414865509e+01,2.673286006539904225e+00,3.224646099436784263e-02,-4.142777755827591335e+00
2.426000000000000000e+03,9.370609401295811836e+01,2.668709471690338120e+00,3.221412042958925886e-02,-4.102243912132697901e+00
2.427000000000000000e+03,9.346034815275115193e+01,2.664368762819194103e+00,3.218176340907130673e-02,-4.062151944324531527e+00
2.428000000000000000e+03,9.321374952728270102e+01,2.660258614822719636e+00,3.214939023034162069e-02,-4.022513734958133469e+00
2.429000000000000000e+03,9.296626379523439709e+01,2.656381250941732830e+00,3.211700120653834811e-02,-3.983341376971715420e+00
2.430000000000000000e+03,9.271711341714234322e+01,2.652724096736140957e+00,3.208459666586568199e-02,-3.944632322399534097e+00
2.431000000000000000e+03,9.246700617730587624e+01,2.649289492499517173e+00,3.205217695100710806e-02,-3.906413957610842758e+00
2.432000000000000000e+03,9.221590669542170815e+01,2.646079835560791960e+00,3.201974241859276843e-02,-3.868684181345168227e+00
2.433000000000000000e+03,9.196377927816581632e+01,2.643082722574841892e+00,3.198729343865506364e-02,-3.831455979328007633e+00
2.434000000000000000e+03,9.171133077059793948e+01,2.640300661903678403e+00,3.195483039413443693e-02,-3.794735143390440602e+00
2.435000000000000000e+03,9.145703923223949516e+01,2.637736215885442270e+00,3.192235368034206100e-02,-3.758527703626570293e+00
2.436000000000000000e+03,9.120235379820582011e+01,2.635377143092673791e+00,3.188986370451007274e-02,-3.722847360171194886e+00
2.437000000000000000e+03,9.094649484974920028e+01,2.633218682331183391e+00,3.185736088537791111e-02,-3.687700629532139285e+00
2.438000000000000000e+03,9.069016820484806374e+01,2.631270979927822662e+00,3.182484565271259669e-02,-3.653086847216536093e+00
2.439000000000000000e+03,9.043259379330619652e+01,2.629514518555635672e+00,3.179231844696746995e-02,-3.619020454991634050e+00
2.440000000000000000e+03,9.017447701177749764e+01,2.627959542951677996e+00,3.175977971889072660e-02,-3.585508717621036290e+00
2.441000000000000000e+03,8.991578023333667602e+01,2.626594060369942252e+00,3.172722992921614416e-02,-3.552559152574769286e+00
2.442000000000000000e+03,8.965646565686731151e+01,2.625420981226038730e+00,3.169466954831266087e-02,-3.520172102610465981e+00
2.443000000000000000e+03,8.939575248611930647e+01,2.624428404577952012e+00,3.166209905598155183e-02,-3.488355592978388042e+00
2.444000000000000000e+03,8.913508828361261749e+01,2.623619330397072957e+00,3.162951894115111073e-02,-3.457117903153436700e+00
2.445000000000000000e+03,8.887443480904561000e+01,2.622996801725484772e+00,3.159692970170740328e-02,-3.426467566502331419e+00
2.446000000000000000e+03,8.861226803256600704e+01,2.622541618470612512e+00,3.156433184428433097e-02,-3.396398512845581585e+00
2.447000000000000000e+03,8.835077799296701073e+01,2.622264334689517362e+00,3.153172588415074917e-02,-3.366934637429768618e+00
2.448000000000000000e+03,8.808844046022328200e+01,2.622153258956703592e+00,3.149911234502494189e-02,-3.338062944269986065e+00
2.449000000000000000e+03,8.782521679323306785e+01,2.622204166571165285e+00,3.146649175902555690e-02,-3.309800399439171148e+00
2.450000000000000000e+03,8.756255395218580873e+01,2.622420298348815404e+00,3.143386466656499650e-02,-3.282141930416645703e+00
2.451000000000000000e+03,8.729892745726056091e+01,2.622790107001446991e+00,3.140123161632907278e-02,-3.255097835902188486e+00
2.452000000000000000e+03,8.703578395083701480e+01,2.623309638905680252e+00,3.136859316519099994e-02,-3.228664881342126591e+00
2.453000000000000000e+03,8.677159865921599646e+01,2.623982434898866511e+00,3.133594987825996658e-02,-3.202862625889242754e+00
2.454000000000000000e+03,8.650781812795158032e+01,2.624804639662691397e+00,3.130330232880905450e-02,-3.177696006780592164e+00
2.455000000000000000e+03,8.624366038838495285e+01,2.625765000443784469e+00,3.127065109835858170e-02,-3.153155335841852480e+00
2.456000000000000000e+03,8.597982914442216895e+01,2.626859722460290758e+00,3.123799677664820112e-02,-3.129253437573538577e+00
2.457000000000000000e+03,8.571628527908177375e+01,2.628092467593207804e+00,3.120533996168399146e-02,-3.105988503598474004e+00
2.458000000000000000e+03,8.545224686611312848e+01,2.629452068012437582e+00,3.117268125978222074e-02,-3.083373802159127486e+00
2.459000000000000000e+03,8.518767485168665132e+01,2.630942238240259190e+00,3.114002128556137353e-02,-3.061407960744708667e+00
2.460000000000000000e+03,8.492401590110550558e+01,2.632551860398548271e+00,3.110736066204661948e-02,-3.040089818786396059e+00
2.461000000000000000e+03,8.466048823543751212e+01,2.634284696244360457e+00,3.107470002061936062e-02,-3.019425852003051247e+00
2.462000000000000000e+03,8.439631014844056267e+01,2.636129672389986300e+00,3.104204000110178871e-02,-2.999422740081670646e+00
2.463000000000000000e+03,8.413367135862667112e+01,2.638083163961993272e+00,3.100938125172646859e-02,-2.980072506076135497e+00
2.464000000000000000e+03,8.387030467110957943e+01,2.640148993197187544e+00,3.097672442916133209e-02,-2.961382226008815177e+00
2.465000000000000000e+03,8.360765717512765605e+01,2.642316142976289139e+00,3.094407019846450585e-02,-2.943351740152936102e+00
2.466000000000000000e+03,8.334494757625697048e+01,2.644581040448247933e+00,3.091141923308520292e-02,-2.925981077878710312e+00
2.467000000000000000e+03,8.308288038412706555e+01,2.646940127243739393e+00,3.087877221473852782e-02,-2.909270454339874856e+00
2.468000000000000000e+03,8.282141742012368013e+01,2.649397286380017480e+00,3.084612983342387496e-02,-2.893220267377393018e+00
2.469000000000000000e+03,8.256052066538582324e+01,2.651934127406774255e+00,3.081349278723312379e-02,-2.877831094663942491e+00
2.470000000000000000e+03,8.229940943895061878e+01,2.654561983397810465e+00,3.078086178228948977e-02,-2.863103691111002824e+00
2.471000000000000000e+03,8.203953175122198616e+01,2.657262482683484528e+00,3.074823753251482161e-02,-2.849031558207043791e+00
2.472000000000000000e+03,8.178010730738594702e+01,2.660039545832466157e+00,3.071562075952728038e-02,-2.835615798703686519e+00
2.473000000000000000e+03,8.152109886126729066e+01,2.662889670777905060e+00,3.068301219235984589e-02,-2.822857686561507151e+00
2.474000000000000000e+03,8.126246939424359539e+01,2.665801931342957509e+00,3.065041256725520649e-02,-2.810751237215985743e+00
2.475000000000000000e+03,8.100492496438080536e+01,2.668780260817041228e+00,3.061782262735616988e-02,-2.799305491571073112e+00
2.476000000000000000e+03,8.074768621562476767e+01,2.671821165431978340e+00,3.058524312241710230e-02,-2.788507373520861421e+00
2.477000000000000000e+03,8.049145973230632478e+01,2.674913722891882006e+00,3.055267480846377351e-02,-2.778351402953124882e+00
2.478000000000000000e+03,8.023620954859002552e+01,2.678054437608121674e+00,3.052011844742666402e-02,-2.768839695677931978e+00
2.479000000000000000e+03,7.998189999811712880e+01,2.681247239239967772e+00,3.048757480672989115e-02,-2.759959678624630097e+00
2.480000000000000000e+03,7.972775289366754237e+01,2.684481196192286756e+00,3.045504465886635787e-02,-2.751721232149193508e+00
2.481000000000000000e+03,7.947521888198761530e+01,2.687760227574383709e+00,3.042252878095279625e-02,-2.744097264083003918e+00
2.482000000000000000e+03,7.922352044837785456e+01,2.691073388367948294e+00,3.039002795421574463e-02,-2.737105422713772107e+00
2.483000000000000000e+03,7.897262327150880878e+01,2.694424581409553099e+00,3.035754296352745352e-02,-2.730733814668289128e+00
2.484000000000000000e+03,7.872249340305550902e+01,2.697802842585466543e+00,3.032507459683058196e-02,-2.724970719932446439e+00
2.485000000000000000e+03,7.847384011729062081e+01,2.701204624493859452e+00,3.029262364465334922e-02,-2.719819450378167414e+00
2.486000000000000000e+03,7.822663025547439020e+01,2.704633795073671187e+00,3.026019089944087526e-02,-2.715268638367361653e+00
2.487000000000000000e+03,7.798008824012931939e+01,2.708071922850959101e+00,3.022777715506981544e-02,-2.711314523954971634e+00
2.488000000000000000e+03,7.773492459418677925e+01,2.711530274058214562e+00,3.019538320618473520e-02,-2.707960957154701642e+00
2.489000000000000000e+03,7.749036461471719406e+01,2.714997812871418503e+00,3.016300984762898887e-02,-2.705189686882005340e+00
2.490000000000000000e+03,7.724711972658181480e+01,2.718463485172238681e+00,3.013065787378290186e-02,-2.702997505090149577e+00
2.491000000000000000e+03,7.700590182561776942e+01,2.721938502333804522e+00,3.009832807799538504e-02,-2.701381392456993158e+00
2.492000000000000000e+03,7.676519478644550531e+01,2.725411769879025226e+00,3.006602125191218736e-02,-2.700331092384779197e+00
2.493000000000000000e+03,7.652571148511293586e+01,2.728879599666961031e+00,3.003373818486430522e-02,-2.699843969973228397e+00
2.494000000000000000e+03,7.628779388857975619e+01,2.732345708704583487e+00,3.000147966328219062e-02,-2.699902729123108358e+00
2.495000000000000000e+03,7.605111593232467726e+01,2.735791504584698330e+00,2.996924647004793260e-02,-2.700505127932817384e+00
2.496000000000000000e+03,7.581587206751763119e+01,2.739228082804258335e+00,2.993703938387689417e-02,-2.701649123794084062e+00
2.497000000000000000e+03,7.558196015311150973e+01,2.742644227207214236e+00,2.990485917876797503e-02,-2.703318018248727750e+00
2.498000000000000000e+03,7.534950145044022918e+01,2.746043550658839205e+00,2.987270662340078820e-02,-2.705510171669255559e+00
2.499000000000000000e+03,7.511839493172311677e+01,2.749407352246110214e+00,2.984058248057407450e-02,-2.708216719172650944e+00
2.500000000000000000e+03,7.488876299001765346e+01,2.752746614709697504e+00,2.980848750669059036e-02,-2.711428999584630795e+00
2.501000000000000000e+03,7.466058056401898568e+01,2.756049954782720413e+00,2.977642245121804587e-02,-2.715138711823357198e+00
2.502000000000000000e+03,7.443389959821196555e+01,2.759313184973883448e+00,2.974438805619838630e-02,-2.719338383175624596e+00
2.503000000000000000e+03,7.420869888105644918e+01,2.762532034937406955e+00,2.971238505578749703e-02,-2.724028328555725409e+00
2.504000000000000000e+03,7.398503208449847079e+01,2.765709629134319947e+00,2.968041417582494707e-02,-2.729194208201635607e+00
2.505000000000000000e+03,7.376295348631470006e+01,2.768841629251680647e+00,2.964847613340729215e-02,-2.734821882784304048e+00
2.506000000000000000e+03,7.354236940832339542e+01,2.771916233348535652e+00,2.961657163652408470e-02,-2.740919696356427515e+00
2.507000000000000000e+03,7.332348392198868225e+01,2.774936460078181177e+00,2.958470138369646493e-02,-2.747459046922063219e+00
2.508000000000000000e+03,7.310620458437063007e+01,2.777905291183721648e+00,2.955286606368844396e-02,-2.754448666773187782e+00
2.509000000000000000e+03,7.289051385899988134e+01,2.780810814017321331e+00,2.952106635519964606e-02,-2.761875191976424393e+00
2.510000000000000000e+03,7.267654340214868114e+01,2.783648505833209885e+00,2.948930292665273914e-02,-2.769725443164091416e+00
2.511000000000000000e+03,7.246427693101384193e+01,2.786428661401711970e+00,2.945757643593559238e-02,-2.778001277427319948e+00
2.512000000000000000e+03,7.225377307586227005e+01,2.789131822191701193e+00,2.942588753025265555e-02,-2.786682441214888950e+00
2.513000000000000000e+03,7.204486824712816428e+01,2.791760774125374045e+00,2.939423684595399849e-02,-2.795771134551802373e+00
2.514000000000000000e+03,7.183777090403560805e+01,2.794318261848228069e+00,2.936262500844145570e-02,-2.805254862885804723e+00
2.515000000000000000e+03,7.163246728670611674e+01,2.796799559716018901e+00,2.933105263207479510e-02,-2.815121286884159080e+00
2.516000000000000000e+03,7.142886998284669176e+01,2.799192471147102790e+00,2.929952032011173477e-02,-2.825365643401168469e+00
2.517000000000000000e+03,7.122704077752985086e+01,2.801499613039374115e+00,2.926802866467322420e-02,-2.835983309291929100e+00
2.518000000000000000e+03,7.102696780158248657e+01,2.803723558448474318e+00,2.923657824675695086e-02,-2.846962364803190315e+00
2.519000000000000000e+03,7.082871409714768163e+01,2.805859407627570690e+00,2.920516963625331350e-02,-2.858291013275544579e+00
2.520000000000000000e+03,7.063226904893372193e+01,2.807894787427429595e+00,2.917380339199739797e-02,-2.869965000493435614e+00
2.521000000000000000e+03,7.043762266570637109e+01,2.809839564106425769e+00,2.914248006182030074e-02,-2.881972748673083284e+00
2.522000000000000000e+03,7.024483986155465232e+01,2.811688700996069823e+00,2.911120018265087039e-02,-2.894310203583110752e+00
2.523000000000000000e+03,7.005383760295862317e+01,2.813444542975340301e+00,2.907996428061812230e-02,-2.906958539691978149e+00
2.524000000000000000e+03,6.986468204022460782e+01,2.815094530849399757e+00,2.904877287115059312e-02,-2.919913863593443626e+00
2.525000000000000000e+03,6.967743993779257039e+01,2.816640914185062350e+00,2.901762645912013203e-02,-2.933164918856866255e+00
2.526000000000000000e+03,6.949203010446665019e+01,2.818078465698852231e+00,2.898652553897693163e-02,-2.946700504206950288e+00
2.527000000000000000e+03,6.930844624111647079e+01,2.819416765750311082e+00,2.895547059488887132e-02,-2.960516891685175622e+00
2.528000000000000000e+03,6.912683122136441227e+01,2.820643060036582384e+00,2.892446210088032293e-02,-2.974602959795635826e+00
2.529000000000000000e+03,6.894703138777794038e+01,2.821759400792471340e+00,2.889350052096818430e-02,-2.988940183441106679e+00
2.530000000000000000e+03,6.876911653364545884e+01,2.822767789541481775e+00,2.886258630935956485e-02,-3.003532337403610253e+00
2.531000000000000000e+03,6.859308276630184764e+01,2.823662748199997186e+00,2.883171991052611502e-02,-3.018360916519559733e+00
2.532000000000000000e+03,6.841892678806759420e+01,2.824438746884763152e+00,2.880090175938617575e-02,-3.033414839607303293e+00
2.533000000000000000e+03,6.824664589380657276e+01,2.825097631723620939e+00,2.877013228142982770e-02,-3.048690440294470783e+00
2.534000000000000000e+03,6.807631225212428205e+01,2.825641195969440300e+00,2.873941189281184819e-02,-3.064169173144918545e+00
2.535000000000000000e+03,6.790777576920616809e+01,2.826056322768037976e+00,2.870874100047149380e-02,-3.079854746985160041e+00
2.536000000000000000e+03,6.774110978784300130e+01,2.826352126382935648e+00,2.867812000223343011e-02,-3.095721118469761723e+00
2.537000000000000000e+03,6.757638823510251314e+01,2.826522809923626589e+00,2.864754928688343499e-02,-3.111771911383853340e+00
2.538000000000000000e+03,6.741346277017257194e+01,2.826562521532724137e+00,2.861702923421862929e-02,-3.127988411213404873e+00
2.539000000000000000e+03,6.725240848389771031e+01,2.826480210581451047e+00,2.858656021508308720e-02,-3.144366700474272136e+00
2.540000000000000000e+03,6.709322676345618675e+01,2.826262485423116644e+00,2.855614259140507039e-02,-3.160887939475084618e+00
2.541000000000000000e+03,6.693591957470704301e+01,2.825925611360891931e+00,2.852577671619908883e-02,-3.177548074494002339e+00
2.542000000000000000e+03,6.678041517767698565e+01,2.825448655024522360e+00,2.849546293354189574e-02,-3.194335548136927994e+00
2.543000000000000000e+03,6.662686525968894102e+01,2.824855195766742266e+00,2.846520157854687955e-02,-3.211238723746404844e+00
2.544000000000000000e+03,6.647512495007299549e+01,2.824124185020580491e+00,2.843499297727601627e-02,-3.228245882121122179e+00
2.545000000000000000e+03,6.632519852049669851e+01,2.823271657730921369e+00,2.840483744669093646e-02,-3.245345218902833562e+00
2.546000000000000000e+03,6.617716510083923254e+01,2.822283876801754410e+00,2.837473529454342253e-02,-3.262524842631338018e+00
2.547000000000000000e+03,6.603095582809287123e+01,2.821169331170149341e+00,2.834468681926252329e-02,-3.279780201813359941e+00
2.548000000000000000e+03,6.588650241277794350e+01,2.819921593702191753e+00,2.831469230980327573e-02,-3.297099227594724180e+00
2.549000000000000000e+03,6.574388570532498477e+01,2.818541605918041260e+00,2.828475204548733940e-02,-3.314462333771562630e+00
2.550000000000000000e+03,6.560303856137271339e+01,2.817030249345345627e+00,2.825486629584701009e-02,-3.331864702470605621e+00
