ell,TT,EE,BB,TE
0,0.0,0.0,0.0,0.0
1,0.0,0.0,0.0,0.0
2,974.0914518452947,0.028964451469424415,1.6725435431433607e-06,2.478015836818004
3,922.236901810442,0.03743796228523932,3.345512951414527e-06,2.788779562156821
4,872.951769464944,0.03270690834275317,5.576797873340765e-06,2.61984135915702
5,836.112441617871,0.022025399822318565,8.366956651944798e-06,2.235960888476595
6,810.9819646853779,0.012418256913257038,1.1716679100882905e-05,1.8061454954626033
7,794.8822843227856,0.006721765173127185,1.56267811636527e-05,1.4220075880941054
8,785.2333694100705,0.004310396340887444,2.00981986784542e-05,1.1253875821853296
9,780.8326343719832,0.0034529835102652287,2.513198015130434e-05,0.9259994461526376
10,780.1549205717084,0.002959751081953095,3.072927875411664e-05,0.8132644921642298
11,782.0872289561743,0.0025051927411619823,3.689134350847475e-05,0.7700321119769974
12,786.4924866077074,0.002190506614211334,4.361950976910599e-05,0.7770352551062729
13,792.7609020084934,0.002102752188239951,5.091518905995388e-05,0.8148555257451214
14,800.0257645442675,0.0021927744632036085,5.877985843514538e-05,0.8681740415170893
15,808.2081098029713,0.0023750746644539164,6.721504935759655e-05,0.9262913393061475
16,817.5577726339612,0.0026277285652999915,7.622233616062985e-05,0.9849251129360936
17,828.0351194784282,0.00298517054917832,8.580332441210814e-05,1.044291685686147
18,838.451368006699,0.0034843016969643655,9.595963897658454e-05,1.103546557793006
19,850.9638962043279,0.00414488678557644,0.0001066929120349774,1.1683183313337062
20,863.347160427919,0.004945909742526509,0.00011800477130618738,1.2348115546179035
21,876.101842768084,0.005874993345086559,0.00012989682812384492,1.3047855212387036
22,889.3258903551719,0.0069391333764764074,0.00014237066598262783,1.3759991671012597
23,902.6123824316217,0.008136520739384022,0.00015542782943642072,1.4478730548353616
24,916.2591265005149,0.009469114613272996,0.0001690698134206932,1.5195015611718772
25,930.4632409630333,0.0109318432546299,0.00018329805305166327,1.5825556600618929
26,944.7865701754154,0.01252841141139957,0.0001981139135496842,1.6394860485421272
27,959.5595976729356,0.014280028865579495,0.00021351868197449844,1.6903289797779588
28,974.5379281061689,0.01619102712936959,0.00022951355860942064,1.7302450024765896
29,989.7146258005818,0.018279443031308597,0.0002460996497684782,1.7665442404575031
30,1005.3596702255144,0.020563190908892255,0.00026327796162795675,1.7941831875931968
31,1020.8081508341996,0.02303685369966232,0.00028104939389867405,1.8205405668422552
32,1036.7912365082111,0.025720773377817332,0.00029941473610850446,1.8375092417493928
33,1052.781819094108,0.028594225287055623,0.00031837466433279007,1.8470024170547257
34,1068.7973298532631,0.031695669797699944,0.0003379297375580905,1.853821601087884
35,1085.5282862469444,0.035004127826126635,0.00035808039702528617,1.847327338432664
36,1102.143005217153,0.03851857733483599,0.0003788269661981788,1.8354051525118371
37,1119.003676298828,0.04226799387367154,0.0004001696506990127,1.811551336047256
38,1136.0499945592471,0.046252582564960405,0.0004221085404101429,1.7776774602492196
39,1153.2348590078918,0.050474848734137955,0.000444643611958368,1.73413885258716
40,1170.5831826276199,0.05494049084729362,0.0004677747349667785,1.679880407229034
41,1188.0929370793729,0.0596553923682682,0.0004915016728910087,1.6142610302698877
42,1205.7657510549852,0.06462565837101956,0.0005158240911028128,1.538228716618198
43,1223.5911684798275,0.06985728178630221,0.0005407415631846369,1.452729486259999
44,1241.595875754092,0.0753541007796504,0.0005662535796515891,1.35710487121616
45,1259.821416605909,0.0811171302060879,0.0005923595535109708,1.250391876907794
46,1278.2165355414347,0.08714579473802131,0.0006190588311178639,1.1321184000133915
47,1296.7673377614888,0.09344489671969484,0.0006463507012413683,1.001918707377865
48,1315.4562692201048,0.10001371130764981,0.0006742344051157509,0.8594351138796285
49,1334.2806327457345,0.1068507703254172,0.0007027091462893325,0.7043842527508262
50,1353.304586367602,0.11396574763778024,0.000731774104407706,0.5366217017131044
51,1372.5929941668564,0.12136767422886476,0.0007614284419308881,0.3562085287546939
52,1392.087262587049,0.12905855394985105,0.0007916713184339037,0.16382560991720976
53,1411.7072188139243,0.13703529080613408,0.0008225019013372869,-0.03990112798493911
54,1431.424688017876,0.14529553125061323,0.0008539193774806572,-0.255204889845372
55,1451.2263514761112,0.15383840704918647,0.0008859229645138144,-0.48268848497668193
56,1471.2182262246715,0.1626575389732066,0.0009185119220474424,-0.7234884996153954
57,1491.5082599510697,0.17175124688537385,0.0009516855612512719,-0.9783118557170053
58,1512.0637436102168,0.18112125374728924,0.000985443258060118,-1.247078790983424
59,1532.8073969985307,0.190770025147865,0.0010197844615310204,-1.529422040386566
60,1553.7287939077817,0.2006925981614552,0.0010547087037765348,-1.824558327044496
61,1574.8415703911587,0.2108841431167902,0.001090215609286071,-2.1317798671377433
62,1596.1441899568572,0.22134036376407845,0.001126304903121282,-2.4510374799004855
63,1617.6443215184788,0.2320578400421816,0.001162976419128681,-2.782461477436924
64,1639.3347758225655,0.24303240908936355,0.0012002301065175268,-3.126174725058425
65,1661.2306471483116,0.25426213663783614,0.0012380660369038063,-3.4823594979719115
66,1683.3628000501992,0.26573877297111714,0.001276484408200237,-3.851260092771191
67,1705.721187926686,0.2774555482528197,0.0013154855513655423,-4.2325295356371795
68,1728.2818210056244,0.2894030914921164,0.0013550699330250751,-4.6256674551584815
69,1751.0132795570996,0.30157426053227887,0.0013952381587866523,-5.030203182766328
70,1773.8989989519253,0.3139626564450857,0.0014359909749819219,-5.445859178057923
71,1796.9243975631127,0.32656435366000564,0.0014773292698978123,-5.872583467862791
72,1820.1868274475607,0.3393756618708552,0.0015192540750428296,-6.311055519461592
73,1843.7781953889237,0.35239165008865087,0.0015617665638754377,-6.761920378361721
74,1867.686409816512,0.36560144530622407,0.0016048680510627829,-7.224753405196184
75,1891.8919494235613,0.37899343241298333,0.0016485599906009831,-7.698795684020993
76,1916.335392114465,0.3925541548517773,0.0016928439728175952,-8.183287155198256
77,1940.901713558444,0.40627467330295214,0.0017377217217578887,-8.6769283423015
78,1965.5919841688676,0.4201449499762889,0.0017831950915780503,-9.179510595919828
79,1990.466700129188,0.43415569093408474,0.0018292660591647104,-9.691122406281645
80,2015.5640716482344,0.44829760332218654,0.00187593672449952,-10.212000837848311
81,2040.92167026684,0.4625607788137653,0.0019232093014981092,-10.742117774802944
82,2066.5522303516304,0.47693432945523706,0.001971086113596944,-11.28112719036468
83,2092.4307060922415,0.4914052662899326,0.0020195695882219192,-11.82878929816576
84,2118.554336287611,0.5059613445641385,0.0020686622507244505,-12.384567191416368
85,2144.9129310729595,0.5205895781261112,0.0021183667180503622,-12.948295396014048
86,2171.5011005773367,0.535279471938644,0.002168685692838009,-13.51939683204408
87,2198.28808548617,0.5500186056153737,0.0022196219570919324,-14.097356468201776
88,2225.2553550846014,0.5647955643465127,0.00227117836652098,-14.681619088070928
89,2252.4140922544566,0.5795989350225252,0.002323357845196483,-15.271703780292407
90,2279.7680518442853,0.5944128492870877,0.0023761633792901303,-15.867278223677756
91,2307.3276795295146,0.6092252004041285,0.0024295980128612006,-16.467796620302497
92,2335.093041351809,0.6240218375038307,0.0024836648419662615,-17.07304772861075
93,2363.0783227467673,0.6387886572766334,0.0025383670115554343,-17.682532550083696
94,2391.2754248481315,0.6535137869109365,0.002593707711238937,-18.296049249931738
95,2419.6985346797383,0.6681823843001369,0.0026496901718030567,-18.913098890745964
96,2448.339555136018,0.6827810951020343,0.0027063176627643254,-19.533256851696983
97,2477.1978184559657,0.6972958242808202,0.0027635934901015175,-20.15609854673386
98,2506.2800862865897,0.711711736151077,0.0028215209949250647,-20.781199426300752
99,2535.5634079852102,0.7260154829241908,0.0028801035525740384,-21.40806069556587
100,2565.061975815039,0.7401959475813755,0.002939344572703774,-22.03618359966967
101,2594.767698176117,0.7542390440642941,0.002999247499107284,-22.665069425483743
102,2624.679913028752,0.7681232602964914,0.0030598158111657305,-23.294442353889032
103,2654.7831028547166,0.7818493716132405,0.003121053025322216,-23.923506626531488
104,2685.0766080598355,0.7953884423349483,0.003182962697404641,-24.551912233143327
105,2715.55234191464,0.8087338242405762,0.0032455484254656337,-25.17908636181442
106,2746.2022188861856,0.8218714431851096,0.0033088138527187223,-25.80438196779374
107,2777.018154610177,0.8347946558143513,0.0033727626714080065,-26.42737490929497
108,2807.984637503893,0.8474819645248307,0.003437398626937788,-27.04749253177508
109,2839.1084421220007,0.8599267308716616,0.003502725522282743,-27.664087953219347
110,2870.374059002197,0.8721074621705086,0.00356874722263148,-28.276737199921207
111,2901.7735897427574,0.8840174861767818,0.003635467660238328,-28.88494290927906
112,2933.3072921457,0.8956499782175528,0.003702890839573739,-29.48798826968492
113,2964.968178235963,0.9069832206444701,0.0037710208420065174,-30.085528785083287
114,2996.7492607997324,0.9180029265915088,0.003839861831148029,-30.67692289006385
115,3028.6435533055187,0.9287096683077438,0.003909418057553652,-31.26167765250773
116,3060.651498173117,0.939089163734229,0.003979693863576437,-31.839300208169806
117,3092.7661099904785,0.9491197048285325,0.004050693687209086,-32.409223478713585
118,3124.972975430772,0.958801870934708,0.004122422066492998,-32.97088045669545
119,3157.2725382209587,0.9681213869972982,0.00419488364279253,-33.52385277398979
120,3189.657814010638,0.9770714085724684,0.004268083163967515,-34.067573569131774
121,3222.121818644728,0.985637665083866,0.0043420254864965134,-34.601476055601886
122,3254.6501397394627,0.9938133164749469,0.004416715576960103,-35.125142090031495
123,3287.2432216641782,1.001591524805626,0.0044921585131869135,-35.638005039309114
124,3319.8940804273284,1.0089580258448985,0.004568359484092679,-36.13949834861173
125,3352.588303619837,1.0159134140597827,0.004645323788784881,-36.629204109341295
126,3385.3263354166193,1.0224434291479383,0.0047230568347737525,-37.10663020944882
127,3418.0937631345087,1.0285486693678771,0.004801564135074442,-37.57121033416171
128,3450.8836022507617,1.034214878062502,0.004880851304434422,-38.02252681710998
129,3483.6962963802384,1.0394426569803683,0.0049609240542543885,-38.460087790324906
130,3516.517432211749,1.044217752790394,0.005041788186487812,-38.883327184629415
131,3549.332671826649,1.0485407243805709,0.005123449587667994,-39.29182718997178
132,3582.150264619624,1.0524119480292091,0.005205914218779383,-39.68509423373237
133,3614.948822003911,1.0558168986421583,0.005289188107302583,-40.062708719090296
134,3647.7292402722833,1.0587707657645367,0.0053732773366989535,-40.42410256486183
135,3680.477558886673,1.0612515983221622,0.005458188034731531,-40.769004906289595
136,3713.1946739309033,1.0632671596624552,0.005543926361453448,-41.0967735431672
137,3745.8666247720994,1.064810357338127,0.005630498495388653,-41.406989207378864
138,3778.486879184197,1.0658889563884388,0.005717910619467894,-41.69930699528718
139,3811.0414767301554,1.066495865814402,0.005806168905966084,-41.973307799994565
140,3843.538742255133,1.0666314235018424,0.005895279500389341,-42.22857259398747
141,3875.957287535731,1.0663108244395199,0.005985248505018596,-42.464756711657394
142,3908.2905814906794,1.0655195504818868,0.0060760819614211,-42.68136699769114
143,3940.539521947144,1.0642653686608947,0.00616778583268767,-42.87813322336303
144,3972.682722362853,1.0625560459913708,0.006260365985300349,-43.05463666768684
145,4004.7210820563264,1.060384492623299,0.00635382817023034,-43.21038439947148
146,4036.625787888549,1.0577659034414155,0.006448178004552688,-43.34518069327884
147,4068.3903128517554,1.0547080445101147,0.006543420951788514,-43.45845847624311
148,4100.00070280804,1.0512112529148168,0.0066395623032852475,-43.54994787783612
149,4131.443004980661,1.0472832933008391,0.006736607159316556,-43.61923052700081
150,4162.7032680954435,1.0429319293586194,0.006834560410029583,-43.66588811721532
151,4193.759960378843,1.03816480225874,0.006933426717178308,-43.68964835257204
152,4224.62065007101,1.0329890662907664,0.0070332104957745835,-43.69022852196605
153,4255.27046848638,1.0274191812299964,0.007133915896823758,-43.66734335361946
154,4285.709405688492,1.0214696052076555,0.007235546790334067,-43.62085619874064
155,4315.930025565226,1.0151399378315835,0.007338106748900066,-43.5504076117025
156,4345.939750999152,1.0084520617560087,0.007441599032359514,-43.4558610486904
157,4375.71629387823,1.001405572396502,0.007546026573176323,-43.336931447770255
158,4405.267082001644,0.9940297761959828,0.007651391962941678,-43.193408076929515
159,4434.577260722627,0.9863242636347501,0.007757697440252174,-43.025080248065514
160,4463.63940643396,0.9783109074937318,0.007864944878529923,-42.83181159794179
161,4492.431241590853,0.9700041492621171,0.007973135776360375,-42.613317235101135
162,4520.9453481741075,0.9614184272955127,0.008082271248446838,-42.36953515477014
163,4549.174311039689,0.9525830333233852,0.008192352017658593,-42.10010625170912
164,4577.095861255763,0.9434975421529315,0.008303378409008688,-41.80504286908104
165,4604.710017878554,0.9341838099263788,0.008415350344046207,-41.4840602442579
166,4632.001946212536,0.9246636888742088,0.008528267337628886,-41.13709649065256
167,4658.964242859258,0.9149590271199584,0.008642128494900233,-40.764015461011
168,4685.589507351784,0.9050916684839232,0.008756932510597854,-40.36490387871491
169,4711.870342126058,0.8950834522875069,0.00887267766915865,-39.9396256340514
170,4737.799352479079,0.884948784807791,0.008989361845993653,-39.4881189155012
171,4763.36171816395,0.8747169241333472,0.009106982510349785,-39.010321923509146
172,4788.564906723675,0.8644096949196841,0.009225536729052134,-38.50624715125473
173,4813.386674960168,0.8540489165466076,0.009345021171531251,-37.975832814911
174,4837.8196389451,0.8436564029265574,0.009465432115990272,-37.41909141790868
175,4861.86384556822,0.8332688190153168,0.009586765456235321,-36.836184031693136
176,4885.504616049201,0.8229004190630179,0.009709016709728348,-36.2270475021562
177,4908.7352168898315,0.8125872571013208,0.009832181026209513,-35.59168746097554
178,4931.5416170227545,0.8023504044364356,0.00995625319731976,-34.930182442761
179,4953.924644052228,0.7922109259777581,0.010081227666655153,-34.242536688577886
180,4975.877699061198,0.7822047367598104,0.010207098540386716,-33.528902993666975
181,4997.386756464026,0.7723603167161023,0.010333859598155332,-32.789434137638544
182,5018.452648906027,0.7627061388569311,0.010461504304608708,-32.02420859815313
183,5039.068782058708,0.7532632407505079,0.010590025820838437,-31.233379115091967
184,5059.221134464139,0.7440675094087756,0.010719417015982035,-30.417172687701967
185,5078.910542429666,0.7351548244258528,0.010849670478947668,-29.57551915420577
186,5098.122986471625,0.7265462011210989,0.010980778529649496,-28.70879402392424
187,5116.859304563007,0.7182708182724085,0.011112733230564824,-27.817075639321647
188,5135.112906932451,0.7103675036390216,0.011245526397460511,-26.900665157564124
189,5152.8697759182105,0.702866162943364,0.011379149609969663,-25.959715130016463
190,5170.1307508781465,0.6957996650943168,0.011513594221467508,-24.99452663322824
191,5186.889243004527,0.6891986422101036,0.011648851368600744,-24.005400698869973
192,5203.1312351968445,0.6830966893375193,0.011784911979830504,-22.99241546013039
193,5218.850138643305,0.6775259073214412,0.011921766783527831,-21.95587184959888
194,5234.054221061021,0.6725206168663356,0.012059406314670366,-20.896219312592287
195,5248.729464844414,0.6681151299221737,0.012197820922421932,-19.813684386433152
196,5262.87670872646,0.6643437495851063,0.012337000773691329,-18.70871639821688
197,5276.496790999048,0.6612422556722064,0.012476935858517155,-17.581616044013344
198,5289.590549445161,0.658844933293877,0.012617615993664356,-16.432758236051136
199,5302.136536231939,0.6571860584441872,0.012759030824663314,-15.262443532353313
200,5314.150444668362,0.6562998979277759,0.012901169827647763,-14.071195267353902
201,5325.618113443648,0.6562228890969063,0.013044022309620396,-12.859234865664856
202,5336.532246627097,0.6569890366744118,0.013187577408200927,-11.627136295273772
203,5346.8705503398605,0.6586337729888243,0.01333182409019852,-10.375097323907744
204,5356.640443436545,0.661191778131221,0.013476751149296431,-9.103612765342294
205,5365.81220236738,0.6646984655922648,0.013622347203036069,-7.8131030583669085
206,5374.393244705986,0.669187753732508,0.01376860068912398,-6.503914263249314
207,5382.3687023829325,0.674695779942276,0.013915499860303212,-5.176399770043668
208,5389.731135132,0.6812571864590788,0.014063032779615608,-3.8311357171999214
209,5396.5102439453485,0.6889058632046784,0.014211187314572105,-2.468631282358686
210,5402.691159283066,0.6976779191366361,0.014359951130558976,-1.0894178190175114
211,5408.281296294928,0.7076087109282233,0.014509311684562164,0.30598234606158525
212,5413.295498195679,0.7187313573284021,0.014659256217982898,1.7170336313007108
213,5417.733751295249,0.7310819390460748,0.014809771749755746,3.1432094888269524
214,5421.603470134642,0.7446957846239917,0.014960845069081043,4.583977551205369
215,5424.904640873563,0.7596007849820863,0.015112462728427796,6.038777349777622
216,5427.622393030175,0.7758404213718878,0.015264611036472552,7.507041117380176
217,5429.75671297275,0.7934425663838031,0.015417276051573009,8.988178934921708
218,5431.3075873093285,0.812435083571139,0.015570443575502496,10.481712444898024
219,5432.267574625887,0.8328606842493302,0.01572409914757925,11.986985148867396
220,5432.629233922134,0.8547472142036124,0.01587822803965411,13.503504114613975
221,5432.399981393465,0.8781225105086451,0.01603281525162738,15.030553704895851
222,5431.564948755996,0.9030292583583696,0.016187845507864323,16.56771556482514
223,5430.131553418014,0.9294878494545376,0.01634330325446834,18.11420007310216
224,5428.107213491885,0.9575335239081496,0.016499172657553882,19.66951489618156
225,5425.4919194981085,0.9871866569989148,0.016655437602765548,21.232870722775928
226,5422.278234410399,1.0184899010976947,0.01681208169567912,22.803775534272887
227,5418.473578741442,1.051471044096672,0.016969088263668372,24.381514622481728
228,5414.077945516336,1.0861504379515654,0.017126440358973004,25.965447725768943
229,5409.098756985784,1.1225632839349713,0.01728412076292885,27.55493474753705
230,5403.528579576009,1.1607373477982583,0.017442111991946018,29.149335758056775
231,5397.374837277903,1.2006855316446714,0.017600396304575147,30.74793671264316
232,5390.644954921833,1.2424430159143376,0.01775895570994702,32.350098020181385
233,5383.331501439351,1.2860375462271099,0.017917771977847972,33.955105977481615
234,5375.434474862953,1.3314894336366832,0.018076826650176972,35.562247053977174
235,5366.9687306121,1.3788264115958364,0.018236101053336996,37.17095645975872
236,5357.919411314387,1.4280762078802036,0.018395576312796046,38.78044672892281
237,5348.308801867576,1.479244259822313,0.018555233368185695,40.390004854273165
238,5338.129474184563,1.5323582847073496,0.01871505299007793,41.99899228784188
239,5327.388857180007,1.5874311383260091,0.018875015797882252,43.60669637423499
240,5316.086951593157,1.6444979570394436,0.019035102278917717,45.212256067310726
241,5304.223758200807,1.703571588001167,0.019195292808312083,46.81518191470852
242,5291.814134370362,1.7646648745402864,0.019355567670120304,48.414613222667846
243,5278.858080502148,1.8277980848533524,0.01951590707935108,50.009838040223805
244,5265.355596564892,1.89298405565492,0.019676291204282964,51.60029315872194
245,5251.321538623864,1.960243049237332,0.019836700190001944,53.18519269365988
246,5236.76333361156,2.029573040437944,0.019997114182124628,54.76389950139675
247,5221.67355079379,2.101001715467423,0.0201575133509992,56.33570232768896
248,5206.074471683604,2.174541902192799,0.02031787791634453,57.89981580658355
249,5189.958663049084,2.250191570530317,0.02047818817168453,59.4556775931762
250,5173.3409751734725,2.3279784029470374,0.02063842450924413,61.002502661203074
251,5156.21392620932,2.4078858093359634,0.020798567444361052,62.53943258840164
252,5138.5847076813125,2.4899355331926114,0.02095859764007047,64.0658348485158
253,5120.4530353053315,2.574127331325952,0.021118495930845468,65.58092923233981
254,5101.833479207494,2.6604758180683565,0.021278243346144903,67.08386140942619
255,5082.710893643336,2.74897332395888,0.021437821133548782,68.57400006007056
256,5063.099843626707,2.839634466285806,0.021597210780701048,70.05056545566212
257,5043.007463012793,2.932459007781793,0.02175639403679524,71.5130008739531
258,5022.448311041417,3.027439285426142,0.02191535293291053,72.96030404519169
259,5001.429515488881,3.1245899243027333,0.02207406980149067,74.39295852074565
260,4979.973057581613,3.2239032679602952,0.02223252729464481,75.80877379442897
261,4958.078630119233,3.325379092279776,0.022390708401073368,77.20853084607084
262,4935.7682074626255,3.429017177594184,0.02254859646210468,78.59078229363568
263,4913.048903682216,3.534817309162906,0.022706175185933358,79.95556656556357
264,4889.927829171556,3.642771849298661,0.022863428661002643,81.30143655780952
265,4866.404662224227,3.7528657378481474,0.023020341367583772,82.6291738060344
266,4842.48650567595,3.8650913493758425,0.023176898187968937,83.93658863742559
267,4818.187886860945,3.979433636948976,0.023333084415380456,85.222977177775
268,4793.5084725324,4.095884989325687,0.02348888576121816,86.48912134834117
269,4768.447925549145,4.21443780309376,0.0236442883611628,87.7328318524975
270,4743.013333226928,4.335069626460752,0.023799278779456787,88.9548908526675
271,4717.226635704333,4.4577728731463,0.02395384401201728,90.15310928679816
272,4691.080055871316,4.582532537823136,0.024107971488260906,91.32826954517223
273,4664.602954565394,4.709311339908921,0.024261649071208206,92.4789256217839
274,4637.787547126475,4.838109150859792,0.02441486505696239,93.6058601209779
275,4610.64833026895,4.968896139509504,0.024567608172589742,94.70688440870175
276,4583.207225463268,5.101657342661418,0.02471986757288204,95.78278128906963
277,4555.46386562822,5.236370380526656,0.024871632836435457,96.83210515548691
278,4527.4253086354765,5.373012885561875,0.02502289396051326,97.85415332698368
279,4499.106037422393,5.511547646254247,0.025173641355170372,98.84970887940547
280,4470.520531762777,5.6519448926552736,0.025323865836687096,99.81732646638436
281,4441.668411694513,5.794189725211175,0.025473558620622755,100.75704649048768
282,4412.564151054599,5.938237545138853,0.02562271131398823,101.66816659409248
283,4383.222220917378,6.084066053351229,0.025771315907465096,102.54998449028304
284,4353.6422330362775,6.231645537526359,0.025919364767078512,103.40179795864373
285,4323.838653389243,6.380938872573152,0.026066850625974105,104.22364767599488
286,4293.818517273385,6.5319163777932365,0.02621376657603818,105.01557437699392
287,4263.603714500818,6.684526103936342,0.02636010605974545,105.7768760146492
288,4233.193847790952,6.83874583210332,0.02650586286213216,106.50610775576936
289,4202.595946312262,6.994531075739886,0.02665103110329308,107.20479615144544
290,4171.831894169352,7.151844794477364,0.02679560523116964,107.87075361708943
291,4140.908717133681,7.310664822916268,0.02693958001497181,108.50476394282639
292,4109.826011119363,7.470857589098893,0.027082950539119854,109.1061252784147
293,4078.5982273522745,7.632497533989733,0.027225712198056324,109.67487863329193
294,4047.239815779776,7.795510551075744,0.0273678606919122,110.20957936637151
295,4015.7503684714497,7.959748270273565,0.027509392022870637,110.7110113559389
296,3984.1443331115634,8.125285192335948,0.02765030249265777,111.17847281919715
297,3952.4212996790834,8.291972988224977,0.027790588700760708,111.61051914186277
298,3920.603142268951,8.45981191700367,0.02793024754399324,112.00793421273664
299,3888.6968773993385,8.628727975698581,0.028069276216858948,112.37075907797714
300,3856.709520758852,8.798647183162679,0.028207672213190035,112.69829193537616
301,3824.655480566734,8.969644552604825,0.028345433328696212,112.99056869677376
302,3792.549024171088,9.141499606436659,0.02848255766474312,113.24760484166974
303,3760.3969547827214,9.314289429100352,0.0286190436329326,113.46941071667923
304,3728.213503198349,9.48794256119794,0.02875488996088576,113.65599663126827
305,3696.012899436479,9.662387566803009,0.02889009569910104,113.80663001656563
306,3663.794516011528,9.837627317258,0.02902466022868755,113.9213210891748
307,3631.5800096485304,10.013516140949424,0.0291585832697376,114.00008000983986
308,3599.3761794847896,10.190056957587583,0.029291864890805753,114.04291687707264
309,3567.1898237133614,10.367178427955775,0.02942450551894618,114.04984172072108
310,3535.0203111666,10.544734954153345,0.02955650595049966,114.0208644954862
311,3502.896722992886,10.722803813834865,0.029687867362309824,113.95450940434444
312,3470.8109974224053,10.90123945940988,0.029818591323459365,113.85227190213294
313,3438.7847848310166,11.080044935755332,0.029948679807248475,113.71341884378016
314,3406.8248775449733,11.259074746390173,0.03007813520356245,113.53795981779082
315,3374.9306380931353,11.438257704151944,0.03020696033109645,113.32590430459244
316,3343.123712506815,11.617671214852038,0.030335158449879523,113.07726166990284
317,3311.410888465449,11.797095576397307,0.030462733273200836,112.7927839931271
318,3279.8063802435595,11.976533963426863,0.030589688979669728,112.47173755566781
319,3248.3095435567407,12.155915293404181,0.030716030224710086,112.11413133940788
320,3216.9271605109057,12.335242793706191,0.030841762151738776,111.72071702014952
321,3185.688296204259,12.514371151182187,0.030966890402223456,111.2915032910443
322,3154.5774434807145,12.693229362708388,0.031091421125697804,110.82575585612221
323,3123.623663043936,12.87174645171436,0.031215360988059503,110.32422592895446
324,3092.8188715221418,13.049851468191676,0.031338717179748364,109.78766455625863
325,3062.1846965455134,13.227547772185892,0.03146149742225397,109.21533694157964
326,3031.7204782282497,13.40476446676052,0.03158370997378236,108.60799377920512
327,3001.440410863224,13.581356397945765,0.03170536363343319,107.96489990797323
328,2971.3512578251475,13.7572527216711,0.03182646774430813,107.28680564538097
329,2941.459779886039,13.932456903672064,0.03194703219480999,106.57520394667497
330,2911.7801635427177,14.106823868867599,0.03206706741898289,105.82861622395812
331,2882.3117359559465,14.280357135233375,0.03218658439501813,105.04779218571694
332,2853.06867835449,14.45298596313551,0.032305594642263125,104.23273849120316
333,2824.050312650754,14.62456535514943,0.0324241102167673,103.3849472501238
334,2795.270814872296,14.795098906363682,0.032542143705128534,102.50368184227102
335,2766.7443585059045,14.964441670143636,0.0326597082167283,101.58969108754644
336,2738.470257855832,15.132597291892008,0.032776817374558134,100.64298073593456
337,2710.455253167359,15.299495158268963,0.03289348530439841,99.66504196777944
338,2682.706082363318,15.465064680399028,0.03300972662236554,98.65513721401759
339,2655.236909494776,15.62923529355218,0.03312555642112186,97.61475716184596
340,2628.0544681542674,15.792010740304002,0.033240990254644505,96.5439065752768
341,2601.1580616023207,15.95317193616008,0.03335604412150344,95.44258996103177
342,2574.554419606692,16.1127226701819,0.03347073444702819,94.31081156455245
343,2548.2502702423603,16.270592470564427,0.0335850780641511,93.1500610362269
344,2522.2449117022447,16.426636604200436,0.03369909219314339,91.95959925261012
345,2496.5450691685223,16.58085892672906,0.03381279442042507,90.74017248806184
346,2471.157466642095,16.73311474804386,0.03392620267638495,89.49178390635258
347,2446.0813987799247,16.88340796579796,0.034039335212485915,88.21517922756259
348,2421.323587789908,17.031519647364153,0.0341522105775564,86.9103610550475
349,2396.898183630892,17.17760229730484,0.03426484759370334,85.57956021272015
350,2372.8044791664074,17.321511305277475,0.034377265331763815,84.22203589722204
351,2349.056690772332,17.463250590668068,0.034489483086412843,82.839269856367
352,2325.6618744926777,17.602749584105766,0.03460152035106112,81.43197805398908
353,2302.619725253257,17.739937677691174,0.03471339679294757,80.00012766049778
354,2279.9373667732143,17.874818563629326,0.03482513222795131,78.54591405520866
355,2257.62935177324,18.007247383044355,0.034936746596074285,77.06856097931426
356,2235.687948779798,18.137227859292302,0.035048259936903255,75.56877754433437
357,2214.1202840774167,18.264689446736863,0.035159692365743365,74.04727256051859
358,2192.9334852038814,18.38956161351652,0.03527106405020529,72.50475453544969
359,2172.1272527892074,18.511699557288217,0.03538239518765644,70.94118883777088
360,2151.7012890875967,18.63110705496381,0.03549370598320782,69.35802620116056
361,2131.6627265008824,18.74771361141398,0.03560501662889576,67.75419141424275
362,2112.011271041793,18.86144874216619,0.0357163472835088,66.13150601546013
363,2092.7614875382033,18.97224197258403,0.03582771805377306,64.49052841626806
364,2073.898229674127,19.080097120534152,0.03593914897644732,62.83189100365678
365,2055.443495272797,19.184943728531245,0.036050660001633886,61.15637442327365
366,2037.3895712630356,19.28671134637672,0.03616227097735066,59.46475901218016
367,2019.743603886698,19.38540381378445,0.03627400163527751,57.75767623175162
368,2002.5053137408777,19.480876408983978,0.03638587157793555,56.03598008523696
369,1985.6744242078605,19.573281548834828,0.03649790026700944,54.300375700437655
370,1969.2655182219753,19.662325952889866,0.03661010701294139,52.551493613545915
371,1953.2634682210671,19.74823632800576,0.03672251096608004,50.79018690363684
372,1937.6828629882093,19.83071939837696,0.03683513110859274,49.01708549228346
373,1922.5160092265935,19.90992759012793,0.0369479862481289,47.232967561848845
374,1907.770073324682,19.98579047884268,0.03706109501234538,45.43861098941336
375,1893.4373679567825,20.058237639116708,0.03717447584482781,43.63457049735393
376,1879.525065473821,20.12719864359529,0.037288147001666376,41.821697639106176
377,1866.0403411814243,20.192677345507803,0.03740212654949462,40.000620816052304
378,1852.9680882572625,20.254603310689653,0.03751643236417933,38.17204241310065
379,1840.3229161611944,20.3129061001069,0.037631082130471685,36.33673880042294
380,1828.1045804833243,20.36758955237713,0.03774609334230968,34.495411768357826
381,1816.3054112358905,20.41865749928184,0.03786148330385167,32.64868852949459
382,1804.932597838728,20.46589091427132,0.0379772691309092,30.79734457144337
383,1793.985903997348,20.50951646299711,0.038093467753102336,28.942155092275843
384,1783.4576676269437,20.549389383793248,0.03821009591597757,27.08396928666029
385,1773.347657473194,20.585513471201324,0.038327170183644,25.223487498177537
386,1763.6630730299871,20.61796679147532,0.03844470694116579,23.361632639851408
387,1754.4036877552032,20.646678831081097,0.03856272239738951,21.49910449635024
388,1745.5544206364511,20.671727629714344,0.038681232587199466,19.636751144917735
389,1737.1224778591277,20.693042645299684,0.03880025337344863,17.77534610848922
390,1729.1076393241735,20.71062760350699,0.03891980045021359,15.915662643026396
391,1721.509686920102,20.72448621326317,0.03903988934201562,14.058473741560967
392,1714.313547748342,20.73454788226268,0.03916053540612963,12.20455213845222
393,1707.5338641556475,20.740890566492407,0.039281753832428885,10.35459603035825
394,1701.1555668690107,20.74344363524188,0.03940355964280905,8.509303364430227
395,1695.178445040948,20.742136437131727,0.039525967689883514,6.669520410228564
396,1689.602289500475,20.73712114964847,0.03964899265470653,4.835937202494292
397,1684.4194643627359,20.728252793658275,0.039772649043615646,3.0093103970090596
398,1679.6371920486777,20.715609216960047,0.03989695118411968,1.190344422564662
399,1675.247839862571,20.6991196758133,0.04002191321956633,-0.6202193730399881
400,1671.2512050313312,20.67893625149564,0.04014754910307032,-2.4216591724472782
401,1667.6471577491584,20.654913252215444,0.040273872589997685,-4.213257696624594
402,1664.4284270246726,20.62712535882389,0.04040089722958948,-5.994279525813047
403,1661.5952432140948,20.59564661123045,0.04052863635527246,-7.764016050521824
404,1659.1478383063616,20.560402453085715,0.04065710307415287,-9.521711310339686
405,1657.0715892646979,20.52139258136292,0.040786310255249605,-11.26665409840138
406,1655.3667314803065,20.47876522894084,0.04091627051677683,-12.998200239159708
407,1654.0335021349103,20.432445746178768,0.04104699621226173,-14.715505160300738
408,1653.0647119235252,20.38235945051833,0.04117849941605109,-16.41787301753786
409,1652.4457451369958,20.32872875959544,0.041310791907619736,-18.10460811975316
410,1652.1917015047327,20.27147892232991,0.041443885155326085,-19.774940637461537
411,1652.2731127920067,20.21060943555579,0.041577790299183806,-21.428398012116958
412,1652.7050831103156,20.146194043147503,0.04171251813319511,-23.064210679720343
413,1653.480433879266,20.078232168149793,0.041848079087126726,-24.68190633030933
414,1654.59198899735,20.006797478926813,0.041984483207858525,-26.2807899147602
415,1656.025146616676,19.931963604813607,0.04212174014015197,-27.86031505347777
416,1657.7950210231656,19.85365556827476,0.042259859107588185,-29.419935460434306
417,1659.879587616182,19.772021201591294,0.04239884889308929,-30.95888208358116
418,1662.286538194524,19.68705972853348,0.042538717819608246,-32.47668308016958
419,1665.001282639185,19.598770330562683,0.04267947373090904,-33.9726438229299
420,1668.031519149021,19.507152146040298,0.0428211239725786,-35.446218308183326
421,1671.3626642719553,19.412352836454367,0.0429636753734028,-36.89678629584554
422,1674.9875664361011,19.314297168141856,0.04310713422730644,-38.32365329985914
423,1678.9139344264568,19.212984145547566,0.04325150627573437,-39.72627342906393
424,1683.1271957553265,19.108561293989847,0.04339679669096268,-41.104100810494806
425,1687.620210179179,19.001027524929327,0.04354301006007439,-42.45658957963344
426,1692.3932698076662,18.89045598577112,0.04369015036989412,-43.783491004628
427,1697.424385803855,18.776994059176296,0.043838220992988834,-45.08433349195237
428,1702.7287152787444,18.660714795385996,0.04398722467473497,-46.35871971056828
429,1708.2768495214864,18.541616911568926,0.04413716352161359,-47.606326582061484
430,1714.0690975745326,18.419773358193112,0.04428803899081429,-48.8266081367599
431,1720.1057728942587,18.295405601915355,0.044439851881059,-50.019315488379256
432,1726.3723367004523,18.168437923974167,0.044592602324945406,-51.184051123143526
433,1732.876539765392,18.038943120634677,0.04474628978267469,-52.320268889934994
434,1739.5964239873288,17.907068219138885,0.0449009130372623,-53.42771969148068
435,1746.5397492047832,17.772737343172384,0.045056470191224746,-54.50585720653138
436,1753.6994230941664,17.636097413380625,0.04521295866488796,-55.55435786461213
437,1761.0683578560875,17.497146729383676,0.04537037519610925,-56.57282370228435
438,1768.6394701878037,17.356032103340098,0.04552871584158585,-57.56085663696524
439,1776.4131095926164,17.21275172551857,0.045687975979649534,-58.518058457293975
440,1784.3747732751435,17.067378014415727,0.045848150314479,-59.4442536640592
441,1792.517391125196,16.920057616396086,0.04600923288193421,-60.3391180431644
442,1800.8264689378905,16.77078855485519,0.04617121705658672,-61.2024015066748
443,1809.3023733729156,16.619717363931855,0.04633409556013472,-62.0337052329138
444,1817.9306184505103,16.466916237735337,0.04649786047120757,-62.83285307464744
445,1826.7041504882477,16.31238303011356,0.0466625032362539,-63.59959441581649
446,1835.6159196265737,16.156338388465638,0.04682801468159977,-64.33367844585369
447,1844.658879695124,15.998780052564735,0.04699438502646024,-65.03515128458324
448,1853.8408447708748,15.839854271944295,0.04716160389706607,-65.70383598866931
449,1863.1473472767875,15.67963295530134,0.04732966034145949,-66.33962967667014
450,1872.5713512258565,15.51811367044496,0.04749854284501586,-66.94250352016158
451,1882.1132554014416,15.355516322800913,0.04766823934681716,-67.51234893919158
452,1891.7734748687844,15.191836087946635,0.04783873725624075,-68.04896190733135
453,1901.530145723331,15.027216195665284,0.04801002347027009,-68.55220719628497
454,1911.383691674824,14.861725535036465,0.048182084390690494,-69.02187502908295
455,1921.319682120043,14.695432938085387,0.048354905941938205,-69.45782963862607
456,1931.331117016872,14.528407179971236,0.04852847358867112,-69.85986069230533
457,1941.4109983577148,14.360716979217235,0.0487027723534356,-70.22783185071968
458,1951.5449016442767,14.19250528148542,0.04887778683416256,-70.56145790896976
459,1961.7184040652032,14.023840692886496,0.049053501221387776,-70.86082477306695
460,1971.9467977277625,13.854791763839833,0.0492298993151977,-71.12601803440451
461,1982.2008059902353,13.685426989474047,0.049406964541704394,-71.35630584330697
462,1992.5031518551027,13.515963377075748,0.049584679968874334,-71.55392735983065
463,2002.8245609113312,13.346469312566276,0.049763028321968245,-71.71740723080953
464,2013.1877580902135,13.17701312803679,0.04994199199811886,-71.84749826242684
465,2023.56347062144,13.00773738582388,0.050121553080245046,-71.94421007259044
466,2033.966996453704,12.838710312120705,0.0503016933501623,-72.00829475356467
467,2044.3839206278449,12.670074364640932,0.05048239430083846,-72.03901835958808
468,2054.799828562196,12.501897666315251,0.05066363714772441,-72.03713223978019
469,2065.215162646443,12.33424828953748,0.05084540283933238,-72.002644525992
470,2075.615508743236,12.167194256950296,0.051027672066627054,-71.93556296087979
471,2085.986452800696,12.000877825774632,0.05121042527173442,-71.83515205605711
472,2096.3284374743625,11.835441205175155,0.05139364265553864,-71.70290442550552
473,2106.6270486570393,11.670877990163495,0.05157730418451732,-71.53734093384945
474,2116.882728819916,11.507256013053954,0.051761389596479794,-71.3406962051765
475,2127.088491910986,11.344791627953136,0.05194587840561846,-71.11149026653439
476,2137.2447800134623,11.18355257777564,0.0521307499066098,-70.85047122203615
477,2147.3371782613076,11.023532278809892,0.05231598317796842,-70.55838674185554
478,2157.3735565646607,10.864946955828367,0.052501557084698176,-70.2352412214449
479,2167.3543561903734,10.707864225711363,0.05268745028027624,-69.88207858001759
480,2177.25773304981,10.552425949126068,0.0528736412079757,-69.49830804906807
481,2187.0989844952383,10.398551097722333,0.05306010810177608,-69.08467550727667
482,2196.8488374668486,10.24653002339191,0.053246828986776205,-68.64148067145773
483,2206.515160349885,10.096355908017719,0.053433781679171934,-68.16909707629573
484,2216.083536180821,9.948170465791817,0.05362094378624085,-67.6678977862807
485,2225.5395477092634,9.802041094041682,0.05380829270585548,-67.13818110787032
486,2234.891062461945,9.658035158095746,0.0539958056261567,-66.58039343589692
487,2244.123662655695,9.516219992675069,0.054183459525098336,-65.9948321157
488,2253.2303586132466,9.376811470317248,0.0543712311703015,-65.38201685703153
489,2262.219017127739,9.239728301807048,0.05455909711887997,-64.74246688019981
490,2271.075219724289,9.105186305667145,0.054747033717824176,-64.07662662948381
491,2279.79940442178,8.973252708638329,0.05493501710471877,-63.3850886208304
492,2288.392009039761,8.84392043070064,0.05512302320889871,-62.66822202181141
493,2296.853471201932,8.717330937121641,0.05531102775331138,-61.92669263389718
494,2305.176799984679,8.59362567301367,0.05549900625697204,-61.160794338982576
495,2313.3550042606967,8.472871781413845,0.05568693403817659,-60.3712662162617
496,2321.388521036556,8.355062104885857,0.055874786218592536,-59.558475422351535
497,2329.262930382587,8.24033803764772,0.056062537728155365,-58.723011458271934
498,2336.9786688073127,8.128766676701817,0.05625016331103119,-57.86546331821184
499,2344.5287441724604,8.020415106991578,0.05643763753240585,-56.98634520561781
500,2351.9061640009086,7.915424686573553,0.05662493478648311,-56.08609653310632
501,2359.1039277641844,7.8137883654484845,0.05681202930540325,-55.165373731281115
502,2366.122432187941,7.715648324231923,0.05699889516925744,-54.22481142250218
503,2372.95463746892,7.620998338892798,0.05718550631738109,-53.26488983105799
504,2379.6009315604247,7.5300550323351425,0.057371836560517496,-52.28646009433218
505,2386.0691300866993,7.442737891615129,0.057557859594241374,-51.29007571283201
506,2392.344762847607,7.359189254203698,0.05774354901342932,-50.276363969582384
507,2398.435643817335,7.279492032432047,0.05792887832770908,-49.245951648834755
508,2404.334729282143,7.203714285357022,0.05811382097808997,-48.199539322110496
509,2410.0349744220102,7.131909220533431,0.058298350354501594,-47.13775278406419
510,2415.551618235123,7.0641374808446855,0.05848243981425713,-46.06129162268273
511,2420.862756602716,7.0004522895891075,0.05866606270144896,-44.97070637229495
512,2425.983625652091,6.940906880623283,0.0588491923671114,-43.86669565141887
513,2430.899746459212,6.8855693568611285,0.05903180219022909,-42.749957599910545
514,2435.6114950000815,6.834492978676559,0.05921386559927944,-41.62104131642561
515,2440.119245295912,6.787723594061564,0.059395356094438266,-40.48064399720416
516,2444.423369255379,6.745321925488481,0.059576247270289755,-39.3295366576467
517,2448.5168081640727,6.707326429973276,0.059756512838916906,-38.168267003681294
518,2452.3925008727574,6.673797870993963,0.0599361266532981,-36.99760513844885
519,2456.058240335102,6.644774750207782,0.060115062730914055,-35.81824643425091
520,2459.4995316937825,6.620303022672009,0.06029329527743848,-34.63081153878935
521,2462.724162220412,6.60043609866428,0.06047079871039684,-33.436069232188956
522,2465.7250594047,6.585212560451801,0.06064754768292164,-32.234639299772034
523,2468.495147498278,6.574671020811317,0.06082351710696152,-31.027215389613517
524,2471.0496324125925,6.56883526814638,0.06099868217638539,-29.81456501984515
525,2473.374003119008,6.567736553353576,0.06117301838980308,-28.597306735702237
526,2475.4834583082143,6.571398734934892,0.06134650157258625,-27.376132967828976
527,2477.3709078022703,6.579853137507245,0.061519107898552125,-26.15173575681093
528,2479.0366858265406,6.5931311252570906,0.06169081391075684,-24.924881044943078
529,2480.481122538264,6.611249247039641,0.06186159654158225,-23.69611155070972
530,2481.7119722641633,6.634224094872918,0.062031433132220926,-22.46634104551244
531,2482.7146999959473,6.662087162425568,0.0622003014507819,-21.236185811067543
532,2483.5044797482497,6.694840276694737,0.06236817970979838,-20.00655891655208
533,2484.0741960232135,6.732500169878708,0.06253504658252203,-18.778001676407545
534,2484.416728788109,6.775083624438186,0.0627008812181685,-17.551426494886005
535,2484.547238463804,6.8226149031980245,0.0628656632560811,-16.327448324238038
536,2484.4511674217993,6.875096037686693,0.06302937283858848,-15.10697894262755
537,2484.1436667462485,6.932529114915073,0.06319199062289413,-13.890558412683644
538,2483.6175977534995,6.99492370744178,0.06335349779155117,-12.678949359769764
539,2482.880673725899,7.062267161672811,0.06351387606194192,-11.472914131896
540,2481.9183181542535,7.134561741298401,0.06367310769429205,-10.273066243300237
541,2480.753091544497,7.211817200611716,0.0638311754987414,-9.080093235704375
542,2479.377836280805,7.294021072759406,0.06398806284114035,-7.894756689222011
543,2477.7853900523023,7.381168384775549,0.0641437536476428,-6.717691667964818
544,2475.9908709394367,7.473254230844409,0.064298232408284,-5.549577583313862
545,2473.994535707779,7.57024406049154,0.06445148417936203,-4.391041636731118
546,2471.789208212177,7.672140535305739,0.0646034945850183,-3.2427182580727822
547,2469.382564509649,7.7789092469829635,0.06475424981761566,-2.1052565455947034
548,2466.774847878333,7.890471290497766,0.06490373663731701,-0.9792757076472297
549,2463.9662972442466,8.00697068620789,0.06505194237091864,0.13456584173213287
550,2460.95714726386,8.128180113302868,0.06519885490973246,1.235641040074457
551,2457.762405871254,8.254244607639887,0.06534446270697947,2.3232867953112235
552,2454.367046545412,8.385015595744406,0.06548875477441686,3.39683957375802
553,2450.785672931333,8.520494013091524,0.06563172067855183,4.455633214901956
554,2447.0254564282727,8.660680877076903,0.06577335053638683,5.499016517822746
555,2443.078707939612,8.805503004827697,0.065913635010725,6.526316086722224
556,2438.9451630245862,8.95496158148589,0.06605256530541503,7.53686603148395
557,2434.64683869976,9.108983594445826,0.06619013316016685,8.530074809864555
558,2430.16860673712,9.267570401564125,0.06632633084554805,9.505246934010215
559,2425.517620564449,9.430649165321382,0.06646115115763093,10.461917233026757
560,2420.6936019601694,9.598221420953811,0.06659458741305169,11.39947199381563
561,2415.7111261966247,9.770140227031703,0.06672663344392839,12.317297514670814
562,2410.555052027073,9.946481584015633,0.06685728359322093,13.21500294227548
563,2405.239948571457,10.1270987342421,0.06698653271022957,14.091825990072447
564,2399.7729536435686,10.311993580392416,0.06711437614640102,14.947301476082979
565,2394.1389171230494,10.501093835896004,0.0672408097518093,15.78096417510376
566,2388.3523994732195,10.694401592800167,0.06736582987174197,16.592348804829744
567,2382.4205300490494,10.891696188577319,0.06748943334396848,17.380841444893548
568,2376.3355787989226,11.09305419141137,0.06761161749662356,18.146050940349763
569,2370.1046697101488,11.298403699902629,0.06773238014643342,18.887511753570724
570,2363.727495795028,11.50759862723982,0.06785171959783572,19.604758233595383
571,2357.211175820328,11.720641552326653,0.06796963464234242,20.29725031842109
572,2350.5628259781465,11.937386586338876,0.06808612455881727,20.96474493826585
573,2343.7821315489246,12.157836507249115,0.06820118911427672,21.60670173326164
574,2336.86877525724,12.381919909781226,0.06831482856519722,22.222877307159447
575,2329.8447223205676,12.60949120581834,0.06842704365958158,22.812953795482677
576,2322.69479363803,12.840553475264239,0.0685378356394917,23.376538851182644
577,2315.4409492767354,13.074961332332448,0.06864720624411497,23.913239913796087
578,2308.0754332968645,13.312643776297524,0.06875515771339871,24.422664195109007
579,2300.6053438245003,13.553604191683169,0.06886169279206977,24.90464151534748
580,2293.037776316991,13.7976232143842,0.06896681473413092,25.35877858787526
581,2285.379823523956,14.04470443275713,0.06907052730770688,25.784681855454423
582,2277.6311470938463,14.294702970126451,0.069172834800154,26.182031759551787
583,2269.7914058775177,14.547548335254069,0.06927374202335952,26.55058272620515
584,2261.875112579308,14.803244422243848,0.0693732543193623,26.889940301455137
585,2253.8819203046633,15.061498092876468,0.0694713775658847,27.199858271379245
586,2245.81147920812,15.322387727921688,0.06956811818200158,27.480015797704286
587,2237.6708647907203,15.5857689588506,0.06966348313371168,27.730314538043693
588,2229.474577847721,15.851497518017828,0.0697574799393074,27.950507214731054
589,2221.207402666436,16.119503521780885,0.0698501166747399,28.140420451803955
590,2212.891262129824,16.389717186557256,0.06994140197839772,28.299806194616522
591,2204.525790868916,16.661994544823763,0.07003134505568902,28.428564547117364
592,2196.110620271907,16.93626601156593,0.07011995568324493,28.526372341271014
593,2187.652806797484,17.212387816660236,0.07020724421240232,28.593203108684044
594,2179.1519752428994,17.490290571209023,0.07029322157226929,28.62895565038625
595,2170.622603769561,17.769830699808583,0.07037789927198057,28.63352830782241
596,2162.064310483812,18.050939006770296,0.07046128940240033,28.606818950547247
597,2153.476710126837,18.33347210827533,0.07054340463690625,28.548650680633273
598,2144.866842422522,18.61728671498068,0.0706242582312574,28.45906895481592
599,2136.241743733573,18.902388198071264,0.07070386402289598,28.33789587184773
600,2127.601018726886,19.188559170739268,0.07078223642896463,28.185175862125
601,2118.9591312882094,19.475731407085576,0.07085939044356711,28.00094753193766
602,2110.3008519718487,19.763764497851874,0.07093534163391406,27.785302053777453
603,2101.6555240328007,20.0525929088936,0.07101010613552336,27.53810190403081
604,2093.007917441146,20.34207691049421,0.07108370064632141,27.259431847759377
605,2084.365084100944,20.632076859585695,0.07115614241975356,26.949301794629815
606,2075.7415012270244,20.922527481915544,0.07122744925680259,26.607795356144155
607,2067.1293580319048,21.21336358715556,0.0712976394969256,26.234846985648648
608,2058.5431259257152,21.504371500455367,0.07136673200805857,25.830613386658776
609,2049.9898452239518,21.79548619495875,0.07143474617545822,25.39525065346496
610,2041.4542685658084,22.086568439750472,0.0715017018897092,24.928765695545735
611,2032.9657161949972,22.3774047982594,0.07156761953366055,24.43123907980206
612,2024.508935894654,22.668004760620754,0.07163251996844008,23.902750739093456
613,2016.0909582863817,22.958229324465336,0.07169642451873319,23.343454248094137
614,2007.7336686351375,23.24793956017682,0.07175935495697498,22.753576815963747
615,1999.4143802101337,23.536996609094334,0.07182133348706761,22.13334499583518
616,1991.16240300812,23.825335965169227,0.07188238272717366,21.483133245130976
617,1982.9699037268504,24.11289318956856,0.07194252569192987,20.80309250168492
618,1974.8439043990236,24.39960390873364,0.07200178577414211,20.09359587871486
619,1966.7839975286608,24.685180961884395,0.07206018672583335,19.354867241592682
620,1958.7972029829,24.96970866700479,0.07211775263902644,18.58720405295963
621,1950.897968186622,25.253048550743056,0.07217450792606056,17.79082880065466
622,1943.078454918588,25.534913629789532,0.07223047729964843,16.966111843481457
623,1935.3382529112284,25.815388393225632,0.07228568575270292,16.113348556286244
624,1927.6918084004976,26.09426024878942,0.07234015853813273,15.232759325869239
625,1920.1387109244429,26.371465221636488,0.07239392114851273,14.324638114226916
626,1912.6859785726456,26.6467908180342,0.072446999295774,13.389352455114931
627,1905.3257731324795,26.920173157035247,0.07249941889108164,12.427120600429072
628,1898.0799703851137,27.191474117594183,0.07255120602469724,11.438308651428848
629,1890.933305144514,27.460629903157283,0.07260238694636403,10.423430556276305
630,1883.9002265969384,27.727576755707528,0.07265298804574749,9.382850973889532
631,1876.9803283819815,27.992028102767566,0.07270303583337907,8.316933839136153
632,1870.1732054702743,28.25406882289455,0.0727525569220364,7.2261909283515955
633,1863.4933110352208,28.513486691597972,0.07280157800849121,6.110910440664817
634,1856.932814866476,28.77014379625907,0.07285012585588893,4.971602698176751
635,1850.4987452789255,29.024050817007783,0.07289822727673363,3.8087475815409184
636,1844.198132562468,29.27499560655412,0.07294590911625869,2.6228019581288535
637,1838.0305807742368,29.522988888516803,0.0729931982367593,1.414266537324498
638,1831.9956962232116,29.767818553693928,0.07304012150226624,0.1836413008924898
639,1826.1005159464528,30.009495358336228,0.0730867057641638,-1.0685967812739088
640,1820.344651126064,30.24780722036484,0.07313297784728909,-2.341950665592754
641,1814.7351438985045,30.48276491759473,0.0731789645368434,-3.635918090033848
642,1809.264182403973,30.714156383905216,0.07322469256603228,-4.94993214552382
643,1803.9536709793915,30.9419924074194,0.07327018860424675,-6.283420700620447
644,1798.7809467388226,31.16613521013605,0.07331547924608803,-7.635798970698354
645,1793.7679198509943,31.386372728558463,0.07336059100092411,-9.006497742877352
646,1788.9142184533869,31.602715744814027,0.07340555028315547,-10.394948516178884
647,1784.2120454111669,31.815026466236326,0.07345038340303987,-11.8005017861874
648,1779.668463418796,32.0231670894513,0.07349511655815123,-13.222716746879364
649,1775.2831099929645,32.22714836445171,0.07353977582530931,-14.66079673182617
650,1771.0704825602552,32.426832457646526,0.07358438715301356,-16.114242904488496
651,1767.015388755488,32.62222976871386,0.0736289763543699,-17.58233916272348
652,1763.1250060059297,32.813275134513624,0.07367356910035786,-19.06446394927367
653,1759.4065353926264,32.99990305225375,0.07371819091346336,-20.560075564464118
654,1755.8597529459887,33.182047990734524,0.07376286716165016,-22.068558699344486
655,1752.491866357273,33.359570103881026,0.07380762305247981,-23.589298712882183
656,1749.2878015851347,33.532552361788184,0.07385248362751302,-25.12153305828562
657,1746.2622013121322,33.70085484674308,0.07389747375675251,-26.664796976983386
658,1743.41485484581,33.86441188427593,0.0739426181332393,-28.218254939700238
659,1740.7455548202392,34.02308347320173,0.07398794126755771,-29.781369190211446
660,1738.2540971961537,34.17687813318159,0.07403346748235226,-31.353454036191767
661,1735.9402812607736,34.32565576777554,0.07407922090688882,-32.93382440771624
662,1733.81133797819,34.46935051202376,0.07412522547114038,-34.52187013188962
663,1731.85964493961,34.60797072953252,0.07417150490006302,-36.116833073097546
664,1730.092439766778,34.7413761590668,0.07421808270738812,-37.7180299739043
665,1728.5095350655808,34.869575045676335,0.07426498218914807,-39.324852445076125
666,1727.1033184328223,34.99250128732127,0.0743122264170572,-40.936618388233455
667,1725.8810375165992,35.11016299902968,0.07435983823132396,-42.55257198514412
668,1724.849943328682,35.22241965956303,0.07440784023323302,-44.17203225365969
669,1723.9950052102504,35.32920495911888,0.07445625477727871,-45.794393036287616
670,1723.3309093040273,35.43060108005234,0.07450510396289328,-47.41890013790002
671,1722.8500601270644,35.52654156011041,0.07455440962565528,-49.04487416410535
672,1722.5522940006244,35.61688557320542,0.07460419332820131,-50.671710508764605
673,1722.4374507332968,35.70171506072425,0.07465447635054007,-52.298582207154574
674,1722.5053736589289,35.78096331134471,0.07470527968003188,-53.92495990732069
675,1722.7633380294071,35.85456352540052,0.07475662400086182,-55.55001758856055
676,1723.2037660110009,35.922523095776086,0.07480852968307657,-57.17307824861683
677,1723.8265117866897,35.98484932183018,0.074861016771265,-58.793539606034045
678,1724.6240049115872,36.04140083985202,0.07491410497281965,-60.410502668193885
679,1725.610963774014,36.092184754568926,0.07496781364577726,-62.02329170107721
680,1726.779825557983,36.137208069676376,0.07502216178650449,-63.631231363705794
681,1728.1230313615551,36.17632911840704,0.07507716801680385,-65.23342384229778
682,1729.640454617979,36.20962897865724,0.07513285057110262,-66.82926881917103
683,1731.33940116949,36.236965769627325,0.07518922728314391,-68.41794347234385
684,1733.219752643092,36.258420350534216,0.07524631557262931,-69.99892244391343
685,1735.2665381786364,36.27407346784505,0.07530413243181326,-71.5715321226544
686,1737.4870762599508,36.283857186058015,0.07536269441189573,-73.1347277768889
687,1739.8812613947632,36.2879263030463,0.07542201760951767,-74.6887277746932
688,1742.4489925464015,36.28613836341889,0.07548211765319766,-76.23285934526339
689,1745.1901732151985,36.278647924466846,0.07554300968999432,-77.76570712865524
690,1748.0972831690679,36.265535136625765,0.07560470837224341,-79.28659882837884
691,1751.1702352236623,36.246657174495965,0.07566722784446997,-80.79560519376393
692,1754.4089469700584,36.222093935933486,0.07573058173069337,-82.29205433210834
693,1757.81334085039,36.191850906168234,0.07579478312196063,-83.77527452574654
694,1761.3759158803782,36.156007722989955,0.07585984456435449,-85.24385137892583
695,1765.1040327694532,36.11449532447608,0.0759257780472911,-86.69785630465185
696,1768.9753438846892,36.067244514286806,0.0759925949924527,-88.13587516624112
697,1773.0120768142883,36.01448309402146,0.07606030624317005,-89.55797959896752
698,1777.1918942206298,35.95606731009915,0.07612892205443526,-90.9627556514151
699,1781.5296057436767,35.892076120240326,0.07619845208349436,-92.3502751069489
700,1786.0103128935607,35.82258834147961,0.07626890538105953,-93.71986695994116
701,1790.6340181823086,35.74760743359201,0.07634029038337281,-95.07085965294254
702,1795.393457079924,35.66713298628143,0.07641261490480833,-96.40257932058815
703,1800.29626611559,35.58131207984487,0.07648588613129552,-97.71509434307447
704,1805.3426588534116,35.49006879807814,0.07656011061463967,-99.00624456629332
705,1810.5105692026536,35.39354992812176,0.07663529426736158,-100.27684112813144
706,1815.8225065732083,35.29175354184403,0.07671144235861267,-101.52546659441732
707,1821.256415668176,35.184826128812865,0.07678855951076699,-102.75218911517636
708,1826.81253162398,35.07261689430954,0.07686664969675268,-103.95707673572905
709,1832.4985232899917,34.955420593450484,0.07694571623843038,-105.13796887279165
710,1838.2997797999465,34.833160411825524,0.07702576180549647,-106.29567614086504
711,1844.2165522879675,34.70590794925112,0.0771067884153772,-107.42952332334444
712,1850.2565254955637,34.57373465207195,0.07718879743383741,-108.53809218885972
713,1856.3976759702816,34.43663752903686,0.07727178957633142,-109.62144997772982
714,1862.64769881046,34.29476200125756,0.07735576491007337,-110.67892087833908
715,1869.0068658498433,34.148104767723545,0.07744072285689924,-111.7105716787188
716,1875.4605972365923,33.99666237190641,0.07752666219673161,-112.71572607811636
717,1882.0091747572865,33.84050548493731,0.07761358107168771,-113.69296466870944
718,1888.6528850535008,33.67970462185538,0.07770147699084286,-114.64235342249702
719,1895.3845911831368,33.51440442493845,0.07779034683548379,-115.56321516814909
720,1902.2045892273925,33.3446008131013,0.0778801868650095,-116.4563580781218
721,1909.1057514920883,33.170512399392635,0.07797099272315217,-117.32036147569364
722,1916.0883831058056,32.99213479004358,0.07806275944477935,-118.15528999237917
723,1923.1527935635515,32.809686285626114,0.0781554814630157,-118.96120788030096
724,1930.2918682672105,32.62323646376438,0.07824915261670842,-119.73743615972532
725,1937.5059251140096,32.43285474644436,0.07834376615824516,-120.48329543679182
726,1944.7878576817563,32.23861040040017,0.07843931476155169,-121.19959155641779
727,1952.13799181334,32.0406468210844,0.07853579053034845,-121.88490141018178
728,1959.5566571492404,31.83895868271092,0.07863318500659054,-122.5400299296422
729,1967.0219019587769,31.633763356400028,0.07873148917894368,-123.16281022449483
730,1974.5489198238176,31.42498092637636,0.07883069349142596,-123.7547890813003
731,1982.13062271864,31.212828458787126,0.0789307878520547,-124.31528426696008
732,1989.7524975928927,30.997300018065918,0.07903176164148742,-124.8428701826223
733,1997.422319656052,30.77861236891179,0.07913360372163497,-125.33834918782065
734,2005.1330105110048,30.556684992819005,0.07923630244421803,-125.80029457455242
735,2012.8700663908728,30.33180864072932,0.07933984565922966,-126.23025039687457
736,2020.6486997988757,30.104051066224407,0.0794442207232976,-126.62678877532385
737,2028.4469842470353,29.8734055938256,0.07954941450786263,-126.98996689188986
738,2036.2727093019728,29.64008825438035,0.07965541340724713,-127.31984130499691
739,2044.1188103797376,29.40416636900791,0.07976220334647141,-127.61572509972478
740,2051.978225345615,29.16578140114554,0.07986976978903318,-127.87693070829796
741,2059.843894416534,28.925074674665364,0.07997809774431601,-128.10499840085063
742,2067.7161884169204,28.68211309207059,0.08008717177494495,-128.29923926119568
743,2075.5954803372965,28.43703770327828,0.08019697600383542,-128.4589636780554
744,2083.4672885458945,28.18998942397248,0.08030749412116392,-128.584224166484
745,2091.3319901049967,27.941109037537117,0.08041870939105027,-128.6750725194883
746,2099.1825356387058,27.690462913562488,0.08053060465810585,-128.73230262995216
747,2107.0193059550165,27.438191576934383,0.08064316235381636,-128.7544791376976
748,2114.8352552698298,27.1843611429872,0.08075636450281681,-128.74239442706272
749,2122.630767834711,26.929111886739935,0.08087019272898428,-128.69609727450407
750,2130.398801166207,26.672583961696468,0.08098462826142294,-128.61563567160536
751,2138.1323224978423,26.41484253044206,0.08109965194038297,-128.5003085026711
752,2145.8243332231623,26.15602456926871,0.08121524422320121,-128.3501347763847
753,2153.482701023345,25.896192068501783,0.08133138519006447,-128.16661287666375
754,2161.100438234023,25.635481190355048,0.08144805454988854,-127.94826901734464
755,2168.6705584843608,25.37410227157164,0.08156523164619528,-127.69585707685702
756,2176.1860766364484,25.11211697562098,0.08168289546303699,-127.40938724795006
757,2183.6622937758934,24.849735429475054,0.0818010246310439,-127.08886886287736
758,2191.084798700032,24.586944808922578,0.08191959743355813,-126.735796053949
759,2198.4540379591176,24.32402932597203,0.0820385918129472,-126.348690734234
760,2205.7630307446534,24.061050247276935,0.08215798537712382,-125.92830243394576
761,2213.012225527992,23.79814303114441,0.0822777554062478,-125.47463695191892
762,2220.194643296605,23.535368763582866,0.08239787885965418,-124.9876991825857
763,2227.3107341896825,23.27286272841224,0.08251833238316826,-124.46823594333485
764,2234.346092380473,23.01068584341536,0.08263909231653875,-123.9147646271361
765,2241.3011694080574,22.74904751405116,0.08276013470135311,-123.32877304083844
766,2248.176417405012,22.48800850269829,0.08288143528923576,-122.70951955352459
767,2254.9574323221655,22.227555215457738,0.08300296955034288,-122.05700443055512
768,2261.6520956019767,21.967971123009995,0.08312471268239742,-121.37122699290936
769,2268.238575645535,21.70939106298829,0.08324663961995131,-120.65367128203081
770,2274.7321828799963,21.451875526910996,0.08336872504413577,-119.9043347149592
771,2281.118514517784,21.19555923065688,0.0834909433928363,-119.12321375005682
772,2287.3905962154195,20.940651117974284,0.08361326887122057,-118.31030388313502
773,2293.5563103273753,20.687211513520094,0.08373567546280741,-117.4670853140887
774,2299.601254054392,20.435374976949984,0.083858136940768,-116.59355160384412
775,2305.5258810902014,20.185276023033055,0.08398062687981454,-115.68969534192657
776,2311.338073162682,19.937049125302355,0.08410311866844367,-114.75699381450356
777,2317.030854870456,19.690754436234798,0.08422558552149774,-113.7946948277339
778,2322.604678617018,19.446526357969113,0.08434800049325662,-112.80427371687774
779,2328.059996139978,19.20442497904316,0.0844703364907734,-111.78497633559672
780,2333.389830036568,18.96465892867159,0.08459256628762997,-110.7390189010744
781,2338.602058686576,18.72721396303035,0.08471466253798778,-109.6656453142598
782,2343.6822743699086,18.492224386591428,0.08483659779096579,-108.56558417096313
783,2348.638353233754,18.2598244889644,0.0849583445052774,-107.4380774232064
784,2353.45588505386,18.030074265263266,0.08507987506414395,-106.28459455630588
785,2358.13531484596,17.803033703499967,0.0852011617904288,-105.10437558118936
786,2362.662229322641,17.578837071998244,0.08532217696190021,-103.89740237747407
787,2367.0444985004965,17.357544356319057,0.08544289282681093,-102.66514153198088
788,2371.275133803146,17.139289830213908,0.08556328161939075,-101.40608733258652
789,2375.3397162644983,16.924207776087066,0.08568331557561763,-100.12244728796227
790,2379.253538132117,16.712358205472995,0.08580296694899363,-98.81345661737448
791,2383.002175916842,16.503949713537764,0.08592220802623987,-97.48206377144592
792,2386.5934886960495,16.299116632577746,0.08604101114317049,-96.12750208795053
793,2390.0204762142075,16.097993319539526,0.0861593487003555,-94.75123247856521
794,2393.283563786118,15.90063987654433,0.08627719317881581,-93.35397209582563
795,2396.3757454500173,15.707265005430719,0.08639451715555906,-91.93718001073272
796,2399.3048688734084,15.517854594283808,0.08651129331895789,-90.50008588070611
797,2402.071350159283,15.332468855492005,0.08662749448404662,-89.04414696828077
798,2404.668173705362,15.151168046294757,0.08674309360748182,-87.56933397501619
799,2407.10317711672,14.974012472834396,0.08685806380239375,-86.07635955608835
800,2409.369337669664,14.801062494208008,0.08697237835292893,-84.56444982520857
801,2411.467037072184,14.632304590230488,0.08708601072852054,-83.03579651279762
802,2413.4040008603083,14.467726690629892,0.08719893459786854,-81.48959970939296
803,2415.165645348456,14.307614271451545,0.08731112384260717,-79.92653947450414
804,2416.7596677695224,14.151881460353028,0.08742255257061461,-78.34803787586142
805,2418.171476057957,14.000813875652497,0.08753319512900158,-76.75328766158967
806,2419.393902140076,13.854400078817571,0.0876430261167433,-75.14445211808949
807,2420.427201828308,13.712777279477798,0.08775202039688419,-73.51997956794139
808,2421.2716263703182,13.576082772400657,0.08786015310845126,-71.88277456872385
809,2421.9199940033864,13.444379657951535,0.08796739967791643,-70.23202674168529
810,2422.3725465649336,13.31773112953762,0.08807373583027603,-68.56841063126042
811,2422.629521057787,13.196200477525778,0.08817913759981598,-66.89349145177515
812,2422.7060062717364,13.079702526129504,0.08828358134039982,-65.20786801498217
813,2422.594800958934,12.968375054784795,0.08838704373544494,-63.512435565063846
814,2422.3035555173897,12.862207384469887,0.08848950180749286,-61.80801437693148
815,2421.839915228297,12.76118894850872,0.08859093292740744,-60.09542405587906
816,2421.20409184914,12.665457863337888,0.08869131482329332,-58.37548355406336
817,2420.388863562515,12.5750037982195,0.08879062558892464,-56.64863976978805
818,2419.3944316308257,12.489890829429546,0.08888884369198982,-54.91504184810803
819,2418.2135636552207,12.410108876889092,0.0889859479819646,-53.175061182741935
820,2416.839021890408,12.335870841763168,0.08908191769761069,-51.42906858324097
821,2415.263563214153,12.267092625481746,0.08917673247435919,-49.677360009432405
822,2413.4873674518262,12.203913117742994,0.0892703723512275,-47.920156589622955
823,2411.5031806547636,12.146322782430648,0.08936281777762192,-46.15790177305795
824,2409.31860013426,12.094386511493019,0.08945404961985198,-44.39155848261446
825,2406.941217748468,12.04809506124834,0.08954404916744625,-42.62223771619406
826,2404.3711915434646,12.007513622636347,0.08963279813922627,-40.85104999883384
827,2401.6161024487574,11.972558973890871,0.08972027868925325,-39.07910540202152
828,2398.6760975752236,11.943296617661009,0.08980647341257034,-37.307364996193584
829,2395.56617526749,11.919717933543298,0.08989136535078547,-35.53701228792772
830,2392.286471707501,11.90188874805242,0.0899749379975586,-33.76900753877393
831,2388.837117622268,11.889726487003188,0.09005717530393681,-32.0036420842411
832,2385.210809943309,11.8832973123315,0.09013806168353779,-30.241355472471174
833,2381.4002401687703,11.882667557819508,0.09021758201772499,-28.482289783506072
834,2377.41295107775,11.887829448240566,0.09029572166060695,-26.72673535071005
835,2373.2341949945894,11.898775385424337,0.09037246644402344,-24.975056497790572
836,2368.856647206891,11.915572234235368,0.09044780268237967,-23.227394425418776
837,2364.2878343340817,11.938212757955691,0.09052171717751038,-21.48426149997817
838,2359.5352776462846,11.966689904085017,0.0905941972233772,-19.74631842387595
839,2354.5842080338325,12.000922523044432,0.09066523061076127,-18.014597106951182
840,2349.464421180485,12.040903937294676,0.09073480563190944,-16.289906419430032
841,2344.168565732205,12.086553376350436,0.09080291108505228,-14.573277913983093
842,2338.7041417708333,12.13786454570941,0.09086953627892191,-12.865520145813107
843,2333.071215785538,12.194757061675208,0.09093467103716361,-11.167590111324028
844,2327.2921340961875,12.257150736590855,0.09099830570265555,-9.480370418817776
845,2321.34466772355,12.325114147477047,0.09106043114181529,-7.804297892228
846,2315.243724264484,12.398641787059749,0.09112103874872361,-6.140009858874588
847,2308.974492762068,12.477802632211649,0.09118012044923005,-4.487891041412601
848,2302.544442179643,12.562517294782168,0.09123766870488208,-2.8484672817363625
849,2295.9461796717155,12.652855156845908,0.09129367651678132,-1.222213910905963
850,2289.1723073064954,12.748811521334463,0.0913481374292461,0.3903773743196075
851,2282.2376711155043,12.850457199675327,0.09140104553338392,1.9888353559594707
852,2275.134682944739,12.957570154001761,0.09145239547048344,3.5727233024679435
853,2267.8705702968414,13.070152423732264,0.09150218243515347,5.141610061560599
854,2260.445127325169,13.188057689209042,0.09155040217843172,6.695064371998944
855,2252.8804282566275,13.3112141228527,0.09159705101051357,8.232654842176096
856,2245.161400611664,13.439550106209733,0.0916421258033412,9.75398707045705
857,2237.3101087289965,13.572845663401177,0.0916856239929641,11.258621911921615
858,2229.3263269861905,13.711178162495546,0.09172754358162681,12.746045743568832
859,2221.2098248734405,13.85440233125452,0.0917678831395732,14.215521875930348
860,2212.9603670171778,14.002595958317004,0.09180664180658833,15.66631338221255
861,2204.5851415546194,14.155688475762608,0.091843819293264,17.097608793448234
862,2196.0764751081574,14.313609526100404,0.09187941588194416,18.508596360676407
863,2187.448974562704,14.476511812668964,0.09191343242731542,19.898538317148887
864,2178.694956991384,14.644251114921037,0.0919458703567622,21.266548006557684
865,2169.814163084974,14.816831989151448,0.0919767316702703,22.612035562819745
866,2160.8211855319655,14.99418491761404,0.09200601894012081,23.93470788888628
867,2151.700898948391,15.17624059156128,0.09203373531010177,25.234642919098768
868,2142.46045836255,15.362855627192264,0.0920598844944744,26.511546763067212
869,2133.1070141990267,15.55396113202268,0.09208447077647616,27.765496519653446
870,2123.632855614867,15.749562704164903,0.09210749900656649,28.99627170446832
871,2114.0451239392905,15.949443297514163,0.0921289746002621,30.203874213476915
872,2104.3509560140633,16.153534638374037,0.09214890353557646,31.388156884648648
873,2094.5426275361383,16.3616943739793,0.09216729235017428,32.548600626695055
874,2084.6346948544165,16.57392892195198,0.09218414813808289,33.6848343829235
875,2074.626853266481,16.790096335158434,0.09219947854612943,34.796263693160334
876,2064.52622211989,17.01005486750066,0.09221329176996072,35.88251637431056
877,2054.3324881648527,17.233662972622,0.09222559654977526,36.9429225155038
878,2044.0676190111249,17.46085358603523,0.0922364021657004,37.97718300940975
879,2033.71643638466,17.691559840165745,0.09224571843282495,38.984700980649
880,2023.2934713413435,17.925640779314868,0.09225355569594552,39.96510175039637
881,2012.7909658795872,18.163029925051013,0.09225992482397952,40.91793568262108
882,2002.2234431090596,18.40373527451608,0.09226483720409888,41.84282673151969
883,1991.583137219341,18.647542164641983,0.0922683047356044,42.739249571627504
884,1980.869706954004,18.894533254814775,0.09227033982346797,43.60690099615496
885,1970.0902356866152,19.144568540423432,0.09227095537166904,44.44525419701637
886,1959.2443747991692,19.39750820135309,0.09227016477626819,45.25400444712312
887,1948.3317721141725,19.65336116689496,0.09226798191822656,46.0330690819124
888,1937.3669286798545,19.911987979559647,0.09226442115607883,46.78243891413685
889,1926.3346287562265,20.173175076321428,0.09225949731828739,47.502252499444445
890,1915.256795057692,20.436931920287407,0.09225322569550468,48.19235041774
891,1904.1256336939116,20.70311958076144,0.09224562203258709,48.852869523897795
892,1892.9482043671069,20.97159929774193,0.09223670252049053,49.48372294627015
893,1881.7241354197488,21.242306762833216,0.09222648378795006,50.08497148757666
894,1870.467908986304,21.514954982559615,0.0922149828930924,50.65652647463912
895,1859.164290995212,21.789628543624417,0.09220221731484204,51.19822402601479
896,1847.8351864270144,22.066040775037926,0.09218820494423129,51.71012217054028
897,1836.4727842702928,22.34412801320432,0.09217296407559417,52.19205513127136
898,1825.0841277335771,22.62375246489161,0.0921565133976356,52.64393044488562
899,1813.6762576573808,22.904702204124447,0.09213887198445667,53.06572894753037
900,1802.2487842785115,23.186988302999247,0.09212005928641336,53.457281910635
901,1790.8013052515603,23.47032546113635,0.09210009512089112,53.8185632917972
902,1779.3482311320026,23.754728122085904,0.09207899966310595,54.149526545294826
903,1767.8891034309027,24.04006291709741,0.09205679343663904,54.44997065270922
904,1756.4234618822377,24.326196611325322,0.09203349730412531,54.71991639873714
905,1744.9582729162419,24.61299610019429,0.09200913245764167,54.95923494259503
906,1733.4930730833607,24.90047697268142,0.09198372040917939,55.16779637450348
907,1722.0422542307197,25.188357806491428,0.09195728298101517,55.345543989245265
908,1710.5979218777354,25.47658014867761,0.09192984229595476,55.49256856031086
909,1699.1670370952554,25.76515994465439,0.09190142076756158,55.60888548063319
910,1687.7491315836091,26.053890400119787,0.09187204109032816,55.69458332144392
911,1676.3511645027063,26.342639110914053,0.0918417262297085,55.749749541240995
912,1664.9800942520667,26.631348058785484,0.09181049941215624,55.77447047888506
913,1653.635450251412,26.919959323572687,0.0917783841150212,55.768831347330064
914,1642.3167614222123,27.208266511804588,0.09174540405640653,55.73284194449128
915,1631.0235563193119,27.496211886237752,0.09171158318494536,55.66665949876809
916,1619.77021996328,27.783737794302937,0.09167694566949713,55.5704400977033
917,1608.5488522211188,28.070563812975607,0.09164151588870764,55.444190117293374
918,1597.3589813392107,28.356706728600248,0.09160531842056749,55.28821191997189
919,1586.2149924254063,28.641960547611134,0.09156837803183494,55.10250958421056
920,1575.1164141796291,28.9262679092173,0.09153071966736029,54.88723460380768
921,1564.0553473753948,29.209422946502208,0.0914923684393488,54.64253731980632
922,1553.046178391634,29.491368415483613,0.09145334961649475,54.3687897705718
923,1542.095865941964,29.77204712310194,0.09141368861310002,54.06621427449127
924,1531.1890845037994,30.051327638658364,0.09137341097799373,53.73518056483256
925,1520.3476512492036,30.32900428870588,0.09133254238342227,53.37598294071545
926,1509.5636710206215,30.605094285904663,0.09129110861390989,52.989063119720385
927,1498.8441065594025,30.879392022810908,0.09124913555487336,52.57463882309062
928,1488.195921931252,31.151914767657622,0.09120664918135793,52.13307519656356
929,1477.6186543007823,31.42245695807195,0.09116367554652077,51.66466196377517
930,1467.1118424053016,31.690887329788,0.0911202407701196,51.16961343075423
931,1456.675026677012,31.957148911324385,0.09107637102696582,50.64821705799108
932,1446.3226060642733,32.221110451636044,0.0910320925352235,50.100684899053526
933,1436.0466963995952,32.48271498175948,0.09098743154475693,49.52737645725847
934,1425.8542722685315,32.74168267543115,0.09094241432535383,48.92842727485304
935,1415.7448820748887,32.99803082822552,0.09089706715498672,48.30419464123781
936,1405.718076505184,33.25155386765526,0.09085141630798092,47.6549604666651
937,1395.7808369912725,33.50226904880511,0.09080548804319,46.981154140939104
938,1385.932719120331,33.750045031444074,0.09075930859218807,46.28305540806776
939,1376.1807094438868,33.994750441665126,0.09071290414744977,45.56109150938805
940,1366.516940533577,34.23617958303205,0.09066630085054447,44.81561434261159
941,1356.9558328368475,34.474423848759756,0.0906195247803643,44.04690047179986
942,1347.4895246777755,34.709277448385144,0.09057260194140809,43.25537398825348
943,1338.1250141084952,34.940608819997315,0.0905255582521032,42.4414579542804
944,1328.8618739564167,35.168434908488685,0.09047841953319079,41.60564869784759
945,1319.7071086204744,35.39262402632827,0.09043121149623917,40.748292973584455
946,1310.6528691138672,35.61311869889098,0.09038395973215363,39.86988510865078
947,1301.7135949065303,35.82971280881375,0.09033668969991925,38.9709184479234
948,1292.8814439125615,36.042497291919645,0.090289426715352,38.0518110830055
949,1284.1560059778596,36.251340147657935,0.09024219594000353,37.112905865046095
950,1275.551731314707,36.45610928462076,0.09019502237028304,36.15484183536809
951,1267.0608039423123,36.656672210146446,0.09014793082660058,35.17788083499407
952,1258.6829004968126,36.85304367606379,0.09010094594280608,34.18256151278807
953,1250.425144979508,37.04508945624416,0.09005409215565978,33.16919391193286
954,1242.2798086716004,37.23274949781207,0.09000739369461595,32.13831003749249
955,1234.26145195845,37.4158893494468,0.08996087457170852,31.090292453343928
956,1226.3623542988923,37.594448723760046,0.08991455857162635,30.02559714737041
957,1218.5896560451436,37.76836720923375,0.0898684692420587,28.94467926288031
958,1210.9356451083368,37.93765854923227,0.08982262988416033,27.848215964266856
959,1203.4074704239843,38.10218778707504,0.08977706354328574,26.736809318376647
960,1196.012285313908,38.26204267920114,0.0897317929999112,25.61098631011169
961,1188.7423908461913,38.41701370637656,0.08968684076075262,24.47127314175484
962,1181.6049492947052,38.56718833751241,0.08964222905012918,23.31834381601737
963,1174.599699145009,38.71250532452265,0.08959797980152896,22.152797301793
964,1167.7263834994349,38.85282898177369,0.08955411464938413,20.975008983633487
965,1160.9847501301597,38.98824631611685,0.08951065492105198,19.785502095961927
966,1154.3745515305739,39.118547038468506,0.08946762162903132,18.58479917299008
967,1147.9029733152483,39.243743544500646,0.08942503546335713,17.373422065864773
968,1141.562349217308,39.36377377687944,0.08938291678418445,16.151817676538514
969,1135.3598745360132,39.478575505091456,0.08934128561463738,14.92050654237784
970,1129.2953211310971,39.588012038340175,0.08930016163375928,13.679934286995527
971,1123.3610374664115,39.692243639532336,0.08925956416971738,12.43069448883339
972,1117.5642337029215,39.791058970303816,0.08921951219314163,11.173380132475122
973,1111.9046966888327,39.88446935566241,0.08918002431068225,9.908435060206186
974,1106.3896466996507,39.972560213679365,0.08914111875867113,8.636451124840638
975,1101.0040240754315,40.055119634746994,0.08910281339700793,7.358093925292019
976,1095.7550593592655,40.13230692994452,0.08906512570313725,6.073731408395489
977,1090.6499882822447,40.20390979292909,0.08902807276621881,4.784102440030872
978,1085.6811950974395,40.270087131949374,0.0889916712814196,3.4895739899682234
979,1080.8484976638706,40.33077479888641,0.0889559375443259,2.190765133433529
980,1076.1591474784866,40.38583415339143,0.08892088744545862,0.8881607973179371
981,1071.6055446561284,40.43549776110556,0.08888653646499224,-0.41772479541383056
982,1067.1875230097085,40.479552272408874,0.08885289966749804,-1.7263703897883
983,1062.9049217280815,40.51815553829626,0.08881999169684333,-3.037255105902682
984,1058.7650137530695,40.551168056275486,0.08878782677115411,-4.349881445253952
985,1054.7602207540967,40.578598668874605,0.08875641867798355,-5.663778983071172
986,1050.890398202886,40.6004559942025,0.08872578076943273,-6.97848948948672
987,1047.1628353959027,40.616748423587126,0.08869592595750812,-8.293566907124152
988,1043.5699704244892,40.62733555228277,0.08866686670948201,-9.608558757529064
989,1040.111675244858,40.63237387827176,0.08863861504340317,-10.923012803713217
990,1036.7878273453712,40.6316482486039,0.08861118252372571,-12.236417600108307
991,1033.598309762269,40.625240408857714,0.08858458025696289,-13.548425319562147
992,1030.5504394437576,40.61323186714655,0.08855881888752215,-14.858376315151029
993,1027.6292538608627,40.59548104170616,0.08853390859367508,-16.16575965387148
994,1024.8495094689479,40.572143243587895,0.08850985908352729,-17.469915958363615
995,1022.1962549132988,40.54322497390111,0.08848667959126832,-18.770408799924606
996,1019.6768294861696,40.50873248915956,0.08846437887341292,-20.066578972773907
997,1017.291149728681,40.46859751620567,0.08844296520528135,-21.35791588663788
998,1015.0391377814695,40.42290010123234,0.0884224463775964,-22.64383469112045
999,1012.913293032231,40.37172004138196,0.08840282969323393,-23.92360196689969
1000,1010.9209771615476,40.314988316436974,0.088384121964161,-25.19670711777651
1001,1009.0473004607622,40.2527089533748,0.08836632950853338,-26.462491234077703
1002,1007.3072045036448,40.184881787524326,0.08834945814802848,-27.720296553499296
1003,1005.6859511001716,40.11150541577744,0.08833351320533676,-28.96946551568531
1004,1004.1910926546605,40.032578180417005,0.0883184995018899,-30.209414713270817
1005,1002.8079020443334,39.948098168306096,0.08830442135583702,-31.439560582377275
1006,1001.5513710478637,39.85821177718847,0.08829128258023361,-32.65954222707148
1007,1000.4067835168426,39.763065148087406,0.08827908648152152,-33.86914710979034
1008,999.3817137976058,39.66280416482077,0.08826783585820969,-35.06823674176384
1009,998.4763132968579,39.557574453629535,0.08825753299992227,-36.25644952295241
1010,997.675882094568,39.44759566642468,0.08824817968666393,-37.43357213355165
1011,996.995439005089,39.332864346640065,0.08823977718841594,-38.599316657546176
1012,996.4202947312377,39.21359963023071,0.08823232626504306,-39.753543407371495
1013,995.9506219183296,39.08972326126159,0.08822582716649227,-40.89588948067296
1014,995.60145510316,38.961231009651215,0.08822027963335563,-42.025843018221046
1015,995.3506922077098,38.82796982102221,0.08821568289774678,-43.14311459600216
1016,995.2133779835901,38.69000923470057,0.08821203568450654,-44.24734006597594
1017,995.1897054987779,38.54712139981559,0.0882093362127798,-45.33815481455816
1018,995.2650160726852,38.39930106056655,0.08820758219790398,-46.4151194543344
1019,995.4469409591309,38.24661699010066,0.08820677085370156,-47.4778683665403
1020,995.735687873792,38.088989141022886,0.0882068988950599,-48.52573825930504
1021,996.1240409194753,37.92678291456896,0.08820796254089758,-49.5581395612224
1022,996.6122172088029,37.75999204336741,0.0882099575175042,-50.57448211423025
1023,997.1855817326797,37.58883286088605,0.08821287906215475,-51.574026583330685
1024,997.8592173781644,37.41344716898597,0.0882167219271411,-52.55625585119044
1025,998.6110696898686,37.23405080662796,0.08822148038407843,-53.52042929459425
1026,999.4562302835353,37.05071080120405,0.08822714822860168,-54.46602846332639
1027,1000.3800816024363,36.8634939375187,0.08823371878531713,-55.393202759466334
1028,1001.382866925246,36.67246675990163,0.08824118491309652,-56.30195229757118
1029,1002.4796902703096,36.47769557445656,0.08824953901065413,-57.192425017838765
1030,1003.6485178462162,36.27917216794226,0.08825877302244102,-58.06476809871209
1031,1004.904461454849,36.07703666079723,0.08826887844478112,-58.919202220458814
1032,1006.232923238092,35.87128037577909,0.08827984633226364,-59.755724411716606
1033,1007.6490223773612,35.661968691251886,0.08829166730440131,-60.5744794480484
1034,1009.138168187894,35.44916676059193,0.0883043315524992,-61.37494271495333
1035,1010.7080584657192,35.23308808222755,0.08831782884670349,-62.15651445792771
1036,1012.34410928048,35.013797368788026,0.08833214854329528,-62.91866833201891
1037,1014.0391682700372,34.79143340089133,0.08834727959218289,-63.66080281788224
1038,1015.8083712340128,34.56613474704106,0.088363210544419,-64.38238977236384
1039,1017.637143574688,34.338039767141524,0.08837992956000444,-65.08290012909465
1040,1019.518341940665,34.10713804912094,0.08839742441573893,-65.76172959960422
1041,1021.4596824694332,33.8736418301818,0.08841568251314147,-66.41886720997942
1042,1023.4540272787324,33.63739173262508,0.08843469088658513,-67.05430101850047
1043,1025.494241059596,33.39852531931993,0.08845443621134637,-67.66779525130697
1044,1027.5954760199377,33.15703139673532,0.08847490481182067,-68.26000454162508
1045,1029.743173326047,32.91282430258481,0.08849608266968355,-68.83024541189415
1046,1031.9376330978334,32.66611532757342,0.08851795543215582,-69.37931903457269
1047,1034.179157602662,32.416744168197745,0.08854050842026105,-69.90653988025315
1048,1036.4680511503464,32.16492176617788,0.08856372663699195,-70.41196421145179
1049,1038.7971916386116,31.91093317893511,0.0885875947755462,-70.89490440176729
1050,1041.1668871500742,31.65491473364856,0.08861209722754858,-71.35690026567794
1051,1043.5700321424163,31.397076194640658,0.08863721809113939,-71.79725821173257
1052,1046.0070030271793,31.137475854298128,0.08866294117908248,-72.21526825776438
1053,1048.4781907382323,30.87646830213581,0.0886892500268439,-72.61095833755921
1054,1050.9839876381075,30.614185132870972,0.08871612790054748,-72.9843552842593
1055,1053.5099307180278,30.350683518318707,0.08874355780488721,-73.33622765743536
1056,1056.063843250458,30.08602049583878,0.08877152249100524,-73.66585723051021
1057,1058.6386929398736,29.820327256833085,0.08880000446426854,-73.97252465375213
1058,1061.2348768761965,29.553660584782513,0.08882898599203014,-74.2577379527331
1059,1063.845364737587,29.286077143835158,0.08885844911125064,-74.5200326769707
1060,1066.4779837450187,29.01770776743488,0.08888837563610227,-74.75942890432451
1061,1069.1257051655475,28.748608896479748,0.08891874716555898,-74.97743123566643
1062,1071.7889292676928,28.47891115152478,0.08894954509083437,-75.17182894479645
1063,1074.4606285258335,28.20859648750371,0.08898075060288599,-75.34486715922522
1064,1077.1412042257718,27.937869616499487,0.08901234469983128,-75.49507567082017
1065,1079.823629669351,27.66678659551607,0.08904430819431274,-75.62246877731293
1066,1082.515735130288,27.395403398791295,0.0890766217209171,-75.72854527904124
1067,1085.2030660078467,27.12385020662896,0.08910926574352246,-75.81183146594901
1068,1087.9008811832591,26.852257127245,0.08914222056271921,-75.87308096031948
1069,1090.5872977717768,26.580679918631212,0.08917546632318665,-75.9123033746414
1070,1093.277574529012,26.30924856094177,0.08920898302114363,-75.92950714500867
1071,1095.957256601962,26.038018694883647,0.08924275051183203,-75.92469952990595
1072,1098.6341738833755,25.767194477631588,0.08927674851702759,-75.89862944443148
1073,1101.2938708121317,25.49683145423632,0.08931095663266969,-75.85055895483505
1074,1103.9441763757902,25.2270594135596,0.0893453543365607,-75.78123461865005
1075,1106.5780622595103,24.958008110207324,0.08937992099613526,-75.6906589800727
1076,1109.2033561462647,24.689732986469725,0.08941463587631066,-75.57809057084364
1077,1111.805599863812,24.42228946127232,0.08944947814755001,-75.44501525166126
1078,1114.3926193833815,24.155881502634507,0.08948442689392543,-75.29143203880741
1079,1116.9499546143063,23.890564499117065,0.08951946112143598,-75.1165959413663
1080,1119.4928577508388,23.62639383228804,0.08955455976633828,-74.92198930396737
1081,1122.0068663641543,23.36357344919101,0.08958970170375066,-74.70612196470857
1082,1124.4923733968124,23.102084450297568,0.0896248657563515,-74.47047393891678
1083,1126.9497703542063,22.84205651248592,0.08966003070317417,-74.21503841302646
1084,1129.3794471955498,22.583619327502095,0.08969517528868978,-73.9398074191339
1085,1131.7743638737154,22.326828323923397,0.08973027823196304,-73.64551467500797
1086,1134.134906924998,22.071738956125607,0.08976531823599748,-73.33066424946495
1087,1136.4614610073984,21.818406709745943,0.08980027399720546,-72.99747324853753
1088,1138.7469804382852,21.567035674148208,0.08983512421510945,-72.6451863067207
1089,1140.9918457822985,21.31768141386957,0.08986984760208881,-72.273789769074
1090,1143.1964353881351,21.0703252575754,0.08990442289336366,-71.88401169871166
1091,1145.3611252753594,20.825171437516303,0.08993882885705921,-71.4765790497853
1092,1147.478860670893,20.582275677456288,0.08997304430442234,-71.05073200596372
1093,1149.55001259636,20.34176804861349,0.09000704810008443,-70.60793816461388
1094,1151.574949404953,20.103704408079583,0.09004081917254142,-70.1474355362365
1095,1153.5540366690216,19.86821497123924,0.09007433652461665,-69.67068956473383
1096,1155.4802087180608,19.63535575016812,0.09010757924404623,-69.17693612791176
1097,1157.361253578562,19.40525712602781,0.09014052651409027,-68.66689572379211
1098,1159.1900994631717,19.17790100393367,0.09017315762416217,-68.14128781228573
1099,1160.959671362621,18.95349223582601,0.09020545198057021,-67.60008799242593
1100,1162.685175989382,18.7320129247956,0.09023738911709119,-67.04401368521044
1101,1164.3446656919352,18.51344551818799,0.09026894870570742,-66.4722913147223
1102,1165.9532943187803,18.297996375239222,0.09030011056714221,-65.88635751572272
1103,1167.496489499756,18.085723643004822,0.0903308546813952,-65.28541511926073
1104,1168.989388527261,17.876685591332752,0.09036116119820077,-64.67074593784079
1105,1170.417411457646,17.670866334575926,0.09039101044736261,-64.04244230671996
1106,1171.7808311187966,17.46839868728213,0.09042038294894755,-63.40074420286604
1107,1173.0873446688345,17.269341318833458,0.09044925942331171,-62.74603926136798
1108,1174.3223601071063,17.073753042057454,0.09047762080102015,-62.07871422533015
1109,1175.500994641128,16.881767101796836,0.09050544823250951,-61.399080679747726
1110,1176.6086478031232,16.693368329424914,0.09053272309752211,-60.70752363635776
1111,1177.652999823798,16.50869028183068,0.09055942701437107,-60.00442726843904
1112,1178.6268698067227,16.327643828830553,0.09058554184895869,-59.29002636255384
1113,1179.5379290586689,16.15043714255588,0.0906110497234416,-58.56492632224287
1114,1180.378987621757,15.97713000125019,0.09063593302471239,-57.829286069092426
1115,1181.1502792612243,15.80763379402042,0.09066017441251155,-57.0835608977568
1116,1181.8520330561303,15.642157226538439,0.09068375682727897,-56.32820536233312
1117,1182.4844733442856,15.480612057639496,0.09070666349769622,-55.563450446610496
1118,1183.0478196711852,15.323133088386546,0.0907288779478292,-54.78967500269524
1119,1183.5348583926886,15.16978103253184,0.0907503840040473,-54.0074057724625
1120,1183.9457993324504,15.020468237407407,0.09077116580150515,-53.21679742481304
1121,1184.2882757428192,14.875404389250864,0.0907912077903124,-52.41837541277742
1122,1184.5550592189043,14.734502249410568,0.09081049474138687,-51.61244172786336
1123,1184.7463447180066,14.59782335949676,0.09082901175194653,-50.799372056702985
1124,1184.8697505320868,14.465503761922946,0.0908467442505948,-49.97954152044065
1125,1184.9106048629264,14.337456869844017,0.09086367800216477,-49.15332469785804
1126,1184.8690875531324,14.213744888518164,0.09087979911217085,-48.32124421572188
1127,1184.760230069362,14.09443025204936,0.09089509403094433,-47.483673638316816
1128,1184.5767737376443,13.979575627029968,0.09090954955742776,-46.64113462518086
1129,1184.311454783904,13.869169632573117,0.09092315284269677,-45.79392553748434
1130,1183.9792893775416,13.763201127239554,0.09093589139315869,-44.94256716308537
1131,1183.5655751754084,13.66173349585143,0.09094775307343694,-44.08750560669282
1132,1183.0778897720188,13.564830369185472,0.09095872610904544,-43.229038030653776
1133,1182.5163772995743,13.47248134354821,0.09096879908878071,-42.367609813354434
1134,1181.8737484313783,13.384676267236216,0.0909779609668053,-41.50359172318973
1135,1181.1575654382216,13.301405243371628,0.0909862010646142,-40.63735422661452
1136,1180.3679571453029,13.222732916116223,0.09099350907270813,-39.76919322924744
1137,1179.4976189417712,13.148649906252366,0.09099987505211513,-38.899627234531366
1138,1178.5540978427075,13.07914709714418,0.09100528943573313,-38.028951667400285
1139,1177.537507451134,13.014215637067695,0.09100974302950528,-37.157536032990485
1140,1176.4330996218835,12.95392122491374,0.09101322701345091,-36.285823941349165
1141,1175.2632629286727,12.89818126174998,0.09101573294260883,-35.41425884863746
1142,1174.0132391779875,12.84706198676884,0.09101725274782749,-34.54320979831955
1143,1172.6905502283748,12.800555628585531,0.09101777873652392,-33.67304572933373
1144,1171.2878562572828,12.758654690413152,0.09101730359335124,-32.80420978423073
1145,1169.8126691808131,12.721351951602056,0.09101582038076493,-31.93707076676384
1146,1168.2650676222938,12.688640469045584,0.09101332253961965,-31.072071733440048
1147,1166.645125282318,12.660513578452276,0.09100980388968491,-30.209507167502508
1148,1164.945482608685,12.636964895484388,0.09100525863018284,-29.3497458538648
1149,1163.1736318676672,12.617914033260575,0.09099968134030387,-28.493230903468376
1150,1161.32963211406,12.603355170232994,0.09099306697971225,-27.64025692705703
1151,1159.4135171223224,12.593357915038547,0.09098541088908851,-26.791192132264527
1152,1157.4252340873732,12.5878470489343,0.09097670879065421,-25.946476014866928
1153,1155.3721333168367,12.586822784445127,0.09096695678874557,-25.106398865161925
1154,1153.2392752919588,12.590285618094311,0.09095615137046448,-24.2713254200261
1155,1151.0414291413829,12.59808776361366,0.09094428940620422,-23.441620603241397
1156,1148.7710742117365,12.610378853044429,0.09093136815035921,-22.617723832722657
1157,1146.4355418415971,12.627011668675207,0.09091738524197623,-21.799851910124897
1158,1144.0347303338951,12.648062127390192,0.09090233870542928,-20.988519028866055
1159,1141.568533329848,12.673383579358903,0.09088622695113513,-20.184016812999086
1160,1139.036839833267,12.703052508630982,0.09086904877624424,-19.386637190989173
1161,1136.4395342355958,12.73699711507968,0.0908508033653648,-18.59674670236229
1162,1133.7839246920455,12.775145880740215,0.09083149029123011,-17.81456367021583
1163,1131.0624580977103,12.81750185252418,0.09081110951536675,-17.040455358114425
1164,1128.2824335165324,12.864068357808588,0.09078966138873619,-16.274789425834115
1165,1125.4437171597708,12.914700436403434,0.09076714665229854,-15.517785384964904
1166,1122.5387424166108,12.969476256918764,0.09074356643752926,-14.769811755381705
1167,1119.5747949370648,13.028251414487505,0.09071892226686086,-14.031088953543392
1168,1116.5517276150579,13.09103034690028,0.09069321605400851,-13.30198644865398
1169,1113.476817324609,13.15781776610824,0.09066645010414588,-12.582725650639995
1170,1110.3424799067495,13.228395806110035,0.09063862711407139,-11.873602782474984
1171,1107.1559836103245,13.302918289254139,0.09060975017208435,-11.174988901819072
1172,1103.917164083324,13.381242172887479,0.09057982275775661,-10.4870327884639
1173,1100.6258527676287,13.463298964928915,0.0905488487415252,-9.810106666609892
1174,1097.281876946049,13.549094721821108,0.09051683238408711,-9.144471950166473
1175,1093.8850597920325,13.63856147936927,0.0904837783355359,-8.490316405355134
1176,1090.4426487723968,13.731557250477683,0.09044969163429312,-7.847902738347552
1177,1086.9544590021972,13.828088873287424,0.09041457770579446,-7.2174497620662414
1178,1083.412873303059,13.928163441696192,0.090378442360882,-6.599214128203535
1179,1079.8325556655611,14.031639735773647,0.09034129179392988,-5.993423491986693
1180,1076.2058812122295,14.138451069585434,0.09030313258069805,-5.4003211019370045
1181,1072.5326496661896,14.248531004904452,0.09026397167585566,-4.820121249155002
1182,1068.8200854220129,14.361887631824938,0.09022381641020795,-4.253016714774934
1183,1065.0679809192732,14.478380715265383,0.09018267448759212,-3.6992315300615783
1184,1061.2761250700719,14.598018825888344,0.09014055398143934,-3.158964539451949
1185,1057.4443033395064,14.72058791939817,0.09009746333102182,-2.632430274666769
1186,1053.5722978293147,14.846171317769704,0.09005341133735446,-2.119836687513609
1187,1049.66731571489,14.974629721343966,0.09000840715877231,-1.6213814532220887
1188,1045.7291326346017,15.105898339354043,0.08996246030613926,-1.13721038883635
1189,1041.7575211328542,15.23991260284202,0.08991558063773158,-0.6674776396369073
1190,1037.7448224055247,15.376608160982844,0.08986777835383336,-0.21231598214274727
1191,1033.713088149683,15.515846593811068,0.08981906399093585,0.22813344647904812
1192,1029.647225512459,15.65763825886382,0.08976944841569814,0.6537211328115012
1193,1025.5544239966796,15.801919436716148,0.08971894281851675,1.0643188854062047
1194,1021.4418705161172,15.948478043429654,0.08966755870684918,1.459775249930706
1195,1017.301892803195,16.097325043925537,0.08961530789825897,1.83998977836298
1196,1013.1342445699688,16.248397313745812,0.08956220251313257,2.2048684450367335
1197,1008.9461056202128,16.401631918238863,0.0895082549672247,2.5543087765535444
1198,1004.744653612912,16.556817541150593,0.08945347796390399,2.888229552273084
1199,1000.52220747697,16.714040181150253,0.08939788448617732,3.206444509935045
1200,996.278512578427,16.873088879237162,0.08934148778855282,3.509004037843444
1201,992.0207297881491,17.033976389266183,0.08928430138869244,3.7956573472788326
1202,987.7485457502036,17.196569827689544,0.08922633905892131,4.066512088268598
1203,983.4616345006141,17.360737163755594,0.08916761481755706,4.321374712525883
1204,979.167096986878,17.52656937445999,0.0891081429201751,4.560273423061624
1205,974.857176136877,17.693786171557605,0.08904793785075238,4.7830867473548135
1206,970.5389703795475,17.86247883154618,0.08898701431274637,4.989840662588209
1207,966.2121487136243,18.032367355528766,0.088925387220079,5.180485736914736
1208,961.8838075272506,18.20361758255953,0.08886307168818934,5.35489712178434
1209,957.5536140160291,18.375949782365424,0.08880008302497065,5.513171678837737
1210,953.2138063008307,18.549381485058316,0.08873643672178212,5.655182272335249
1211,948.8714785954414,18.72378177474534,0.0886721484444814,5.781097747680684
1212,944.5337246218896,18.899094134602134,0.08860723402450892,5.890862941474594
1213,940.1927810245616,19.07526215787944,0.08854170945004512,5.984421527158007
1214,935.8557408844648,19.252229542357924,0.08847559085725724,6.06179029421683
1215,931.5296971305208,19.429791517746775,0.08840889452162777,6.123059144449326
1216,927.1994575990317,19.60796625755109,0.08834163684945658,6.168168238290424
1217,922.8795435939725,19.786623455868696,0.08827383436942952,6.197205126216432
1218,918.5696198922851,19.96570717216412,0.08820550372438246,6.210181896192761
1219,914.2693515493582,20.145087258490353,0.08813666166323202,6.207035172186918
1220,909.9709756518921,20.32470792068383,0.08806732503299147,6.18799753074831
1221,905.6964431703663,20.504439145515697,0.0879975107710526,6.152854665600931
1222,901.4231355558408,20.684299545324972,0.08792723589756078,6.101836789837093
1223,897.1730050403331,20.864084934604136,0.08785651750805297,6.035024368602357
1224,892.9308628795329,21.04381402508788,0.08778537276619555,5.9524224038387965
1225,888.7112345986222,21.223357002293003,0.08771381889678051,5.854331853568676
1226,884.5063616322427,21.40265837006021,0.0876418731788315,5.740755366169897
1227,880.3233431656506,21.581588377568362,0.08756955293892413,5.611768700702215
1228,876.1618511721209,21.760165863849274,0.08749687554468083,5.4676692972376415
1229,872.0289871999214,21.93826111777612,0.0874238583984382,5.308456296173385
1230,867.9169974064295,22.11581872256372,0.08735051893102899,5.134276243575705
1231,863.8255576922323,22.29270898275346,0.08727687459576326,4.945200245492561
1232,859.7617737830514,22.46895076871103,0.08720294286249622,4.741521107268335
1233,855.7327529600915,22.644265809604825,0.08712874121190153,4.523159071305905
1234,851.7233190886675,22.818747238928104,0.0870542871297665,4.290404658344263
1235,847.7480111482154,22.99226532048757,0.08697959810144713,4.043250122652184
1236,843.799084857797,23.16476457643381,0.08690469160640933,3.7819094437185554
1237,839.883654503707,23.336040930788823,0.08682958511282425,3.506521199865123
1238,836.0014079642938,23.50618740451335,0.08675429607220941,3.217297143317568
1239,832.1520351350963,23.67499984155916,0.08667884191415619,2.914373641703411
1240,828.3352280031567,23.842422603978797,0.0866032400410687,2.597960253990461
1241,824.5581090711033,24.008474282542988,0.08652750782286553,2.2682654563421885
1242,820.8203747301,24.17302484038043,0.08645166259176894,1.925496651894244
1243,817.1142953330002,24.33594417416008,0.08637572163699891,1.5697858974413128
1244,813.4470003180313,24.49725067530556,0.08629970219950515,1.2012641975364613
1245,809.8181932308357,24.65673980672672,0.08622362146657937,0.8202695092972989
1246,806.2350084976727,24.814504081617816,0.08614749656646803,0.4269530512391779
1247,802.6897264473412,24.970338789757015,0.08607134456294582,0.021524450622452347
1248,799.1894867848531,25.124261976384535,0.08599518244968017,-0.39581509952267135
1249,795.7265752631437,25.276068735591178,0.08591902714466966,-0.8248653994850363
1250,792.3155655070825,25.42577690578185,0.0858428954844975,-1.2653975165310143
1251,788.9413260569736,25.57340409185035,0.08576680421846346,-1.7171573949162515
1252,785.6110351604776,25.718744443776004,0.08569077000271628,-2.17987671218154
1253,782.3318795274333,25.861814717674108,0.0856148093941316,-2.653291708512919
1254,779.0961922797918,26.00263154174953,0.08553893884420685,-3.1371544056924967
1255,775.9111664254336,26.141062843993907,0.08546317469273443,-3.6311880222136903
1256,772.7765698801171,26.27705069745148,0.08538753316146572,-4.1351463849417325
1257,769.6921738902403,26.41053703153284,0.08531203034759015,-4.648774543360877
1258,766.6577531050851,26.54161219389595,0.08523668221711025,-5.1718130621693295
1259,763.6656572984443,26.669994960865974,0.08516150459816865,-5.704008404772919
1260,760.7379531912828,26.795849650963333,0.08508651317424755,-6.245104002723076
1261,757.8521410200694,26.918969001441535,0.08501172347728754,-6.794852867028774
1262,755.0228664596528,27.039294147936708,0.08493715088070508,-7.353000485729389
1263,752.2499222408088,27.156840336165263,0.08486281059244105,-7.9192990687712
1264,749.5256765688166,27.271622633691766,0.08478871764781919,-8.493479302389868
1265,746.8573582414251,27.38343307476348,0.08471488690249852,-9.075272615948236
1266,744.2373433138125,27.492286356740983,0.08464133302531308,-9.664374021650028
1267,741.6802969143888,27.598196985081536,0.08456807049119362,-10.260508950839634
1268,739.1786032062905,27.7011049854046,0.08449511357401784,-10.863381236385363
1269,736.732078849663,27.800950182641184,0.0844224763395253,-11.472695378258038
1270,734.3405447108288,27.897746480263972,0.08435017263830173,-12.088201093858755
1271,732.0038259196923,27.99135900558996,0.08427821609880241,-12.709529874244028
1272,729.7291802752289,28.08180123968499,0.08420662012045319,-13.336521811178295
1273,727.5090132476688,28.1690121628372,0.08413539786690448,-13.968720448676095
1274,725.3424202447062,28.253004817631087,0.0840645622593363,-14.605967030106171
1275,723.2366723294546,28.33379202160424,0.08399412596996148,-15.247880492490632
1276,721.1893882250441,28.411237796493623,0.08392410141566493,-15.89422886257492
1277,719.2004197173961,28.48542878209342,0.08385450075182893,-16.544706384626977
1278,717.2696231895866,28.55622853168124,0.0837853358663687,-17.198933498502452
1279,715.3968596582545,28.623574642567423,0.08371661837391964,-17.85675395148756
1280,713.5827376419124,28.68762731973916,0.08364835961031142,-18.517789074894864
1281,711.8271275209862,28.74810082107883,0.08358057062729483,-19.181809178974675
1282,710.1299043996648,28.805154856239028,0.08351326218744115,-19.848436396102816
1283,708.4909481294113,28.858726032070454,0.08344644475940506,-20.51744179179869
1284,706.9101433291162,28.908676416685275,0.08338012851341678,-21.188448207544965
1285,705.3881222368946,28.95509067063496,0.08331432331705678,-21.861227371461094
1286,703.9240362183854,28.997904626677133,0.08324903873134613,-22.535477024305404
1287,702.5185271168278,29.037202421178204,0.08318428400714174,-23.21089517934581
1288,701.1707559195524,29.072845074108685,0.08312006808184925,-23.887105815097332
1289,699.8806312662854,29.104916187682797,0.08305639957639872,-24.563807418452058
1290,698.6495522840798,29.13342481009166,0.08299328679261206,-25.240772960702294
1291,697.4759515737989,29.158305433366802,0.08293073771081409,-25.917627022968546
1292,696.3597522136839,29.179640841872743,0.08286875998779879,-26.594142906070672
1293,695.3008820795848,29.197439259908005,0.08280736095511822,-27.269871188816623
1294,694.300016667205,29.211560066435844,0.08274654761762831,-27.944733971777584
1295,693.3548649012334,29.222085210955836,0.08268632665239481,-28.618282017986253
1296,692.4668546319592,29.22902207798045,0.08262670440785147,-29.29028899666246
1297,691.6344470986816,29.232303485649943,0.08256768690327011,-29.96045432490533
1298,690.8583367508811,29.232010534984255,0.08250927982848627,-30.62847742690853
1299,690.1369942115456,29.228001191245266,0.0824514885439471,-31.29413199320011
1300,689.4703804233807,29.220430267460447,0.0823943180809302,-31.95704310591116
1301,688.8584761686548,29.20915442987644,0.08233777314204214,-32.61705956883726
1302,688.3005848640835,29.19439857175873,0.08228185810199673,-33.27373670897743
1303,687.7960296973433,29.176015154763803,0.08222657700851285,-33.927002093868325
1304,687.3441383688438,29.154004918658288,0.08217193358348139,-34.576411735904806
1305,686.9464715579225,29.128516880989764,0.08211793122429342,-35.22181862003413
1306,686.6001373671487,29.099476919378887,0.08206457300533448,-35.86285269552774
1307,686.3059624656679,29.066884905467795,0.08201186167963329,-36.499292269913646
1308,686.06329220076,29.0308147049922,0.08195979968062192,-37.130915418532936
1309,685.8714762234113,28.99119132747928,0.08190838912408703,-37.757425677752686
1310,685.7291256077149,28.948088060596206,0.08185763181012556,-38.37845202184596
1311,685.6370841444093,28.901503620113637,0.08180752922527033,-38.99392025755989
1312,685.5939712832825,28.851436434011035,0.08175808254465133,-39.6034587333372
1313,685.599153425038,28.797884643210757,0.08170929263420995,-40.20676973426597
1314,685.6520010373292,28.740920385944865,0.08166116005297398,-40.80377802672748
1315,685.7518886051963,28.680615515246284,0.08161368505537059,-41.394036568233446
1316,685.8981945809393,28.616893033065757,0.0815668675935675,-41.9774693205318
1317,686.0903013334936,28.54997279253596,0.08152070731974134,-42.55385124340128
1318,686.3275950973485,28.479702947823835,0.08147520358847211,-43.12288255670581
1319,686.6094659210503,28.40630279065508,0.08143035545903518,-43.6843372861984
1320,686.934564780289,28.329694200414128,0.08138616169768972,-44.238063242574185
1321,687.303032030713,28.24994734690315,0.08134262077998662,-44.78375915027706
1322,687.7142688502255,28.16713212520109,0.08129973089300302,-45.32127176109137
1323,688.1661943509621,28.08124387414361,0.08125748993753942,-45.850372983489386
1324,688.6589597010321,27.99235194542691,0.08121589553030384,-46.37083414626845
1325,689.1912338956089,27.900376855314224,0.08117494500607271,-46.88242597897021
1326,689.7624322077792,27.805461704475142,0.08113463541976931,-47.384992876092625
1327,690.3719732988213,27.7076007629113,0.08109496354853683,-47.87837859459198
1328,691.0185363279593,27.60678803950889,0.08105592589375944,-48.36227766818222
1329,691.7008037315953,27.50316585169861,0.08101751868308125,-48.83653252295376
1330,692.4189468369323,27.396727694206216,0.080979737872376,-49.30105917578854
1331,693.1716544647501,27.2875410924242,0.08094257914770342,-49.75562436608323
1332,693.9568757065421,27.175599038372617,0.08090603792726905,-50.20006838880466
1333,694.7755340409152,27.06096856076977,0.0808701093633631,-50.634230793856474
1334,695.6255845937541,26.943790728195722,0.08083478834426785,-51.05787608577107
1335,696.5057282527256,26.823983518341706,0.08080006949628121,-51.4708422742382
1336,697.4161544406215,26.701687522378528,0.08076594718569363,-51.87311514146424
1337,698.3548268774158,26.576894530889845,0.08073241552078976,-52.2644568088534
1338,699.3219405263859,26.449744671417985,0.08069946835393428,-52.644777139055
1339,700.3154645186537,26.320154994575887,0.08066709928370312,-53.013836586832966
1340,701.3341134266269,26.18833946227564,0.08063530165710465,-53.37161760180714
1341,702.3780900309534,26.054140400002005,0.08060406857182817,-53.71795319652229
1342,703.4453710758526,25.91784561921896,0.08057339287866118,-54.05260121588963
1343,704.5354213731738,25.779297019300262,0.08054326718397103,-54.37561574099978
1344,705.6462223896585,25.63870771009733,0.0805136838522862,-54.68675280776908
1345,706.777986347818,25.495993464535143,0.08048463500905649,-54.985916094991566
1346,707.9286991398948,25.35129270732476,0.08045611254351574,-55.27300834474564
1347,709.0978344254353,25.20459510172065,0.08042810811172707,-55.54793135018574
1348,710.283382211961,25.055964404371668,0.08040061313972977,-55.81051166021597
1349,711.4855629491801,24.905538469736157,0.08037361882691949,-56.06064913506086
1350,712.702370436248,24.753380687562547,0.08034711614957779,-56.29846550223048
1351,713.933295252714,24.599479342389408,0.08032109586453029,-56.5238564030397
1352,715.1771241877854,24.443968533511047,0.08029554851310845,-56.73670750740287
1353,716.4348834726973,24.286832980819423,0.08027046442520906,-56.937049796491614
1354,717.6979439911763,24.128354375626397,0.0802458337235629,-57.124838944644026
1355,718.9769917548476,23.968368550454663,0.08022164632822928,-57.29995531037648
1356,720.2648860599713,23.80708260244292,0.08019789196127279,-57.46242677832918
1357,721.5619157849059,23.64455491376648,0.08017456015163939,-57.61220590062872
1358,722.8683709451776,23.48069515663428,0.0801516402402413,-57.74916988919529
1359,724.1771142473475,23.315709999358504,0.08012912138522195,-57.87341774250248
1360,725.4884376925206,23.14965741045025,0.08010699256741374,-57.9847502542574
1361,726.8026341281002,22.98252094728728,0.08008524259600044,-58.083189991568815
1362,728.1274254991488,22.81435832833747,0.08006386011431715,-58.16875843854858
1363,729.4482493477232,22.645301438428724,0.08004283360588886,-58.24132742387828
1364,730.77282881405,22.47533348356147,0.08002215140058862,-58.3009905333615
1365,732.1014591346686,22.304586130287014,0.08000180168093449,-58.34776597142566
1366,733.4195791909251,22.133116660615148,0.0799817724885729,-58.38159655711054
1367,734.7423415089373,21.960982260976724,0.07996205173088175,-58.402498287542734
1368,736.062613706173,21.78816574422449,0.0799426271877143,-58.4104860513868
1369,737.3732634405219,21.61487268918787,0.07992348651818942,-58.40557362628713
1370,738.6894433594903,21.441160028744708,0.07990461726766114,-58.387847960303326
1371,739.9891641969094,21.266936055443093,0.07988600687472712,-58.3573206033322
1372,741.2875781745275,21.092480411676217,0.07986764267830526,-58.31400198953349
1373,742.577552099622,20.917701260348174,0.07984951192475094,-58.25797572025422
1374,743.8593806662528,20.742729558615984,0.07983160177509455,-58.18932428044794
1375,745.1259296557748,20.567621929630665,0.07981389931218852,-58.10805475559555
1376,746.3849208894802,20.39250923531994,0.07979639154797534,-58.014173116132966
1377,747.6366470807249,20.217299448180373,0.07977906543065301,-57.90783278588383
1378,748.8739717388962,20.04219764161868,0.07976190785190035,-57.7890375099796
1379,750.0971857750662,19.86718601127748,0.07974490565403097,-57.657864207798575
1380,751.2991507079241,19.692395298407572,0.07972804563714819,-57.51424012539093
1381,752.4950119725634,19.51773337822943,0.07971131456615958,-57.35838853992495
1382,753.6702003779545,19.34340525033572,0.07969469917778804,-57.19023449559566
1383,754.8250021191631,19.16939306006747,0.07967818618749174,-57.00985050906281
1384,755.9597019891252,18.99575323842319,0.07966176229628101,-56.8173822908631
1385,757.0820116427756,18.822616507960674,0.07964541419744021,-56.6129744673106
1386,758.1847844618189,18.650039321693527,0.07962912858310965,-56.39684486988648
1387,759.2608721724271,18.47807815249182,0.0796128921507779,-56.16898740759613
1388,760.3179814646348,18.306789498973764,0.0795966916096502,-55.929692058329415
1389,761.3489605119449,18.136229891387988,0.07958051368684846,-55.679024891655466
1390,762.3615122946553,17.966530180985593,0.07956434513351235,-55.41712521061012
1391,763.3484811229008,17.79767269536645,0.07954817273071106,-55.14420555993157
1392,764.3101376131546,17.62978837832396,0.07953198329526595,-54.86025460073858
1393,765.2541786156712,17.462859661647794,0.07951576368534678,-54.565482820679286
1394,766.1660137426002,17.296943321418652,0.07949950080598246,-54.259951125991336
1395,767.0459070499918,17.132170483767055,0.07948318161441113,-53.94386798551612
1396,767.90154861991,16.9684494965905,0.07946679312523809,-53.617218023614555
1397,768.7331977938662,16.80598591976314,0.07945032241549244,-53.28028201552917
1398,769.5262547580307,16.644762546272602,0.07943375662950454,-52.93304263061728
1399,770.295830581676,16.48483654184309,0.07941708298365507,-52.57585299552676
1400,771.0273203535512,16.326265167001917,0.07940028877099924,-52.208842438221545
1401,771.7358265412989,16.16910580733096,0.07938336136571902,-51.8322106049759
1402,772.4067219835146,16.013416053127177,0.0793662882274979,-51.445995534336966
1403,773.047658430896,15.859179347129784,0.07934905690571988,-51.05052845964471
1404,773.6588564711835,15.70652781566074,0.07933165504360731,-50.64591686748759
1405,774.2331054739325,15.555519423421131,0.07931407038220224,-50.23226736208812
1406,774.7706202369113,15.40621226223606,0.07929629076428757,-49.80975996302351
1407,775.2716125828293,15.25851598922798,0.07927830413819585,-49.378648119776045
1408,775.7437196575983,15.112637532943324,0.07926009856153644,-48.93896159259641
1409,776.1722904783376,14.968486830374978,0.07924166220484313,-48.490952168706805
1410,776.5723843350862,14.826196816450688,0.07922298335517171,-48.03479654378516
1411,776.929343939686,14.685752011417648,0.07920405041961177,-47.57059633775698
1412,777.2507938293132,14.547285659673422,0.07918485192879833,-47.09867524488661
1413,777.5294985678813,14.41078260049876,0.07916537654029966,-46.61905906562205
1414,777.7730761005475,14.276302123227673,0.07914561304203363,-46.132218558255374
1415,777.9742843070691,14.14382940482278,0.07912555035562782,-45.638178053793226
1416,778.1407343579926,14.01349836487924,0.07910517753979121,-45.13725830813927
1417,778.2651772696876,13.885294536025476,0.07908448379359447,-44.629630818486554
1418,778.3552172622238,13.759277918753934,0.07906345845983523,-44.11561497497641
1419,778.4035983161142,13.635508702152991,0.07904209102833777,-43.59523237756706
1420,778.4104891816797,13.513972984548555,0.07902037113923667,-43.06887540566681
1421,778.3760549883272,13.394731344561304,0.07899828858630256,-42.53671296844482
1422,778.3004572050087,13.277844561563487,0.07897583332029467,-41.998839090379775
1423,778.1912819519068,13.16322505253901,0.07895299545225491,-41.4555700640198
1424,778.0338265618842,13.051082576868264,0.07892976525682206,-40.90699876791619
1425,777.8356696454966,12.941329971981553,0.07890613317560849,-40.35344038678012
1426,777.5969576546214,12.834028857950264,0.07888208982052776,-39.79513529679985
1427,777.3104048482537,12.729166790457356,0.07885762597717749,-39.232174801644845
1428,776.9835783102835,12.626805831181423,0.07883273260816681,-38.66479828615515
1429,776.6166128670669,12.52693398407094,0.07880740085649478,-38.09339323618698
1430,776.209639407349,12.429613765528163,0.07878162204892597,-37.51797527410064
1431,775.7553565031168,12.334907923984408,0.07875538769932261,-36.938931013944426
1432,775.2613154329393,12.242805159373688,0.07872868951202484,-36.35634953023765
1433,774.7202067551211,12.15329440950917,0.07870151938517422,-35.7705423629344
1434,774.1395736844854,12.066364852854432,0.078673869413989,-35.18167212049083
1435,773.5120986688567,11.982154478196488,0.07864573189409593,-34.59004963458244
1436,772.8453167693082,11.900578669697731,0.07861709932476704,-33.99583684692179
1437,772.131902240243,11.821627343366377,0.07858796441210422,-33.39934396421009
1438,771.37195356312,11.745439232914872,0.0785583200722343,-32.80065806167298
1439,770.572993431386,11.672004758001147,0.07852815943437352,-32.2001630887264
1440,769.7351120369228,11.601240309877088,0.07849747584387609,-31.59794562219732
1441,768.85096705906,11.533211103936564,0.07846626286518704,-30.994314872167585
1442,767.9206403562039,11.467908331142576,0.07843451428471916,-30.389431285865427
1443,766.944209608878,11.405323443358208,0.07840222411364499,-29.78352941964712
1444,765.9291766654615,11.345522438571116,0.07836938659055012,-29.17691796053341
1445,764.868182489161,11.288497295503534,0.07833599618405712,-28.569682613790217
1446,763.7612922087437,11.23424025862273,0.0783020475952345,-27.962057542077645
1447,762.6159951208012,11.182743839541327,0.07826753575996186,-27.354425387124103
1448,761.4249196435632,11.134000818309802,0.0782324558511102,-26.74679730691151
1449,760.1881183745155,11.088078528103177,0.07819680328063375,-26.13963011592556
1450,758.9130680995787,11.044896005789235,0.07816057370147643,-25.533009188361667
1451,757.5998016391934,11.004521716395944,0.07812376300930955,-24.927241660082522
1452,756.2408734674012,10.966878188430863,0.07808636734418153,-24.322556052942694
1453,754.836250823101,10.932037380166927,0.07804838309194036,-23.719179843392755
1454,753.3933251932589,10.899997240281946,0.07800980688553445,-23.11734057195841
1455,751.9120556329513,10.870681708385993,0.07797063560610774,-22.517191581382146
1456,750.3923971383443,10.844163565945443,0.07793086638393763,-21.91888632172205
1457,748.8343006715806,10.820441586080943,0.0778904965991995,-21.322726938895048
1458,747.2302848375195,10.799366250258863,0.0778495238825378,-20.728867162136527
1459,745.5877209635355,10.781085449388474,0.07780794611549134,-20.13746089239586
1460,743.9065480798196,10.765598782776959,0.07776576143068877,-19.548810790642023
1461,742.186701302625,10.752757557986952,0.07772296821191385,-18.962996881551312
1462,740.4281118691433,10.742636208093876,0.0776795650939558,-18.38032227561106
1463,738.6307071742028,10.735235157307716,0.07763555096231918,-17.80094177257388
1464,736.7944108087131,10.730480820491563,0.07759092495272844,-17.225010449296295
1465,734.9191425997933,10.728448453074256,0.07754568645046413,-16.65268368042866
1466,733.0122470027612,10.729065016331827,0.07749983508954805,-16.08434000945808
1467,731.0662080936614,10.732257743570248,0.07745337075176817,-15.519986901058532
1468,729.0883630150108,10.738176989696868,0.0774062935655073,-14.95992931280764
1469,727.0711886209392,10.746601962150484,0.07735860390445985,-14.404324014179627
1470,725.0145865754051,10.757683554762576,0.07731030238618322,-13.853253889858948
1471,722.9333117511669,10.771275794957335,0.07726138987050674,-13.307025093354529
1472,720.8124021781852,10.787455826878071,0.07721186745781233,-12.765721365371943
1473,718.6517491961504,10.80607820886778,0.07716173648715288,-12.229575470486315
1474,716.4660975065609,10.827294896369047,0.07711099853429834,-11.698746365558623
1475,714.2404751242966,10.85088668867126,0.07705965540963451,-11.17346778541874
1476,711.9896202336278,10.877006062093002,0.07700770915593917,-10.65375112727838
1477,709.7059827913531,10.90550861650508,0.07695516204611699,-10.139905453407822
1478,707.389437983519,10.936324490777414,0.0769020165807636,-9.632017524505018
1479,705.0472862819187,10.969606927607838,0.07684827548569094,-9.130234094611124
1480,702.6719684505819,11.005138003216125,0.07679394170934516,-8.634754500077577
1481,700.2707790047115,11.04307145997406,0.07673901842017698,-8.14571925133332
1482,697.8361528682872,11.083189868877504,0.07668350900393553,-7.663276904754611
1483,695.3753788343017,11.125573178458994,0.07662741706088201,-7.1875469373205565
1484,692.8957429241046,11.170153011056952,0.07657074640295956,-6.718679189504865
1485,690.3822433970818,11.216935510502676,0.07651350105094971,-6.2568093109406835
1486,687.8495892634013,11.265778488689005,0.0764556852315275,-5.802058775857518
1487,685.2827735435637,11.316762840056912,0.07639730337431043,-5.354586896635045
1488,682.696500132494,11.369821120956592,0.07633836010887704,-4.914509126712305
1489,680.0906137606681,11.424886113426997,0.07627886026174029,-4.481956501806641
1490,677.4538142323994,11.481965105375503,0.07621880885330741,-4.057040740734938
1491,674.7970840656528,11.540917036651924,0.07615821109483456,-3.639875801343059
1492,672.1187753100949,11.601823913048658,0.07609707238531442,-3.230577893861857
1493,669.4194663123545,11.664619385183784,0.07603539830839633,-2.8292729222524278
1494,666.6989904412285,11.729163028309124,0.07597319462926824,-2.436070497610596
1495,663.958664658611,11.79553747253768,0.07591046729155101,-2.051084006975649
1496,661.1990610808357,11.86367698146269,0.0758472224141247,-1.674412797182663
1497,658.4214927157091,11.933441731707676,0.07578346628802368,-1.3061199013320055
1498,655.6257850250006,12.004914942902404,0.07571920537327524,-0.9462989050871105
1499,652.8132473326948,12.07795717255444,0.0756544462957119,-0.5950293873417593
1500,649.9844443886667,12.152577729370996,0.07558919584381932,-0.25239921566100654
1501,647.1399307367168,12.228712389449075,0.07552346096555373,0.08150131256114622
1502,644.2817108455499,12.306299388329304,0.07545724876514374,0.40659706703045073
1503,641.4088077782533,12.385351987201407,0.0753905664998701,0.722795612048857
1504,638.5224716450276,12.465735046958228,0.07532342157684646,1.0300481839523614
1505,635.6239511699438,12.547536441167676,0.07525582154980245,1.328275399131474
1506,632.7130080933441,12.630547066952111,0.07518777411577848,1.6174043876910924
1507,629.7901457499854,12.714855108345018,0.07511928711188416,1.8973613573954968
1508,626.8566091427136,12.800400330555147,0.07505036851198678,2.168056729650249
1509,623.9128993466866,12.887048358693065,0.07498102642337598,2.4295262712272665
1510,620.959516419251,12.974813523450083,0.0749112690834183,2.6815745269116436
1511,617.9969594753604,13.063636005712244,0.07484110485615347,2.9243022262174656
1512,615.0279552686068,13.153530398639216,0.07477054222889301,3.157660576610306
1513,612.0515155874923,13.244362852185697,0.0746995898087591,3.3816741086426068
1514,609.069622847612,13.336073918595291,0.0746282563191903,3.596217820464792
1515,606.0835159939361,13.428752830849412,0.07455655059641116,3.8013885907476905
1516,603.0929477436073,13.522266080063511,0.07448448158587148,3.9970594734693674
1517,600.0991560042346,13.616554544370771,0.07441205833860602,4.183251111621978
1518,597.1033782823657,13.711559200260533,0.07433929000761012,4.35998316679424
1519,594.1053660922402,13.807295400891404,0.07426618584410707,4.527274316152665
1520,591.1063563749191,13.903630020366483,0.07419275519379796,4.684993682812131
1521,588.1068430724199,14.000578582500353,0.0741190074930743,4.833232251119158
1522,585.1073200420664,14.09815668854786,0.07404495226515084,4.972005730808419
1523,582.1082811358758,14.196157161409278,0.07397059911620006,5.1011802720632975
1524,579.1109631149703,14.294595741339283,0.07389595773135985,5.220843881988636
1525,576.1158600588524,14.393413946614228,0.07382103787078158,5.331009289958972
1526,573.1242091146535,14.492627635200096,0.0737458493655779,5.4316882308778975
1527,570.1357620710679,14.592178432398196,0.0736704021137112,5.522965728836837
1528,567.1517567772073,14.691933725485695,0.07359470607589924,5.604777247163796
1529,564.1734315509859,14.791909508855616,0.0735187712714308,5.6772801068927
1530,561.2005395871199,14.892047528135876,0.07344260777392443,5.740333503603996
1531,558.23432037483,14.992289558314331,0.07336622570710574,5.794018493701847
1532,555.2745284348312,15.092651681861886,0.0732896352404988,5.838415146068496
1533,552.3231475709761,15.192927149343152,0.0732128465851078,5.873528261125825
1534,549.3799339359886,15.293206358556525,0.07313586998906489,5.899435940807161
1535,546.4453874467569,15.393431148145787,0.073058715733223,5.916141024921502
1536,543.52075185878,15.49346907573492,0.07298139412679899,5.9236453784277465
1537,540.6050434997156,15.593261979573256,0.07290391550289892,5.922024179111172
1538,537.7009940223764,15.692900256687716,0.07282629021409331,5.911351638656593
1539,534.808364961406,15.792177156528979,0.07274852862797308,5.891701007625062
1540,531.9276619793657,15.891183043666103,0.0726706411226731,5.86321886433327
1541,529.0593921016879,15.989785407958802,0.07259263808240014,5.8258279866195135
1542,526.205549455691,16.088000276776732,0.07251452989298278,5.779747342534865
1543,523.365158328342,16.185695075715277,0.07243632693738158,5.72497211239535
1544,520.5402159132916,16.282960040854483,0.07235803959124384,5.6616451132584364
1545,517.7297496964047,16.379588229010604,0.07227967821847228,5.589833955771361
1546,514.9357602005656,16.475595497047063,0.07220125316678846,5.5096053354191
1547,512.1587640389894,16.57099764618675,0.07212277476331994,5.421025040656526
1548,509.3977939775261,16.66573613335733,0.07204425331021448,5.324232244926731
1549,506.6548560059468,16.75967806606914,0.07196569908030269,5.219290948552032
1550,503.9297295527277,16.852839047832365,0.07188712231277933,5.106264271509009
1551,501.2229403109758,16.945160385928826,0.07180853320888818,4.985286280265628
1552,498.5350217421308,17.03658355990082,0.07172994192771952,4.856406031857956
1553,495.8672536862839,17.1271243100629,0.07165135858197182,4.719817833705184
1554,493.2186896502812,17.216724002217113,0.07157279323380099,4.575492303141978
1555,490.59061387195067,17.305249622750317,0.07149425589075041,4.423622079520857
1556,487.98357003292085,17.39279090778485,0.07141575650165542,4.264250418134246
1557,485.3981041454117,17.479288920851847,0.0713373049526659,4.097568336000089
1558,482.83476460286255,17.56461033162675,0.07125891106328872,3.9236174899623615
1559,480.2941022294328,17.64884454522143,0.0711805845825192,3.742587323139684
1560,477.7759274933604,17.731857996502388,0.07110233518502562,3.5544436601727307
1561,475.2807962242958,17.813665562989517,0.07102417246737332,3.3595229883182034
1562,472.810009659496,17.894207709789917,0.07094610594433133,3.1577896358044355
1563,470.3626431488398,17.973499052101136,0.07086814504528736,2.949430053530816
1564,467.94074604405535,18.0514797837635,0.07079029911064923,2.734555695028385
1565,465.5433990615153,18.12808995638084,0.07071257738837587,2.513351597717988
1566,463.1719141693629,18.203269475001655,0.07063498903055633,2.2858535469306127
1567,460.8253776182746,18.277106660870235,0.07055754309006719,2.052245224711052
1568,458.50510699149055,18.349466829727003,0.07048024851730542,1.8125610908588037
1569,456.2116799035665,18.42028942170032,0.07040311415695762,1.567057815739887
1570,453.94419120317326,18.48966228076136,0.07032614874491058,1.315842878313088
1571,451.7047100200455,18.557375949734208,0.0702493609051803,1.0589785788025723
1572,449.4915942855212,18.623592217917928,0.07017275914692812,0.7966231933429185
1573,447.3061762824956,18.68817556574003,0.0700963518615425,0.5289344216281988
1574,445.1490485039786,18.751064578523085,0.07002014731982929,0.25608426001754564
1575,443.0200636857188,18.81234622632143,0.06994415366922575,-0.021778123617636487
1576,440.9190776727809,18.871958726327048,0.06986837893113451,-0.30447437465920385
1577,438.8474351200583,18.92984010637397,0.06979283099829704,-0.5918637899369785
1578,436.8049981815272,18.98607676852784,0.06971751763224136,-0.8837615887527717
1579,434.7923750435443,19.04053206824481,0.06964244646084489,-1.1800280358037463
1580,432.80869144683857,19.093217728643776,0.06956762497591279,-1.4805089969533864
1581,430.8553048875206,19.144145270351036,0.06949306053087154,-1.7850582067170793
1582,428.93209046662986,19.193326008441367,0.06941876033851563,-2.093529822217267
1583,427.0389265836148,19.24062248246697,0.0693447314688157,-2.405785833718733
1584,425.1756949584888,19.286119871097988,0.06927098084683521,-2.721673761651161
1585,423.3422806526773,19.32968028833105,0.06919751525069545,-3.0410489236301643
1586,421.54005775857195,19.371388481824628,0.0691243413095817,-3.363781844683091
1587,419.7681752425324,19.41118041280454,0.06905146550190669,-3.68969881223638
1588,418.0265283016993,19.44899182058617,0.06897889415345361,-4.018644998803956
1589,416.31575837925715,19.484906787196504,0.06890663343563908,-4.350468101257831
1590,414.6357675081642,19.5188606010822,0.06883468936383669,-4.685007179881738
1591,412.98646115843655,19.55086260543693,0.068763067795789,-5.022107496596141
1592,411.36849108288015,19.580847629118924,0.06869177443004608,-5.361601925560164
1593,409.78102682113774,19.608824551681728,0.06862081480454092,-5.703348076360918
1594,408.2247270472952,19.634802018001643,0.06855019429516307,-6.047174048462392
1595,406.6995110706678,19.658714153009548,0.06847991811447383,-6.392922982687544
1596,405.20455883999256,19.68064341053799,0.06840999131043972,-6.740430757529796
1597,403.7412822860253,19.700523437756136,0.06834041876524685,-7.089540827204304
1598,402.3088683121738,19.71836192422812,0.06827120519424375,-7.440089346293472
1599,400.906507298624,19.734166317067537,0.0682023551448544,-7.791912579444857
1600,399.536364439744,19.747869536198223,0.06813387299564033,-8.144854311077223
1601,398.19615952070126,19.75955236768696,0.06806576295543283,-8.498766991041446
1602,396.8866196554509,19.76914496057609,0.06799802906245989,-8.853507780532931
1603,395.60774070967545,19.776576761104906,0.06793067518365488,-9.208927612287216
1604,394.3595219947469,19.781999818450863,0.06786370501394628,-9.564884864440218
1605,393.1419662562205,19.78526879950754,0.06779712207565808,-9.921267627068223
1606,391.9543368255555,19.786460972803646,0.06773092971797838,-10.277889686818304
1607,390.79738611019854,19.785504790497857,0.06766513111649293,-10.634564791995276
1608,389.67038423677366,19.782402738499105,0.06759972927278504,-10.991277486258406
1609,388.57334753775183,19.77715705268202,0.06753472701411269,-11.347715104258812
1610,387.506295696348,19.769844002212,0.0674701269931434,-11.703862021430767
1611,386.46925172480394,19.760539605969463,0.06740593168778128,-12.059405367816952
1612,385.46224194106094,19.749096782072847,0.06734214340103765,-12.414329278013415
1613,384.4845531088384,19.735591049027136,0.06727876426094812,-12.768394888662728
1614,383.5362180812541,19.720097675452383,0.0672157962206384,-13.121437454566248
1615,382.617272937882,19.702617396919095,0.06715324105837231,-13.473366330883785
1616,381.7277569553924,19.6830764163873,0.06709110037768501,-13.824090671934387
1617,380.8669697417701,19.661474971750994,0.06702937560761571,-14.173370846604152
1618,380.034956874264,19.63788733647737,0.06696806800296375,-14.521115554884712
1619,379.2310241959428,19.612238969837414,0.06690717864463777,-14.867233243518616
1620,378.45522345110817,19.584677935254746,0.06684670844004091,-15.211483521772866
1621,377.7076094144491,19.55498063321918,0.06678665812353402,-15.553922845366856
1622,376.9874970190606,19.523368920844412,0.06672702825695949,-15.89423594800376
1623,376.2949469884624,19.48976727796882,0.06666781923021496,-16.232404376094205
1624,375.62928012749313,19.45417422588855,0.06660903126186958,-16.568186487593834
1625,374.9905629523364,19.41666232867212,0.06655066439992288,-16.90156313653391
1626,374.378864814556,19.377303911065543,0.06649271852249665,-17.23236623919159
1627,373.7927721892422,19.335948209484627,0.06643519333868465,-17.560427324951668
1628,373.2331028075197,19.292741358123656,0.06637808838939133,-17.88557752034396
1629,372.6991914380416,19.247680689621863,0.06632140304827404,-18.20787038377588
1630,372.1903755129396,19.20068902033701,0.06626513652270719,-18.526987621931877
1631,371.7067379180748,19.15191178621495,0.06620928785484097,-18.84298190941932
1632,371.24762127758066,19.10127134372208,0.06615385592264636,-19.155608322075086
1633,370.8123707428858,19.048838389391896,0.06609883944109389,-19.464844306527517
1634,370.4018196162036,18.99460911143761,0.06604423696331661,-19.770518247950367
1635,370.01457512831706,18.938505191957145,0.0659900468818789,-20.07260658956852
1636,369.6499897310923,18.88067094323226,0.06593626743006886,-20.37086240087697
1637,369.3089038844415,18.821176176090862,0.06588289668324485,-20.6653353481328
1638,368.98993183268465,18.759867635356592,0.06582993256024924,-20.955777412559087
1639,368.69317573072743,18.696888986902174,0.06577737282485666,-21.242162861342717
1640,368.4179970896199,18.63230940275332,0.06572521508727786,-21.524465383869927
1641,368.1637595618062,18.566123563784487,0.06567345680575788,-21.802435228231523
1642,367.93057172597594,18.49832594599588,0.06562209528815198,-22.07604488952611
1643,367.7178013664432,18.428985106867845,0.06557112769362589,-22.34526624692316
1644,367.5255610922327,18.35816940478719,0.06552055103435739,-22.609921984516543
1645,367.3524797806461,18.285798435046487,0.0654703621773312,-22.86990842998488
1646,367.19867386560344,18.211865883430704,0.06542055784617444,-23.125269826546635
1647,367.0635187804052,18.136588096375046,0.06537113462301994,-23.37582690420585
1648,366.94639174017993,18.059809816170475,0.0653220889504684,-23.621474002831135
1649,366.8474145239098,17.981598452280867,0.06527341713358968,-23.86217906154073
1650,366.76522491592,17.901946950700818,0.0652251153419714,-24.097835041403627
1651,366.69995505091055,17.820996155994322,0.06517717961181001,-24.328407537421224
1652,366.65176686601,17.73873620507214,0.06512960584811316,-24.55385765022157
1653,366.61860236443266,17.65515657348796,0.06508238982688666,-24.77407052841822
1654,366.6021191815548,17.570246570983453,0.06503552719744442,-24.988930588202408
1655,366.6002621788528,17.484143912197027,0.06498901348471744,-25.198470071724486
1656,366.6124632327517,17.39683758642116,0.06494284409164164,-25.40264618830824
1657,366.63964117777056,17.30839071193944,0.06489701430164059,-25.601266823018783
1658,366.6804875740054,17.218717689409594,0.06485151928109305,-25.79436194659671
1659,366.73518082431593,17.12795562332603,0.06480635408189654,-25.981886474223575
1660,366.8024147757338,17.03616719201795,0.0647615136440879,-26.163794542156136
1661,366.8823700005144,16.94326636821156,0.064716992798502,-26.340039501216047
1662,366.973742396429,16.849389840662433,0.06467278626950099,-26.510499627137087
1663,367.07745730172576,16.754525600816287,0.0646288886777314,-26.67527524878593
1664,367.1922124242625,16.658735797541688,0.06458529454293045,-26.83424304172041
1665,367.31744912034594,16.562008174400372,0.0645419982868308,-26.987278873633596
1666,367.45260949791265,16.464330357473557,0.06449899423603198,-27.134480650161567
1667,367.5978791892428,16.365912710239833,0.06445627662499129,-27.27579689303553
1668,367.75270161810175,16.26659406997035,0.06441383959902981,-27.411101019613145
1669,367.9157779364554,16.166436020206955,0.06437167721733043,-27.540414189779007
1670,368.0872954658142,16.06557432825614,0.06432978345608455,-27.66368245219391
1671,368.2666991280093,15.963921815717018,0.06428815221156647,-27.78092530841961
1672,368.45343421568856,15.861614064071082,0.06424677730329169,-27.892087143395926
1673,368.6469463274424,15.758638001779268,0.06420565247720242,-27.99726007379159
1674,368.84742413765673,15.655054759431504,0.06416477140888295,-28.096312528695044
1675,369.0535708260088,15.550925390916756,0.06412412770677967,-28.18933494919123
1676,369.26557535193615,15.446310878123615,0.06408371491547257,-28.276342653270447
1677,369.4828838837752,15.341272135666744,0.06404352651892614,-28.35727583510228
1678,369.7056854029296,15.235721448631796,0.06400355594378447,-28.43214813166784
1679,369.9319402978497,15.129793894858972,0.0639637965626834,-28.500972339235688
1680,370.16183730828345,15.023550215722771,0.06392424169752389,-28.563686130186834
1681,370.39630778941074,14.916902537435517,0.06388488462281984,-28.620374904196343
1682,370.6325686360272,14.80998579337969,0.06384571856896841,-28.671048938744352
1683,370.8715505673401,14.702786311426603,0.06380673672555649,-28.715569106973824
1684,371.11269821662006,14.595290385781292,0.0637679322447058,-28.75409258040508
1685,371.3554557364234,14.487632848833776,0.0637292982442983,-28.78655284645425
1686,371.59926673417766,14.379799941999009,0.0636908278112986,-28.8129568448132
1687,371.8435742082476,14.271777887573027,0.06365251400499157,-28.83345925365276
1688,372.0885633195703,14.163701460587768,0.06361434986019665,-28.847991075139273
1689,372.333675658827,14.055482576144412,0.06357632839052266,-28.856556772798825
1690,372.57760918433615,13.947330278770343,0.0635384425915354,-28.859234275193845
1691,372.8205466657578,13.839156479229567,0.0635006854439144,-28.856026412914034
1692,373.062669953464,13.7310216603567,0.06346304991657456,-28.846935206391127
1693,373.30193141373695,13.62291203135438,0.06342552896975605,-28.832110437529604
1694,373.5399965501416,13.514962383089191,0.063388115558109,-28.811403953627615
1695,373.7740727603789,13.40715895885124,0.06335080263367643,-28.784963940640132
1696,374.005823299712,13.299413742604807,0.06331358314888073,-28.7527892277113
1697,374.23393887488606,13.191935881225287,0.06327645005948179,-28.714952143530315
1698,374.4571089294784,13.084637421177568,0.06323939632743758,-28.671375671970218
1699,374.67625009533873,12.97757901420102,0.06320241492378,-28.622279159543968
1700,374.8907919649764,12.870895638446376,0.06316549883141696,-28.567584054117216
1701,375.10016283768806,12.764425064248202,0.06312864104786686,-28.507432009063518
1702,375.3037900516196,12.658376046254055,0.06309183458801465,-28.441807810908035
1703,375.50184238769,12.552808707406427,0.06305507248674867,-28.370916466578688
1704,375.69374422445327,12.447560381257269,0.06301834780159254,-28.294739397641536
1705,375.87966116168366,12.342914167944839,0.06298165361529673,-28.213331582453392
1706,376.05827147006863,12.238707536575117,0.06294498303836843,-28.12682156457631
1707,376.22973738730593,12.1350008811109,0.06290832921155759,-28.035114327450863
1708,376.393476570254,12.031928957686771,0.0628716853083294,-27.938411287861967
1709,376.55039055844526,11.929403754870886,0.0628350445372306,-27.83669032063153
1710,376.6984077235799,11.82756019890168,0.06279840014430339,-27.73000290209653
1711,376.8384259105543,11.726310456843176,0.06276174541541407,-27.618474119831728
1712,376.96911255428154,11.625715358214826,0.06272507367851012,-27.502154115617863
1713,377.09061881795583,11.5258358320493,0.06268837830592947,-27.381092379164496
1714,377.2030938872601,11.426658627397131,0.06265165271659186,-27.25526347507058
1715,377.3059421006895,11.328244884281649,0.0626148903782265,-27.124938471039247
1716,377.3993085860112,11.230655854088178,0.06257808480951575,-26.990090680794903
1717,377.48185072263055,11.133878619893723,0.06254122958227688,-26.85076709276351
1718,377.5537094501308,11.037900383741125,0.06250431832352306,-26.707162664969303
1719,377.615766402653,10.942782753851516,0.062467344717607176,-26.55917463563594
1720,377.66592970411153,10.848513181266764,0.06243030250826629,-26.407071086542626
1721,377.7058194546584,10.755227813940843,0.06239318550069021,-26.25082240354788
1722,377.7340821875674,10.662840082746817,0.06235598756355449,-26.090546989858968
1723,377.75010501730566,10.57148640594612,0.06231870263102729,-25.926436994986727
1724,377.75550128333776,10.481080491561855,0.062281324704792494,-25.758386909888475
1725,377.74816784445915,10.391684758212847,0.06224384785602922,-25.58666213133876
1726,377.7282277342832,10.3032874878603,0.06220626622739759,-25.411230423442692
1727,377.696544467209,10.21602567950142,0.06216857403499466,-25.23220763186884
1728,377.6517506750456,10.129739351271835,0.06213076557030711,-25.049709130238668
1729,377.5939622595529,10.04464009501623,0.06209283520217322,-24.86384983369195
1730,377.52329270048256,9.96064252774419,0.06205477737869478,-24.674595645612094
1731,377.43911019930783,9.877735712050638,0.06201658662916642,-24.48213488902816
1732,377.3415233286824,9.795983158952913,0.06197825756598104,-24.28650690314492
1733,377.2298953424519,9.715448547153873,0.06193978488653501,-24.08782490803979
1734,377.1043298264146,9.636047158730689,0.061901163375115274,-23.886127451987814
1735,376.9641850096353,9.557843015766172,0.06186238790476251,-23.6816012764335
1736,376.81104508656966,9.480900315892312,0.0618234534391057,-23.474358480075026
1737,376.6435203545855,9.40520915126285,0.06178435503425248,-23.2644365335774
1738,376.46170420749297,9.33075979445712,0.06174508784056552,-23.052095428409757
1739,376.2656874495804,9.257616984309532,0.06170564710446381,-22.837297707262955
1740,376.05555828042475,9.185771361156723,0.06166602817021802,-22.620228463602857
1741,375.8314022804535,9.115213752516928,0.0616262264816775,-22.400923939287477
1742,375.5925595622616,9.046009458693524,0.06158623758399797,-22.179642957295982
1743,375.33911042781233,8.978075404292204,0.061546057125334286,-21.956272669005152
1744,375.0703896863852,8.911551557681321,0.06150568085848364,-21.730997121080833
1745,374.7879579835532,8.846355231847289,0.061465104642518247,-21.50392585340019
1746,374.4896591107808,8.782552503699494,0.061424324444338825,-21.27516819804729
1747,374.1763055114062,8.720061081774185,0.06138333634021306,-21.044684727852456
1748,373.8487069323004,8.659021725381681,0.06134213651727553,-20.812807256498107
1749,373.50469907656975,8.599352545146377,0.06130072127493645,-20.57942173561644
1750,373.1465719476959,8.541046138491359,0.061259087026277005,-20.34478538897167
1751,372.7728932250828,8.484169906283014,0.0612172302993584,-20.108931394676752
1752,372.3844346378569,8.428718432890905,0.061175147738484495,-19.87203712207712
1753,371.9812169247688,8.37468682516721,0.06113283610541288,-19.634130209761828
1754,371.5625152670577,8.322070398342678,0.06109029228044965,-19.39531249721245
1755,371.12834495846414,8.27093896059246,0.06104751326354083,-19.15576004049773
1756,370.679461406527,8.221213963507724,0.061004496175259416,-18.915425993944663
1757,370.21513163017704,8.17296563699997,0.06096123825767904,-18.674560610316732
1758,369.735362768884,8.12611585609984,0.0609177368752401,-18.433191271929605
1759,369.2401592531365,8.080779845791248,0.060873989515502096,-18.191419640259777
1760,368.7302656464344,8.03688733578463,0.06082999378981276,-17.94927310449697
1761,368.2049381486638,7.99444998167459,0.060785747433869754,-17.706927647560775
1762,367.6641731111264,7.953479653547821,0.06074124830824876,-17.464410727544916
1763,367.1087070480119,7.913973579654888,0.06069649439881906,-17.22197271062231
1764,366.5377881443264,7.875929203394035,0.060651483817059926,-16.979566901851943
1765,365.9528904455559,7.839359040205482,0.06060621480033337,-16.737295261443336
1766,365.35325686359374,7.804260964274396,0.06056068571200074,-16.49540841992488
1767,364.7388705344536,7.770625636894734,0.06051489504151888,-16.25385999220947
1768,364.1104548374095,7.738466219793235,0.06046884140440585,-16.012826577098682
1769,363.4679877456022,7.707773804859927,0.060422523542149165,-15.772336354656838
1770,362.8114446832177,7.678547127289922,0.06037594032201893,-15.532566235001312
1771,362.1407985491169,7.65078513688264,0.060329090736765054,-15.293619022463073
1772,361.4560197419156,7.624472140899182,0.06028197390431434,-15.0554491466339
1773,360.757819021506,7.599607516929762,0.060234589067284974,-14.8182340943046
1774,360.04541903186174,7.576190855568008,0.060186935592512446,-14.582077289750808
1775,359.32026850538614,7.55421453134415,0.06013901297044303,-14.347008108893368
1776,358.58084244825767,7.533678558617661,0.06009082081448551,-14.113204743825055
1777,357.8285848524041,7.514568305627637,0.06004235886028281,-13.880622799170732
1778,357.0634517183264,7.496876778554035,0.05999362696491539,-13.649441006823142
1779,356.2846539242448,7.480597192087637,0.059944625106041,-13.419689821993876
1780,355.4936286014111,7.465722968260486,0.05989535338099431,-13.19154857062446
1781,354.68958216020167,7.452240306836974,0.05984581200581358,-12.96497404510744
1782,353.8732045024575,7.440150469017444,0.05979600131418853,-12.740220501864828
1783,353.04444055453126,7.429440062602269,0.059745921756431605,-12.517171122709264
1784,352.2039759763057,7.420088468820398,0.059695573898330974,-12.296006579067816
1785,351.35100869586574,7.412097554122681,0.0596449584200265,-12.076833626983875
1786,350.4869631250884,7.405447098387843,0.05959407611478723,-11.859610835937476
1787,349.6117760256324,7.4001245065471535,0.059542927887795735,-11.64459430198704
1788,348.724639385665,7.396124806725491,0.05949151475490569,-11.431669108173107
1789,347.8269718021887,7.393428363250367,0.0594398378413555,-11.221092171264779
1790,346.91870434860346,7.39202315968248,0.05938789838044858,-11.01274941824714
1791,345.9990234528212,7.3919047967169345,0.05933569771225693,-10.806824349143056
1792,345.06934228079894,7.393039348256176,0.059283237282281874,-10.603352347080357
1793,344.12958660513414,7.395422785960695,0.059230518640089165,-10.402443539660515
1794,343.1789376840442,7.399028978472086,0.05917754343796332,-10.20413424258999
1795,342.21880364560513,7.403861687467435,0.05912431342951735,-10.008461253590571
1796,341.2483625218784,7.409887710039195,0.059070830468353694,-9.815461862575296
1797,340.2690193034302,7.417096302960695,0.05901709650667056,-9.625322428593698
1798,339.27994897360605,7.425462038331488,0.058963113593897915,-9.43808125552336
1799,338.28255356312235,7.434981942660294,0.05890888387528252,-9.253628601529261
1800,337.2760051843458,7.445623495681734,0.05885440959055695,-9.072226672795583
1801,336.26169772697693,7.457377041011663,0.05879969307255562,-8.893834135788262
1802,335.23951665068824,7.470227314882971,0.05874473674580279,-8.718523563091896
1803,334.209340775971,7.484152198247767,0.058689543125203594,-8.54636856710939
1804,333.1717905221513,7.49913715551728,0.05863411481464014,-8.377413611696538
1805,332.1274851163919,7.515160374843581,0.05857845450562489,-8.21169630515867
1806,331.0762998025767,7.5322076217509695,0.05852256497592741,-8.049269692986057
1807,330.01810872012334,7.550257379316945,0.058466449088228,-7.890172551873955
1808,328.9535277826757,7.569288273356522,0.05841010978874677,-7.734451681928843
1809,327.8824290516049,7.5892864975609955,0.05835355010589268,-7.582161913556117
1810,326.80542644950214,7.610230953542416,0.05829677314890452,-7.433343829027546
1811,325.7223901334724,7.632100675887086,0.05823978210647181,-7.288031197178442
1812,324.6339322084437,7.654867400468717,0.05818258024537981,-7.146250979481626
1813,323.53992110030924,7.678525274474816,0.05812517090912401,-7.008045620897786
1814,322.44096726911715,7.703046282894366,0.058067557516516266,-6.873450770348537
1815,321.3376804171577,7.728409958473466,0.05800974356028951,-6.7424952859631535
1816,320.22992669704047,7.754595949886995,0.057951732605677694,-6.615208668397496
1817,319.118314424863,7.781584018229334,0.05789352828899046,-6.4916359222239555
1818,318.00270845331755,7.809354033475582,0.05783513431616952,-6.37179299023942
1819,316.88371588496153,7.837878542564589,0.057776554461303926,-6.255703899345142
1820,315.76120044547554,7.867137622506224,0.057717792565127615,-6.143393336043683
1821,314.6357681971344,7.897074306661644,0.05765885253352392,-6.034886650004174
1822,313.508024747337,7.927758004806982,0.05759973833596869,-5.930202428994819
1823,312.3770896222719,7.959102222159771,0.05754045400393498,-5.829374786933747
1824,311.24356765091073,7.991042836099909,0.05748100362930546,-5.7324236532051565
1825,310.1088061740769,8.023590090916695,0.0574213913627066,-5.63934734674316
1826,308.971923748656,8.056828594085623,0.05736162141184734,-5.550167148284343
1827,307.8335243672643,8.090545895015348,0.05730169803979096,-5.464875303784077
1828,306.6942118329864,8.124826749310934,0.05724162556320337,-5.38347959610332
1829,305.55458980441966,8.159681697489534,0.05718140835055926,-5.305995917961169
1830,304.41377617093013,8.195047061194375,0.057121050820315405,-5.2324334162549615
1831,303.27386010837574,8.230859222898314,0.05706055743900466,-5.1627870644489855
1832,302.1339594447458,8.267128905595142,0.05699993271939101,-5.09705994808295
1833,300.99467771641474,8.303792601972429,0.056939181218428975,-5.035255836598868
1834,299.85587570942766,8.340935421086515,0.05687830753532521,-4.977364326537916
1835,298.7181571761594,8.378419667008298,0.05681731630949639,-4.923390554559528
1836,297.58212604712975,8.416256252485656,0.05675621221846446,-4.873325483380189
1837,296.44690080801035,8.45445612808085,0.0566949999757836,-4.827175614236968
1838,295.31382872200044,8.492955994803896,0.05663368432886291,-4.784933272272479
1839,294.1820288670961,8.53176686724773,0.05657227005680762,-4.746591461745981
1840,293.0528491938011,8.57082550270866,0.05651076196818534,-4.71212900756927
1841,291.9261523976701,8.610142964312898,0.05644916489878708,-4.681532838320638
1842,290.8018016371015,8.649581766627776,0.05638748370935881,-4.654783127235732
1843,289.68114625116465,8.689301572793468,0.0563257232832772,-4.631868146328912
1844,288.5633076322468,8.729164922618734,0.0562638885242679,-4.612776835194627
1845,287.4488934489007,8.769108646209293,0.05620198435403517,-4.597483941190816
1846,286.3385120234212,8.809218143587232,0.056140015709904074,-4.58597972945766
1847,285.2327723793285,8.849430246800162,0.05607798754246242,-4.5782402658696295
1848,284.13005578358246,8.889681783048655,0.05601590481316707,-4.574234841475888
1849,283.0324584738275,8.929983854315708,0.055953772491970415,-4.573948253379919
1850,281.93910618991447,8.970273266494416,0.05589159555492508,-4.577351086908136
1851,280.8506109600433,9.010561229238624,0.05582937898179168,-4.584438227576048
1852,279.76758466549734,9.050785195223988,0.055767127753649275,-4.595180982402029
1853,278.6891542273313,9.091031296694942,0.05570484685055693,-4.609552663402535
1854,277.6166760969155,9.131088503912425,0.05564254124913036,-4.627519778890677
1855,276.5500221252619,9.171117172857565,0.05558021592025871,-4.649034599428939
1856,275.48980811193,9.210980489904545,0.05551787582673284,-4.67407972198695
1857,274.4351653431109,9.250764452549049,0.055455525920984426,-4.702616065301976
1858,273.3874548091908,9.290332164621576,0.05539317114277081,-4.734605148500316
1859,272.34581023626765,9.329695250047129,0.05533081641694639,-4.770016512779469
1860,271.3123379721779,9.36886528210814,0.05526846665126114,-4.808812857803541
1861,270.284688676236,9.407853779734856,0.055206126734167575,-4.850950034566113
1862,269.2649713786224,9.44652363681496,0.055143801532677006,-4.896384466373448
1863,268.25306800330446,9.484960536046792,0.05508149589029345,-4.945087997951231
1864,267.24886191027986,9.523175811298131,0.0550192146249269,-4.997018174226432
1865,266.25223793173404,9.5609578769998,0.05495696252689716,-5.0521330889908045
1866,265.26308240715764,9.598466492596165,0.05489474435698867,-5.11039137664763
1867,264.28276888744784,9.63563849098942,0.054832564844538384,-5.171752203746069
1868,263.3111868277689,9.672410625547197,0.05477042868554988,-5.236152975256156
1869,262.3474844544294,9.708793850142861,0.05470834054091216,-5.303553895791702
1870,261.39304013570984,9.744799032230656,0.05464630503463384,-5.3739008187801725
1871,260.4477482363277,9.780362665962526,0.054584326752147166,-5.44714009388858
1872,259.51076198090664,9.8154954358562,0.054522410238654034,-5.523225985907764
1873,258.5834648213702,9.8502079300015,0.05446055999753775,-5.602105808399453
1874,257.665013452932,9.88436206981177,0.05439878048880817,-5.683727342212223
1875,256.7567948492347,9.918042524342413,0.054337076127625415,-5.768023968770048
1876,255.8579692760432,9.951185289635879,0.05427545128287707,-5.854944373290753
1877,254.96918448907263,9.983874819642553,0.05421391027576066,-5.944430249386368
1878,254.0903472504894,10.015972605674252,0.05415245737847804,-6.036423716903575
1879,253.2213661843968,10.047488590939668,0.054091096812928056,-6.130867311258654
1880,252.3621517961975,10.078506884123444,0.054029832749502266,-6.2277039726227565
1881,251.51410216092472,10.1088143390156,0.05396866930585428,-6.3268770349633225
1882,250.67638876533897,10.138569103237806,0.05390761054578233,-6.4283227865973815
1883,249.84892786421068,10.167706347490602,0.05384666047810848,-6.531977887313574
1884,249.0316376604642,10.196235396895492,0.0537858230556336,-6.637794213718629
1885,248.22518115438203,10.22401687788581,0.053725102174094846,-6.745716562713184
1886,247.4302233217948,10.251134133185111,0.05366450167119541,-6.855667783204728
1887,246.64520262128616,10.277596085331863,0.05360402532563352,-6.967608191216257
1888,245.8715308507369,10.303337234284012,0.05354367685618412,-7.081453846239989
1889,245.1083933126384,10.328366222099504,0.05348345992081626,-7.197135966151981
1890,244.35646299885195,10.352691547181188,0.053423378115825766,-7.314586058537128
1891,243.6156720943408,10.376247278594484,0.05336343497500196,-7.433735908633991
1892,242.8866976552288,10.399041620966104,0.05330363396879391,-7.55450271050521
1893,242.1687331109594,10.42108262894941,0.053243978503548464,-7.676826196592229
1894,241.46171677585735,10.442378205267175,0.05318447192071454,-7.800638912057088
1895,240.7663318548917,10.462936098829564,0.05312511749609827,-7.925858774120707
1896,240.08252077868656,10.48268961942536,0.05306591843912408,-8.052426201455276
1897,239.41022804292913,10.501646202996744,0.05300687789210216,-8.180281816733457
1898,238.74940021209153,10.519738842980304,0.05294799892954621,-8.309359005843614
1899,238.09998592251145,10.53704893923704,0.05288928455744898,-8.439591333777443
1900,237.4626787198725,10.55350916254136,0.052830737712600925,-8.570905103795285
1901,236.835949069493,10.569126113018914,0.05277236126191217,-8.70324260396188
1902,236.2212542483797,10.583831179857956,0.0527141580017763,-8.83653530319068
1903,235.6178284550747,10.597778245983273,0.052656130657368114,-8.970693488426665
1904,235.0263936363112,10.610749609485708,0.05259828188204042,-9.105753845156944
1905,234.44618814641373,10.62289881752748,0.05254061425664314,-9.241493170696621
1906,233.87793808632753,10.634156397277998,0.05248313028891148,-9.377948346219672
1907,233.32088596187847,10.644526988954839,0.05242583241286667,-9.515082048530816
1908,232.77501918663927,10.65401506142709,0.05236872298815949,-9.652708454121575
1909,232.2418129141732,10.662624911395447,0.05231180429951207,-9.790864644272007
1910,231.7197730245284,10.670286379143755,0.052255078556093536,-9.929513458665719
1911,231.2088931304501,10.677003414871354,0.052198547890956126,-10.068469199553212
1912,230.70991173782937,10.682854078093287,0.05214221436046088,-10.207694753473405
1913,230.2220837355054,10.687767686605284,0.052086079943740385,-10.347227295513008
1914,229.74540889460903,10.691747666535468,0.052030146542134954,-10.486881143113228
1915,229.2806318622132,10.694797268457233,0.05197441597870423,-10.626693444960797
1916,228.82701364927647,10.69684528357272,0.05191888999768614,-10.76655275141489
1917,228.3845601280925,10.69804317747875,0.051863570264061416,-10.906347569519134
1918,227.95327918898087,10.698245105474795,0.0518084583630412,-11.046114918084962
1919,227.53392356635413,10.697602180477267,0.05175355579967553,-11.185668898332697
1920,227.12501948897324,10.695968204962165,0.05169886399841865,-11.325046383138867
1921,226.72732367974896,10.693419655513086,0.051644384302745455,-11.46413558783832
1922,226.34085200457656,10.689884265406432,0.05159011797481584,-11.602898909131916
1923,225.96487946053736,10.685512442288545,0.05153606619511666,-11.741224346570412
1924,225.6009115034531,10.680231567391562,0.051482230062181125,-11.879074058140292
1925,225.24674135438073,10.673968846337674,0.05142861059237649,-12.016410065436986
1926,224.90313550075695,10.666799876506387,0.0513752087196175,-12.153194242438081
1927,224.57086234143216,10.658725796954249,0.05132202529523702,-12.289239737372212
1928,224.248463665932,10.649747572409323,0.05126906108780707,-12.424656662710914
1929,223.9367116481352,10.639791710324914,0.05121631678307544,-12.559257816231295
1930,223.63563748888507,10.62893311200731,0.05116379298388556,-12.693004371221896
1931,223.34453139787632,10.617172222792195,0.051111490210171626,-12.825857298779267
1932,223.06268540973505,10.604583599796952,0.051059408899000895,-12.957777357222659
1933,222.79162186931433,10.591018778721091,0.051007549404632334,-13.088725081624219
1934,222.5298935658988,10.576551975734512,0.05095591199866633,-13.21858648995438
1935,222.27828355692037,10.561182954403463,0.050904496870216975,-13.347321639854988
1936,222.036090970531,10.544911310191303,0.05085330412613877,-13.474890335027196
1937,221.80335948753813,10.527810755021559,0.0508023337912849,-13.601177831744112
1938,221.5801344824031,10.509806267892824,0.050751585808877286,-13.72621767950031
1939,221.36572016340833,10.490971230073,0.050701060040841926,-13.849894577273115
1940,221.16016521707647,10.471230292335024,0.050650756268257525,-13.972241497935332
1941,220.9635199466973,10.450656510273868,0.05060067419183729,-14.09314254478183
1942,220.7758362450738,10.429248495167155,0.05055081343243722,-14.212481509207292
1943,220.59716756647427,10.407004698906515,0.05050117353164977,-14.330364712024927
1944,220.42608322775163,10.383923415486999,0.050451753952442495,-14.446601009901173
1945,220.2633825538708,10.360002782556675,0.05040255407981764,-14.561221770968636
1946,220.10912350745977,10.33524078302618,0.05035357322153079,-14.674109448554972
1947,219.96262265772563,10.309709530240209,0.05030481060889022,-14.78529470658252
1948,219.82394081870447,10.283332419198201,0.05025626539752692,-14.89465927709886
1949,219.69239734671407,10.256181262351156,0.05020793666830311,-15.002158802478395
1950,219.5680557772304,10.22817915743666,0.05015982342818066,-15.107822827272503
1951,219.45172707217407,10.199397302652248,0.05011192461118036,-15.211531643214787
1952,219.34200808869687,10.169831185889688,0.05006423907936246,-15.313238242410184
1953,219.23898587588565,10.139550115974131,0.05001676562384863,-15.412969199158788
1954,219.14274868793743,10.108548978470417,0.04996950296586435,-15.510676391949092
1955,219.053385947938,10.076748237809923,0.04992244975784453,-15.606236996129947
1956,218.97024537607737,10.044216789979192,0.04987560458456934,-15.699750610765152
1957,218.89341862242773,10.011023397749316,0.049828965964282795,-15.791167834141303
1958,218.82299839415847,9.977162409460176,0.04978253234990541,-15.880290256966637
1959,218.75833558229013,9.94262804486108,0.04973630213022372,-15.967290440268668
1960,218.69952489308648,9.907340113996662,0.049690273631119525,-16.051969073933765
1961,218.6466619739624,9.871441153654493,0.049644445116835016,-16.13442352198129
1962,218.5983577039815,9.834925012338154,0.04959881479125692,-16.214527831987798
1963,218.5561951641971,9.797711136302125,0.04955338079917096,-16.29230414673405
1964,218.51878691730985,9.75986742263708,0.04950814122758431,-16.367699848027804
1965,218.485489142345,9.721387371384246,0.049463094107069214,-16.44066183473494
1966,218.45788726397367,9.682338655204994,0.04941823741306155,-16.511210801011863
1967,218.4345960663556,9.642640271579124,0.04937356906722944,-16.579292664234128
1968,218.41497382705168,9.60243396306285,0.04932908693879456,-16.644927127141603
1969,218.40060794565915,9.561564235554947,0.04928478884591533,-16.70805910618263
1970,218.38937222201824,9.520246912639411,0.04924067255702596,-16.768707294079483
1971,218.38211232969095,9.478400586918088,0.04919673579221699,-16.82674130509539
1972,218.37893159896208,9.436018040411517,0.049152976224574034,-16.88232737203985
1973,218.37844813983787,9.39309196397635,0.049109391481569536,-16.935259790954994
1974,218.38150897511616,9.349689243757615,0.04906597914641241,-16.98555518556466
1975,218.38821865817897,9.3058023971616,0.04902273675938204,-17.033303936920753
1976,218.3971963958312,9.261498142865044,0.048979661819240766,-17.078373046268887
1977,218.4085473462612,9.216694553336552,0.04893675178451796,-17.120777549662257
1978,218.42237690687148,9.171383908395711,0.04889400407490595,-17.160531948285616
1979,218.43804783718025,9.125781265290941,0.04885141607255054,-17.197575922510598
1980,218.45640872189296,9.07965591026907,0.04880898512341569,-17.23192289668884
1981,218.4760797538686,9.033222763715107,0.04876670853856588,-17.26358575366909
1982,218.4979097024795,8.986399548252814,0.04872458359550971,-17.29257683304929
1983,218.52126169684064,8.939178209396994,0.04868260753947149,-17.31890792966212
1984,218.54549885438232,8.89169920220825,0.048640777584715446,-17.3425160087922
1985,218.57146990961556,8.843880076943606,0.04859909091579896,-17.36341177213566
1986,218.5977949979406,8.795712616238879,0.048557544688821376,-17.38160537348747
1987,218.62532262497305,8.74733712179109,0.04851613603273512,-17.397106418166945
1988,218.65341545086164,8.698671000032078,0.04847486205053841,-17.40992396267909
1989,218.68143592007343,8.649780182831638,0.04843371982054616,-17.419992231109326
1990,218.71023189149557,8.600581996681273,0.048392706397636986,-17.427393465764084
1991,218.73916525872653,8.551216583402228,0.048351818814405326,-17.43206079352941
1992,218.7675975808848,8.501601202326293,0.048311054082418425,-17.434001076982348
1993,218.7948900437547,8.45180165100313,0.04827040919340708,-17.433294915229634
1994,218.82263192642216,8.401883701387844,0.04822988112046678,-17.429799510970383
1995,218.84869788307137,8.351764536025092,0.04818946681921064,-17.423668656319762
1996,218.8746762556918,8.301435601741018,0.04814916322896103,-17.41483274983003
1997,218.8991835217929,8.251036896324353,0.04810896727392076,-17.403295932270748
1998,218.9215784329744,8.200559837688177,0.048068875864325594,-17.389136088629197
1999,218.94344764894709,8.149921550536254,0.048028885897606295,-17.37228199983252
2000,218.9626630218534,8.099187720025425,0.04798899425955057,-17.352810479215087
2001,218.98081167748947,8.048423873004278,0.0479491978254376,-17.330648309209707
2002,218.99651576341236,7.9976206329407775,0.047909493461202005,-17.30594086582096
2003,219.00988412771372,7.946768471251482,0.04786987802455374,-17.278609216689304
2004,219.02102484998852,7.895857865312979,0.047830348366127366,-17.24864819043635
2005,219.03004520887865,7.845027868563603,0.04779090133065605,-17.216126380236975
2006,219.03630881524745,7.794120412571066,0.04775153375806045,-17.18103758060387
2007,219.0391784160732,7.743274578120117,0.0477122424846485,-17.143449358397206
2008,219.03950153404912,7.692480897249645,0.04767302434422153,-17.103280206534993
2009,219.0366390977276,7.641729923293325,0.04763387616921957,-17.060596682431598
2010,219.03069391754255,7.591086517400637,0.04759479479191678,-17.015390562127152
2011,219.0210249874184,7.540467001030087,0.04755577704554519,-16.967653128632723
2012,219.00773312719855,7.489936292941408,0.04751681976542962,-16.917449460478796
2013,218.99017528569877,7.439485061650857,0.04747791979019642,-16.864769869956667
2014,218.96919301961287,7.389178295379117,0.04743907396293266,-16.809678475567615
2015,218.9441411279764,7.339006737968413,0.04740027913235058,-16.752164640656677
2016,218.91437329751008,7.289035458788173,0.04736153215396969,-16.692291546248278
2017,218.88147058372112,7.239181005105888,0.047322829891313485,-16.6301219135629
2018,218.84329870745756,7.189508538952495,0.047284169217081805,-16.56564372671902
2019,218.8014363826379,7.14008327294886,0.04724554701437442,-16.49891880612458
2020,218.75448977922608,7.090821906107643,0.047206960177876414,-16.430008531539393
2021,218.70329234731992,7.041864044127092,0.04716840561508382,-16.358825281809942
2022,218.64793345666925,6.99308193102947,0.04712988024750413,-16.285503859292866
2023,218.58701554196657,6.944593008055878,0.04709138101188694,-16.210104362923268
2024,218.52136825897244,6.896373642152555,0.04705290486145593,-16.132537911953904
2025,218.4510771260912,6.8484299806967135,0.047014448767109945,-16.052863787366245
2026,218.3747406716834,6.8007830974358265,0.04697600971869588,-15.971215155924106
2027,218.2931845921767,6.753439281695178,0.04693758472618902,-15.887501943870632
2028,218.20649039558708,6.706412326004696,0.04689917082099324,-15.80178226229414
2029,218.11399538576003,6.659708671941216,0.04686076505711436,-15.714113848118284
2030,218.01577831726635,6.6133496976872825,0.046822364512424296,-15.62455407223441
2031,217.9126593808384,6.567349435452719,0.04678396628990827,-15.533085664263746
2032,217.8032288492797,6.521707145559846,0.046745567518845496,-15.439839571457027
2033,217.68756123915827,6.476451888942216,0.046707165356082846,-15.344797833199156
2034,217.56647246289353,6.4315905310508485,0.04666875698721073,-15.24801644014861
2035,217.43929131131932,6.387137457572573,0.04663033962778813,-15.149476775976492
2036,217.30608794691184,6.3430922916548145,0.046591910524542285,-15.049308476724915
2037,217.16618822238937,6.299462181188827,0.046553466956545345,-14.947418022246707
2038,217.02040217492325,6.2562692293480655,0.046515006236387775,-14.84400872977112
2039,216.86805267564543,6.2135133549795,0.0464765257113416,-14.738986495022292
2040,216.70920392479155,6.171209436450596,0.046438022764482376,-14.632479785960038
2041,216.54317577216895,6.129357600295973,0.046399494815821875,-14.524468234569632
2042,216.3707722131902,6.0879729366167865,0.04636093932340355,-14.415005496744948
2043,216.19205287518696,6.047070644328139,0.046322353784363765,-14.304144978229203
2044,216.00633300922624,6.006658604705046,0.04628373573600333,-14.191939844119954
2045,215.81441198741933,5.966744811576172,0.04624508275677855,-14.078443028430144
2046,215.61560195547233,5.92733737311335,0.04620639246731803,-13.963632960196914
2047,215.4092134958,5.8884445135661405,0.04616766253138112,-13.847710707147325
2048,215.1967841260776,5.850089431640955,0.04612889065676333,-13.730654284377772
2049,214.97762128298015,5.812265732021142,0.04609007459621691,-13.612515798091584
2050,214.75177365659007,5.774989425382494,0.046051212148295946,-13.493272888348875
2051,214.5185429858236,5.738254471748512,0.04601230115817719,-13.373050768955428
2052,214.27870497091203,5.702070259542418,0.04597333951844269,-13.251822642059892
2053,214.03154551663567,5.66645384276682,0.045934325169805536,-13.129635019651136
2054,213.77709176267672,5.631400116975182,0.04589525610183473,-13.0066085537633
2055,213.51536924507613,5.596918962285847,0.045856130353572576,-12.882640912276017
2056,213.24714472820503,5.563012959531911,0.0458169460141957,-12.757926773237616
2057,212.97095486208883,5.52969967645023,0.04577770122352829,-12.632363566641532
2058,212.68830602549755,5.496974527005444,0.04573839417259668,-12.506145752228607
2059,212.39773164416815,5.464840485803177,0.045699023104071125,-12.3792448447333
2060,212.10073486995003,5.433315517388987,0.045659586312770326,-12.251632274132117
2061,211.79584590008943,5.402395435382505,0.04562008214593571,-12.12350224586464
2062,211.4845646574721,5.372091045050262,0.04558050900367493,-11.994751765998837
2063,211.1654181110399,5.342398430662907,0.04554086533916389,-11.865574918898732
2064,210.8391601221757,5.313336097941084,0.04550114965892731,-11.735942892316464
2065,210.50654294145056,5.284892976235017,0.04546136052305957,-11.6058268374675
2066,210.16608870599904,5.2570804175445485,0.045421496545363226,-11.475420729060929
2067,209.81854645276752,5.229902483623656,0.045381556393450775,-11.344621390257212
2068,209.4646636172027,5.203355946423537,0.045341538788834526,-11.213622770112888
2069,209.10295753262147,5.177445145174241,0.04530144250693999,-11.082321684932268
2070,208.73491528052847,5.1521819867043055,0.04526126637710192,-10.95083781210162
2071,208.35979385129693,5.127556232298433,0.045221009282521415,-10.819216565338472
2072,207.97684865582596,5.103572639647052,0.04518067016021253,-10.687503387394411
2073,207.5875620379379,5.0802286779342305,0.04514024800081759,-10.555743759194497
2074,207.19118627230137,5.057536812967944,0.045099741848520974,-10.423908925411911
2075,206.78845774838996,5.035494793800347,0.04505915080083591,-10.292118753989124
2076,206.3778828049596,5.014093081041644,0.045018474008430495,-10.160344611076676
2077,205.9609375856008,4.993344560167947,0.04497771067486903,-10.028706503926168
2078,205.53686820472,4.973239971270572,0.044936860056390845,-9.897250239199172
2079,205.1064049346027,4.953792478953141,0.04489592146160732,-9.765947431716219
2080,204.6695337130577,4.934985673621047,0.04485489425119992,-9.63491836364498
2081,204.22623899194164,4.916832997970989,0.04481377783768147,-9.504134859102466
2082,203.77650375143443,4.899333176524416,0.04477257168499335,-9.373717426707785
2083,203.3203095150832,4.882477643560628,0.04473127530823549,-9.243712417547743
2084,202.85763636560847,4.866280256049608,0.044689888273300886,-9.114092033579704
2085,202.38994863150967,4.850717866331492,0.04464841019654242,-8.984977186471196
2086,201.9149950591841,4.835804605051015,0.04460684074440262,-8.856340371850909
2087,201.43423718119251,4.82153245373863,0.04456517963313281,-8.728228528005424
2088,200.94839232483145,4.807893529196486,0.04452342662835309,-8.60068876049371
2089,200.45594796149123,4.7948949394866816,0.04448158154478808,-8.473768350191062
2090,199.95761873688093,4.782529069771541,0.04443964424587068,-8.347514761259417
2091,199.45337515164584,4.770795866559596,0.04439761464343484,-8.221901365540559
2092,198.94318641772924,4.759687980155047,0.044355492697376896,-8.09705030088375
2093,198.4277633153281,4.749198192113204,0.044313278415347504,-7.973009628381575
2094,197.90707254533888,4.739326842651817,0.044270971852429966,-7.849679056532902
2095,197.3803367523928,4.730074401318243,0.04422857311084585,-7.727255649843571
2096,196.84900588849817,4.721426609263248,0.04418608233967555,-7.605713851813662
2097,196.31230022691236,4.713384191573676,0.04414349973456579,-7.485058056267498
2098,195.7701817267105,4.705947999461369,0.044100825537462286,-7.365367184791552
2099,195.2233540576709,4.699096724060015,0.04405806003639082,-7.246660983678986
2100,194.67103412046913,4.692838893683117,0.0440152035651709,-7.12896688624088
2101,194.1139201898505,4.687168553098308,0.04397225650317591,-7.01232007070054
2102,193.55195376784744,4.682066014083689,0.04392921927517285,-6.89675619129806
2103,192.98507211268725,4.677541672381302,0.04388609235103972,-6.782303804327763
2104,192.4132114878325,4.673591185628728,0.04384287624558367,-6.6690066091306415
2105,191.83705002372423,4.670202900313289,0.04379957151834396,-6.556886313006856
2106,191.25577923962356,4.667365278686701,0.04375617877337568,-6.44596492282056
2107,190.6708182458221,4.665089182340853,0.04371269865907938,-6.33628703649114
2108,190.0806139256948,4.663355872242117,0.043669131867991554,-6.227875279214258
2109,189.48732647826776,4.6621615772801,0.043625479136587854,-6.120767451413417
2110,188.88940109540133,4.661502635975913,0.04358174124506794,-6.014979393062364
2111,188.2882535045152,4.661375494852711,0.043537919017166464,-5.910549559728697
2112,187.6830701509584,4.66176927841809,0.04349401331993719,-5.807509314978995
2113,187.07452240070407,4.6626806441596855,0.04345002506349775,-5.70586065099306
2114,186.46179522782543,4.664098924102467,0.04340595520082749,-5.605650477585529
2115,185.84630141718588,4.66601355138,0.04336180472747085,-5.506881487371081
2116,185.22722458182935,4.668421486769224,0.043317574681255765,-5.409586444479248
2117,184.60523336560743,4.671319788488679,0.0432732661420312,-5.313783619504404
2118,183.97951013053196,4.674690753611004,0.043228880231305056,-5.219506507792431
2119,183.35146515929412,4.678531629541918,0.04318441811188874,-5.126766692404433
2120,182.71953683741867,4.682832327012965,0.043139880987529855,-5.035576133707105
2121,182.0858771957456,4.687590274791706,0.04309527010248693,-4.945962030432614
2122,181.44892358736269,4.6927881326074745,0.0430505867410609,-4.857937110452423
2123,180.809341394911,4.6984309308466194,0.043005832227152006,-4.771521919813952
2124,180.1685383875619,4.70449407001312,0.042961007923681085,-4.686737398183085
2125,179.52420773781824,4.71097531706171,0.04291611523206461,-4.603597454089801
2126,178.87849923366562,4.717872518198566,0.0428711555915471,-4.522116396673651
2127,178.2305909551281,4.725168740002949,0.042826130478662315,-4.44231636722539
2128,177.58114631115762,4.7328545522721885,0.042781041406404735,-4.36420505712058
2129,176.93008556123795,4.740920597438298,0.042735889923585714,-4.28779056729482
2130,176.27658584200924,4.749357588308905,0.04269067761399732,-4.213103695857157
2131,175.62205253394606,4.75815630578314,0.04264540609563248,-4.140153370337361
2132,174.96566227774525,4.767315024894046,0.04260007701975524,-4.068956363219988
2133,174.30807717595764,4.776809799077056,0.04255469207004659,-3.9995075804597446
2134,173.6492163143959,4.786646456269935,0.04250925296158684,-3.9318246332817015
2135,172.9897414586513,4.796801169738806,0.04246376143990796,-3.865918126261019
2136,172.32957141050375,4.807265025788992,0.042418219279898826,-3.8017842302355898
2137,171.66788203438014,4.818036593006572,0.0423726282847603,-3.7394343967524337
2138,171.00607762391996,4.829107063133668,0.042326990284867416,-3.678873073845724
2139,170.34407675332886,4.840452820279249,0.042281307136643714,-3.6201125633509466
2140,169.681797973925,4.852080008568429,0.042235580721340336,-3.563158164604441
2141,169.01915984065909,4.863965102876336,0.04218981294384304,-3.508008174632101
2142,168.3568237736852,4.87610690480528,0.04214400573141863,-3.4546613164795774
2143,167.6939655798609,4.888481970099562,0.042098161032491394,-3.4031315956866286
2144,167.03198965447675,4.901096604606007,0.0420522808152987,-3.3534133866122664
2145,166.37007199774106,4.913927434974395,0.042006367066628254,-3.305517830723261
2146,165.70813158154166,4.9269585479063425,0.04196042179051986,-3.259446093710312
2147,165.04683037613316,4.940196344350049,0.04191444700687199,-3.215197535659666
2148,164.3860877067931,4.9536175385405325,0.04186844475022653,-3.172768967018008
2149,163.72656595059257,4.967213725592497,0.041822417068361664,-3.1321583613857795
2150,163.06744205804688,4.980976522291677,0.04177636602099946,-3.093364853958902
2151,162.40937795784762,4.994890274003264,0.0417302936784724,-3.056387938747956
2152,161.752289192226,5.008947322164153,0.04168420212046294,-3.021229520539856
2153,161.09683349995032,5.0231327317883645,0.04163809343466748,-2.9878918589828247
2154,160.44218329997798,5.037439007908809,0.04159196971556433,-2.9563716819092862
2155,159.78973989316043,5.051866093090204,0.04154583306313268,-2.926663228596856
2156,159.1379336435734,5.0663842231982175,0.04149968558167184,-2.8987612928848967
2157,158.48816668513015,5.08100078008082,0.04145352937857174,-2.872661591945881
2158,157.84035593773203,5.095700862304862,0.041407366563205775,-2.8483598721036465
2159,157.193675968462,5.1104769961062955,0.041361199245764375,-2.8258526487602644
2160,156.54953035769935,5.12530684789993,0.04131502953619232,-2.8051349005760993
2161,155.90709471480733,5.1401903636034705,0.04126885954315882,-2.786199992036808
2162,155.26703087889769,5.1551200528223164,0.04122269137303994,-2.769037441685091
2163,154.62925843917128,5.170080986449144,0.04117652712896477,-2.7536408670835657
2164,153.9936975951126,5.185058222628132,0.041130368909938216,-2.7400012958228355
2165,153.36026918138816,5.2000442327344185,0.0410842188099326,-2.7281116189543866
2166,152.72963752747404,5.215031470668679,0.04103807891713888,-2.7179651016463438
2167,152.10172481188914,5.230004942168172,0.04099195131312995,-2.7095516652404927
2168,151.47645392115936,5.244964487535547,0.04094583807219702,-2.702854912053939
2169,150.8537484733886,5.259887637583118,0.04089974126067015,-2.6978543499379826
2170,150.23427567646428,5.274781609798032,0.04085366293629943,-2.6945313309266994
2171,149.61721784574843,5.289623879272084,0.04080760514767557,-2.6928675614516293
2172,149.00398660153255,5.304421603254375,0.040761569933687805,-2.6928428696394544
2173,148.39376588076124,5.319152192119213,0.040715559323069694,-2.694441143714257
2174,147.78722613355228,5.333815305607549,0.04066957533393361,-2.697642899289316
2175,147.18429583902105,5.348395708885551,0.04062361997336121,-2.7024319604449447
2176,146.5849043606901,5.362885555425766,0.04057769523702877,-2.7087902553665857
2177,145.98898196634312,5.377284384858509,0.04053180310891339,-2.7167015259237273
2178,145.3964598473316,5.391569407443862,0.04048594556089104,-2.7261490944883926
2179,144.80801297234734,5.40574007206791,0.04044012455254752,-2.7371173448480723
2180,144.2235744355463,5.419780922408736,0.04039434203088166,-2.749589488861381
2181,143.6423354741391,5.433683879927309,0.04034859993003414,-2.763549270055975
2182,143.06571682548832,5.447440813480672,0.04030290017111636,-2.778973381703952
2183,142.49291173335496,5.46105096565966,0.04025724466194197,-2.7958377015417626
2184,141.92460013881222,5.474498665750037,0.040211635296860025,-2.814118177989543
2185,141.35997735532175,5.4877756128202755,0.0401660739565075,-2.8337915677128045
2186,140.7997254233949,5.500880873784238,0.04012056250765695,-2.8548333503182866
2187,140.244527454486,5.513798596439584,0.040075102802935046,-2.8772215856351546
2188,139.69283913924238,5.526527720984865,0.04002969668066493,-2.90093363968294
2189,139.14608860538746,5.539052264762522,0.03998434596460036,-2.9259449161949926
2190,138.60421941966328,5.551378462182638,0.03993905246369247,-2.952231822200372
2191,138.06643343433632,5.5634753361228375,0.03989381797178432,-2.9797732478326093
2192,137.53341930314548,5.575356408013064,0.039848644267376734,-3.0085438748484705
2193,137.005123986498,5.586997984246,0.03980353311323936,-3.038522341740864
2194,136.4807527611443,5.598398581274041,0.03975848625615604,-3.069686780548572
2195,135.96174056936388,5.6095492105363,0.0397135054264673,-3.1020125820625375
2196,135.44803785234515,5.620440805170508,0.039668592337721055,-3.1354701609225963
2197,134.93885339314227,5.631071646759833,0.03962374868618364,-3.1700316346248107
2198,134.43413999409293,5.641432507064548,0.039578976150419096,-3.205658188708429
2199,133.9345944836313,5.6515215031916135,0.03953427639071125,-3.242331269099804
2200,133.44017205250495,5.661329239400858,0.039489651048580855,-3.28001394785558
2201,132.9508303973444,5.670853605923358,0.03944510174618291,-3.318684984874205
2202,132.4665336343055,5.680084751563334,0.03940063008565165,-3.358303602331022
2203,131.98724839531843,5.689020108307585,0.03935623764848776,-3.3988595527437604
2204,131.51368536447916,5.69764958972047,0.03931192599483636,-3.4403204721902925
2205,131.04507077665443,5.705970446354903,0.03926769666280284,-3.48266158636024
2206,130.58137492574673,5.713979836156334,0.039223551167691696,-3.525873131462137
2207,130.12331216740145,5.721659966561064,0.039179491001218474,-3.569923204939684
2208,129.6701124161648,5.729007806741542,0.039135517630697794,-3.614787471255741
2209,129.22249248734897,5.736020229796453,0.03909163249824212,-3.6604417258455713
2210,128.78042759326075,5.742694011688457,0.03904783701991277,-3.70686188734654
2211,128.3431513440508,5.7490258302298125,0.039004132584850346,-3.7540165614100345
2212,127.91138425318688,5.755012264116529,0.03896052055440097,-3.801881889502957
2213,127.48510523233196,5.760634935311203,0.03891700226128317,-3.8504192559039696
2214,127.06429442588004,5.76591250662793,0.038873579008627514,-3.8996124214548744
2215,126.64819037500348,5.770826397413079,0.038830252069208086,-3.9494303737705247
2216,126.23826135638843,5.775372781231148,0.0387870226844752,-3.999834747518925
2217,125.83374837028605,5.779555156799492,0.03874389206376974,-4.050809529729355
2218,125.43463647837912,5.783369490624192,0.03870086138342256,-4.102316481583534
2219,125.04016913106646,5.786811644738051,0.03865793178597288,-4.1543322720537
2220,124.65181950446376,5.789884804490173,0.03861510437938554,-4.206833613091932
2221,124.26883348672015,5.7925771929861645,0.03857238023624852,-4.259789823181497
2222,123.891201014151,5.79489178403155,0.03852976039306376,-4.313162819259181
2223,123.51965606683387,5.7968314450250205,0.038487245849579535,-4.366936822068034
2224,123.152705323668,5.798384079902896,0.03844483756808871,-4.42107377804602
2225,122.79182800226852,5.799544913885495,0.03840253647289025,-4.475557921464524
2226,122.4355331730454,5.800323921573468,0.038360343449754926,-4.530351196419336
2227,122.08530243323926,5.800701256642359,0.03831825934535876,-4.585430390737944
2228,121.74039005513728,5.800686678489913,0.03827628496690983,-4.640772271506804
2229,121.40005148409328,5.8002749820286414,0.03823442108177954,-4.696338720677936
2230,121.06577183609974,5.799460854328505,0.03819266841715257,-4.7521064408634635
2231,120.73680887968598,5.798246302956505,0.03815102765983821,-4.8080446627719455
2232,120.41316436761733,5.796633227662346,0.03810949945605223,-4.864129994495892
2233,120.09409835799416,5.79461599210965,0.0380680844113314,-4.920331557504005
2234,119.78110054505213,5.79221113740314,0.03802678309047421,-4.976618407795529
2235,119.47269040423842,5.789405383806778,0.03798559601759577,-5.032959528820466
2236,119.17035986221705,5.786215057758474,0.0379445236761881,-5.0893238245202115
2237,118.8726306060293,5.78262666532249,0.037903566509320794,-5.1456949691929275
2238,118.58025391718812,5.778656319286608,0.03786272491985103,-5.202034259034453
2239,118.29249648503529,5.774282884344729,0.03782199927072747,-5.258317747311388
2240,118.01085456991608,5.769529689323154,0.037781389885312495,-5.314528809564452
2241,117.73311131060204,5.7643753873886325,0.0377408970478527,-5.370628423893927
2242,117.4607650617432,5.7588282399986035,0.037700521003912746,-5.426599734881066
2243,117.19382953548224,5.752896403983454,0.03766026196091336,-5.482403477440049
2244,116.93157662286391,5.746565647013611,0.03762012008869342,-5.53802996935603
2245,116.6740220498732,5.739836489902263,0.03758009552016386,-5.593439678701245
2246,116.42118252801252,5.732724207189586,0.03754018835191732,-5.6486226449850125
2247,116.1730757395282,5.725229114357725,0.037500398644967965,-5.703539046827504
2248,115.92972032227284,5.71734399682808,0.03746072642547647,-5.758163766661961
2249,115.6911358542149,5.709076395689323,0.03742117168548362,-5.812486385457141
2250,115.45734283760873,5.700426323353399,0.037381734383700405,-5.8664666074563465
2251,115.22836495589544,5.691400943733004,0.03734241444630389,-5.920086334154205
2252,115.00349304138106,5.681991756178827,0.03730321176772832,-5.973320187671064
2253,114.78276390934344,5.672204841448023,0.037264126211483055,-6.026142692561692
2254,114.56695806791905,5.6620461830812125,0.03722515761096158,-6.0785430472152635
2255,114.3546283606772,5.6514993831974865,0.03718630577024516,-6.13048797746921
2256,114.14729979421284,5.640577661818484,0.03714757046486461,-6.181966302166058
2257,113.94426967514744,5.629279287665464,0.03710895144264033,-6.232944358592287
2258,113.74557893217762,5.617602435784612,0.03707044842437509,-6.283410568200124
2259,113.55052642776108,5.605552616848025,0.037032061104629706,-6.3333382905513895
2260,113.35989744472855,5.593135249780216,0.036993789152400126,-6.382708104133216
2261,113.17373516256072,5.580348234410584,0.03695563221177538,-6.431500373837913
2262,112.99134063856891,5.567211665903118,0.03691758990262992,-6.479702675203937
2263,112.81201562394175,5.553730694060121,0.03687966182115117,-6.527287505312112
2264,112.63729104969624,5.539895524403458,0.0368418475404159,-6.574234563835981
2265,112.4664699972692,5.525725989383818,0.03680414661089706,-6.620523320740065
2266,112.29959901923559,5.511212122713329,0.03676655856091817,-6.666177582475856
2267,112.13598244976428,5.4963735873291775,0.03672908289706992,-6.711087207713718
2268,111.97566805507108,5.481200249780608,0.03669171910457735,-6.755305237532168
2269,111.81944701372778,5.46570417989735,0.03665446664759602,-6.7987730426778255
2270,111.66662539181011,5.449889938633247,0.036617324969497496,-6.841580312082312
2271,111.51725262811811,5.433747150988985,0.036580293493043314,-6.883593631646689
2272,111.37137867922412,5.417287649064848,0.03654337162059659,-6.924827898089961
2273,111.22905399948004,5.400523188340387,0.03650655873424423,-6.965297748320164
2274,111.08958668593874,5.38344316398332,0.036469854195817344,-7.0049432723496095
2275,110.95302812829377,5.366074039040424,0.036433257346993854,-7.043778576761641
2276,110.8201729887156,5.348412490703832,0.03639676750924766,-7.081817497716793
2277,110.68958784153855,5.33045512516025,0.036360383983829535,-7.118999314009417
2278,110.56206816314877,5.3122281924699,0.03632410605171964,-7.155337310686472
2279,110.43766697157666,5.293720732922092,0.03628793297348817,-7.190844492218104
2280,110.31643764116916,5.274944005374704,0.03625186398919142,-7.225459295733043
2281,110.19769104716814,5.25589434707,0.03621589831824248,-7.259119871329536
2282,110.08148121532024,5.236590316982364,0.03618003515924807,-7.2919126459656125
2283,109.96711963134332,5.217028127342302,0.03614427368986676,-7.323849469920787
2284,109.8561465605004,5.197211358691675,0.03610861306660373,-7.354793330353221
2285,109.74713118185508,5.1771435332158,0.03607305242468713,-7.384829765970721
2286,109.64087141283485,5.156835544803669,0.03603759087788805,-7.413895446782643
2287,109.53667971345176,5.136298232434527,0.03600222751841901,-7.442075305488664
2288,109.43461157068133,5.115520096890124,0.03596696141675101,-7.469231117467434
2289,109.33472264270029,5.094534157695101,0.0359317916215551,-7.495447199423408
2290,109.23706873811042,5.0733288147263735,0.03589671715961967,-7.520658989645283
2291,109.14096296009856,5.051922133551148,0.03586173703579695,-7.544950179934107
2292,109.04720419066219,5.030317277182848,0.03582685023300815,-7.568255579666851
2293,108.95510572962704,5.008532221360158,0.035792055712313316,-7.590509681038352
2294,108.8647237788115,4.986562614693184,0.03575735241294992,-7.611869507976911
2295,108.77611458606712,4.964411493979573,0.03572273925249993,-7.632120346710765
2296,108.68859158930027,4.942096714486222,0.03568821512707834,-7.651418579565054
2297,108.6029539005821,4.919613810144146,0.03565377891156327,-7.669697415905813
2298,108.5185149450784,4.896973137258828,0.035619429459907634,-7.687038308814394
2299,108.43607378018233,4.874177591429808,0.03558516560552672,-7.703299536940372
2300,108.35420089943563,4.851237466231055,0.035550986161693644,-7.718487621587673
2301,108.27369626371483,4.828148047542076,0.03551688992201963,-7.732756886685388
2302,108.19462106614004,4.804933817825688,0.03548287566108341,-7.745888154826659
2303,108.11555175029007,4.781581970790046,0.035448942134946364,-7.758107185461472
2304,108.03877879261442,4.758109391145731,0.035415088081916686,-7.769193713122035
2305,107.96213549643532,4.734525514854004,0.035381312223214466,-7.7792985666114465
2306,107.88642632156214,4.710824902774176,0.035347613263848485,-7.78834940186631
2307,107.81171268863204,4.687024384409048,0.035313989893415824,-7.796347837069693
2308,107.7373129586932,4.663125918142328,0.035280440787065055,-7.803295170470445
2309,107.66328808297219,4.639131449920699,0.03524696460640698,-7.809192381921447
2310,107.59044158274176,4.615057771926866,0.035213560000579,-7.814114418133154
2311,107.51809102428194,4.590899382790324,0.03518022560725652,-7.817987344125974
2312,107.44555366915144,4.566673059638568,0.035146960053807935,-7.82073691239873
2313,107.37363212466198,4.542373289931649,0.03511376195837247,-7.822511415797206
2314,107.30238581944847,4.518024271834716,0.035080629931053126,-7.823310272553838
2315,107.2311309843522,4.49361306097004,0.035047562575092644,-7.822984029023433
2316,107.15992630360962,4.469156427455744,0.03501455848807933,-7.821680063609331
2317,107.08883006123853,4.444663716022079,0.034981616263156205,-7.819322605323775
2318,107.01790012273813,4.420129419508708,0.03494873449027011,-7.815909871033133
2319,106.946451082069,4.395562894092387,0.034915911757375864,-7.8115140688406
2320,106.87528274905311,4.370973504391388,0.034883146651679665,-7.806132834601153
2321,106.80370879193332,4.346363196897876,0.03485043776082817,-7.7996892355678655
2322,106.73178522545528,4.321748786788309,0.034817783674092946,-7.792254624661349
2323,106.66031039423568,4.297124817908471,0.03478518298355154,-7.783825793828445
2324,106.5878536164012,4.272508134587564,0.03475263428526282,-7.774399261503862
2325,106.51521217785988,4.247900741575773,0.03472013618030466,-7.764045560153461
2326,106.44169714168804,4.2233195191100315,0.03468768727589418,-7.752686389877606
2327,106.36810467314064,4.198759082803702,0.03465528618639042,-7.740317473088569
2328,106.29374468486608,4.174243783715516,0.034622931534248155,-7.727082842230742
2329,106.21941216273044,4.149760854790942,0.03459062195098726,-7.712903426523062
2330,106.14367297682954,4.125334695935257,0.034558356077990335,-7.6977741902505805
2331,106.0673208781906,4.1009525920587855,0.03452613256737112,-7.681764137062863
2332,105.99040614563933,4.0766315697548245,0.03449395008263607,-7.664793463772104
2333,105.91297840820664,4.052366400351808,0.034461807299431706,-7.646930698667415
2334,105.83434379789746,4.028174171497873,0.034429702906099716,-7.6281698553016675
2335,105.75455060794324,4.004057146872356,0.03439763560423512,-7.6085047202714
2336,105.6736464463842,3.980010195979278,0.03436560410913131,-7.588003140972717
2337,105.59242106009876,3.9560579373230618,0.03433360715019634,-7.566658462820015
2338,105.5094349841002,3.9321878846627745,0.03430164347126424,-7.544389533435093
2339,105.42547654146584,3.908417303553672,0.034269711830874384,-7.521337840807375
2340,105.3405904933909,3.884756070968872,0.03423781100243705,-7.497496099889767
2341,105.25407802970764,3.8611992483063657,0.034205939774362905,-7.472782540165484
2342,105.16672526483336,3.8377567961323575,0.03417409695013554,-7.447263760174467
2343,105.07783188888848,3.814438718808909,0.034142281348299816,-7.4210061644818355
2344,104.98743966432208,3.791240209107964,0.034110491802451716,-7.394001684104025
2345,104.89558958275992,3.7681787912642095,0.03407872716106346,-7.366167780394218
2346,104.80306469221308,3.7452423238123185,0.034046986287393693,-7.337644582897398
2347,104.70841874946132,3.722448427665918,0.034015268059260605,-7.308349192143359
2348,104.61243322297587,3.699792488931039,0.033983571368812235,-7.2783471009346465
2349,104.5144031108463,3.6772848019109854,0.03395189512226186,-7.2476293475872415
2350,104.41510827420028,3.65493571364804,0.033920238239609435,-7.216261086662291
2351,104.31458429230209,3.6327407855003297,0.033888599654303374,-7.18415825108899
2352,104.21212055616051,3.610703130551528,0.03385697831294793,-7.151457500136569
2353,104.10774783288078,3.588840792028796,0.0338253731749106,-7.1180719953500455
2354,104.00149605836415,3.5671495857001774,0.03379378321201556,-7.084137596361512
2355,103.89413716688324,3.5456328144581564,0.03376220740821095,-7.049492880104861
2356,103.78421374576295,3.524308697839216,0.0337306447592196,-7.014273412595011
2357,103.67323887556536,3.5031658030775588,0.0336990942722177,-6.978540335210937
2358,103.55975344512672,3.482222473047411,0.03366755496554726,-6.942206085034345
2359,103.44526882722403,3.461467400585374,0.033636025868435046,-6.905331532756287
2360,103.32832419407244,3.4409116280494527,0.033604506020773445,-6.867828852628266
2361,103.2096863584328,3.4205514066568186,0.033572994472897744,-6.8299072275124315
2362,103.0886355946605,3.40040533930446,0.03354149028538518,-6.791404301477137
2363,102.96593697522668,3.380462383165649,0.033509992528991624,-6.752454735529171
2364,102.84086902729648,3.3607264208171688,0.03347850028452425,-6.712970227405552
2365,102.71419506977364,3.3412088328905103,0.033447012642832716,-6.673085217005389
2366,102.58593470544848,3.3219136423469235,0.033415528704863764,-6.632711189905927
2367,102.45462098348648,3.3028300870752005,0.03338404758166976,-6.59190809952668
2368,102.32175740739632,3.2839771909116857,0.0333525683945957,-6.550661521399598
2369,102.1873609230184,3.265351766075925,0.03332109027546657,-6.509105508584702
2370,102.04996191699792,3.246958127426039,0.03328961236681725,-6.4670768956974705
2371,101.91106122576066,3.2288006649279795,0.03325813382222606,-6.424709572107865
2372,101.76993028953278,3.210876416088208,0.033226653806639174,-6.381988786242647
2373,101.6273253270475,3.1931899233986,0.033195171496848815,-6.338974001549008
2374,101.48177316040643,3.175753235040836,0.03316368608187798,-6.295650335083535
2375,101.3347710606632,3.1585487637975294,0.03313219676358235,-6.252002846745001
2376,101.18558690349727,3.141596142823495,0.03310070275720712,-6.208090828640169
2377,101.0334876755946,3.124892799417832,0.033069203291947125,-6.163899244071038
2378,100.87996798150247,3.1084362406022454,0.03303769761165238,-6.1194575872546135
2379,100.72429303574864,3.092231481951198,0.03300618497553268,-6.07479531945419
2380,100.5672128407396,3.076283619672726,0.032974664658821824,-6.029927018620832
2381,100.4072480149269,3.0605829742889386,0.0329431359535945,-5.984859814186296
2382,100.24514680677804,3.0451422327175246,0.03291159816947956,-5.93960825029671
2383,100.08091375903768,3.0299593067991126,0.03288005063446648,-5.894194292425827
2384,99.91455254866243,3.015039618574424,0.032848492695725144,-5.848625049005569
2385,99.74680882731171,3.0003738154074293,0.03281692372037548,-5.802922491563798
2386,99.57619888727312,2.9859674835073995,0.03278534309628873,-5.757101176452545
2387,99.40346667820019,2.971826291296612,0.03275375023289711,-5.711190536705683
2388,99.22935530918768,2.9579485610756495,0.0327221445619335,-5.665205175458232
2389,99.05312138643097,2.9443401256870354,0.03269052553821936,-5.619159729465362
2390,98.87402069154058,2.9309920433758374,0.0326588926403567,-5.5730688759034415
2391,98.69353669542785,2.917910311050859,0.03262724537144039,-5.5269621958384185
2392,98.51166639252745,2.9051010073941144,0.03259558325971065,-5.480854467543452
2393,98.32692031066814,2.8925554359211865,0.03256390585915398,-5.434753101502494
2394,98.14077953160135,2.8802798380951726,0.03253221275005246,-5.388673003682952
2395,97.95249585669416,2.8682731079423887,0.032500503539530205,-5.342636582010861
2396,97.76280599339134,2.856526791674002,0.032468777861955886,-5.296658896033076
2397,97.57096022689774,2.8450548006654555,0.0324370353793448,-5.250747663152612
2398,97.37695093745636,2.833848840892107,0.03240527578169653,-5.204925549772791
2399,97.18151261294355,2.8229081258281026,0.032373498787223086,-5.159200463834077
2400,96.98389335675252,2.812231947556799,0.032341704142518024,-5.113595273984193
2401,96.7840818007689,2.801819795306499,0.032309891622702085,-5.06812540074391
2402,96.58354513781613,2.791671712173778,0.032278061031415936,-5.022798433787894
2403,96.38003410650157,2.7817879371556598,0.032246212200820364,-4.977644238656052
2404,96.17575579596176,2.772168785374127,0.032214344991425226,-4.93266309265739
2405,95.96920247486153,2.7628220757353215,0.032182459291936326,-4.887877688087199
2406,95.76109428602264,2.7537334168143848,0.03215055501898852,-4.843295995016171
2407,95.55140792087089,2.744910776222084,0.032118632116767444,-4.798940979002089
2408,95.33937663406397,2.736347338100248,0.03208669055666119,-4.754813463415704
2409,95.12646159826303,2.728043787403298,0.0320547303367363,-4.710929275033416
2410,94.91115207363649,2.720008309115224,0.032022751481215715,-4.667311819292135
2411,94.69490810271104,2.7122268740540547,0.0319907540398754,-4.6239623702577
2412,94.47621784476,2.7047003798191254,0.03195873808738924,-4.58089721551204
2413,94.25654027049653,2.6974372216293783,0.031926703722635466,-4.538132802358824
2414,94.03510533126561,2.690423578105343,0.03189465106792405,-4.495678312154417
2415,93.81188531335603,2.683667980549704,0.03186258026818689,-4.45355051947145
2416,93.58759485203046,2.6771641703727007,0.031830491490195095,-4.411758937650672
2417,93.36146244027456,2.670913383318649,0.031798384921645544,-4.370320677552344
2418,93.1342017824945,2.664909491941297,0.03176626077033806,-4.329253021065598
2419,92.90504046776893,2.659161289831782,0.03173411926319977,-4.288558566087578
2420,92.67543415806576,2.653647920696192,0.03170196064544067,-4.248254941436638
2421,92.44386675588697,2.6483857326895954,0.031669785179590515,-4.208345094809268
2422,92.21105026198352,2.6433614224484465,0.03163759314463691,-4.168854435749126
2423,91.97769628253552,2.6385766043800096,0.03160538483506192,-4.129778838287778
2424,91.74228753604653,2.6340255248025106,0.03157316056001276,-4.091136640379018
2425,91.50627771020552,2.629717346189764,0.031540920642375535,-4.052938931386233
2426,91.26889162812184,2.625631576265832,0.031508665417979004,-4.015189552892766
2427,91.03009659956946,2.6217774940049776,0.03147639523474847,-3.9778999561508814
2428,90.79060243187823,2.6181495787288966,0.03144411045196789,-3.941081774434624
2429,90.55037577053992,2.6147497943560625,0.03141181143951697,-3.90474682371333
2430,90.30864010964937,2.611565303548065,0.03137949857721498,-3.868892246611192
2431,90.06610430722976,2.608598180304909,0.03134717225416538,-3.833545083170709
2432,89.82273409024327,2.605850552454371,0.03131483286819365,-3.798702844729452
2433,89.57849489956736,2.6033097441353,0.03128248082531466,-3.764378084731167
2434,89.33409473486793,2.600977988374489,0.031250116539292265,-3.730576114429143
2435,89.08801282427923,2.598857569552284,0.03121774043119531,-3.697302432047116
2436,88.84169947932634,2.5969359658563302,0.031185352929082207,-3.664570152008363
2437,88.59437625950294,2.595208133472674,0.031152954467757007,-3.6323851491921695
2438,88.34675015719358,2.593683934060478,0.031120545488501607,-3.60074605997787
2439,88.09804226745463,2.592343563756774,0.031088126438976953,-3.5696665684341355
2440,87.84895913811961,2.591196979064573,0.031055697773108005,-3.539153122507257
2441,87.59946427489413,2.590231897464832,0.0310232599510844,-3.509212363715371
2442,87.34952098675463,2.5894509382071167,0.030990813439345233,-3.479843700250142
2443,87.09834956154103,2.5888419079215326,0.030958358710735732,-3.4510541652381335
2444,86.8473986169551,2.588407513004512,0.03092589624458676,-3.422850990060221
2445,86.59663093665169,2.588150501872966,0.03089342652694696,-3.395241606127692
2446,86.34452348180632,2.588051378836545,0.03086095005078688,-3.368218790060585
2447,86.0932672482415,2.5881204014391526,0.03082846731631576,-3.3418052357653876
2448,85.84133892854057,2.5883455808625335,0.030795978831232487,-3.3159867013489683
2449,85.58870077002518,2.5887223941468758,0.03076348511111337,-3.290778866418511
2450,85.3368005880182,2.5892537829739046,0.030730986679746,-3.2661753358485264
2451,85.0841139441859,2.5899279697050415,0.03069848406954473,-3.242185049801628
2452,84.83208436522288,2.5907410481696624,0.030665977821891805,-3.218803370626176
2453,84.57918315314451,2.59169667530577,0.030633468487601442,-3.1960484289891635
2454,84.32685290598833,2.592791110748652,0.03060095662725002,-3.1739237185052502
2455,84.07430768840014,2.5940132154254205,0.030568442811640797,-3.1524180981080865
2456,83.82224722302693,2.5953593068131475,0.030535927622134754,-3.131542936154247
2457,83.57062840220753,2.596833157460256,0.03050341165103473,-3.1112949709877835
2458,83.31866530522171,2.5984237084221085,0.03047089550193221,-3.091686026600903
2459,83.06631488605377,2.6001347811147646,0.0304383797899768,-3.0727133014167745
2460,82.81501982657187,2.6019553623346168,0.030405865142219823,-3.0543742270782177
2461,82.5639943799681,2.6038893160501435,0.030373352197769266,-3.036673898769959
2462,82.31245289477657,2.6059256683636445,0.03034084160804217,-3.0196176487043607
2463,82.06258117425459,2.608060890899403,0.0303083340368612,-3.0031961911006846
2464,81.81210814571023,2.6102988991182654,0.030275830160566407,-2.987415337090048
2465,81.56247706560302,2.612628765561641,0.030243330668015884,-2.972273710973571
2466,81.31290285936728,2.6150470031801345,0.030210836260588927,-2.957770179668247
2467,81.06408631670284,2.617550135247751,0.03017834765202085,-2.943903853571378
2468,80.81598560675067,2.6201421219663206,0.030145865568342457,-2.9306740871775903
2469,80.56855913339248,2.6228046453123164,0.030113390747560795,-2.9180804794327053
2470,80.3210227204616,2.6255491057333966,0.030080923939435296,-2.906122873810667
2471,80.07482097197457,2.6283571935922296,0.030048465905042027,-2.8947939297506085
2472,79.82917028194284,2.631232885868646,0.030016017416429407,-2.884093978843941
2473,79.58403019419683,2.634172731017792,0.02998357925605745,-2.874023595660866
2474,79.33936058678081,2.637165847241634,0.02995115221628308,-2.8645761682594646
2475,79.09586452602461,2.640216205827629,0.02991873709870616,-2.855760181772822
2476,78.85275978007769,2.6433203444059568,0.029886334713511,-2.8475620748677426
2477,78.61075017711381,2.646467365281417,0.02985394587872923,-2.8399759510276583
2478,78.36979711779361,2.6496537904932773,0.029821571419453664,-2.8330035761070373
2479,78.12986242719947,2.652883560205636,0.029789212166992644,-2.826632090510404
2480,77.89016553603369,2.6561457460813305,0.02975686895799058,-2.820871147853387
2481,77.65215483620166,2.6594442631450304,0.02972454263352341,-2.8156934847575945
2482,77.4150506853539,2.6627681548847764,0.029692234038112567,-2.811116628996364
2483,77.17881676084065,2.666121305198516,0.02965994401878912,-2.8071286119924697
2484,76.94341723766348,2.669492723584271,0.029627673424048085,-2.8037176779397863
2485,76.70955963556278,2.6728788288296226,0.029595423102892905,-2.800887135959816
2486,76.47720916008493,2.676283447700172,0.02956319390371428,-2.798625641909019
2487,76.24558871273183,2.679688100277916,0.02953098667335672,-2.796929478408964
2488,76.01540740519765,2.683103997204892,0.02949880225602832,-2.795802549616756
2489,75.78588922743276,2.686520040076449,0.029466641492324537,-2.7952266624074182
2490,75.55774439490428,2.6899251053908912,0.02943450521818408,-2.795198662544324
2491,75.33168368470515,2.693330328553021,0.02940239426396328,-2.7957155722579423
2492,75.10618993564604,2.6967245327793643,0.029370309453442028,-2.7967671560599014
2493,74.88197506259479,2.700103941559151,0.02933825160291925,-2.7983507715189013
2494,74.65938013712417,2.703472177766749,0.02930622152037233,-2.800449078222768
2495,74.4380782558118,2.706810549424412,0.02927422000459239,-2.803059745156822
2496,74.21826307770003,2.710130047367472,0.02924224784439111,-2.8061805879720927
2497,73.99983170634117,2.7134193460538127,0.02921030581791561,-2.8097947062720774
2498,73.78290467408705,2.7166819446220636,0.029178394691954032,-2.813900191046335
2499,73.56738024010122,2.719899024490448,0.029146515221329976,-2.818487833723889
2500,73.3533800897131,2.723081447199028,0.029114668148384665,-2.823548548725046
2501,73.14087822755852,2.726217759470696,0.02908285420248008,-2.8290737327294866
2502,72.92992476405814,2.729303918328657,0.029051074099598857,-2.8350563539790845
2503,72.72049640628111,2.73233584998463,0.029019328542014097,-2.8414972804325207
2504,72.51264470828414,2.735316873624228,0.028987618218037567,-2.84838262459706
2505,72.30642178354918,2.7382428442497924,0.02895594380180913,-2.8556985952645166
2506,72.10173173366974,2.7411021522431445,0.028924305953190472,-2.863453777823714
2507,71.89877634488724,2.743898007994676,0.028892705317700617,-2.871619702961677
2508,71.69746081550633,2.7466335847926535,0.028861142526559386,-2.8802051259245567
2509,71.49776516883705,2.7492971617201047,0.02882961819674458,-2.889196595740167
2510,71.29981853220272,2.7518844083064304,0.028798132931174582,-2.8985807365685257
2511,71.10360199859107,2.7544058124782005,0.02876668731887375,-2.9083591009837004
2512,70.90917147305467,2.756842110053917,0.028735281935268885,-2.9185110250893445
2513,70.71636053490124,2.759196282784166,0.0287039173424833,-2.929038195773973
2514,70.525374702291,2.761471272877785,0.028672594089725573,-2.9399275063991563
2515,70.33619716123798,2.763662554213787,0.02864131271368712,-2.951165911221247
2516,70.14873733014196,2.765758131885671,0.028610073738985328,-2.962747851738565
2517,69.96305370838358,2.7677608267757745,0.028578877678633176,-2.974667826604489
2518,69.77913102451606,2.769673418355103,0.028547725034556007,-2.9869129617958143
2519,69.59702880262321,2.771491215807968,0.02851661629810845,-2.9994704377230033
2520,69.41673279535821,2.7732020574795095,0.02848555195061535,-3.0123349165654494
2521,69.23822926820816,2.7748160236953674,0.02845453246390365,-3.025493684762973
2522,69.06157928449865,2.7763282943990832,0.028423558300860473,-3.0389415090945024
2523,68.8866958571399,2.7777414335607884,0.028392629915977487,-3.052658351169616
2524,68.71364108564647,2.779043103453376,0.02836174775586516,-3.066639080511682
2525,68.54247759289355,2.780235777349467,0.02833091225978302,-3.0808711893034393
2526,68.37311996261109,2.7813144537362846,0.02830012386012872,-3.095342220620694
2527,68.20555759510692,2.7822889406026112,0.028269382982900423,-3.1100471967251635
2528,68.0399289966702,2.7831467128957814,0.02823869004811776,-3.124973762336252
2529,67.87607608510436,2.783890053455061,0.02820804547020364,-3.140102184603688
2530,67.71406418139105,2.784521195469336,0.028177449658382776,-3.1554350664509685
2531,67.55388488337063,2.7850348932640028,0.028146903016918176,-3.170952776355816
2532,67.39553035741564,2.7854258497701534,0.02811640594540757,-3.1866431615425364
2533,67.23899334701164,2.7856961439791634,0.028085958838975567,-3.202501547652525
2534,67.08434146517392,2.7858478016859887,0.028055562088393694,-3.218508453213992
2535,66.93142006960097,2.7858679378755196,0.028025216080175296,-3.2346667307351087
2536,66.78029797301407,2.7857658975584534,0.027994921196607892,-3.2509495673881745
2537,66.6310446020408,2.7855361131072205,0.02796467781571441,-3.267359910715414
2538,66.48350715606777,2.785172960051133,0.02793448631114601,-3.2838784688246028
2539,66.33775631748304,2.7846856128842155,0.027904347052014833,-3.3005008505084743
2540,66.1937891266569,2.7840609024392333,0.02787426040268959,-3.317207849912273
2541,66.05160327409314,2.783315313488228,0.027844226722513674,-3.3339951576851528
2542,65.91112282512586,2.782428128768048,0.027814246365465128,-3.3508510733458987
2543,65.77249536157369,2.7814231400454617,0.027784319679776303,-3.3677639307024294
2544,65.63557200420503,2.780279507166739,0.027754447007465304,-3.384722094563106
2545,65.50035311997132,2.7790134692086217,0.02772462868387413,-3.401713957082712
2546,65.36691404385647,2.777611488675501,0.027694865037125527,-3.4187279337382392
2547,65.235182232759,2.7760822493569948,0.027665156387556573,-3.4357598872831048
2548,65.10508583583035,2.7744195140441104,0.027635503047095965,-3.4527982662805794
2549,64.97670226367084,2.772624409113825,0.027605905318623388,-3.469824099972133
2550,64.84996105528688,2.770697995783701,0.027576363495322567,-3.4868332778390623
